-2.6851e-08	-2.7043e-08	-2.7047e-08	-2.6967e-08	-2.7077e-08	-2.7505e-08	-2.8056e-08	-2.8468e-08	-2.864e-08	-2.8534e-08	-2.8146e-08	-2.7566e-08	-2.695e-08	-2.6372e-08	-2.5882e-08	-2.5529e-08	-2.5211e-08	-2.4925e-08	-2.4697e-08	-2.4452e-08	-2.421e-08	-2.4006e-08	-2.3834e-08	-2.382e-08	-2.4175e-08	-2.509e-08	-2.6469e-08	-2.8057e-08	-2.9728e-08	-3.1276e-08	-3.2527e-08	-3.3518e-08	-3.4209e-08	-3.4279e-08	-3.3411e-08	-3.1731e-08	-2.9469e-08	-2.6725e-08	-2.3734e-08	-2.0602e-08	-1.7329e-08	-1.3905e-08	-1.0454e-08	-7.1053e-09	-3.8749e-09	-5.7575e-10	2.9354e-09	6.5236e-09	9.9667e-09	1.3249e-08	1.6569e-08	1.9884e-08	2.3077e-08	2.6139e-08	2.9024e-08	3.1782e-08	3.4636e-08	3.793e-08	4.1479e-08	4.4866e-08	4.7663e-08	4.9706e-08	5.119e-08	5.2193e-08	5.2514e-08	5.2142e-08	5.1046e-08	4.92e-08	4.6779e-08	4.3958e-08	4.0838e-08	3.7564e-08	3.4251e-08	3.0877e-08	2.7351e-08	2.3606e-08	1.97e-08	1.5716e-08	1.1672e-08	7.4202e-09	2.8028e-09	-2.172e-09	-7.2907e-09	-1.2169e-08	-1.6417e-08	-1.9614e-08	-2.16e-08	-2.2405e-08	-2.2292e-08	-2.1731e-08	-2.1239e-08	-2.1018e-08	-2.0972e-08	-2.1029e-08	-2.1067e-08	-2.1021e-08	-2.0919e-08	-2.0814e-08	-2.0753e-08	-2.0685e-08	-2.056e-08	-2.0378e-08	-2.0174e-08	-1.9998e-08	-1.9887e-08	-1.9872e-08	-1.9927e-08	-2.008e-08	-2.036e-08	-2.0579e-08	-2.0544e-08	-2.0346e-08	-2.0122e-08	-1.9996e-08	-2.0095e-08	-2.0103e-08	-1.9773e-08	-1.9353e-08	-1.9402e-08	-1.9932e-08	-2.0456e-08	-2.0606e-08	-2.04e-08	-2.0109e-08	-1.9951e-08	-1.9946e-08	-1.9977e-08	-1.9955e-08	-1.9837e-08	-1.9667e-08	-1.9509e-08	-1.934e-08	-1.912e-08	-1.8996e-08	-1.913e-08	-1.9372e-08	-1.9532e-08	-1.952e-08	-1.9315e-08	-1.9149e-08	-1.9355e-08	-1.9838e-08	-2.0116e-08	-1.9879e-08	-1.9253e-08	-1.8634e-08	-1.8107e-08	-1.7632e-08	-1.7518e-08	-1.7771e-08	-1.792e-08	-1.764e-08	-1.713e-08	-1.7063e-08	-1.7393e-08	-1.7547e-08	-1.7324e-08	-1.7037e-08	-1.7071e-08	-1.7281e-08	-1.7323e-08	-1.7236e-08	-1.7268e-08	-1.7319e-08	-1.7301e-08	-1.7057e-08	-1.657e-08	-1.613e-08	-1.6064e-08	-1.6292e-08	-1.6378e-08	-1.6177e-08	-1.5879e-08	-1.5811e-08	-1.6042e-08	-1.6301e-08	-1.6526e-08	-1.676e-08	-1.6908e-08	-1.6998e-08
-2.6277e-08	-2.647e-08	-2.6453e-08	-2.6352e-08	-2.6461e-08	-2.6911e-08	-2.7493e-08	-2.7921e-08	-2.8105e-08	-2.8034e-08	-2.7692e-08	-2.714e-08	-2.6524e-08	-2.5935e-08	-2.5442e-08	-2.5098e-08	-2.4797e-08	-2.4529e-08	-2.4312e-08	-2.4074e-08	-2.385e-08	-2.3668e-08	-2.35e-08	-2.3476e-08	-2.3816e-08	-2.4738e-08	-2.6162e-08	-2.7808e-08	-2.9524e-08	-3.1084e-08	-3.2325e-08	-3.3303e-08	-3.397e-08	-3.3991e-08	-3.3033e-08	-3.1252e-08	-2.8914e-08	-2.6123e-08	-2.3112e-08	-1.9968e-08	-1.6667e-08	-1.3216e-08	-9.7596e-09	-6.4107e-09	-3.1718e-09	1.5431e-10	3.7e-09	7.306e-09	1.0746e-08	1.4009e-08	1.7322e-08	2.0658e-08	2.3887e-08	2.6986e-08	2.9897e-08	3.2675e-08	3.5539e-08	3.8833e-08	4.2379e-08	4.5756e-08	4.8501e-08	5.0428e-08	5.1767e-08	5.263e-08	5.2828e-08	5.2349e-08	5.1156e-08	4.9217e-08	4.67e-08	4.3795e-08	4.061e-08	3.7286e-08	3.3935e-08	3.0536e-08	2.6997e-08	2.325e-08	1.9341e-08	1.534e-08	1.1256e-08	6.9552e-09	2.3044e-09	-2.6728e-09	-7.7622e-09	-1.2573e-08	-1.6709e-08	-1.9768e-08	-2.1607e-08	-2.2279e-08	-2.2072e-08	-2.1466e-08	-2.0964e-08	-2.0752e-08	-2.0747e-08	-2.0867e-08	-2.0966e-08	-2.0963e-08	-2.0883e-08	-2.0811e-08	-2.0795e-08	-2.0756e-08	-2.0627e-08	-2.0415e-08	-2.0174e-08	-1.9969e-08	-1.9855e-08	-1.99e-08	-2.0083e-08	-2.0409e-08	-2.0857e-08	-2.1195e-08	-2.1191e-08	-2.0926e-08	-2.0556e-08	-2.031e-08	-2.0372e-08	-2.0423e-08	-2.0174e-08	-1.9811e-08	-1.982e-08	-2.0267e-08	-2.0731e-08	-2.0842e-08	-2.0606e-08	-2.0281e-08	-2.0091e-08	-2.0068e-08	-2.0091e-08	-2.0057e-08	-1.9913e-08	-1.9699e-08	-1.9489e-08	-1.9274e-08	-1.9003e-08	-1.8813e-08	-1.8915e-08	-1.9208e-08	-1.9473e-08	-1.9557e-08	-1.94e-08	-1.9232e-08	-1.9381e-08	-1.9783e-08	-2.0005e-08	-1.9765e-08	-1.9191e-08	-1.8647e-08	-1.8189e-08	-1.7744e-08	-1.7588e-08	-1.7775e-08	-1.7888e-08	-1.7621e-08	-1.717e-08	-1.7127e-08	-1.7443e-08	-1.7591e-08	-1.7374e-08	-1.7091e-08	-1.7119e-08	-1.7318e-08	-1.7349e-08	-1.7255e-08	-1.7299e-08	-1.7385e-08	-1.7409e-08	-1.7208e-08	-1.6744e-08	-1.6269e-08	-1.6122e-08	-1.6291e-08	-1.637e-08	-1.6177e-08	-1.5846e-08	-1.5725e-08	-1.5959e-08	-1.6287e-08	-1.6581e-08	-1.6823e-08	-1.6921e-08	-1.6965e-08
-2.5789e-08	-2.5972e-08	-2.593e-08	-2.5811e-08	-2.5921e-08	-2.6385e-08	-2.6982e-08	-2.7414e-08	-2.76e-08	-2.7561e-08	-2.7277e-08	-2.6773e-08	-2.6174e-08	-2.5584e-08	-2.5092e-08	-2.4752e-08	-2.4465e-08	-2.4215e-08	-2.4005e-08	-2.3774e-08	-2.3569e-08	-2.341e-08	-2.3251e-08	-2.3219e-08	-2.3539e-08	-2.4451e-08	-2.59e-08	-2.7599e-08	-2.9358e-08	-3.0931e-08	-3.2163e-08	-3.3113e-08	-3.3725e-08	-3.3664e-08	-3.2604e-08	-3.0722e-08	-2.8306e-08	-2.5476e-08	-2.245e-08	-1.9296e-08	-1.5974e-08	-1.2507e-08	-9.0538e-09	-5.7046e-09	-2.4469e-09	9.1258e-10	4.4854e-09	8.0959e-09	1.1526e-08	1.4774e-08	1.8074e-08	2.1417e-08	2.4677e-08	2.7813e-08	3.0759e-08	3.3573e-08	3.6463e-08	3.9748e-08	4.3273e-08	4.6622e-08	4.93e-08	5.1107e-08	5.2286e-08	5.2978e-08	5.3028e-08	5.2423e-08	5.1122e-08	4.9096e-08	4.6499e-08	4.3526e-08	4.0289e-08	3.6922e-08	3.3532e-08	3.0102e-08	2.6548e-08	2.2801e-08	1.8894e-08	1.4879e-08	1.0753e-08	6.3997e-09	1.7161e-09	-3.2545e-09	-8.2972e-09	-1.3021e-08	-1.7031e-08	-1.9954e-08	-2.1661e-08	-2.2225e-08	-2.195e-08	-2.1319e-08	-2.0812e-08	-2.0602e-08	-2.0625e-08	-2.0795e-08	-2.0945e-08	-2.0977e-08	-2.0914e-08	-2.0868e-08	-2.0891e-08	-2.0878e-08	-2.0744e-08	-2.0502e-08	-2.0224e-08	-1.9994e-08	-1.9887e-08	-2.0001e-08	-2.0327e-08	-2.0838e-08	-2.1464e-08	-2.1929e-08	-2.1962e-08	-2.1631e-08	-2.1115e-08	-2.0743e-08	-2.076e-08	-2.0848e-08	-2.0679e-08	-2.0372e-08	-2.0336e-08	-2.0688e-08	-2.1077e-08	-2.1141e-08	-2.0869e-08	-2.0506e-08	-2.0278e-08	-2.023e-08	-2.0238e-08	-2.0188e-08	-2.002e-08	-1.9763e-08	-1.95e-08	-1.9235e-08	-1.891e-08	-1.8649e-08	-1.8712e-08	-1.9049e-08	-1.9419e-08	-1.9604e-08	-1.9503e-08	-1.9338e-08	-1.9433e-08	-1.9747e-08	-1.9904e-08	-1.9652e-08	-1.9127e-08	-1.8662e-08	-1.8282e-08	-1.7876e-08	-1.7681e-08	-1.7798e-08	-1.787e-08	-1.7613e-08	-1.722e-08	-1.7205e-08	-1.7509e-08	-1.7651e-08	-1.7438e-08	-1.7162e-08	-1.7185e-08	-1.7376e-08	-1.7398e-08	-1.7298e-08	-1.735e-08	-1.7469e-08	-1.7535e-08	-1.7376e-08	-1.6939e-08	-1.6435e-08	-1.6211e-08	-1.632e-08	-1.6392e-08	-1.6209e-08	-1.5848e-08	-1.5672e-08	-1.5902e-08	-1.6291e-08	-1.6651e-08	-1.69e-08	-1.6946e-08	-1.6938e-08
-2.5395e-08	-2.5555e-08	-2.5489e-08	-2.5359e-08	-2.547e-08	-2.5935e-08	-2.653e-08	-2.6952e-08	-2.713e-08	-2.7122e-08	-2.6903e-08	-2.6465e-08	-2.59e-08	-2.532e-08	-2.4833e-08	-2.4492e-08	-2.4215e-08	-2.3982e-08	-2.3776e-08	-2.3549e-08	-2.3363e-08	-2.3228e-08	-2.3082e-08	-2.3041e-08	-2.3336e-08	-2.4224e-08	-2.568e-08	-2.7424e-08	-2.9224e-08	-3.0813e-08	-3.2038e-08	-3.295e-08	-3.3484e-08	-3.332e-08	-3.215e-08	-3.0163e-08	-2.7667e-08	-2.4799e-08	-2.176e-08	-1.8597e-08	-1.5262e-08	-1.1785e-08	-8.338e-09	-4.9882e-09	-1.7092e-09	1.6837e-09	5.281e-09	8.8926e-09	1.2309e-08	1.5539e-08	1.8821e-08	2.2164e-08	2.5448e-08	2.8621e-08	3.1609e-08	3.4466e-08	3.7385e-08	4.0661e-08	4.416e-08	4.7476e-08	5.0082e-08	5.176e-08	5.2766e-08	5.3268e-08	5.3152e-08	5.2403e-08	5.0986e-08	4.8874e-08	4.6207e-08	4.3176e-08	3.9898e-08	3.6493e-08	3.3064e-08	2.9602e-08	2.603e-08	2.2284e-08	1.8381e-08	1.4355e-08	1.019e-08	5.7834e-09	1.0674e-09	-3.8926e-09	-8.8796e-09	-1.3506e-08	-1.7384e-08	-2.0173e-08	-2.1759e-08	-2.2233e-08	-2.191e-08	-2.1268e-08	-2.0761e-08	-2.055e-08	-2.0589e-08	-2.0796e-08	-2.099e-08	-2.1052e-08	-2.1e-08	-2.0973e-08	-2.103e-08	-2.1041e-08	-2.0903e-08	-2.0628e-08	-2.0314e-08	-2.0062e-08	-1.9969e-08	-2.0159e-08	-2.0636e-08	-2.134e-08	-2.2151e-08	-2.2746e-08	-2.2822e-08	-2.2432e-08	-2.1774e-08	-2.1271e-08	-2.1235e-08	-2.1356e-08	-2.1264e-08	-2.1012e-08	-2.093e-08	-2.1177e-08	-2.1477e-08	-2.1486e-08	-2.1175e-08	-2.0771e-08	-2.05e-08	-2.0421e-08	-2.0409e-08	-2.0341e-08	-2.015e-08	-1.9852e-08	-1.9537e-08	-1.922e-08	-1.8836e-08	-1.8503e-08	-1.8522e-08	-1.8895e-08	-1.9366e-08	-1.9654e-08	-1.9616e-08	-1.946e-08	-1.9502e-08	-1.9727e-08	-1.9812e-08	-1.9542e-08	-1.906e-08	-1.8676e-08	-1.8379e-08	-1.8019e-08	-1.7791e-08	-1.7836e-08	-1.7862e-08	-1.7613e-08	-1.7277e-08	-1.7291e-08	-1.7585e-08	-1.7718e-08	-1.7511e-08	-1.7242e-08	-1.7263e-08	-1.7448e-08	-1.7464e-08	-1.7357e-08	-1.7414e-08	-1.7563e-08	-1.7669e-08	-1.7552e-08	-1.7143e-08	-1.6619e-08	-1.6324e-08	-1.6374e-08	-1.6436e-08	-1.6265e-08	-1.5879e-08	-1.565e-08	-1.5867e-08	-1.631e-08	-1.673e-08	-1.6984e-08	-1.6978e-08	-1.6913e-08
-2.5093e-08	-2.5225e-08	-2.5132e-08	-2.499e-08	-2.5099e-08	-2.5559e-08	-2.6141e-08	-2.6542e-08	-2.6705e-08	-2.6721e-08	-2.6571e-08	-2.621e-08	-2.5694e-08	-2.5134e-08	-2.4652e-08	-2.4308e-08	-2.404e-08	-2.382e-08	-2.3617e-08	-2.3394e-08	-2.3226e-08	-2.3115e-08	-2.2981e-08	-2.293e-08	-2.3194e-08	-2.4045e-08	-2.5496e-08	-2.7275e-08	-2.9116e-08	-3.0725e-08	-3.1944e-08	-3.281e-08	-3.3254e-08	-3.2972e-08	-3.1681e-08	-2.9586e-08	-2.7005e-08	-2.4099e-08	-2.1047e-08	-1.788e-08	-1.4536e-08	-1.1056e-08	-7.617e-09	-4.2669e-09	-9.6577e-10	2.4601e-09	6.0799e-09	9.6897e-09	1.3088e-08	1.6298e-08	1.9558e-08	2.2895e-08	2.6198e-08	2.9407e-08	3.2439e-08	3.5344e-08	3.8298e-08	4.1564e-08	4.5035e-08	4.8312e-08	5.0843e-08	5.2391e-08	5.3215e-08	5.3515e-08	5.3216e-08	5.2311e-08	5.0772e-08	4.8575e-08	4.5845e-08	4.2767e-08	3.9456e-08	3.6019e-08	3.2552e-08	2.9056e-08	2.5465e-08	2.1719e-08	1.7823e-08	1.3789e-08	9.5876e-09	5.1295e-09	3.818e-10	-4.5649e-09	-9.4898e-09	-1.4012e-08	-1.7754e-08	-2.0409e-08	-2.1884e-08	-2.2285e-08	-2.1931e-08	-2.1292e-08	-2.079e-08	-2.0576e-08	-2.0624e-08	-2.0857e-08	-2.1086e-08	-2.1172e-08	-2.1128e-08	-2.1114e-08	-2.1198e-08	-2.1233e-08	-2.109e-08	-2.0784e-08	-2.0434e-08	-2.0163e-08	-2.0087e-08	-2.0358e-08	-2.0989e-08	-2.1889e-08	-2.2886e-08	-2.3615e-08	-2.3741e-08	-2.3298e-08	-2.2506e-08	-2.1873e-08	-2.1776e-08	-2.1923e-08	-2.1906e-08	-2.1708e-08	-2.158e-08	-2.1714e-08	-2.1916e-08	-2.1864e-08	-2.1511e-08	-2.1064e-08	-2.0746e-08	-2.063e-08	-2.0594e-08	-2.0506e-08	-2.0294e-08	-1.9961e-08	-1.9594e-08	-1.9222e-08	-1.878e-08	-1.8373e-08	-1.8343e-08	-1.8744e-08	-1.9308e-08	-1.97e-08	-1.973e-08	-1.9589e-08	-1.9584e-08	-1.9719e-08	-1.9728e-08	-1.9432e-08	-1.8988e-08	-1.8682e-08	-1.8472e-08	-1.8166e-08	-1.7912e-08	-1.7884e-08	-1.7862e-08	-1.7616e-08	-1.7335e-08	-1.7379e-08	-1.7664e-08	-1.7788e-08	-1.7586e-08	-1.7325e-08	-1.7347e-08	-1.7527e-08	-1.754e-08	-1.7427e-08	-1.7484e-08	-1.766e-08	-1.7802e-08	-1.7727e-08	-1.7349e-08	-1.681e-08	-1.6452e-08	-1.6445e-08	-1.6498e-08	-1.6339e-08	-1.5935e-08	-1.5655e-08	-1.5852e-08	-1.6338e-08	-1.6814e-08	-1.7073e-08	-1.7013e-08	-1.6886e-08
-2.4881e-08	-2.4979e-08	-2.4856e-08	-2.47e-08	-2.4806e-08	-2.5255e-08	-2.5815e-08	-2.6185e-08	-2.6323e-08	-2.6358e-08	-2.6277e-08	-2.6002e-08	-2.5547e-08	-2.5015e-08	-2.4542e-08	-2.4194e-08	-2.3931e-08	-2.3723e-08	-2.3522e-08	-2.3302e-08	-2.3149e-08	-2.3061e-08	-2.2942e-08	-2.2879e-08	-2.3106e-08	-2.391e-08	-2.5343e-08	-2.7149e-08	-2.9029e-08	-3.066e-08	-3.1873e-08	-3.2687e-08	-3.3031e-08	-3.262e-08	-3.1204e-08	-2.8996e-08	-2.633e-08	-2.3385e-08	-2.0321e-08	-1.7152e-08	-1.3804e-08	-1.0326e-08	-6.8962e-09	-3.5465e-09	-2.2308e-10	3.2347e-09	6.8748e-09	1.0481e-08	1.3859e-08	1.7046e-08	2.0282e-08	2.3607e-08	2.6923e-08	3.0166e-08	3.3244e-08	3.6201e-08	3.9192e-08	4.245e-08	4.589e-08	4.9127e-08	5.1582e-08	5.3e-08	5.364e-08	5.3731e-08	5.3238e-08	5.2168e-08	5.0501e-08	4.822e-08	4.5435e-08	4.2319e-08	3.8983e-08	3.5519e-08	3.2017e-08	2.8486e-08	2.4875e-08	2.1129e-08	1.724e-08	1.3203e-08	8.9682e-09	4.4612e-09	-3.1729e-10	-5.249e-09	-1.0108e-08	-1.4521e-08	-1.8123e-08	-2.0646e-08	-2.202e-08	-2.2362e-08	-2.1994e-08	-2.1369e-08	-2.0881e-08	-2.0663e-08	-2.0712e-08	-2.0962e-08	-2.1218e-08	-2.1324e-08	-2.1285e-08	-2.1277e-08	-2.1383e-08	-2.144e-08	-2.1294e-08	-2.0959e-08	-2.0575e-08	-2.0286e-08	-2.023e-08	-2.0581e-08	-2.1365e-08	-2.2458e-08	-2.364e-08	-2.4504e-08	-2.4685e-08	-2.42e-08	-2.3284e-08	-2.2522e-08	-2.236e-08	-2.2526e-08	-2.258e-08	-2.2435e-08	-2.2262e-08	-2.2281e-08	-2.2377e-08	-2.2258e-08	-2.1861e-08	-2.1371e-08	-2.1004e-08	-2.0847e-08	-2.0784e-08	-2.0676e-08	-2.0446e-08	-2.0081e-08	-1.9666e-08	-1.9239e-08	-1.8738e-08	-1.8258e-08	-1.8175e-08	-1.8595e-08	-1.9244e-08	-1.9737e-08	-1.9838e-08	-1.9718e-08	-1.967e-08	-1.9719e-08	-1.9648e-08	-1.9322e-08	-1.8909e-08	-1.8677e-08	-1.8555e-08	-1.8309e-08	-1.8036e-08	-1.7938e-08	-1.7865e-08	-1.762e-08	-1.7388e-08	-1.7462e-08	-1.7739e-08	-1.7854e-08	-1.7657e-08	-1.7406e-08	-1.7429e-08	-1.7608e-08	-1.7619e-08	-1.7499e-08	-1.7554e-08	-1.7751e-08	-1.7928e-08	-1.7892e-08	-1.7546e-08	-1.7001e-08	-1.6589e-08	-1.6527e-08	-1.657e-08	-1.6425e-08	-1.6009e-08	-1.5682e-08	-1.5855e-08	-1.6375e-08	-1.6899e-08	-1.7159e-08	-1.7048e-08	-1.6856e-08
-2.4753e-08	-2.4815e-08	-2.4661e-08	-2.449e-08	-2.4589e-08	-2.5021e-08	-2.5551e-08	-2.5881e-08	-2.5986e-08	-2.6033e-08	-2.602e-08	-2.5836e-08	-2.5451e-08	-2.4955e-08	-2.4494e-08	-2.4142e-08	-2.3882e-08	-2.3684e-08	-2.3483e-08	-2.3264e-08	-2.3125e-08	-2.306e-08	-2.2956e-08	-2.2881e-08	-2.3066e-08	-2.3815e-08	-2.5217e-08	-2.704e-08	-2.8955e-08	-3.061e-08	-3.1817e-08	-3.2578e-08	-3.2814e-08	-3.2269e-08	-3.0723e-08	-2.84e-08	-2.5648e-08	-2.2663e-08	-1.9588e-08	-1.6419e-08	-1.3073e-08	-9.5997e-09	-6.1809e-09	-2.8326e-09	5.1233e-10	4.0004e-09	7.6587e-09	1.1259e-08	1.4616e-08	1.7778e-08	2.0988e-08	2.4296e-08	2.7621e-08	3.0893e-08	3.4017e-08	3.7029e-08	4.0061e-08	4.3312e-08	4.672e-08	4.9914e-08	5.2297e-08	5.3588e-08	5.4047e-08	5.3925e-08	5.3235e-08	5.1994e-08	5.0197e-08	4.7833e-08	4.4999e-08	4.1853e-08	3.8499e-08	3.5014e-08	3.148e-08	2.7914e-08	2.4282e-08	2.0535e-08	1.6655e-08	1.2616e-08	8.3535e-09	3.8012e-09	-1.0065e-09	-5.9224e-09	-1.0713e-08	-1.5014e-08	-1.8476e-08	-2.0869e-08	-2.2149e-08	-2.2446e-08	-2.2078e-08	-2.148e-08	-2.1011e-08	-2.0791e-08	-2.0837e-08	-2.1096e-08	-2.1371e-08	-2.1494e-08	-2.1456e-08	-2.145e-08	-2.1573e-08	-2.1651e-08	-2.1505e-08	-2.1144e-08	-2.0726e-08	-2.0421e-08	-2.0385e-08	-2.0814e-08	-2.1744e-08	-2.3024e-08	-2.4385e-08	-2.5381e-08	-2.5621e-08	-2.5106e-08	-2.4081e-08	-2.3195e-08	-2.2964e-08	-2.3143e-08	-2.3263e-08	-2.3169e-08	-2.2955e-08	-2.2858e-08	-2.2843e-08	-2.2654e-08	-2.2213e-08	-2.1679e-08	-2.1262e-08	-2.1062e-08	-2.0969e-08	-2.0842e-08	-2.0596e-08	-2.0207e-08	-1.9747e-08	-1.9266e-08	-1.8705e-08	-1.8156e-08	-1.8017e-08	-1.8445e-08	-1.9168e-08	-1.9757e-08	-1.9933e-08	-1.9838e-08	-1.9755e-08	-1.9721e-08	-1.9572e-08	-1.9213e-08	-1.8824e-08	-1.8658e-08	-1.862e-08	-1.8438e-08	-1.8155e-08	-1.7993e-08	-1.7868e-08	-1.762e-08	-1.7431e-08	-1.7535e-08	-1.7804e-08	-1.791e-08	-1.7719e-08	-1.7478e-08	-1.7503e-08	-1.7683e-08	-1.7695e-08	-1.7568e-08	-1.7616e-08	-1.7829e-08	-1.8036e-08	-1.8039e-08	-1.7725e-08	-1.718e-08	-1.6724e-08	-1.6613e-08	-1.6646e-08	-1.6516e-08	-1.6095e-08	-1.5728e-08	-1.5872e-08	-1.6416e-08	-1.6979e-08	-1.724e-08	-1.7078e-08	-1.6817e-08
-2.4704e-08	-2.4729e-08	-2.4543e-08	-2.4357e-08	-2.4446e-08	-2.4856e-08	-2.5348e-08	-2.5631e-08	-2.5695e-08	-2.5745e-08	-2.5797e-08	-2.5707e-08	-2.5398e-08	-2.4945e-08	-2.4499e-08	-2.4143e-08	-2.3885e-08	-2.3694e-08	-2.3494e-08	-2.3275e-08	-2.3147e-08	-2.3104e-08	-2.3015e-08	-2.2927e-08	-2.3068e-08	-2.3755e-08	-2.5115e-08	-2.6944e-08	-2.8887e-08	-3.0566e-08	-3.1768e-08	-3.2474e-08	-3.2602e-08	-3.1917e-08	-3.024e-08	-2.7804e-08	-2.4966e-08	-2.194e-08	-1.8856e-08	-1.569e-08	-1.2348e-08	-8.8836e-09	-5.4766e-09	-2.1308e-09	1.2341e-09	4.7503e-09	8.4247e-09	1.2019e-08	1.5353e-08	1.849e-08	2.1672e-08	2.4961e-08	2.8288e-08	3.1584e-08	3.4754e-08	3.782e-08	4.0895e-08	4.4142e-08	4.7517e-08	5.0668e-08	5.2983e-08	5.4156e-08	5.4439e-08	5.411e-08	5.3221e-08	5.1809e-08	4.9881e-08	4.7436e-08	4.4558e-08	4.139e-08	3.8024e-08	3.4523e-08	3.096e-08	2.7361e-08	2.3707e-08	1.9958e-08	1.6087e-08	1.2051e-08	7.7649e-09	3.1724e-09	-1.6625e-09	-6.5627e-09	-1.1284e-08	-1.5474e-08	-1.8797e-08	-2.1063e-08	-2.2254e-08	-2.2517e-08	-2.2163e-08	-2.1603e-08	-2.1162e-08	-2.0944e-08	-2.0982e-08	-2.1242e-08	-2.1531e-08	-2.1666e-08	-2.1629e-08	-2.162e-08	-2.1755e-08	-2.1852e-08	-2.1711e-08	-2.1328e-08	-2.0878e-08	-2.0556e-08	-2.054e-08	-2.1042e-08	-2.2108e-08	-2.3563e-08	-2.5092e-08	-2.6215e-08	-2.6518e-08	-2.5984e-08	-2.4868e-08	-2.3866e-08	-2.3564e-08	-2.3752e-08	-2.3932e-08	-2.3887e-08	-2.3635e-08	-2.3423e-08	-2.3296e-08	-2.3035e-08	-2.2551e-08	-2.1975e-08	-2.1509e-08	-2.1264e-08	-2.114e-08	-2.0994e-08	-2.0738e-08	-2.033e-08	-1.983e-08	-1.9297e-08	-1.868e-08	-1.8065e-08	-1.7869e-08	-1.8295e-08	-1.9078e-08	-1.9755e-08	-2.0006e-08	-1.9943e-08	-1.983e-08	-1.972e-08	-1.9496e-08	-1.9101e-08	-1.8729e-08	-1.862e-08	-1.8663e-08	-1.8547e-08	-1.8264e-08	-1.8042e-08	-1.7865e-08	-1.7613e-08	-1.7461e-08	-1.7591e-08	-1.7853e-08	-1.7949e-08	-1.7764e-08	-1.7534e-08	-1.7563e-08	-1.7745e-08	-1.7761e-08	-1.7628e-08	-1.7663e-08	-1.7886e-08	-1.812e-08	-1.8158e-08	-1.7877e-08	-1.7337e-08	-1.6849e-08	-1.6696e-08	-1.6721e-08	-1.6606e-08	-1.6187e-08	-1.5788e-08	-1.5901e-08	-1.6458e-08	-1.7051e-08	-1.731e-08	-1.7099e-08	-1.6766e-08
-2.4731e-08	-2.472e-08	-2.4502e-08	-2.4299e-08	-2.4376e-08	-2.476e-08	-2.5207e-08	-2.5435e-08	-2.545e-08	-2.5495e-08	-2.5605e-08	-2.5609e-08	-2.5383e-08	-2.4978e-08	-2.4549e-08	-2.419e-08	-2.3931e-08	-2.3746e-08	-2.3546e-08	-2.3326e-08	-2.3209e-08	-2.3185e-08	-2.311e-08	-2.3011e-08	-2.3106e-08	-2.3725e-08	-2.5032e-08	-2.6856e-08	-2.8821e-08	-3.052e-08	-3.1719e-08	-3.2371e-08	-3.239e-08	-3.1568e-08	-2.9761e-08	-2.7214e-08	-2.4291e-08	-2.1224e-08	-1.8131e-08	-1.497e-08	-1.1638e-08	-8.1838e-09	-4.789e-09	-1.4469e-09	1.9359e-09	5.4775e-09	9.1656e-09	1.2753e-08	1.6063e-08	1.9174e-08	2.2328e-08	2.5596e-08	2.8921e-08	3.2237e-08	3.5447e-08	3.8568e-08	4.1688e-08	4.4933e-08	4.8276e-08	5.1385e-08	5.3637e-08	5.4702e-08	5.4822e-08	5.4294e-08	5.3212e-08	5.163e-08	4.9574e-08	4.7051e-08	4.4135e-08	4.095e-08	3.7578e-08	3.4067e-08	3.0478e-08	2.6847e-08	2.3172e-08	1.942e-08	1.5559e-08	1.1527e-08	7.2241e-09	2.5971e-09	-2.2622e-09	-7.1469e-09	-1.1802e-08	-1.5881e-08	-1.9069e-08	-2.121e-08	-2.232e-08	-2.2558e-08	-2.223e-08	-2.1719e-08	-2.1314e-08	-2.1102e-08	-2.113e-08	-2.1386e-08	-2.1683e-08	-2.1828e-08	-2.179e-08	-2.1775e-08	-2.1917e-08	-2.2032e-08	-2.1899e-08	-2.1499e-08	-2.102e-08	-2.0682e-08	-2.0684e-08	-2.125e-08	-2.2439e-08	-2.4051e-08	-2.5732e-08	-2.6975e-08	-2.7343e-08	-2.6804e-08	-2.5616e-08	-2.4511e-08	-2.4139e-08	-2.433e-08	-2.4564e-08	-2.4565e-08	-2.428e-08	-2.3958e-08	-2.3718e-08	-2.3386e-08	-2.2861e-08	-2.2246e-08	-2.1732e-08	-2.1441e-08	-2.1286e-08	-2.1124e-08	-2.0862e-08	-2.0443e-08	-1.991e-08	-1.9328e-08	-1.8657e-08	-1.7982e-08	-1.7729e-08	-1.8144e-08	-1.8972e-08	-1.9726e-08	-2.0051e-08	-2.0023e-08	-1.9889e-08	-1.9712e-08	-1.9418e-08	-1.8987e-08	-1.8624e-08	-1.8562e-08	-1.8676e-08	-1.8628e-08	-1.8353e-08	-1.808e-08	-1.7854e-08	-1.7594e-08	-1.7472e-08	-1.7625e-08	-1.7879e-08	-1.7965e-08	-1.7786e-08	-1.7569e-08	-1.7602e-08	-1.7788e-08	-1.781e-08	-1.7671e-08	-1.7689e-08	-1.7916e-08	-1.8172e-08	-1.8241e-08	-1.7991e-08	-1.7464e-08	-1.6954e-08	-1.6769e-08	-1.6787e-08	-1.6688e-08	-1.628e-08	-1.5858e-08	-1.594e-08	-1.65e-08	-1.7112e-08	-1.7364e-08	-1.7106e-08	-1.67e-08
-2.4828e-08	-2.4782e-08	-2.4535e-08	-2.4314e-08	-2.4378e-08	-2.4731e-08	-2.5127e-08	-2.5293e-08	-2.525e-08	-2.5281e-08	-2.5442e-08	-2.5538e-08	-2.5397e-08	-2.5044e-08	-2.4636e-08	-2.4275e-08	-2.4014e-08	-2.3833e-08	-2.3633e-08	-2.3412e-08	-2.3301e-08	-2.3295e-08	-2.3235e-08	-2.3124e-08	-2.3173e-08	-2.372e-08	-2.4965e-08	-2.677e-08	-2.8749e-08	-3.0466e-08	-3.1661e-08	-3.2261e-08	-3.2175e-08	-3.1219e-08	-2.9288e-08	-2.6633e-08	-2.3629e-08	-2.0523e-08	-1.7421e-08	-1.4268e-08	-1.0948e-08	-7.5065e-09	-4.1237e-09	-7.8636e-10	2.6116e-09	6.1754e-09	9.8747e-09	1.3455e-08	1.6742e-08	1.9827e-08	2.2953e-08	2.6198e-08	2.9516e-08	3.2846e-08	3.6093e-08	3.9266e-08	4.243e-08	4.5678e-08	4.8989e-08	5.2057e-08	5.4255e-08	5.5227e-08	5.5198e-08	5.4487e-08	5.3221e-08	5.1478e-08	4.9297e-08	4.67e-08	4.375e-08	4.0555e-08	3.7182e-08	3.3666e-08	3.0056e-08	2.6395e-08	2.2698e-08	1.8943e-08	1.509e-08	1.1065e-08	6.7522e-09	2.0978e-09	-2.7825e-09	-7.6524e-09	-1.2243e-08	-1.6217e-08	-1.9276e-08	-2.1296e-08	-2.2328e-08	-2.255e-08	-2.2258e-08	-2.1807e-08	-2.1447e-08	-2.1246e-08	-2.1265e-08	-2.1511e-08	-2.1811e-08	-2.1963e-08	-2.1924e-08	-2.1902e-08	-2.2045e-08	-2.2179e-08	-2.2058e-08	-2.1648e-08	-2.1143e-08	-2.0788e-08	-2.0803e-08	-2.1425e-08	-2.2718e-08	-2.4466e-08	-2.6281e-08	-2.763e-08	-2.8063e-08	-2.7533e-08	-2.6295e-08	-2.5104e-08	-2.4664e-08	-2.4853e-08	-2.5136e-08	-2.5178e-08	-2.4866e-08	-2.444e-08	-2.409e-08	-2.369e-08	-2.3128e-08	-2.2478e-08	-2.1919e-08	-2.1583e-08	-2.1398e-08	-2.1221e-08	-2.0959e-08	-2.0538e-08	-1.9981e-08	-1.9354e-08	-1.8634e-08	-1.7905e-08	-1.7597e-08	-1.799e-08	-1.8847e-08	-1.9665e-08	-2.006e-08	-2.0071e-08	-1.9924e-08	-1.969e-08	-1.9333e-08	-1.8868e-08	-1.8509e-08	-1.8481e-08	-1.8656e-08	-1.8672e-08	-1.8415e-08	-1.8102e-08	-1.7829e-08	-1.756e-08	-1.7461e-08	-1.7632e-08	-1.7877e-08	-1.795e-08	-1.778e-08	-1.7577e-08	-1.7615e-08	-1.7806e-08	-1.7836e-08	-1.7691e-08	-1.7688e-08	-1.791e-08	-1.8182e-08	-1.828e-08	-1.806e-08	-1.7551e-08	-1.7032e-08	-1.6823e-08	-1.6839e-08	-1.6757e-08	-1.6366e-08	-1.5932e-08	-1.5985e-08	-1.6538e-08	-1.7157e-08	-1.7397e-08	-1.7094e-08	-1.6614e-08
-2.499e-08	-2.4913e-08	-2.4639e-08	-2.4402e-08	-2.4449e-08	-2.4769e-08	-2.5108e-08	-2.5204e-08	-2.5098e-08	-2.5104e-08	-2.5307e-08	-2.5489e-08	-2.5434e-08	-2.5136e-08	-2.475e-08	-2.4389e-08	-2.4126e-08	-2.3947e-08	-2.3748e-08	-2.3525e-08	-2.3419e-08	-2.3427e-08	-2.3381e-08	-2.3259e-08	-2.3262e-08	-2.3734e-08	-2.491e-08	-2.6684e-08	-2.8667e-08	-3.0397e-08	-3.1587e-08	-3.2138e-08	-3.1954e-08	-3.0872e-08	-2.8823e-08	-2.6068e-08	-2.2987e-08	-1.9842e-08	-1.6733e-08	-1.3591e-08	-1.0286e-08	-6.8579e-09	-3.4865e-09	-1.5493e-10	3.2552e-09	6.8374e-09	1.0545e-08	1.4117e-08	1.7382e-08	2.0442e-08	2.3541e-08	2.6764e-08	3.0071e-08	3.3408e-08	3.6686e-08	3.9906e-08	4.3116e-08	4.6368e-08	4.965e-08	5.268e-08	5.4833e-08	5.5727e-08	5.5571e-08	5.4696e-08	5.3263e-08	5.1369e-08	4.9072e-08	4.6406e-08	4.3428e-08	4.0226e-08	3.6857e-08	3.3339e-08	2.9713e-08	2.6025e-08	2.2307e-08	1.8548e-08	1.4703e-08	1.0688e-08	6.3704e-09	1.6964e-09	-3.2002e-09	-8.0561e-09	-1.2587e-08	-1.6462e-08	-1.9398e-08	-2.1304e-08	-2.2263e-08	-2.2475e-08	-2.2229e-08	-2.1847e-08	-2.154e-08	-2.1358e-08	-2.1368e-08	-2.1601e-08	-2.1899e-08	-2.2058e-08	-2.2019e-08	-2.1987e-08	-2.2128e-08	-2.2278e-08	-2.2174e-08	-2.1763e-08	-2.1237e-08	-2.0865e-08	-2.0888e-08	-2.1553e-08	-2.2929e-08	-2.4787e-08	-2.671e-08	-2.8149e-08	-2.8646e-08	-2.8138e-08	-2.6877e-08	-2.5619e-08	-2.5117e-08	-2.53e-08	-2.5624e-08	-2.5704e-08	-2.537e-08	-2.4848e-08	-2.4394e-08	-2.3931e-08	-2.3336e-08	-2.2658e-08	-2.2057e-08	-2.1677e-08	-2.1464e-08	-2.1278e-08	-2.1022e-08	-2.0608e-08	-2.0035e-08	-1.937e-08	-1.8605e-08	-1.783e-08	-1.7472e-08	-1.7834e-08	-1.8701e-08	-1.9567e-08	-2.0025e-08	-2.0078e-08	-1.9927e-08	-1.9649e-08	-1.9238e-08	-1.8744e-08	-1.8382e-08	-1.8375e-08	-1.8596e-08	-1.8673e-08	-1.8442e-08	-1.8099e-08	-1.7786e-08	-1.7506e-08	-1.7423e-08	-1.7606e-08	-1.7839e-08	-1.79e-08	-1.7738e-08	-1.7551e-08	-1.7595e-08	-1.7792e-08	-1.7831e-08	-1.7682e-08	-1.7652e-08	-1.7861e-08	-1.8143e-08	-1.8267e-08	-1.8074e-08	-1.7587e-08	-1.7072e-08	-1.6853e-08	-1.687e-08	-1.6807e-08	-1.6439e-08	-1.6005e-08	-1.6033e-08	-1.6571e-08	-1.7184e-08	-1.7406e-08	-1.7059e-08	-1.6507e-08
-2.5211e-08	-2.5109e-08	-2.4811e-08	-2.4559e-08	-2.4589e-08	-2.4871e-08	-2.5148e-08	-2.517e-08	-2.4992e-08	-2.4964e-08	-2.5197e-08	-2.5459e-08	-2.5487e-08	-2.5246e-08	-2.4884e-08	-2.4525e-08	-2.4258e-08	-2.4081e-08	-2.3882e-08	-2.3657e-08	-2.3553e-08	-2.3574e-08	-2.3541e-08	-2.3408e-08	-2.3366e-08	-2.3763e-08	-2.4861e-08	-2.6592e-08	-2.8568e-08	-3.0304e-08	-3.1488e-08	-3.1995e-08	-3.1721e-08	-3.0524e-08	-2.8368e-08	-2.5523e-08	-2.2372e-08	-1.9189e-08	-1.6075e-08	-1.2945e-08	-9.658e-09	-6.2446e-09	-2.8835e-09	4.4179e-10	3.8608e-09	7.4571e-09	1.1169e-08	1.4733e-08	1.7978e-08	2.1014e-08	2.4088e-08	2.7289e-08	3.0583e-08	3.392e-08	3.7222e-08	4.0483e-08	4.3736e-08	4.6997e-08	5.0251e-08	5.3246e-08	5.5366e-08	5.6202e-08	5.5943e-08	5.4929e-08	5.3349e-08	5.132e-08	4.8918e-08	4.619e-08	4.3188e-08	3.9985e-08	3.6623e-08	3.3108e-08	2.9469e-08	2.5758e-08	2.2021e-08	1.8257e-08	1.4419e-08	1.0415e-08	6.0998e-09	1.415e-09	-3.4925e-09	-8.335e-09	-1.2812e-08	-1.6597e-08	-1.942e-08	-2.1217e-08	-2.2108e-08	-2.2316e-08	-2.2124e-08	-2.1819e-08	-2.1575e-08	-2.1418e-08	-2.1421e-08	-2.164e-08	-2.1934e-08	-2.2097e-08	-2.206e-08	-2.2017e-08	-2.2152e-08	-2.2317e-08	-2.2237e-08	-2.1832e-08	-2.1291e-08	-2.0901e-08	-2.0927e-08	-2.1621e-08	-2.3056e-08	-2.4994e-08	-2.6995e-08	-2.8504e-08	-2.9058e-08	-2.8587e-08	-2.733e-08	-2.6028e-08	-2.5474e-08	-2.5649e-08	-2.6006e-08	-2.6118e-08	-2.5768e-08	-2.516e-08	-2.461e-08	-2.4091e-08	-2.3471e-08	-2.277e-08	-2.2135e-08	-2.1714e-08	-2.1475e-08	-2.1284e-08	-2.1041e-08	-2.0644e-08	-2.0067e-08	-1.9369e-08	-1.8566e-08	-1.7755e-08	-1.7351e-08	-1.7676e-08	-1.8534e-08	-1.9428e-08	-1.9941e-08	-2.0038e-08	-1.9892e-08	-1.9581e-08	-1.913e-08	-1.8612e-08	-1.8244e-08	-1.8243e-08	-1.8494e-08	-1.8624e-08	-1.8427e-08	-1.8068e-08	-1.7722e-08	-1.7431e-08	-1.7356e-08	-1.7543e-08	-1.776e-08	-1.7807e-08	-1.7656e-08	-1.7487e-08	-1.7539e-08	-1.7741e-08	-1.7792e-08	-1.7639e-08	-1.758e-08	-1.7767e-08	-1.8052e-08	-1.8197e-08	-1.8031e-08	-1.7569e-08	-1.7071e-08	-1.6855e-08	-1.688e-08	-1.6836e-08	-1.6499e-08	-1.6077e-08	-1.6086e-08	-1.6603e-08	-1.7198e-08	-1.7395e-08	-1.7006e-08	-1.6383e-08
-2.5485e-08	-2.5366e-08	-2.5049e-08	-2.4785e-08	-2.4797e-08	-2.5038e-08	-2.5248e-08	-2.5188e-08	-2.4933e-08	-2.486e-08	-2.5113e-08	-2.5444e-08	-2.5552e-08	-2.5365e-08	-2.5029e-08	-2.4674e-08	-2.4403e-08	-2.4226e-08	-2.4029e-08	-2.3801e-08	-2.3698e-08	-2.3728e-08	-2.3706e-08	-2.3563e-08	-2.3479e-08	-2.38e-08	-2.4815e-08	-2.6491e-08	-2.8446e-08	-3.0181e-08	-3.1356e-08	-3.1824e-08	-3.1472e-08	-3.0174e-08	-2.7926e-08	-2.5002e-08	-2.1789e-08	-1.8572e-08	-1.5454e-08	-1.2339e-08	-9.0718e-09	-5.6731e-09	-2.3206e-09	9.9816e-10	4.4226e-09	8.0281e-09	1.1742e-08	1.5296e-08	1.8522e-08	2.1537e-08	2.4588e-08	2.777e-08	3.1048e-08	3.4378e-08	3.7694e-08	4.099e-08	4.4284e-08	4.7556e-08	5.0786e-08	5.375e-08	5.5849e-08	5.6649e-08	5.6314e-08	5.5191e-08	5.3491e-08	5.1349e-08	4.8857e-08	4.6075e-08	4.3054e-08	3.9853e-08	3.65e-08	3.2992e-08	2.9345e-08	2.5615e-08	2.186e-08	1.8091e-08	1.4259e-08	1.0267e-08	5.9613e-09	1.2753e-09	-3.6365e-09	-8.4658e-09	-1.2895e-08	-1.66e-08	-1.9322e-08	-2.1019e-08	-2.1847e-08	-2.2054e-08	-2.1923e-08	-2.1704e-08	-2.153e-08	-2.1407e-08	-2.1409e-08	-2.1612e-08	-2.1898e-08	-2.2065e-08	-2.2032e-08	-2.198e-08	-2.2106e-08	-2.2285e-08	-2.2233e-08	-2.1845e-08	-2.1295e-08	-2.0887e-08	-2.091e-08	-2.1618e-08	-2.3085e-08	-2.5065e-08	-2.7111e-08	-2.8664e-08	-2.9268e-08	-2.8846e-08	-2.7623e-08	-2.6306e-08	-2.5713e-08	-2.5878e-08	-2.6261e-08	-2.6399e-08	-2.6037e-08	-2.5355e-08	-2.4722e-08	-2.4155e-08	-2.3519e-08	-2.2805e-08	-2.214e-08	-2.1683e-08	-2.1422e-08	-2.1231e-08	-2.1009e-08	-2.0641e-08	-2.007e-08	-1.9349e-08	-1.8514e-08	-1.7676e-08	-1.7236e-08	-1.7517e-08	-1.8346e-08	-1.9247e-08	-1.9805e-08	-1.9947e-08	-1.9815e-08	-1.9485e-08	-1.9007e-08	-1.8474e-08	-1.8097e-08	-1.8088e-08	-1.8352e-08	-1.8526e-08	-1.8371e-08	-1.8008e-08	-1.7637e-08	-1.7336e-08	-1.7264e-08	-1.7449e-08	-1.7648e-08	-1.7679e-08	-1.7539e-08	-1.7391e-08	-1.7451e-08	-1.7659e-08	-1.7723e-08	-1.757e-08	-1.7478e-08	-1.7636e-08	-1.7918e-08	-1.808e-08	-1.7938e-08	-1.7505e-08	-1.7035e-08	-1.6835e-08	-1.6875e-08	-1.6852e-08	-1.6549e-08	-1.615e-08	-1.6148e-08	-1.6638e-08	-1.7205e-08	-1.7373e-08	-1.6944e-08	-1.6256e-08
-2.5807e-08	-2.5678e-08	-2.535e-08	-2.5076e-08	-2.507e-08	-2.5268e-08	-2.5405e-08	-2.526e-08	-2.4922e-08	-2.4794e-08	-2.5053e-08	-2.5442e-08	-2.5621e-08	-2.5488e-08	-2.5177e-08	-2.4828e-08	-2.4554e-08	-2.4376e-08	-2.4181e-08	-2.3951e-08	-2.3846e-08	-2.3882e-08	-2.3868e-08	-2.3717e-08	-2.3593e-08	-2.384e-08	-2.4767e-08	-2.6376e-08	-2.8298e-08	-3.0021e-08	-3.1184e-08	-3.1618e-08	-3.1201e-08	-2.982e-08	-2.7496e-08	-2.4509e-08	-2.1245e-08	-1.7997e-08	-1.4877e-08	-1.1779e-08	-8.5342e-09	-5.1502e-09	-1.804e-09	1.5086e-09	4.935e-09	8.5443e-09	1.2254e-08	1.5799e-08	1.9008e-08	2.2004e-08	2.5037e-08	2.8202e-08	3.1464e-08	3.478e-08	3.81e-08	4.1421e-08	4.4751e-08	4.8038e-08	5.1248e-08	5.4186e-08	5.6275e-08	5.7063e-08	5.6686e-08	5.549e-08	5.3701e-08	5.1471e-08	4.8906e-08	4.6082e-08	4.3048e-08	3.9852e-08	3.6511e-08	3.3011e-08	2.9362e-08	2.5617e-08	2.1847e-08	1.8072e-08	1.4245e-08	1.0265e-08	5.9755e-09	1.2989e-09	-3.6093e-09	-8.4252e-09	-1.2814e-08	-1.6452e-08	-1.9087e-08	-2.0694e-08	-2.1463e-08	-2.1674e-08	-2.1609e-08	-2.1483e-08	-2.1388e-08	-2.1308e-08	-2.1313e-08	-2.1503e-08	-2.1779e-08	-2.195e-08	-2.1924e-08	-2.1864e-08	-2.1979e-08	-2.2169e-08	-2.2151e-08	-2.1791e-08	-2.1241e-08	-2.0816e-08	-2.0828e-08	-2.1535e-08	-2.3004e-08	-2.4989e-08	-2.7039e-08	-2.8608e-08	-2.9252e-08	-2.8894e-08	-2.7737e-08	-2.6437e-08	-2.5821e-08	-2.5976e-08	-2.6379e-08	-2.6539e-08	-2.6169e-08	-2.5427e-08	-2.4723e-08	-2.412e-08	-2.3478e-08	-2.276e-08	-2.2075e-08	-2.1586e-08	-2.1307e-08	-2.1122e-08	-2.0929e-08	-2.0601e-08	-2.0049e-08	-1.9314e-08	-1.8453e-08	-1.7597e-08	-1.7129e-08	-1.7364e-08	-1.8148e-08	-1.9035e-08	-1.9625e-08	-1.9813e-08	-1.9703e-08	-1.9367e-08	-1.8874e-08	-1.8336e-08	-1.7948e-08	-1.7921e-08	-1.8181e-08	-1.839e-08	-1.828e-08	-1.7927e-08	-1.754e-08	-1.7231e-08	-1.7158e-08	-1.7335e-08	-1.7511e-08	-1.7525e-08	-1.7397e-08	-1.7272e-08	-1.7342e-08	-1.7557e-08	-1.7635e-08	-1.7483e-08	-1.7358e-08	-1.748e-08	-1.7753e-08	-1.793e-08	-1.7811e-08	-1.7408e-08	-1.6975e-08	-1.6803e-08	-1.6864e-08	-1.6861e-08	-1.6595e-08	-1.6229e-08	-1.6223e-08	-1.6685e-08	-1.7217e-08	-1.7351e-08	-1.6885e-08	-1.6136e-08
-2.6169e-08	-2.6042e-08	-2.571e-08	-2.5432e-08	-2.5408e-08	-2.5559e-08	-2.5621e-08	-2.5385e-08	-2.4957e-08	-2.4765e-08	-2.5016e-08	-2.5449e-08	-2.569e-08	-2.5605e-08	-2.5319e-08	-2.4978e-08	-2.4701e-08	-2.4523e-08	-2.4329e-08	-2.4099e-08	-2.399e-08	-2.4028e-08	-2.4021e-08	-2.3862e-08	-2.37e-08	-2.3877e-08	-2.4714e-08	-2.6243e-08	-2.8117e-08	-2.9817e-08	-3.0964e-08	-3.1369e-08	-3.0901e-08	-2.9458e-08	-2.708e-08	-2.4048e-08	-2.0745e-08	-1.7472e-08	-1.4351e-08	-1.1273e-08	-8.0524e-09	-4.6826e-09	-1.3399e-09	1.9674e-09	5.3924e-09	8.9996e-09	1.2701e-08	1.6235e-08	1.9429e-08	2.2411e-08	2.5429e-08	2.8582e-08	3.1826e-08	3.5122e-08	3.8434e-08	4.1771e-08	4.5132e-08	4.8435e-08	5.1629e-08	5.4546e-08	5.664e-08	5.7441e-08	5.7057e-08	5.5828e-08	5.3988e-08	5.1699e-08	4.9084e-08	4.623e-08	4.319e-08	4e-08	3.6672e-08	3.3184e-08	2.9535e-08	2.578e-08	2.1998e-08	1.8218e-08	1.4394e-08	1.0426e-08	6.1586e-09	1.5021e-09	-3.3936e-09	-8.1954e-09	-1.2552e-08	-1.6137e-08	-1.8703e-08	-2.0233e-08	-2.0949e-08	-2.1167e-08	-2.1174e-08	-2.1149e-08	-2.1142e-08	-2.1113e-08	-2.113e-08	-2.1308e-08	-2.1575e-08	-2.1749e-08	-2.1734e-08	-2.167e-08	-2.1773e-08	-2.1974e-08	-2.1995e-08	-2.1674e-08	-2.1134e-08	-2.0694e-08	-2.0689e-08	-2.138e-08	-2.2826e-08	-2.478e-08	-2.6799e-08	-2.8357e-08	-2.9029e-08	-2.8744e-08	-2.7681e-08	-2.643e-08	-2.5808e-08	-2.5956e-08	-2.6374e-08	-2.6551e-08	-2.6178e-08	-2.5388e-08	-2.4626e-08	-2.4e-08	-2.3361e-08	-2.2648e-08	-2.195e-08	-2.1435e-08	-2.1143e-08	-2.0969e-08	-2.0812e-08	-2.0533e-08	-2.0011e-08	-1.9271e-08	-1.8391e-08	-1.7525e-08	-1.7038e-08	-1.7226e-08	-1.7951e-08	-1.8805e-08	-1.9416e-08	-1.9648e-08	-1.9568e-08	-1.9235e-08	-1.874e-08	-1.8204e-08	-1.7808e-08	-1.7752e-08	-1.7995e-08	-1.8227e-08	-1.8167e-08	-1.7834e-08	-1.7439e-08	-1.7124e-08	-1.7047e-08	-1.7213e-08	-1.7364e-08	-1.736e-08	-1.7243e-08	-1.7142e-08	-1.7223e-08	-1.7444e-08	-1.7537e-08	-1.739e-08	-1.7232e-08	-1.7311e-08	-1.7571e-08	-1.7759e-08	-1.7662e-08	-1.7291e-08	-1.69e-08	-1.6767e-08	-1.6854e-08	-1.6873e-08	-1.6645e-08	-1.6319e-08	-1.6318e-08	-1.6751e-08	-1.7242e-08	-1.7339e-08	-1.6839e-08	-1.6037e-08
-2.6565e-08	-2.6452e-08	-2.6126e-08	-2.5849e-08	-2.5809e-08	-2.5912e-08	-2.5893e-08	-2.5561e-08	-2.5039e-08	-2.4773e-08	-2.5002e-08	-2.5462e-08	-2.5753e-08	-2.571e-08	-2.5447e-08	-2.5116e-08	-2.4839e-08	-2.4659e-08	-2.4468e-08	-2.4237e-08	-2.4123e-08	-2.4161e-08	-2.4156e-08	-2.3989e-08	-2.3793e-08	-2.3904e-08	-2.4649e-08	-2.6088e-08	-2.7899e-08	-2.9563e-08	-3.0688e-08	-3.1069e-08	-3.0567e-08	-2.9085e-08	-2.6677e-08	-2.3622e-08	-2.0295e-08	-1.7004e-08	-1.3883e-08	-1.0827e-08	-7.6332e-09	-4.2769e-09	-9.3445e-10	2.3693e-09	5.7896e-09	9.3884e-09	1.3076e-08	1.6596e-08	1.9779e-08	2.275e-08	2.5758e-08	2.8904e-08	3.2132e-08	3.5401e-08	3.8693e-08	4.2033e-08	4.5419e-08	4.874e-08	5.1923e-08	5.4824e-08	5.6936e-08	5.7777e-08	5.7423e-08	5.6203e-08	5.435e-08	5.2037e-08	4.9394e-08	4.6522e-08	4.3482e-08	4.0301e-08	3.6985e-08	3.3508e-08	2.9864e-08	2.6102e-08	2.231e-08	1.8524e-08	1.47e-08	1.0743e-08	6.5011e-09	1.8736e-09	-3.0018e-09	-7.789e-09	-1.2122e-08	-1.5669e-08	-1.8182e-08	-1.965e-08	-2.0321e-08	-2.055e-08	-2.0633e-08	-2.0717e-08	-2.0804e-08	-2.0836e-08	-2.0871e-08	-2.1043e-08	-2.13e-08	-2.1479e-08	-2.1478e-08	-2.1414e-08	-2.1505e-08	-2.1714e-08	-2.1778e-08	-2.1507e-08	-2.0986e-08	-2.0533e-08	-2.0507e-08	-2.1171e-08	-2.2572e-08	-2.4465e-08	-2.642e-08	-2.7941e-08	-2.863e-08	-2.8424e-08	-2.7479e-08	-2.6303e-08	-2.5693e-08	-2.5837e-08	-2.6264e-08	-2.6455e-08	-2.6082e-08	-2.5256e-08	-2.445e-08	-2.381e-08	-2.3183e-08	-2.2484e-08	-2.1781e-08	-2.1246e-08	-2.0944e-08	-2.0784e-08	-2.0668e-08	-2.0446e-08	-1.9965e-08	-1.9229e-08	-1.8336e-08	-1.7467e-08	-1.697e-08	-1.7113e-08	-1.7768e-08	-1.8572e-08	-1.9191e-08	-1.9466e-08	-1.942e-08	-1.91e-08	-1.8611e-08	-1.8085e-08	-1.7683e-08	-1.7594e-08	-1.7805e-08	-1.8051e-08	-1.8041e-08	-1.7738e-08	-1.7344e-08	-1.7024e-08	-1.6943e-08	-1.7095e-08	-1.7219e-08	-1.7194e-08	-1.7087e-08	-1.7011e-08	-1.7105e-08	-1.7332e-08	-1.744e-08	-1.7299e-08	-1.711e-08	-1.7143e-08	-1.7385e-08	-1.7581e-08	-1.7505e-08	-1.7165e-08	-1.6823e-08	-1.6735e-08	-1.6854e-08	-1.6895e-08	-1.6705e-08	-1.6425e-08	-1.6437e-08	-1.6843e-08	-1.729e-08	-1.7348e-08	-1.6819e-08	-1.5972e-08
-2.6988e-08	-2.6902e-08	-2.6594e-08	-2.6327e-08	-2.6273e-08	-2.6324e-08	-2.622e-08	-2.5789e-08	-2.5168e-08	-2.482e-08	-2.5011e-08	-2.5481e-08	-2.5807e-08	-2.5797e-08	-2.5554e-08	-2.5234e-08	-2.4958e-08	-2.4777e-08	-2.4589e-08	-2.4359e-08	-2.4239e-08	-2.4272e-08	-2.4266e-08	-2.4091e-08	-2.3866e-08	-2.3916e-08	-2.4571e-08	-2.591e-08	-2.7641e-08	-2.9254e-08	-3.0349e-08	-3.0712e-08	-3.0193e-08	-2.8697e-08	-2.6287e-08	-2.3231e-08	-1.9898e-08	-1.6595e-08	-1.3477e-08	-1.0445e-08	-7.28e-09	-3.9368e-09	-5.916e-10	2.7104e-09	6.1231e-09	9.7072e-09	1.3374e-08	1.6879e-08	2.0052e-08	2.3017e-08	2.602e-08	2.9162e-08	3.2377e-08	3.5613e-08	3.8874e-08	4.2207e-08	4.561e-08	4.895e-08	5.2126e-08	5.5016e-08	5.7157e-08	5.8061e-08	5.7772e-08	5.6599e-08	5.4772e-08	5.2464e-08	4.9816e-08	4.6941e-08	4.3905e-08	4.0735e-08	3.743e-08	3.3965e-08	3.0327e-08	2.6562e-08	2.2762e-08	1.897e-08	1.5142e-08	1.1194e-08	6.9802e-09	2.3893e-09	-2.4588e-09	-7.2306e-09	-1.1548e-08	-1.507e-08	-1.7548e-08	-1.8968e-08	-1.9603e-08	-1.9846e-08	-2.0011e-08	-2.0208e-08	-2.0397e-08	-2.0496e-08	-2.0557e-08	-2.0725e-08	-2.0973e-08	-2.1156e-08	-2.1173e-08	-2.1113e-08	-2.1192e-08	-2.1406e-08	-2.1515e-08	-2.1303e-08	-2.081e-08	-2.0348e-08	-2.0297e-08	-2.0925e-08	-2.2263e-08	-2.4068e-08	-2.5932e-08	-2.7394e-08	-2.8086e-08	-2.7962e-08	-2.7152e-08	-2.6077e-08	-2.5495e-08	-2.5636e-08	-2.607e-08	-2.6271e-08	-2.59e-08	-2.505e-08	-2.4212e-08	-2.3567e-08	-2.2961e-08	-2.2283e-08	-2.1582e-08	-2.1032e-08	-2.0723e-08	-2.0581e-08	-2.051e-08	-2.0352e-08	-1.992e-08	-1.9197e-08	-1.8297e-08	-1.7429e-08	-1.6931e-08	-1.7032e-08	-1.761e-08	-1.835e-08	-1.8965e-08	-1.9278e-08	-1.927e-08	-1.897e-08	-1.8496e-08	-1.7988e-08	-1.7583e-08	-1.7456e-08	-1.7625e-08	-1.7873e-08	-1.7913e-08	-1.7649e-08	-1.7262e-08	-1.694e-08	-1.6855e-08	-1.6992e-08	-1.7087e-08	-1.704e-08	-1.6943e-08	-1.6892e-08	-1.6998e-08	-1.723e-08	-1.7354e-08	-1.7222e-08	-1.7005e-08	-1.6988e-08	-1.7206e-08	-1.7409e-08	-1.7353e-08	-1.7045e-08	-1.6753e-08	-1.6719e-08	-1.6873e-08	-1.6936e-08	-1.6782e-08	-1.6552e-08	-1.6586e-08	-1.6967e-08	-1.7368e-08	-1.7388e-08	-1.6834e-08	-1.5951e-08
-2.7431e-08	-2.7388e-08	-2.711e-08	-2.6861e-08	-2.6796e-08	-2.6794e-08	-2.66e-08	-2.6065e-08	-2.5341e-08	-2.4903e-08	-2.5043e-08	-2.5504e-08	-2.5847e-08	-2.586e-08	-2.5634e-08	-2.5327e-08	-2.5054e-08	-2.4873e-08	-2.4687e-08	-2.446e-08	-2.4335e-08	-2.4359e-08	-2.4349e-08	-2.4166e-08	-2.3916e-08	-2.3912e-08	-2.4479e-08	-2.5711e-08	-2.7349e-08	-2.8897e-08	-2.9955e-08	-3.0302e-08	-2.9782e-08	-2.8296e-08	-2.5908e-08	-2.2875e-08	-1.955e-08	-1.6245e-08	-1.3131e-08	-1.0125e-08	-6.9911e-09	-3.6621e-09	-3.1259e-10	2.9887e-09	6.3908e-09	9.9541e-09	1.3595e-08	1.7081e-08	2.0245e-08	2.3208e-08	2.6209e-08	2.9352e-08	3.2555e-08	3.5756e-08	3.8977e-08	4.229e-08	4.5704e-08	4.9062e-08	5.2234e-08	5.5118e-08	5.7298e-08	5.8284e-08	5.8088e-08	5.6997e-08	5.5229e-08	5.2956e-08	5.0324e-08	4.7459e-08	4.4435e-08	4.1277e-08	3.7984e-08	3.453e-08	3.0901e-08	2.7137e-08	2.333e-08	1.9532e-08	1.5699e-08	1.1756e-08	7.5718e-09	3.0235e-09	-1.7905e-09	-6.5456e-09	-1.0853e-08	-1.4363e-08	-1.6822e-08	-1.8211e-08	-1.8819e-08	-1.9081e-08	-1.9329e-08	-1.9644e-08	-1.994e-08	-2.0113e-08	-2.0205e-08	-2.0373e-08	-2.0612e-08	-2.0799e-08	-2.0836e-08	-2.0784e-08	-2.0851e-08	-2.1068e-08	-2.1223e-08	-2.1076e-08	-2.0622e-08	-2.0154e-08	-2.0075e-08	-2.0661e-08	-2.1922e-08	-2.3617e-08	-2.5365e-08	-2.6746e-08	-2.7429e-08	-2.7385e-08	-2.6723e-08	-2.5771e-08	-2.5232e-08	-2.5374e-08	-2.581e-08	-2.602e-08	-2.5653e-08	-2.4787e-08	-2.3929e-08	-2.3289e-08	-2.2711e-08	-2.2061e-08	-2.1368e-08	-2.0807e-08	-2.0495e-08	-2.0373e-08	-2.0349e-08	-2.0258e-08	-1.9885e-08	-1.9183e-08	-1.8281e-08	-1.742e-08	-1.6927e-08	-1.6992e-08	-1.7488e-08	-1.8151e-08	-1.8751e-08	-1.9099e-08	-1.9131e-08	-1.8855e-08	-1.8403e-08	-1.7919e-08	-1.7515e-08	-1.7348e-08	-1.7466e-08	-1.7706e-08	-1.7795e-08	-1.7576e-08	-1.7204e-08	-1.6882e-08	-1.6795e-08	-1.6915e-08	-1.6982e-08	-1.6911e-08	-1.6822e-08	-1.6795e-08	-1.6913e-08	-1.715e-08	-1.7288e-08	-1.7169e-08	-1.6925e-08	-1.6856e-08	-1.7049e-08	-1.7256e-08	-1.722e-08	-1.6942e-08	-1.6703e-08	-1.6727e-08	-1.6919e-08	-1.7004e-08	-1.6884e-08	-1.6706e-08	-1.6768e-08	-1.713e-08	-1.7486e-08	-1.7468e-08	-1.6895e-08	-1.5988e-08
-2.7882e-08	-2.7896e-08	-2.7661e-08	-2.744e-08	-2.7367e-08	-2.731e-08	-2.7024e-08	-2.6381e-08	-2.5552e-08	-2.5017e-08	-2.5092e-08	-2.5527e-08	-2.5873e-08	-2.5899e-08	-2.5687e-08	-2.5392e-08	-2.5125e-08	-2.4944e-08	-2.4762e-08	-2.4538e-08	-2.4408e-08	-2.4422e-08	-2.4404e-08	-2.4214e-08	-2.3943e-08	-2.3892e-08	-2.4377e-08	-2.5497e-08	-2.703e-08	-2.8502e-08	-2.9516e-08	-2.9849e-08	-2.934e-08	-2.7883e-08	-2.554e-08	-2.2551e-08	-1.9249e-08	-1.5949e-08	-1.2842e-08	-9.8628e-09	-6.7635e-09	-3.4511e-09	-9.7681e-11	3.2029e-09	6.5912e-09	1.0128e-08	1.3737e-08	1.72e-08	2.0355e-08	2.3318e-08	2.6321e-08	2.9467e-08	3.2662e-08	3.5825e-08	3.8997e-08	4.2283e-08	4.5699e-08	4.9075e-08	5.2247e-08	5.5128e-08	5.7351e-08	5.8436e-08	5.8358e-08	5.738e-08	5.5702e-08	5.3491e-08	5.0895e-08	4.8053e-08	4.5046e-08	4.1904e-08	3.8624e-08	3.5182e-08	3.1563e-08	2.7802e-08	2.3991e-08	2.0187e-08	1.6346e-08	1.2407e-08	8.2518e-09	3.751e-09	-1.0227e-09	-5.7591e-09	-1.0063e-08	-1.3571e-08	-1.6026e-08	-1.74e-08	-1.7993e-08	-1.8278e-08	-1.8612e-08	-1.9049e-08	-1.9454e-08	-1.9704e-08	-1.9833e-08	-2.0005e-08	-2.0236e-08	-2.0427e-08	-2.0485e-08	-2.0445e-08	-2.0502e-08	-2.0717e-08	-2.0918e-08	-2.0843e-08	-2.0434e-08	-1.9965e-08	-1.9857e-08	-2.0395e-08	-2.1567e-08	-2.3135e-08	-2.4747e-08	-2.603e-08	-2.6689e-08	-2.6723e-08	-2.6218e-08	-2.5405e-08	-2.4923e-08	-2.5068e-08	-2.5505e-08	-2.572e-08	-2.5359e-08	-2.4487e-08	-2.362e-08	-2.2992e-08	-2.2448e-08	-2.1831e-08	-2.1153e-08	-2.0587e-08	-2.0275e-08	-2.0174e-08	-2.0197e-08	-2.0177e-08	-1.9869e-08	-1.9196e-08	-1.8298e-08	-1.7445e-08	-1.6967e-08	-1.7001e-08	-1.7413e-08	-1.7989e-08	-1.8563e-08	-1.894e-08	-1.9013e-08	-1.8765e-08	-1.834e-08	-1.7887e-08	-1.7489e-08	-1.7281e-08	-1.7341e-08	-1.7563e-08	-1.7697e-08	-1.7529e-08	-1.7177e-08	-1.6859e-08	-1.6771e-08	-1.6876e-08	-1.6914e-08	-1.682e-08	-1.6736e-08	-1.6732e-08	-1.6862e-08	-1.7101e-08	-1.7254e-08	-1.7148e-08	-1.6883e-08	-1.6761e-08	-1.6925e-08	-1.7134e-08	-1.7119e-08	-1.6869e-08	-1.6684e-08	-1.6769e-08	-1.7002e-08	-1.7107e-08	-1.7016e-08	-1.6892e-08	-1.699e-08	-1.7337e-08	-1.765e-08	-1.7597e-08	-1.7013e-08	-1.6093e-08
-2.8331e-08	-2.8414e-08	-2.8231e-08	-2.8048e-08	-2.7974e-08	-2.7861e-08	-2.7481e-08	-2.6728e-08	-2.579e-08	-2.5155e-08	-2.5156e-08	-2.555e-08	-2.5885e-08	-2.5915e-08	-2.5711e-08	-2.5429e-08	-2.517e-08	-2.499e-08	-2.481e-08	-2.4592e-08	-2.4458e-08	-2.446e-08	-2.4432e-08	-2.4236e-08	-2.3949e-08	-2.3859e-08	-2.4268e-08	-2.5276e-08	-2.6694e-08	-2.8079e-08	-2.9041e-08	-2.936e-08	-2.8871e-08	-2.746e-08	-2.5181e-08	-2.2254e-08	-1.899e-08	-1.5704e-08	-1.2605e-08	-9.6551e-09	-6.5938e-09	-3.3018e-09	5.3145e-11	3.3516e-09	6.7228e-09	1.0227e-08	1.3798e-08	1.7235e-08	2.038e-08	2.3345e-08	2.635e-08	2.9502e-08	3.2691e-08	3.5815e-08	3.8933e-08	4.2183e-08	4.5596e-08	4.8986e-08	5.216e-08	5.5041e-08	5.7313e-08	5.8508e-08	5.8569e-08	5.7729e-08	5.6168e-08	5.4043e-08	5.1503e-08	4.8697e-08	4.5715e-08	4.2591e-08	3.9324e-08	3.5895e-08	3.2289e-08	2.8533e-08	2.472e-08	2.0911e-08	1.7062e-08	1.3122e-08	8.9962e-09	4.5465e-09	-1.8123e-10	-4.8966e-09	-9.2003e-09	-1.2718e-08	-1.5184e-08	-1.6559e-08	-1.7148e-08	-1.7461e-08	-1.7884e-08	-1.8444e-08	-1.8961e-08	-1.9291e-08	-1.9461e-08	-1.9641e-08	-1.9862e-08	-2.0057e-08	-2.0138e-08	-2.0113e-08	-2.0161e-08	-2.0371e-08	-2.0616e-08	-2.0616e-08	-2.0261e-08	-1.9795e-08	-1.9658e-08	-2.0144e-08	-2.122e-08	-2.2647e-08	-2.4106e-08	-2.5276e-08	-2.5899e-08	-2.6005e-08	-2.566e-08	-2.5e-08	-2.4587e-08	-2.4737e-08	-2.5172e-08	-2.5392e-08	-2.5038e-08	-2.4169e-08	-2.3302e-08	-2.2695e-08	-2.2189e-08	-2.1611e-08	-2.0952e-08	-2.0386e-08	-2.0075e-08	-1.9996e-08	-2.0068e-08	-2.0119e-08	-1.9881e-08	-1.9244e-08	-1.8354e-08	-1.7514e-08	-1.7055e-08	-1.7066e-08	-1.7395e-08	-1.7877e-08	-1.8414e-08	-1.8816e-08	-1.8929e-08	-1.8709e-08	-1.8316e-08	-1.7898e-08	-1.7511e-08	-1.7265e-08	-1.726e-08	-1.7457e-08	-1.7631e-08	-1.7518e-08	-1.7192e-08	-1.6879e-08	-1.6794e-08	-1.6886e-08	-1.6897e-08	-1.6778e-08	-1.6698e-08	-1.6715e-08	-1.6854e-08	-1.7094e-08	-1.726e-08	-1.7171e-08	-1.6888e-08	-1.6715e-08	-1.6848e-08	-1.7058e-08	-1.7062e-08	-1.6841e-08	-1.6708e-08	-1.6856e-08	-1.7131e-08	-1.7253e-08	-1.7188e-08	-1.7116e-08	-1.7256e-08	-1.7594e-08	-1.7869e-08	-1.7786e-08	-1.7199e-08	-1.6279e-08
-2.8765e-08	-2.8928e-08	-2.8808e-08	-2.867e-08	-2.86e-08	-2.8434e-08	-2.7959e-08	-2.7094e-08	-2.6048e-08	-2.5311e-08	-2.5229e-08	-2.557e-08	-2.5881e-08	-2.5906e-08	-2.5707e-08	-2.5437e-08	-2.5189e-08	-2.501e-08	-2.4833e-08	-2.4621e-08	-2.4483e-08	-2.4473e-08	-2.4434e-08	-2.4233e-08	-2.3934e-08	-2.3814e-08	-2.4155e-08	-2.5052e-08	-2.635e-08	-2.7638e-08	-2.8542e-08	-2.8846e-08	-2.8383e-08	-2.703e-08	-2.4831e-08	-2.1984e-08	-1.8771e-08	-1.5506e-08	-1.2417e-08	-9.4979e-09	-6.4784e-09	-3.2121e-09	1.4018e-10	3.4338e-09	6.784e-09	1.0251e-08	1.3778e-08	1.7183e-08	2.0317e-08	2.3284e-08	2.6292e-08	2.9451e-08	3.2636e-08	3.5724e-08	3.8783e-08	4.199e-08	4.5392e-08	4.8795e-08	5.1972e-08	5.4854e-08	5.7177e-08	5.8491e-08	5.8709e-08	5.8027e-08	5.6607e-08	5.459e-08	5.2124e-08	4.9366e-08	4.6416e-08	4.3314e-08	4.0063e-08	3.6646e-08	3.3055e-08	2.9308e-08	2.5495e-08	2.1681e-08	1.7822e-08	1.3879e-08	9.7811e-09	5.3852e-09	7.0824e-10	-3.9835e-09	-8.2904e-09	-1.1825e-08	-1.4316e-08	-1.571e-08	-1.6308e-08	-1.6656e-08	-1.7168e-08	-1.7852e-08	-1.8482e-08	-1.8893e-08	-1.9107e-08	-1.9297e-08	-1.9511e-08	-1.9708e-08	-1.9812e-08	-1.9807e-08	-1.9847e-08	-2.0048e-08	-2.0333e-08	-2.0411e-08	-2.0116e-08	-1.9659e-08	-1.9492e-08	-1.9925e-08	-2.0899e-08	-2.2175e-08	-2.3469e-08	-2.4514e-08	-2.509e-08	-2.526e-08	-2.5075e-08	-2.4578e-08	-2.4243e-08	-2.4401e-08	-2.4832e-08	-2.5054e-08	-2.4708e-08	-2.3849e-08	-2.2993e-08	-2.2414e-08	-2.1952e-08	-2.1415e-08	-2.078e-08	-2.0218e-08	-1.9911e-08	-1.9854e-08	-1.9973e-08	-2.0094e-08	-1.993e-08	-1.9337e-08	-1.846e-08	-1.7633e-08	-1.7201e-08	-1.7196e-08	-1.7445e-08	-1.7827e-08	-1.8318e-08	-1.8739e-08	-1.8889e-08	-1.87e-08	-1.8339e-08	-1.7961e-08	-1.759e-08	-1.7309e-08	-1.7237e-08	-1.7399e-08	-1.7609e-08	-1.7553e-08	-1.7257e-08	-1.6952e-08	-1.6874e-08	-1.6955e-08	-1.6941e-08	-1.6799e-08	-1.672e-08	-1.6755e-08	-1.6902e-08	-1.7141e-08	-1.7318e-08	-1.7246e-08	-1.6951e-08	-1.6727e-08	-1.6829e-08	-1.7039e-08	-1.7064e-08	-1.687e-08	-1.6787e-08	-1.6999e-08	-1.7314e-08	-1.7451e-08	-1.7407e-08	-1.7386e-08	-1.7572e-08	-1.7907e-08	-1.8149e-08	-1.8042e-08	-1.7461e-08	-1.6557e-08
-2.9173e-08	-2.9425e-08	-2.9376e-08	-2.9292e-08	-2.9233e-08	-2.9015e-08	-2.8446e-08	-2.747e-08	-2.6316e-08	-2.5475e-08	-2.5305e-08	-2.5585e-08	-2.5861e-08	-2.5872e-08	-2.5675e-08	-2.5417e-08	-2.518e-08	-2.5003e-08	-2.4827e-08	-2.4622e-08	-2.4483e-08	-2.4461e-08	-2.4409e-08	-2.4205e-08	-2.39e-08	-2.3758e-08	-2.4041e-08	-2.483e-08	-2.6004e-08	-2.7188e-08	-2.8028e-08	-2.8314e-08	-2.7881e-08	-2.6597e-08	-2.4491e-08	-2.1737e-08	-1.8586e-08	-1.535e-08	-1.2274e-08	-9.3875e-09	-6.4138e-09	-3.1796e-09	1.6401e-10	3.4486e-09	6.7733e-09	1.0197e-08	1.3674e-08	1.7044e-08	2.0164e-08	2.3132e-08	2.6143e-08	2.9308e-08	3.2493e-08	3.5544e-08	3.8542e-08	4.1701e-08	4.5087e-08	4.8498e-08	5.168e-08	5.4564e-08	5.6939e-08	5.8378e-08	5.8765e-08	5.8259e-08	5.6999e-08	5.5109e-08	5.2733e-08	5.0035e-08	4.7124e-08	4.4049e-08	4.0815e-08	3.7412e-08	3.3837e-08	3.0102e-08	2.6291e-08	2.2474e-08	1.8603e-08	1.4655e-08	1.0583e-08	6.2422e-09	1.6201e-09	-3.0451e-09	-7.3576e-09	-1.0918e-08	-1.3446e-08	-1.4874e-08	-1.5496e-08	-1.5886e-08	-1.649e-08	-1.7297e-08	-1.8038e-08	-1.8529e-08	-1.879e-08	-1.8994e-08	-1.92e-08	-1.9398e-08	-1.9525e-08	-1.9543e-08	-1.9576e-08	-1.9766e-08	-2.0086e-08	-2.0243e-08	-2.0015e-08	-1.9571e-08	-1.9376e-08	-1.9754e-08	-2.0623e-08	-2.1742e-08	-2.2864e-08	-2.3775e-08	-2.4294e-08	-2.452e-08	-2.449e-08	-2.416e-08	-2.3911e-08	-2.4078e-08	-2.4502e-08	-2.4727e-08	-2.439e-08	-2.3549e-08	-2.2713e-08	-2.2168e-08	-2.1752e-08	-2.1259e-08	-2.0651e-08	-2.0098e-08	-1.9797e-08	-1.9762e-08	-1.9925e-08	-2.0114e-08	-2.0025e-08	-1.9482e-08	-1.8623e-08	-1.7811e-08	-1.741e-08	-1.7396e-08	-1.757e-08	-1.7851e-08	-1.829e-08	-1.8722e-08	-1.8907e-08	-1.8746e-08	-1.8419e-08	-1.8083e-08	-1.7733e-08	-1.7421e-08	-1.7282e-08	-1.7402e-08	-1.7642e-08	-1.7644e-08	-1.7381e-08	-1.7087e-08	-1.7019e-08	-1.7094e-08	-1.7058e-08	-1.6895e-08	-1.6816e-08	-1.6864e-08	-1.7015e-08	-1.725e-08	-1.7438e-08	-1.7385e-08	-1.7082e-08	-1.6812e-08	-1.6882e-08	-1.7091e-08	-1.7136e-08	-1.6969e-08	-1.6935e-08	-1.7207e-08	-1.756e-08	-1.771e-08	-1.768e-08	-1.7706e-08	-1.7941e-08	-1.8281e-08	-1.8497e-08	-1.8374e-08	-1.7811e-08	-1.6939e-08
-2.9545e-08	-2.9892e-08	-2.992e-08	-2.9898e-08	-2.9857e-08	-2.9591e-08	-2.893e-08	-2.7845e-08	-2.6584e-08	-2.5642e-08	-2.538e-08	-2.5589e-08	-2.5823e-08	-2.5815e-08	-2.5615e-08	-2.5366e-08	-2.5143e-08	-2.4969e-08	-2.4792e-08	-2.4595e-08	-2.4456e-08	-2.4422e-08	-2.4357e-08	-2.4153e-08	-2.3848e-08	-2.3692e-08	-2.3928e-08	-2.4616e-08	-2.5664e-08	-2.674e-08	-2.7509e-08	-2.7775e-08	-2.7374e-08	-2.6164e-08	-2.4162e-08	-2.1512e-08	-1.8434e-08	-1.5234e-08	-1.2172e-08	-9.3199e-09	-6.3963e-09	-3.2015e-09	1.2547e-10	3.3953e-09	6.6892e-09	1.0064e-08	1.3486e-08	1.6815e-08	1.9917e-08	2.2885e-08	2.5898e-08	2.9068e-08	3.2255e-08	3.5272e-08	3.8209e-08	4.1316e-08	4.4679e-08	4.8096e-08	5.1282e-08	5.4167e-08	5.6594e-08	5.8162e-08	5.8726e-08	5.8409e-08	5.7323e-08	5.5578e-08	5.3306e-08	5.0679e-08	4.7816e-08	4.4771e-08	4.1557e-08	3.8169e-08	3.4612e-08	3.0891e-08	2.7085e-08	2.3265e-08	1.9383e-08	1.5427e-08	1.1378e-08	7.0927e-09	2.5289e-09	-2.107e-09	-6.4263e-09	-1.0018e-08	-1.2595e-08	-1.4075e-08	-1.4736e-08	-1.5176e-08	-1.5873e-08	-1.6801e-08	-1.7651e-08	-1.8221e-08	-1.8529e-08	-1.8748e-08	-1.8948e-08	-1.9146e-08	-1.9296e-08	-1.9339e-08	-1.9368e-08	-1.9542e-08	-1.9892e-08	-2.0127e-08	-1.997e-08	-1.9545e-08	-1.9324e-08	-1.9649e-08	-2.0411e-08	-2.137e-08	-2.2316e-08	-2.3088e-08	-2.3542e-08	-2.3814e-08	-2.3931e-08	-2.3768e-08	-2.361e-08	-2.3787e-08	-2.4202e-08	-2.4428e-08	-2.4102e-08	-2.3285e-08	-2.2479e-08	-2.1975e-08	-2.1607e-08	-2.1158e-08	-2.0581e-08	-2.004e-08	-1.9748e-08	-1.9734e-08	-1.9938e-08	-2.0191e-08	-2.0176e-08	-1.9689e-08	-1.8852e-08	-1.8057e-08	-1.769e-08	-1.7674e-08	-1.778e-08	-1.7962e-08	-1.8343e-08	-1.878e-08	-1.8994e-08	-1.8858e-08	-1.8566e-08	-1.8272e-08	-1.7947e-08	-1.7611e-08	-1.7405e-08	-1.7479e-08	-1.7743e-08	-1.7802e-08	-1.7574e-08	-1.7293e-08	-1.7239e-08	-1.7312e-08	-1.7261e-08	-1.7079e-08	-1.6997e-08	-1.7054e-08	-1.7204e-08	-1.7434e-08	-1.763e-08	-1.7597e-08	-1.7291e-08	-1.6978e-08	-1.7018e-08	-1.7225e-08	-1.7292e-08	-1.7153e-08	-1.7165e-08	-1.7492e-08	-1.788e-08	-1.8037e-08	-1.8016e-08	-1.8085e-08	-1.8369e-08	-1.872e-08	-1.8919e-08	-1.8791e-08	-1.8258e-08	-1.7434e-08
-2.987e-08	-3.0316e-08	-3.0427e-08	-3.0474e-08	-3.0457e-08	-3.0149e-08	-2.94e-08	-2.8208e-08	-2.6844e-08	-2.5802e-08	-2.5448e-08	-2.5582e-08	-2.5766e-08	-2.5732e-08	-2.5528e-08	-2.5286e-08	-2.5077e-08	-2.4905e-08	-2.4728e-08	-2.4539e-08	-2.4401e-08	-2.4356e-08	-2.4279e-08	-2.4078e-08	-2.3777e-08	-2.3618e-08	-2.3819e-08	-2.4414e-08	-2.5338e-08	-2.6303e-08	-2.6997e-08	-2.7239e-08	-2.6869e-08	-2.5737e-08	-2.3844e-08	-2.1308e-08	-1.831e-08	-1.5154e-08	-1.2108e-08	-9.2913e-09	-6.4219e-09	-3.2748e-09	2.571e-11	3.2733e-09	6.5302e-09	9.8499e-09	1.3212e-08	1.6495e-08	1.9576e-08	2.2541e-08	2.5554e-08	2.8727e-08	3.1915e-08	3.4903e-08	3.778e-08	4.0833e-08	4.4169e-08	4.7586e-08	5.0775e-08	5.3662e-08	5.6138e-08	5.7835e-08	5.8581e-08	5.8461e-08	5.7562e-08	5.5973e-08	5.3819e-08	5.1275e-08	4.8465e-08	4.5455e-08	4.2264e-08	3.8894e-08	3.5357e-08	3.1652e-08	2.7853e-08	2.4032e-08	2.0138e-08	1.6172e-08	1.2143e-08	7.9124e-09	3.4091e-09	-1.1946e-09	-5.5213e-09	-9.1488e-09	-1.1786e-08	-1.3334e-08	-1.4052e-08	-1.4551e-08	-1.5342e-08	-1.6388e-08	-1.7342e-08	-1.7987e-08	-1.8342e-08	-1.8579e-08	-1.8773e-08	-1.8971e-08	-1.9142e-08	-1.9212e-08	-1.924e-08	-1.9394e-08	-1.9769e-08	-2.0079e-08	-1.9997e-08	-1.9595e-08	-1.9351e-08	-1.9624e-08	-2.0281e-08	-2.108e-08	-2.185e-08	-2.2482e-08	-2.2866e-08	-2.3174e-08	-2.3426e-08	-2.3426e-08	-2.3359e-08	-2.3547e-08	-2.3951e-08	-2.4178e-08	-2.3864e-08	-2.3078e-08	-2.2311e-08	-2.1852e-08	-2.1534e-08	-2.1129e-08	-2.0584e-08	-2.006e-08	-1.9777e-08	-1.9784e-08	-2.0024e-08	-2.0335e-08	-2.0393e-08	-1.9965e-08	-1.9156e-08	-1.8379e-08	-1.8048e-08	-1.8038e-08	-1.8083e-08	-1.817e-08	-1.8491e-08	-1.8927e-08	-1.9162e-08	-1.9048e-08	-1.8787e-08	-1.8537e-08	-1.8241e-08	-1.7887e-08	-1.7618e-08	-1.7643e-08	-1.7924e-08	-1.8036e-08	-1.7844e-08	-1.7579e-08	-1.7544e-08	-1.7621e-08	-1.756e-08	-1.7363e-08	-1.7277e-08	-1.7338e-08	-1.7482e-08	-1.7702e-08	-1.7904e-08	-1.7891e-08	-1.7588e-08	-1.7239e-08	-1.7251e-08	-1.7455e-08	-1.7545e-08	-1.7435e-08	-1.749e-08	-1.7866e-08	-1.8281e-08	-1.8442e-08	-1.8424e-08	-1.8529e-08	-1.8861e-08	-1.9229e-08	-1.9422e-08	-1.93e-08	-1.8813e-08	-1.8055e-08
-3.0138e-08	-3.0685e-08	-3.0882e-08	-3.1004e-08	-3.102e-08	-3.0674e-08	-2.9842e-08	-2.8548e-08	-2.7084e-08	-2.5948e-08	-2.5502e-08	-2.5557e-08	-2.5687e-08	-2.5625e-08	-2.5412e-08	-2.5176e-08	-2.4982e-08	-2.4812e-08	-2.4632e-08	-2.4451e-08	-2.4317e-08	-2.4262e-08	-2.4175e-08	-2.3979e-08	-2.369e-08	-2.3537e-08	-2.3716e-08	-2.4228e-08	-2.5033e-08	-2.5885e-08	-2.6501e-08	-2.6714e-08	-2.6373e-08	-2.5319e-08	-2.354e-08	-2.1124e-08	-1.8213e-08	-1.5106e-08	-1.2079e-08	-9.2978e-09	-6.4865e-09	-3.3963e-09	-1.3387e-10	3.0821e-09	6.295e-09	9.5539e-09	1.285e-08	1.6082e-08	1.9138e-08	2.2097e-08	2.5105e-08	2.8278e-08	3.1469e-08	3.443e-08	3.725e-08	4.025e-08	4.3554e-08	4.6966e-08	5.0156e-08	5.3044e-08	5.5568e-08	5.7392e-08	5.8321e-08	5.84e-08	5.7697e-08	5.6274e-08	5.4248e-08	5.1796e-08	4.9046e-08	4.6078e-08	4.2914e-08	3.9562e-08	3.6046e-08	3.2361e-08	2.8571e-08	2.4751e-08	2.0845e-08	1.6866e-08	1.2855e-08	8.6769e-09	4.2355e-09	-3.3354e-10	-4.6671e-09	-8.3349e-09	-1.1042e-08	-1.2674e-08	-1.3465e-08	-1.4035e-08	-1.4923e-08	-1.6083e-08	-1.7135e-08	-1.785e-08	-1.825e-08	-1.8505e-08	-1.8693e-08	-1.889e-08	-1.9082e-08	-1.9182e-08	-1.9208e-08	-1.9341e-08	-1.9734e-08	-2.0114e-08	-2.0108e-08	-1.9736e-08	-1.9473e-08	-1.9696e-08	-2.025e-08	-2.0893e-08	-2.1492e-08	-2.1987e-08	-2.2299e-08	-2.2633e-08	-2.3005e-08	-2.3157e-08	-2.318e-08	-2.3376e-08	-2.3767e-08	-2.3995e-08	-2.3694e-08	-2.2947e-08	-2.2227e-08	-2.1819e-08	-2.1551e-08	-2.1188e-08	-2.0675e-08	-2.017e-08	-1.9901e-08	-1.9927e-08	-2.0199e-08	-2.0558e-08	-2.0685e-08	-2.032e-08	-1.9543e-08	-1.8785e-08	-1.8491e-08	-1.8492e-08	-1.8488e-08	-1.8489e-08	-1.8749e-08	-1.9175e-08	-1.9425e-08	-1.9327e-08	-1.9094e-08	-1.8885e-08	-1.8621e-08	-1.8257e-08	-1.7931e-08	-1.7906e-08	-1.8198e-08	-1.8359e-08	-1.8202e-08	-1.7954e-08	-1.7942e-08	-1.8029e-08	-1.7966e-08	-1.7761e-08	-1.7669e-08	-1.7727e-08	-1.7858e-08	-1.8066e-08	-1.8272e-08	-1.8278e-08	-1.7982e-08	-1.7604e-08	-1.7591e-08	-1.7794e-08	-1.7907e-08	-1.7829e-08	-1.7923e-08	-1.834e-08	-1.8774e-08	-1.8932e-08	-1.8912e-08	-1.9045e-08	-1.9421e-08	-1.9812e-08	-2.0011e-08	-1.9909e-08	-1.9484e-08	-1.8812e-08
-3.0338e-08	-3.0987e-08	-3.1272e-08	-3.1475e-08	-3.1529e-08	-3.1153e-08	-3.0244e-08	-2.8854e-08	-2.7297e-08	-2.6072e-08	-2.5536e-08	-2.5512e-08	-2.5585e-08	-2.5491e-08	-2.5268e-08	-2.5036e-08	-2.4856e-08	-2.4688e-08	-2.4505e-08	-2.4332e-08	-2.4203e-08	-2.4139e-08	-2.4044e-08	-2.3857e-08	-2.3586e-08	-2.345e-08	-2.3619e-08	-2.4063e-08	-2.4755e-08	-2.5495e-08	-2.6031e-08	-2.6211e-08	-2.5894e-08	-2.4916e-08	-2.3251e-08	-2.0958e-08	-1.8139e-08	-1.5087e-08	-1.208e-08	-9.3355e-09	-6.5859e-09	-3.5626e-09	-3.5156e-10	2.8216e-09	5.9821e-09	9.1739e-09	1.2399e-08	1.5576e-08	1.8601e-08	2.1549e-08	2.4549e-08	2.7717e-08	3.0909e-08	3.3848e-08	3.6618e-08	3.9565e-08	4.2834e-08	4.6236e-08	4.9424e-08	5.2311e-08	5.4878e-08	5.6827e-08	5.7936e-08	5.8214e-08	5.7708e-08	5.646e-08	5.457e-08	5.2218e-08	4.9537e-08	4.6613e-08	4.348e-08	4.015e-08	3.6658e-08	3.2995e-08	2.9216e-08	2.5397e-08	2.148e-08	1.7488e-08	1.349e-08	9.3621e-09	4.9826e-09	4.5061e-10	-3.8887e-09	-7.5993e-09	-1.0384e-08	-1.2116e-08	-1.3e-08	-1.3655e-08	-1.4641e-08	-1.5908e-08	-1.705e-08	-1.7828e-08	-1.827e-08	-1.8544e-08	-1.8728e-08	-1.8922e-08	-1.9134e-08	-1.9264e-08	-1.9292e-08	-1.94e-08	-1.9803e-08	-2.0249e-08	-2.0319e-08	-1.9981e-08	-1.9704e-08	-1.9879e-08	-2.0335e-08	-2.0829e-08	-2.1264e-08	-2.163e-08	-2.1871e-08	-2.2222e-08	-2.2695e-08	-2.2985e-08	-2.3091e-08	-2.3294e-08	-2.3669e-08	-2.3897e-08	-2.3613e-08	-2.2909e-08	-2.2245e-08	-2.1894e-08	-2.1675e-08	-2.1351e-08	-2.087e-08	-2.0388e-08	-2.0134e-08	-2.0177e-08	-2.0474e-08	-2.0873e-08	-2.1062e-08	-2.0762e-08	-2.0022e-08	-1.9285e-08	-1.9027e-08	-1.9043e-08	-1.9001e-08	-1.8927e-08	-1.9129e-08	-1.9539e-08	-1.9794e-08	-1.9705e-08	-1.9496e-08	-1.9325e-08	-1.9095e-08	-1.8728e-08	-1.8355e-08	-1.8281e-08	-1.8576e-08	-1.878e-08	-1.8657e-08	-1.8427e-08	-1.8441e-08	-1.8547e-08	-1.8491e-08	-1.8284e-08	-1.8186e-08	-1.8234e-08	-1.8344e-08	-1.8536e-08	-1.8743e-08	-1.8767e-08	-1.8482e-08	-1.8085e-08	-1.8052e-08	-1.8252e-08	-1.839e-08	-1.8347e-08	-1.8478e-08	-1.8924e-08	-1.9365e-08	-1.9514e-08	-1.9486e-08	-1.9638e-08	-2.0052e-08	-2.047e-08	-2.0687e-08	-2.062e-08	-2.0275e-08	-1.9708e-08
-3.046e-08	-3.121e-08	-3.1584e-08	-3.1871e-08	-3.197e-08	-3.157e-08	-3.0592e-08	-2.9113e-08	-2.7471e-08	-2.6164e-08	-2.5543e-08	-2.5442e-08	-2.5458e-08	-2.5331e-08	-2.5096e-08	-2.4865e-08	-2.4698e-08	-2.4532e-08	-2.4344e-08	-2.418e-08	-2.4056e-08	-2.3985e-08	-2.3885e-08	-2.3713e-08	-2.3466e-08	-2.3358e-08	-2.3532e-08	-2.392e-08	-2.4511e-08	-2.5143e-08	-2.5597e-08	-2.5741e-08	-2.5442e-08	-2.4534e-08	-2.298e-08	-2.081e-08	-1.8085e-08	-1.5092e-08	-1.2109e-08	-9.4005e-09	-6.7158e-09	-3.7697e-09	-6.2541e-10	2.4916e-09	5.5901e-09	8.708e-09	1.1856e-08	1.4974e-08	1.7964e-08	2.0896e-08	2.3882e-08	2.7039e-08	3.023e-08	3.3151e-08	3.5877e-08	3.8776e-08	4.2008e-08	4.5395e-08	4.8577e-08	5.146e-08	5.4066e-08	5.6134e-08	5.7417e-08	5.7889e-08	5.7579e-08	5.6507e-08	5.4761e-08	5.2518e-08	4.991e-08	4.7038e-08	4.3941e-08	4.0635e-08	3.7169e-08	3.353e-08	2.9765e-08	2.5948e-08	2.202e-08	1.8013e-08	1.4025e-08	9.9439e-09	5.6253e-09	1.1322e-09	-3.2109e-09	-6.9658e-09	-9.8347e-09	-1.1681e-08	-1.2679e-08	-1.3434e-08	-1.4521e-08	-1.5889e-08	-1.7111e-08	-1.7944e-08	-1.8423e-08	-1.8715e-08	-1.8896e-08	-1.9087e-08	-1.9316e-08	-1.9477e-08	-1.9508e-08	-1.959e-08	-1.9996e-08	-2.0499e-08	-2.0644e-08	-2.0345e-08	-2.0059e-08	-2.019e-08	-2.0551e-08	-2.0906e-08	-2.1192e-08	-2.144e-08	-2.1616e-08	-2.1975e-08	-2.2527e-08	-2.2934e-08	-2.3114e-08	-2.3318e-08	-2.3675e-08	-2.3904e-08	-2.3639e-08	-2.2986e-08	-2.2387e-08	-2.2096e-08	-2.1923e-08	-2.1632e-08	-2.1183e-08	-2.0727e-08	-2.0493e-08	-2.0551e-08	-2.0866e-08	-2.129e-08	-2.153e-08	-2.1296e-08	-2.0603e-08	-1.9893e-08	-1.9665e-08	-1.9696e-08	-1.9629e-08	-1.9501e-08	-1.9649e-08	-2.003e-08	-2.0277e-08	-2.0192e-08	-2.0003e-08	-1.9862e-08	-1.9664e-08	-1.9306e-08	-1.8902e-08	-1.8784e-08	-1.9067e-08	-1.93e-08	-1.9212e-08	-1.9009e-08	-1.9049e-08	-1.9174e-08	-1.9136e-08	-1.8941e-08	-1.8839e-08	-1.8866e-08	-1.8946e-08	-1.9116e-08	-1.9316e-08	-1.9352e-08	-1.9086e-08	-1.8693e-08	-1.8641e-08	-1.8829e-08	-1.8989e-08	-1.8994e-08	-1.9162e-08	-1.9614e-08	-2.0041e-08	-2.0178e-08	-2.0149e-08	-2.0313e-08	-2.0746e-08	-2.1186e-08	-2.1428e-08	-2.1413e-08	-2.1164e-08	-2.0719e-08
-3.0496e-08	-3.1342e-08	-3.1804e-08	-3.2177e-08	-3.2328e-08	-3.1912e-08	-3.0874e-08	-2.9315e-08	-2.7596e-08	-2.6216e-08	-2.5516e-08	-2.5341e-08	-2.5302e-08	-2.5144e-08	-2.4896e-08	-2.4664e-08	-2.451e-08	-2.4343e-08	-2.4149e-08	-2.3993e-08	-2.3876e-08	-2.3799e-08	-2.3698e-08	-2.3546e-08	-2.333e-08	-2.3261e-08	-2.3455e-08	-2.3805e-08	-2.4305e-08	-2.4836e-08	-2.521e-08	-2.5314e-08	-2.5025e-08	-2.4179e-08	-2.2731e-08	-2.068e-08	-1.805e-08	-1.5119e-08	-1.216e-08	-9.4887e-09	-6.8718e-09	-4.0137e-09	-9.5316e-10	2.0923e-09	5.1176e-09	8.1545e-09	1.1221e-08	1.4275e-08	1.7226e-08	2.0135e-08	2.31e-08	2.624e-08	2.9425e-08	3.2332e-08	3.5025e-08	3.7882e-08	4.1076e-08	4.444e-08	4.7611e-08	5.0487e-08	5.3128e-08	5.5307e-08	5.6754e-08	5.7409e-08	5.7288e-08	5.6393e-08	5.4794e-08	5.2666e-08	5.0139e-08	4.7324e-08	4.4268e-08	4.0991e-08	3.7552e-08	3.3941e-08	3.0192e-08	2.6378e-08	2.244e-08	1.842e-08	1.4437e-08	1.0395e-08	6.1356e-09	1.6874e-09	-2.6496e-09	-6.4434e-09	-9.3991e-09	-1.1377e-08	-1.2521e-08	-1.3405e-08	-1.4595e-08	-1.6046e-08	-1.7332e-08	-1.8209e-08	-1.8723e-08	-1.9032e-08	-1.9214e-08	-1.9404e-08	-1.9645e-08	-1.9834e-08	-1.9876e-08	-1.9939e-08	-2.0334e-08	-2.087e-08	-2.1084e-08	-2.084e-08	-2.0564e-08	-2.0648e-08	-2.0914e-08	-2.114e-08	-2.1296e-08	-2.1444e-08	-2.1573e-08	-2.1932e-08	-2.2527e-08	-2.3018e-08	-2.3264e-08	-2.3472e-08	-2.3797e-08	-2.4012e-08	-2.3775e-08	-2.3194e-08	-2.2676e-08	-2.2441e-08	-2.2304e-08	-2.204e-08	-2.1624e-08	-2.1203e-08	-2.0993e-08	-2.1065e-08	-2.1385e-08	-2.1812e-08	-2.2083e-08	-2.1915e-08	-2.1287e-08	-2.062e-08	-2.041e-08	-2.0446e-08	-2.0369e-08	-2.0213e-08	-2.0312e-08	-2.065e-08	-2.0871e-08	-2.0787e-08	-2.0613e-08	-2.0493e-08	-2.0321e-08	-1.9982e-08	-1.9566e-08	-1.9412e-08	-1.9668e-08	-1.9915e-08	-1.9861e-08	-1.9689e-08	-1.9754e-08	-1.99e-08	-1.989e-08	-1.9718e-08	-1.961e-08	-1.9608e-08	-1.9651e-08	-1.9793e-08	-1.9981e-08	-2.0023e-08	-1.9779e-08	-1.9403e-08	-1.9336e-08	-1.951e-08	-1.9689e-08	-1.9746e-08	-1.9946e-08	-2.0391e-08	-2.0793e-08	-2.0912e-08	-2.0879e-08	-2.1044e-08	-2.1485e-08	-2.1948e-08	-2.2227e-08	-2.2275e-08	-2.2135e-08	-2.1821e-08
-3.0434e-08	-3.137e-08	-3.1918e-08	-3.2378e-08	-3.2583e-08	-3.216e-08	-3.1072e-08	-2.9447e-08	-2.7666e-08	-2.6226e-08	-2.5452e-08	-2.5205e-08	-2.5114e-08	-2.4927e-08	-2.4669e-08	-2.4434e-08	-2.4288e-08	-2.412e-08	-2.392e-08	-2.3772e-08	-2.3661e-08	-2.358e-08	-2.3482e-08	-2.3355e-08	-2.3183e-08	-2.3166e-08	-2.3392e-08	-2.3721e-08	-2.4145e-08	-2.4581e-08	-2.4875e-08	-2.4932e-08	-2.4642e-08	-2.3845e-08	-2.2491e-08	-2.0553e-08	-1.8022e-08	-1.5162e-08	-1.224e-08	-9.5984e-09	-7.0429e-09	-4.2845e-09	-1.3321e-09	1.6236e-09	4.5638e-09	7.5125e-09	1.0492e-08	1.3476e-08	1.6383e-08	1.9265e-08	2.2206e-08	2.5316e-08	2.8479e-08	3.1377e-08	3.4062e-08	3.6892e-08	4.0042e-08	4.3366e-08	4.6515e-08	4.9385e-08	5.2048e-08	5.432e-08	5.5915e-08	5.6739e-08	5.6797e-08	5.6076e-08	5.4633e-08	5.2629e-08	5.0192e-08	4.7441e-08	4.4432e-08	4.119e-08	3.7782e-08	3.4201e-08	3.0473e-08	2.6661e-08	2.2716e-08	1.8686e-08	1.4704e-08	1.0691e-08	6.4867e-09	2.0899e-09	-2.2289e-09	-6.0552e-09	-9.0992e-09	-1.1223e-08	-1.2547e-08	-1.3587e-08	-1.4882e-08	-1.6399e-08	-1.7732e-08	-1.8644e-08	-1.9187e-08	-1.9512e-08	-1.9698e-08	-1.9887e-08	-2.0136e-08	-2.0348e-08	-2.0403e-08	-2.0453e-08	-2.0828e-08	-2.1381e-08	-2.1654e-08	-2.1473e-08	-2.1215e-08	-2.1254e-08	-2.1429e-08	-2.1543e-08	-2.1591e-08	-2.1659e-08	-2.1752e-08	-2.2104e-08	-2.2713e-08	-2.3255e-08	-2.3548e-08	-2.3751e-08	-2.4043e-08	-2.4244e-08	-2.4039e-08	-2.3532e-08	-2.3097e-08	-2.2921e-08	-2.2816e-08	-2.2573e-08	-2.2186e-08	-2.18e-08	-2.1614e-08	-2.1697e-08	-2.2016e-08	-2.2435e-08	-2.2725e-08	-2.2617e-08	-2.2058e-08	-2.1435e-08	-2.1237e-08	-2.1277e-08	-2.1201e-08	-2.1033e-08	-2.1093e-08	-2.1381e-08	-2.1568e-08	-2.1476e-08	-2.1309e-08	-2.1203e-08	-2.1055e-08	-2.0738e-08	-2.0321e-08	-2.0139e-08	-2.0363e-08	-2.0615e-08	-2.0589e-08	-2.0448e-08	-2.0535e-08	-2.0708e-08	-2.0732e-08	-2.0588e-08	-2.0475e-08	-2.0438e-08	-2.0436e-08	-2.0547e-08	-2.072e-08	-2.0765e-08	-2.0543e-08	-2.0189e-08	-2.0112e-08	-2.0273e-08	-2.0471e-08	-2.0579e-08	-2.0808e-08	-2.1237e-08	-2.1605e-08	-2.17e-08	-2.1657e-08	-2.1815e-08	-2.2254e-08	-2.2738e-08	-2.3061e-08	-2.3182e-08	-2.3158e-08	-2.2984e-08
-3.026e-08	-3.1272e-08	-3.1912e-08	-3.245e-08	-3.2701e-08	-3.2279e-08	-3.1159e-08	-2.9494e-08	-2.7677e-08	-2.6196e-08	-2.5354e-08	-2.5034e-08	-2.4891e-08	-2.4681e-08	-2.4415e-08	-2.4177e-08	-2.4033e-08	-2.3862e-08	-2.3657e-08	-2.3514e-08	-2.341e-08	-2.3326e-08	-2.3237e-08	-2.3142e-08	-2.3025e-08	-2.3071e-08	-2.3339e-08	-2.3667e-08	-2.4034e-08	-2.4385e-08	-2.4604e-08	-2.4611e-08	-2.4308e-08	-2.3548e-08	-2.2274e-08	-2.0437e-08	-1.8003e-08	-1.5216e-08	-1.2339e-08	-9.7258e-09	-7.2309e-09	-4.5825e-09	-1.7586e-09	1.0868e-09	3.9273e-09	6.7796e-09	9.6672e-09	1.2578e-08	1.5437e-08	1.8284e-08	2.1192e-08	2.4261e-08	2.7394e-08	3.0287e-08	3.2977e-08	3.579e-08	3.8899e-08	4.2177e-08	4.5299e-08	4.8159e-08	5.0843e-08	5.3197e-08	5.4923e-08	5.5898e-08	5.6119e-08	5.5563e-08	5.4274e-08	5.2398e-08	5.0058e-08	4.7376e-08	4.4422e-08	4.1221e-08	3.7845e-08	3.4297e-08	3.0592e-08	2.6784e-08	2.2834e-08	1.8797e-08	1.4813e-08	1.0824e-08	6.6681e-09	2.3214e-09	-1.9765e-09	-5.8333e-09	-8.9671e-09	-1.1247e-08	-1.2766e-08	-1.3978e-08	-1.5381e-08	-1.6953e-08	-1.8319e-08	-1.9254e-08	-1.9815e-08	-2.0151e-08	-2.0341e-08	-2.0528e-08	-2.0781e-08	-2.1013e-08	-2.1081e-08	-2.1117e-08	-2.1466e-08	-2.2023e-08	-2.2346e-08	-2.2228e-08	-2.1991e-08	-2.1988e-08	-2.2078e-08	-2.2094e-08	-2.2054e-08	-2.206e-08	-2.213e-08	-2.2468e-08	-2.3068e-08	-2.363e-08	-2.3949e-08	-2.4142e-08	-2.4397e-08	-2.4583e-08	-2.4412e-08	-2.3981e-08	-2.363e-08	-2.3514e-08	-2.3438e-08	-2.321e-08	-2.2848e-08	-2.2495e-08	-2.2335e-08	-2.2427e-08	-2.2737e-08	-2.3138e-08	-2.3436e-08	-2.3383e-08	-2.2893e-08	-2.2316e-08	-2.2127e-08	-2.2169e-08	-2.2102e-08	-2.1936e-08	-2.1964e-08	-2.22e-08	-2.2345e-08	-2.2239e-08	-2.2073e-08	-2.1974e-08	-2.1846e-08	-2.1556e-08	-2.1147e-08	-2.0943e-08	-2.1134e-08	-2.1383e-08	-2.138e-08	-2.1267e-08	-2.1376e-08	-2.1577e-08	-2.164e-08	-2.1529e-08	-2.1412e-08	-2.1335e-08	-2.1283e-08	-2.1358e-08	-2.1513e-08	-2.1558e-08	-2.1358e-08	-2.103e-08	-2.0948e-08	-2.1098e-08	-2.1312e-08	-2.1468e-08	-2.1723e-08	-2.2129e-08	-2.2456e-08	-2.2522e-08	-2.2465e-08	-2.2607e-08	-2.3036e-08	-2.3538e-08	-2.3909e-08	-2.4111e-08	-2.4209e-08	-2.4177e-08
-2.9973e-08	-3.105e-08	-3.1775e-08	-3.2386e-08	-3.2684e-08	-3.2275e-08	-3.1138e-08	-2.9448e-08	-2.761e-08	-2.6098e-08	-2.5198e-08	-2.4815e-08	-2.4631e-08	-2.4405e-08	-2.4133e-08	-2.3891e-08	-2.3744e-08	-2.3568e-08	-2.3359e-08	-2.322e-08	-2.312e-08	-2.3036e-08	-2.2963e-08	-2.2908e-08	-2.2854e-08	-2.2973e-08	-2.3296e-08	-2.3642e-08	-2.3974e-08	-2.4259e-08	-2.4411e-08	-2.4367e-08	-2.4041e-08	-2.3303e-08	-2.2091e-08	-2.034e-08	-1.7996e-08	-1.5281e-08	-1.245e-08	-9.867e-09	-7.4345e-09	-4.9053e-09	-2.2285e-09	4.8516e-10	3.2099e-09	5.9571e-09	8.7492e-09	1.1585e-08	1.4391e-08	1.7193e-08	2.0059e-08	2.3079e-08	2.6173e-08	2.9064e-08	3.1772e-08	3.458e-08	3.7651e-08	4.088e-08	4.3968e-08	4.6817e-08	4.952e-08	5.1946e-08	5.3785e-08	5.4892e-08	5.5258e-08	5.4858e-08	5.3721e-08	5.1975e-08	4.9736e-08	4.7132e-08	4.424e-08	4.1085e-08	3.7747e-08	3.4235e-08	3.0555e-08	2.6753e-08	2.2802e-08	1.8761e-08	1.4775e-08	1.0805e-08	6.6928e-09	2.3955e-09	-1.8782e-09	-5.7623e-09	-8.9856e-09	-1.1425e-08	-1.3153e-08	-1.4551e-08	-1.6064e-08	-1.7682e-08	-1.9068e-08	-2.0014e-08	-2.0583e-08	-2.0925e-08	-2.1118e-08	-2.1303e-08	-2.1556e-08	-2.1803e-08	-2.1883e-08	-2.1907e-08	-2.2223e-08	-2.2773e-08	-2.3138e-08	-2.308e-08	-2.2869e-08	-2.2827e-08	-2.284e-08	-2.2769e-08	-2.2657e-08	-2.2619e-08	-2.2674e-08	-2.2995e-08	-2.3569e-08	-2.4125e-08	-2.445e-08	-2.4627e-08	-2.4843e-08	-2.5012e-08	-2.4875e-08	-2.4517e-08	-2.425e-08	-2.4194e-08	-2.4146e-08	-2.393e-08	-2.3587e-08	-2.3265e-08	-2.3131e-08	-2.3231e-08	-2.3528e-08	-2.3902e-08	-2.4197e-08	-2.4192e-08	-2.3772e-08	-2.3243e-08	-2.3058e-08	-2.3101e-08	-2.3049e-08	-2.2896e-08	-2.2902e-08	-2.3085e-08	-2.3182e-08	-2.3055e-08	-2.2884e-08	-2.2789e-08	-2.2678e-08	-2.2416e-08	-2.2023e-08	-2.1803e-08	-2.196e-08	-2.22e-08	-2.2215e-08	-2.2127e-08	-2.2256e-08	-2.2486e-08	-2.2592e-08	-2.2516e-08	-2.2396e-08	-2.2277e-08	-2.2171e-08	-2.2206e-08	-2.234e-08	-2.2384e-08	-2.2204e-08	-2.1906e-08	-2.1823e-08	-2.1962e-08	-2.2189e-08	-2.2391e-08	-2.2669e-08	-2.3048e-08	-2.3328e-08	-2.336e-08	-2.3283e-08	-2.3404e-08	-2.3813e-08	-2.4329e-08	-2.475e-08	-2.5037e-08	-2.5259e-08	-2.5373e-08
-2.9566e-08	-3.0696e-08	-3.1495e-08	-3.2172e-08	-3.2519e-08	-3.2133e-08	-3.0995e-08	-2.9298e-08	-2.7453e-08	-2.5922e-08	-2.4977e-08	-2.4545e-08	-2.4331e-08	-2.4098e-08	-2.3824e-08	-2.3577e-08	-2.3422e-08	-2.3239e-08	-2.3025e-08	-2.2888e-08	-2.2791e-08	-2.271e-08	-2.266e-08	-2.2652e-08	-2.2672e-08	-2.2872e-08	-2.3262e-08	-2.3647e-08	-2.3969e-08	-2.4206e-08	-2.43e-08	-2.4207e-08	-2.3848e-08	-2.3114e-08	-2.1947e-08	-2.0264e-08	-1.7999e-08	-1.5354e-08	-1.2572e-08	-1.0019e-08	-7.6503e-09	-5.2476e-09	-2.7339e-09	-1.7181e-10	2.4223e-09	5.0565e-09	7.7505e-09	1.0511e-08	1.326e-08	1.601e-08	1.8826e-08	2.1789e-08	2.4839e-08	2.7729e-08	3.0465e-08	3.3281e-08	3.632e-08	3.9498e-08	4.2548e-08	4.5383e-08	4.8102e-08	5.0591e-08	5.2528e-08	5.3748e-08	5.4243e-08	5.3987e-08	5.2997e-08	5.1382e-08	4.9251e-08	4.6729e-08	4.3905e-08	4.0803e-08	3.7506e-08	3.4032e-08	3.0381e-08	2.6589e-08	2.2639e-08	1.8597e-08	1.4609e-08	1.0654e-08	6.5815e-09	2.3323e-09	-1.9143e-09	-5.822e-09	-9.1329e-09	-1.1735e-08	-1.3678e-08	-1.5271e-08	-1.6897e-08	-1.8555e-08	-1.995e-08	-2.0896e-08	-2.1464e-08	-2.1806e-08	-2.2002e-08	-2.2183e-08	-2.2434e-08	-2.2691e-08	-2.2782e-08	-2.2796e-08	-2.3075e-08	-2.3608e-08	-2.4006e-08	-2.4006e-08	-2.3822e-08	-2.3746e-08	-2.3689e-08	-2.3542e-08	-2.3373e-08	-2.3306e-08	-2.3355e-08	-2.3657e-08	-2.4191e-08	-2.4717e-08	-2.5033e-08	-2.5187e-08	-2.5362e-08	-2.5511e-08	-2.5406e-08	-2.5119e-08	-2.4935e-08	-2.4938e-08	-2.4918e-08	-2.471e-08	-2.4381e-08	-2.4088e-08	-2.3978e-08	-2.4086e-08	-2.4367e-08	-2.4707e-08	-2.4989e-08	-2.5023e-08	-2.4673e-08	-2.4191e-08	-2.4009e-08	-2.4052e-08	-2.4019e-08	-2.3889e-08	-2.3881e-08	-2.4012e-08	-2.4056e-08	-2.3903e-08	-2.3724e-08	-2.3628e-08	-2.3531e-08	-2.3298e-08	-2.2929e-08	-2.2699e-08	-2.2822e-08	-2.3048e-08	-2.3077e-08	-2.3012e-08	-2.3157e-08	-2.3416e-08	-2.3566e-08	-2.3528e-08	-2.3405e-08	-2.3242e-08	-2.308e-08	-2.3072e-08	-2.3184e-08	-2.3223e-08	-2.3061e-08	-2.2795e-08	-2.2716e-08	-2.2845e-08	-2.3082e-08	-2.3326e-08	-2.3624e-08	-2.3973e-08	-2.4201e-08	-2.4194e-08	-2.4094e-08	-2.4186e-08	-2.4568e-08	-2.5093e-08	-2.5564e-08	-2.5938e-08	-2.6284e-08	-2.6541e-08
-2.9036e-08	-3.0204e-08	-3.1067e-08	-3.1803e-08	-3.2198e-08	-3.1847e-08	-3.0725e-08	-2.9039e-08	-2.7204e-08	-2.5667e-08	-2.469e-08	-2.4222e-08	-2.3993e-08	-2.3762e-08	-2.349e-08	-2.3237e-08	-2.3072e-08	-2.288e-08	-2.2661e-08	-2.2524e-08	-2.2429e-08	-2.2354e-08	-2.2333e-08	-2.238e-08	-2.2479e-08	-2.2769e-08	-2.3238e-08	-2.3678e-08	-2.4011e-08	-2.4219e-08	-2.4266e-08	-2.4123e-08	-2.3725e-08	-2.2982e-08	-2.184e-08	-2.021e-08	-1.8015e-08	-1.5435e-08	-1.2704e-08	-1.0182e-08	-7.8754e-09	-5.6027e-09	-3.2636e-09	-8.6906e-10	1.5819e-09	4.0968e-09	6.6911e-09	9.3753e-09	1.2065e-08	1.476e-08	1.7521e-08	2.0421e-08	2.3419e-08	2.631e-08	2.9083e-08	3.1916e-08	3.493e-08	3.8057e-08	4.1066e-08	4.3885e-08	4.6616e-08	4.916e-08	5.118e-08	5.2498e-08	5.3105e-08	5.298e-08	5.2132e-08	5.0648e-08	4.8626e-08	4.6192e-08	4.344e-08	4.0397e-08	3.7144e-08	3.3711e-08	3.0091e-08	2.6311e-08	2.2366e-08	1.8325e-08	1.4336e-08	1.0393e-08	6.3551e-09	2.1524e-09	-2.0649e-09	-5.9922e-09	-9.3872e-09	-1.215e-08	-1.4312e-08	-1.6106e-08	-1.7847e-08	-1.954e-08	-2.0934e-08	-2.187e-08	-2.2429e-08	-2.2768e-08	-2.2964e-08	-2.3141e-08	-2.3387e-08	-2.365e-08	-2.3752e-08	-2.3756e-08	-2.3996e-08	-2.4503e-08	-2.4924e-08	-2.498e-08	-2.4827e-08	-2.4723e-08	-2.46e-08	-2.4388e-08	-2.4174e-08	-2.409e-08	-2.4143e-08	-2.4425e-08	-2.4909e-08	-2.5388e-08	-2.5679e-08	-2.5804e-08	-2.5936e-08	-2.6061e-08	-2.5985e-08	-2.5766e-08	-2.566e-08	-2.5723e-08	-2.5728e-08	-2.5526e-08	-2.5208e-08	-2.494e-08	-2.4854e-08	-2.4968e-08	-2.523e-08	-2.5532e-08	-2.5791e-08	-2.5856e-08	-2.5573e-08	-2.5141e-08	-2.4961e-08	-2.5001e-08	-2.4989e-08	-2.4889e-08	-2.4875e-08	-2.4957e-08	-2.4947e-08	-2.4763e-08	-2.4573e-08	-2.4474e-08	-2.4388e-08	-2.4184e-08	-2.3842e-08	-2.361e-08	-2.3702e-08	-2.3911e-08	-2.3949e-08	-2.3902e-08	-2.4061e-08	-2.4347e-08	-2.454e-08	-2.454e-08	-2.4415e-08	-2.421e-08	-2.3988e-08	-2.3935e-08	-2.4023e-08	-2.4056e-08	-2.3911e-08	-2.3677e-08	-2.3605e-08	-2.3724e-08	-2.3967e-08	-2.4249e-08	-2.4566e-08	-2.4882e-08	-2.5055e-08	-2.5005e-08	-2.4879e-08	-2.4938e-08	-2.5286e-08	-2.5811e-08	-2.633e-08	-2.679e-08	-2.7257e-08	-2.7655e-08
-2.8398e-08	-2.9591e-08	-3.0508e-08	-3.1295e-08	-3.1737e-08	-3.1431e-08	-3.034e-08	-2.8683e-08	-2.6872e-08	-2.5342e-08	-2.4346e-08	-2.3856e-08	-2.3624e-08	-2.3405e-08	-2.3139e-08	-2.2881e-08	-2.2701e-08	-2.2499e-08	-2.2275e-08	-2.2137e-08	-2.2043e-08	-2.1975e-08	-2.1987e-08	-2.2094e-08	-2.2278e-08	-2.2664e-08	-2.3221e-08	-2.3731e-08	-2.4094e-08	-2.4289e-08	-2.4298e-08	-2.4109e-08	-2.3667e-08	-2.2902e-08	-2.1772e-08	-2.018e-08	-1.8045e-08	-1.5525e-08	-1.2845e-08	-1.0353e-08	-8.1072e-09	-5.9646e-09	-3.8067e-09	-1.5914e-09	7.0685e-10	3.0977e-09	5.5917e-09	8.2005e-09	1.0832e-08	1.3467e-08	1.6169e-08	1.9002e-08	2.1945e-08	2.4834e-08	2.765e-08	3.0511e-08	3.3507e-08	3.6584e-08	3.9549e-08	4.2348e-08	4.5089e-08	4.7679e-08	4.9772e-08	5.1171e-08	5.1874e-08	5.1869e-08	5.1154e-08	4.9799e-08	4.7889e-08	4.5545e-08	4.2869e-08	3.9888e-08	3.6682e-08	3.3291e-08	2.9704e-08	2.5939e-08	2.2002e-08	1.7966e-08	1.3977e-08	1.0042e-08	6.0349e-09	1.8763e-09	-2.31e-09	-6.2526e-09	-9.7272e-09	-1.2646e-08	-1.5026e-08	-1.7024e-08	-1.8881e-08	-2.0605e-08	-2.199e-08	-2.2908e-08	-2.3452e-08	-2.3782e-08	-2.3977e-08	-2.4149e-08	-2.4387e-08	-2.4653e-08	-2.4765e-08	-2.476e-08	-2.4959e-08	-2.5434e-08	-2.587e-08	-2.5977e-08	-2.5858e-08	-2.573e-08	-2.5551e-08	-2.5281e-08	-2.5033e-08	-2.4942e-08	-2.5006e-08	-2.5272e-08	-2.5698e-08	-2.6116e-08	-2.6368e-08	-2.646e-08	-2.6546e-08	-2.6645e-08	-2.6593e-08	-2.6436e-08	-2.6404e-08	-2.6524e-08	-2.6555e-08	-2.6356e-08	-2.6045e-08	-2.5797e-08	-2.5734e-08	-2.5855e-08	-2.6097e-08	-2.6356e-08	-2.6584e-08	-2.6671e-08	-2.6451e-08	-2.6069e-08	-2.5892e-08	-2.5927e-08	-2.5936e-08	-2.5872e-08	-2.5859e-08	-2.5897e-08	-2.5831e-08	-2.5614e-08	-2.541e-08	-2.5307e-08	-2.523e-08	-2.5055e-08	-2.4745e-08	-2.4515e-08	-2.4579e-08	-2.4768e-08	-2.4813e-08	-2.4781e-08	-2.4949e-08	-2.5258e-08	-2.5492e-08	-2.5529e-08	-2.5405e-08	-2.5156e-08	-2.4876e-08	-2.4775e-08	-2.4839e-08	-2.4864e-08	-2.4733e-08	-2.453e-08	-2.4468e-08	-2.458e-08	-2.4825e-08	-2.5137e-08	-2.5471e-08	-2.5755e-08	-2.587e-08	-2.5774e-08	-2.5617e-08	-2.564e-08	-2.5947e-08	-2.6466e-08	-2.7028e-08	-2.7572e-08	-2.8154e-08	-2.8686e-08
-2.7672e-08	-2.8878e-08	-2.9839e-08	-3.0669e-08	-3.1158e-08	-3.0903e-08	-2.9858e-08	-2.8245e-08	-2.6472e-08	-2.4962e-08	-2.3958e-08	-2.3456e-08	-2.3231e-08	-2.3031e-08	-2.2777e-08	-2.2515e-08	-2.232e-08	-2.2105e-08	-2.1876e-08	-2.1736e-08	-2.1643e-08	-2.1583e-08	-2.1631e-08	-2.1801e-08	-2.2073e-08	-2.2559e-08	-2.321e-08	-2.3802e-08	-2.4211e-08	-2.4409e-08	-2.439e-08	-2.4158e-08	-2.3667e-08	-2.2873e-08	-2.174e-08	-2.0174e-08	-1.8089e-08	-1.5625e-08	-1.2994e-08	-1.0533e-08	-8.3434e-09	-6.3274e-09	-4.3528e-09	-2.3241e-09	-1.854e-10	2.0786e-09	4.4731e-09	7.0082e-09	9.5817e-09	1.2158e-08	1.4798e-08	1.7562e-08	2.0446e-08	2.333e-08	2.6192e-08	2.909e-08	3.2074e-08	3.5105e-08	3.8024e-08	4.08e-08	4.3547e-08	4.6177e-08	4.8331e-08	4.9798e-08	5.0582e-08	5.0683e-08	5.0092e-08	4.8862e-08	4.7063e-08	4.4811e-08	4.2214e-08	3.9298e-08	3.6142e-08	3.2795e-08	2.9242e-08	2.5495e-08	2.1567e-08	1.7539e-08	1.3551e-08	9.6231e-09	5.6417e-09	1.5247e-09	-2.6296e-09	-6.5832e-09	-1.0132e-08	-1.3199e-08	-1.5791e-08	-1.7993e-08	-1.9968e-08	-2.1719e-08	-2.3089e-08	-2.3982e-08	-2.4503e-08	-2.4821e-08	-2.5013e-08	-2.5179e-08	-2.5408e-08	-2.5673e-08	-2.5795e-08	-2.5782e-08	-2.5939e-08	-2.6376e-08	-2.6819e-08	-2.6973e-08	-2.6888e-08	-2.6745e-08	-2.6516e-08	-2.6196e-08	-2.5922e-08	-2.5835e-08	-2.5917e-08	-2.6168e-08	-2.6532e-08	-2.6878e-08	-2.7081e-08	-2.7135e-08	-2.7175e-08	-2.7244e-08	-2.721e-08	-2.7108e-08	-2.7144e-08	-2.7318e-08	-2.7373e-08	-2.7176e-08	-2.6868e-08	-2.6638e-08	-2.6596e-08	-2.6723e-08	-2.6944e-08	-2.7159e-08	-2.7348e-08	-2.7448e-08	-2.7286e-08	-2.6954e-08	-2.6781e-08	-2.6809e-08	-2.6839e-08	-2.6813e-08	-2.6809e-08	-2.6807e-08	-2.6686e-08	-2.6435e-08	-2.6217e-08	-2.611e-08	-2.6041e-08	-2.5892e-08	-2.5615e-08	-2.5393e-08	-2.5433e-08	-2.5603e-08	-2.565e-08	-2.563e-08	-2.5803e-08	-2.613e-08	-2.6401e-08	-2.6474e-08	-2.635e-08	-2.606e-08	-2.5721e-08	-2.5573e-08	-2.5611e-08	-2.5628e-08	-2.5508e-08	-2.5335e-08	-2.5286e-08	-2.539e-08	-2.5632e-08	-2.5968e-08	-2.6316e-08	-2.6569e-08	-2.6627e-08	-2.6482e-08	-2.6292e-08	-2.6274e-08	-2.6536e-08	-2.704e-08	-2.7639e-08	-2.8261e-08	-2.895e-08	-2.9607e-08
-2.6878e-08	-2.8087e-08	-2.908e-08	-2.9948e-08	-3.0481e-08	-3.0283e-08	-2.9293e-08	-2.7737e-08	-2.6017e-08	-2.4537e-08	-2.3537e-08	-2.3034e-08	-2.2823e-08	-2.265e-08	-2.2412e-08	-2.2148e-08	-2.1935e-08	-2.1708e-08	-2.1473e-08	-2.133e-08	-2.1237e-08	-2.1186e-08	-2.127e-08	-2.1505e-08	-2.1867e-08	-2.2454e-08	-2.3204e-08	-2.3887e-08	-2.4355e-08	-2.4569e-08	-2.4532e-08	-2.4261e-08	-2.3722e-08	-2.2889e-08	-2.1743e-08	-2.0192e-08	-1.8148e-08	-1.5734e-08	-1.3152e-08	-1.0719e-08	-8.5818e-09	-6.6859e-09	-4.8922e-09	-3.0532e-09	-1.0777e-09	1.0584e-09	3.3555e-09	5.8195e-09	8.3379e-09	1.0856e-08	1.3434e-08	1.6128e-08	1.895e-08	2.1827e-08	2.4736e-08	2.7677e-08	3.0658e-08	3.3645e-08	3.6517e-08	3.9269e-08	4.2018e-08	4.468e-08	4.6887e-08	4.841e-08	4.926e-08	4.9452e-08	4.8977e-08	4.7866e-08	4.6176e-08	4.4016e-08	4.1498e-08	3.865e-08	3.5545e-08	3.2242e-08	2.8726e-08	2.4998e-08	2.1083e-08	1.7065e-08	1.3079e-08	9.1562e-09	5.1968e-09	1.1182e-09	-3.0036e-09	-6.9638e-09	-1.0579e-08	-1.3787e-08	-1.6582e-08	-1.8983e-08	-2.1074e-08	-2.285e-08	-2.4198e-08	-2.5061e-08	-2.5555e-08	-2.5857e-08	-2.6045e-08	-2.6204e-08	-2.6422e-08	-2.6683e-08	-2.6812e-08	-2.6794e-08	-2.691e-08	-2.7304e-08	-2.7747e-08	-2.7943e-08	-2.7894e-08	-2.7741e-08	-2.747e-08	-2.7107e-08	-2.6816e-08	-2.6739e-08	-2.6844e-08	-2.7085e-08	-2.7387e-08	-2.7652e-08	-2.7798e-08	-2.7811e-08	-2.7804e-08	-2.7839e-08	-2.7817e-08	-2.7761e-08	-2.7857e-08	-2.808e-08	-2.816e-08	-2.7964e-08	-2.7656e-08	-2.744e-08	-2.7415e-08	-2.7549e-08	-2.775e-08	-2.7918e-08	-2.8064e-08	-2.8165e-08	-2.8056e-08	-2.7774e-08	-2.7606e-08	-2.7626e-08	-2.7675e-08	-2.7688e-08	-2.7699e-08	-2.7664e-08	-2.7489e-08	-2.7204e-08	-2.6973e-08	-2.6863e-08	-2.68e-08	-2.6676e-08	-2.6433e-08	-2.6224e-08	-2.6245e-08	-2.6397e-08	-2.6444e-08	-2.6431e-08	-2.6605e-08	-2.6945e-08	-2.7246e-08	-2.7351e-08	-2.7227e-08	-2.6898e-08	-2.6502e-08	-2.6306e-08	-2.6319e-08	-2.6327e-08	-2.6216e-08	-2.6072e-08	-2.6036e-08	-2.6133e-08	-2.6368e-08	-2.6721e-08	-2.708e-08	-2.7303e-08	-2.7304e-08	-2.7109e-08	-2.6883e-08	-2.6824e-08	-2.7035e-08	-2.7515e-08	-2.8143e-08	-2.8835e-08	-2.9621e-08	-3.0391e-08
-2.6038e-08	-2.7238e-08	-2.8255e-08	-2.9151e-08	-2.9726e-08	-2.9589e-08	-2.8664e-08	-2.7177e-08	-2.5519e-08	-2.4082e-08	-2.3096e-08	-2.2598e-08	-2.2409e-08	-2.2269e-08	-2.2051e-08	-2.1786e-08	-2.1557e-08	-2.1316e-08	-2.1075e-08	-2.0928e-08	-2.0835e-08	-2.0793e-08	-2.0912e-08	-2.1213e-08	-2.1664e-08	-2.2352e-08	-2.3203e-08	-2.3983e-08	-2.4521e-08	-2.4762e-08	-2.4715e-08	-2.4411e-08	-2.3824e-08	-2.2949e-08	-2.1781e-08	-2.0235e-08	-1.8224e-08	-1.5855e-08	-1.3318e-08	-1.0912e-08	-8.8205e-09	-7.0355e-09	-5.4159e-09	-3.7655e-09	-1.9535e-09	5.5957e-11	2.2592e-09	4.6559e-09	7.1231e-09	9.5857e-09	1.2103e-08	1.4729e-08	1.7487e-08	2.0352e-08	2.3308e-08	2.6298e-08	2.9282e-08	3.223e-08	3.5056e-08	3.7781e-08	4.0528e-08	4.3217e-08	4.5467e-08	4.7037e-08	4.7939e-08	4.8209e-08	4.7836e-08	4.6837e-08	4.5254e-08	4.3185e-08	4.0746e-08	3.7967e-08	3.4914e-08	3.1654e-08	2.8175e-08	2.4469e-08	2.0569e-08	1.6564e-08	1.2582e-08	8.6624e-09	4.7211e-09	6.7758e-10	-3.4118e-09	-7.3745e-09	-1.1049e-08	-1.4385e-08	-1.737e-08	-1.9962e-08	-2.2167e-08	-2.3966e-08	-2.5289e-08	-2.6115e-08	-2.6578e-08	-2.6862e-08	-2.7044e-08	-2.7195e-08	-2.74e-08	-2.7656e-08	-2.7791e-08	-2.7769e-08	-2.7845e-08	-2.8193e-08	-2.863e-08	-2.8862e-08	-2.8851e-08	-2.8695e-08	-2.839e-08	-2.799e-08	-2.7686e-08	-2.7626e-08	-2.776e-08	-2.7994e-08	-2.8235e-08	-2.8416e-08	-2.8499e-08	-2.8469e-08	-2.8415e-08	-2.8413e-08	-2.8394e-08	-2.8375e-08	-2.852e-08	-2.8788e-08	-2.8892e-08	-2.8696e-08	-2.8385e-08	-2.8178e-08	-2.817e-08	-2.8309e-08	-2.849e-08	-2.8613e-08	-2.871e-08	-2.8804e-08	-2.874e-08	-2.8508e-08	-2.8347e-08	-2.8358e-08	-2.8422e-08	-2.8474e-08	-2.8504e-08	-2.8443e-08	-2.8219e-08	-2.7899e-08	-2.7657e-08	-2.7546e-08	-2.749e-08	-2.7389e-08	-2.718e-08	-2.6987e-08	-2.6995e-08	-2.7129e-08	-2.7177e-08	-2.7167e-08	-2.7336e-08	-2.7682e-08	-2.8006e-08	-2.8138e-08	-2.8014e-08	-2.7648e-08	-2.7199e-08	-2.6956e-08	-2.6945e-08	-2.6944e-08	-2.6839e-08	-2.6719e-08	-2.6699e-08	-2.6789e-08	-2.7011e-08	-2.7372e-08	-2.774e-08	-2.7935e-08	-2.7881e-08	-2.7636e-08	-2.7372e-08	-2.727e-08	-2.7426e-08	-2.7873e-08	-2.8521e-08	-2.9274e-08	-3.0143e-08	-3.1011e-08
-2.5171e-08	-2.6354e-08	-2.7383e-08	-2.83e-08	-2.8913e-08	-2.8839e-08	-2.7987e-08	-2.6578e-08	-2.4994e-08	-2.3609e-08	-2.2646e-08	-2.2161e-08	-2.1998e-08	-2.1895e-08	-2.1702e-08	-2.1438e-08	-2.1192e-08	-2.0939e-08	-2.0692e-08	-2.0541e-08	-2.0446e-08	-2.0412e-08	-2.0565e-08	-2.093e-08	-2.1468e-08	-2.2254e-08	-2.3207e-08	-2.4086e-08	-2.4702e-08	-2.498e-08	-2.4932e-08	-2.4599e-08	-2.3968e-08	-2.3047e-08	-2.1852e-08	-2.0303e-08	-1.8316e-08	-1.5986e-08	-1.3492e-08	-1.1111e-08	-9.0579e-09	-7.3718e-09	-5.9155e-09	-4.4481e-09	-2.7966e-09	-9.1036e-10	1.2039e-09	3.5384e-09	5.9596e-09	8.3717e-09	1.0832e-08	1.3392e-08	1.6087e-08	1.8936e-08	2.1935e-08	2.4979e-08	2.7972e-08	3.0885e-08	3.3667e-08	3.6363e-08	3.9105e-08	4.1814e-08	4.4102e-08	4.5707e-08	4.665e-08	4.6983e-08	4.67e-08	4.5804e-08	4.4322e-08	4.2342e-08	3.9981e-08	3.727e-08	3.4269e-08	3.1052e-08	2.7611e-08	2.3929e-08	2.0046e-08	1.6055e-08	1.208e-08	8.1626e-09	4.2357e-09	2.2358e-10	-3.8341e-09	-7.7951e-09	-1.1521e-08	-1.4972e-08	-1.813e-08	-2.0901e-08	-2.3214e-08	-2.5034e-08	-2.6329e-08	-2.7116e-08	-2.7545e-08	-2.7808e-08	-2.7984e-08	-2.8126e-08	-2.8316e-08	-2.8563e-08	-2.8705e-08	-2.8679e-08	-2.8718e-08	-2.9018e-08	-2.9442e-08	-2.9706e-08	-2.9732e-08	-2.9581e-08	-2.925e-08	-2.882e-08	-2.8508e-08	-2.8468e-08	-2.8633e-08	-2.8865e-08	-2.9049e-08	-2.9146e-08	-2.9163e-08	-2.9089e-08	-2.8989e-08	-2.8946e-08	-2.8922e-08	-2.893e-08	-2.9113e-08	-2.9419e-08	-2.9544e-08	-2.9349e-08	-2.9032e-08	-2.8832e-08	-2.8835e-08	-2.898e-08	-2.9144e-08	-2.9223e-08	-2.9266e-08	-2.9344e-08	-2.9317e-08	-2.9133e-08	-2.8983e-08	-2.8983e-08	-2.9058e-08	-2.9146e-08	-2.9201e-08	-2.912e-08	-2.8851e-08	-2.8499e-08	-2.8249e-08	-2.8142e-08	-2.8093e-08	-2.8011e-08	-2.7835e-08	-2.7662e-08	-2.7662e-08	-2.7783e-08	-2.7829e-08	-2.782e-08	-2.7979e-08	-2.8322e-08	-2.866e-08	-2.8813e-08	-2.8687e-08	-2.8287e-08	-2.7787e-08	-2.7502e-08	-2.7469e-08	-2.7458e-08	-2.7357e-08	-2.7257e-08	-2.7252e-08	-2.7335e-08	-2.754e-08	-2.7901e-08	-2.8272e-08	-2.8442e-08	-2.8338e-08	-2.8043e-08	-2.774e-08	-2.7594e-08	-2.7693e-08	-2.8097e-08	-2.8753e-08	-2.9556e-08	-3.0494e-08	-3.1442e-08
-2.4298e-08	-2.5454e-08	-2.6486e-08	-2.7418e-08	-2.8064e-08	-2.8053e-08	-2.7279e-08	-2.5957e-08	-2.4456e-08	-2.3131e-08	-2.22e-08	-2.1733e-08	-2.16e-08	-2.1537e-08	-2.1371e-08	-2.1111e-08	-2.085e-08	-2.0584e-08	-2.0331e-08	-2.0176e-08	-2.008e-08	-2.0052e-08	-2.0237e-08	-2.0663e-08	-2.1283e-08	-2.2162e-08	-2.3216e-08	-2.4195e-08	-2.4892e-08	-2.5216e-08	-2.5174e-08	-2.4819e-08	-2.4147e-08	-2.318e-08	-2.1952e-08	-2.0395e-08	-1.8426e-08	-1.613e-08	-1.3674e-08	-1.1315e-08	-9.2925e-09	-7.6911e-09	-6.3835e-09	-5.0891e-09	-3.5914e-09	-1.8225e-09	2.0957e-10	2.4881e-09	4.8698e-09	7.2377e-09	9.6457e-09	1.2145e-08	1.4777e-08	1.7606e-08	2.0644e-08	2.3743e-08	2.6753e-08	2.9636e-08	3.2377e-08	3.5042e-08	3.7775e-08	4.0499e-08	4.2818e-08	4.4452e-08	4.5423e-08	4.5804e-08	4.5598e-08	4.4795e-08	4.3408e-08	4.1512e-08	3.9226e-08	3.6582e-08	3.3632e-08	3.0458e-08	2.7055e-08	2.3398e-08	1.9533e-08	1.5559e-08	1.1592e-08	7.6775e-09	3.7617e-09	-2.2299e-10	-4.2502e-09	-8.2057e-09	-1.1974e-08	-1.5525e-08	-1.8837e-08	-2.1772e-08	-2.4186e-08	-2.6023e-08	-2.7286e-08	-2.8032e-08	-2.8426e-08	-2.8667e-08	-2.8835e-08	-2.8968e-08	-2.9143e-08	-2.9378e-08	-2.9525e-08	-2.9498e-08	-2.9503e-08	-2.9754e-08	-3.0161e-08	-3.045e-08	-3.0512e-08	-3.0373e-08	-3.0026e-08	-2.9571e-08	-2.9254e-08	-2.9237e-08	-2.9437e-08	-2.967e-08	-2.9802e-08	-2.9818e-08	-2.9768e-08	-2.9652e-08	-2.9507e-08	-2.942e-08	-2.9382e-08	-2.9405e-08	-2.9614e-08	-2.9948e-08	-3.0092e-08	-2.9899e-08	-2.9576e-08	-2.9377e-08	-2.9389e-08	-2.9539e-08	-2.9687e-08	-2.9725e-08	-2.9713e-08	-2.9765e-08	-2.9766e-08	-2.9627e-08	-2.9491e-08	-2.9481e-08	-2.9561e-08	-2.9682e-08	-2.9763e-08	-2.967e-08	-2.9362e-08	-2.8982e-08	-2.8729e-08	-2.863e-08	-2.859e-08	-2.8526e-08	-2.8379e-08	-2.8227e-08	-2.8226e-08	-2.8339e-08	-2.8385e-08	-2.8373e-08	-2.8516e-08	-2.8848e-08	-2.919e-08	-2.9355e-08	-2.9224e-08	-2.8792e-08	-2.8247e-08	-2.7922e-08	-2.7869e-08	-2.785e-08	-2.7751e-08	-2.7666e-08	-2.7675e-08	-2.7752e-08	-2.7934e-08	-2.8284e-08	-2.8654e-08	-2.8802e-08	-2.8652e-08	-2.8309e-08	-2.7968e-08	-2.7779e-08	-2.7817e-08	-2.8169e-08	-2.8821e-08	-2.966e-08	-3.065e-08	-3.1659e-08
-2.3438e-08	-2.456e-08	-2.5587e-08	-2.6524e-08	-2.7199e-08	-2.7249e-08	-2.6558e-08	-2.5328e-08	-2.3917e-08	-2.2662e-08	-2.177e-08	-2.1326e-08	-2.1224e-08	-2.1203e-08	-2.1067e-08	-2.0813e-08	-2.0539e-08	-2.0261e-08	-2.0003e-08	-1.9843e-08	-1.9746e-08	-1.9723e-08	-1.9936e-08	-2.0417e-08	-2.1114e-08	-2.208e-08	-2.323e-08	-2.4306e-08	-2.5088e-08	-2.5462e-08	-2.5433e-08	-2.5062e-08	-2.4354e-08	-2.3343e-08	-2.2082e-08	-2.0511e-08	-1.8554e-08	-1.6286e-08	-1.3864e-08	-1.1524e-08	-9.5231e-09	-7.9901e-09	-6.8128e-09	-5.677e-09	-4.3227e-09	-2.6626e-09	-7.045e-10	1.5257e-09	3.8758e-09	6.2073e-09	8.57e-09	1.1015e-08	1.3587e-08	1.6391e-08	1.9462e-08	2.2618e-08	2.5648e-08	2.8508e-08	3.121e-08	3.3845e-08	3.6565e-08	3.9299e-08	4.1645e-08	4.33e-08	4.4289e-08	4.4705e-08	4.456e-08	4.3838e-08	4.2538e-08	4.0722e-08	3.8506e-08	3.5927e-08	3.3027e-08	2.9893e-08	2.6526e-08	2.2896e-08	1.9051e-08	1.5097e-08	1.114e-08	7.2279e-09	3.32e-09	-6.4128e-10	-4.6398e-09	-8.5864e-09	-1.2388e-08	-1.6022e-08	-1.9465e-08	-2.2544e-08	-2.5048e-08	-2.6899e-08	-2.813e-08	-2.8834e-08	-2.9192e-08	-2.9411e-08	-2.957e-08	-2.9693e-08	-2.9851e-08	-3.0074e-08	-3.0224e-08	-3.0198e-08	-3.0172e-08	-3.0375e-08	-3.076e-08	-3.107e-08	-3.1168e-08	-3.1047e-08	-3.0692e-08	-3.0219e-08	-2.9899e-08	-2.9906e-08	-3.0141e-08	-3.0381e-08	-3.0467e-08	-3.0407e-08	-3.0294e-08	-3.0138e-08	-2.9952e-08	-2.9818e-08	-2.9756e-08	-2.978e-08	-3e-08	-3.0353e-08	-3.0513e-08	-3.0322e-08	-2.9992e-08	-2.9792e-08	-2.9808e-08	-2.9961e-08	-3.0097e-08	-3.0097e-08	-3.003e-08	-3.0047e-08	-3.0066e-08	-2.9969e-08	-2.985e-08	-2.983e-08	-2.9911e-08	-3.0058e-08	-3.0167e-08	-3.0069e-08	-2.9728e-08	-2.9325e-08	-2.9075e-08	-2.8992e-08	-2.8963e-08	-2.8913e-08	-2.8793e-08	-2.8663e-08	-2.8666e-08	-2.8776e-08	-2.8824e-08	-2.8807e-08	-2.8929e-08	-2.924e-08	-2.9573e-08	-2.974e-08	-2.9601e-08	-2.9139e-08	-2.8555e-08	-2.8196e-08	-2.8127e-08	-2.8101e-08	-2.8e-08	-2.7926e-08	-2.7948e-08	-2.8017e-08	-2.8172e-08	-2.8501e-08	-2.8864e-08	-2.8993e-08	-2.8802e-08	-2.8416e-08	-2.8037e-08	-2.7804e-08	-2.7781e-08	-2.8073e-08	-2.8706e-08	-2.9568e-08	-3.0589e-08	-3.1636e-08
-2.2612e-08	-2.3693e-08	-2.4705e-08	-2.5642e-08	-2.6338e-08	-2.6447e-08	-2.584e-08	-2.4708e-08	-2.3394e-08	-2.2215e-08	-2.1369e-08	-2.095e-08	-2.088e-08	-2.09e-08	-2.0796e-08	-2.055e-08	-2.0266e-08	-1.9978e-08	-1.9716e-08	-1.9552e-08	-1.9453e-08	-1.9434e-08	-1.9669e-08	-2.0201e-08	-2.0965e-08	-2.2011e-08	-2.325e-08	-2.4418e-08	-2.5284e-08	-2.5711e-08	-2.57e-08	-2.532e-08	-2.4583e-08	-2.3531e-08	-2.2236e-08	-2.0651e-08	-1.8701e-08	-1.6455e-08	-1.4062e-08	-1.1738e-08	-9.7487e-09	-8.266e-09	-7.1972e-09	-6.2009e-09	-4.9758e-09	-3.4134e-09	-1.519e-09	6.7198e-10	2.9994e-09	5.3039e-09	7.63e-09	1.0029e-08	1.2546e-08	1.532e-08	1.8418e-08	2.1628e-08	2.4684e-08	2.7527e-08	3.0195e-08	3.28e-08	3.5504e-08	3.8242e-08	4.0609e-08	4.2281e-08	4.3279e-08	4.3716e-08	4.3617e-08	4.2963e-08	4.1739e-08	3.9995e-08	3.7844e-08	3.5327e-08	3.2474e-08	2.9379e-08	2.6047e-08	2.2444e-08	1.8621e-08	1.4688e-08	1.0744e-08	6.8345e-09	2.9317e-09	-1.0104e-09	-4.9826e-09	-8.9173e-09	-1.2743e-08	-1.6443e-08	-1.9991e-08	-2.3189e-08	-2.577e-08	-2.7631e-08	-2.8829e-08	-2.9492e-08	-2.9813e-08	-3.0012e-08	-3.0163e-08	-3.0275e-08	-3.0415e-08	-3.0623e-08	-3.0776e-08	-3.0752e-08	-3.0699e-08	-3.0856e-08	-3.1216e-08	-3.1541e-08	-3.1673e-08	-3.1576e-08	-3.1224e-08	-3.0739e-08	-3.0418e-08	-3.0448e-08	-3.0718e-08	-3.0967e-08	-3.1016e-08	-3.0889e-08	-3.0718e-08	-3.0527e-08	-3.0304e-08	-3.0122e-08	-3.0026e-08	-3.0037e-08	-3.0252e-08	-3.0612e-08	-3.0783e-08	-3.0595e-08	-3.0258e-08	-3.0053e-08	-3.007e-08	-3.0225e-08	-3.035e-08	-3.0317e-08	-3.0195e-08	-3.017e-08	-3.0197e-08	-3.0138e-08	-3.0039e-08	-3.001e-08	-3.0087e-08	-3.0252e-08	-3.0388e-08	-3.0291e-08	-2.9926e-08	-2.9507e-08	-2.9266e-08	-2.9206e-08	-2.9194e-08	-2.9156e-08	-2.9057e-08	-2.8948e-08	-2.8962e-08	-2.9077e-08	-2.913e-08	-2.9107e-08	-2.9201e-08	-2.948e-08	-2.9792e-08	-2.9949e-08	-2.9795e-08	-2.9307e-08	-2.8689e-08	-2.8303e-08	-2.8223e-08	-2.8191e-08	-2.8088e-08	-2.802e-08	-2.8052e-08	-2.8113e-08	-2.8237e-08	-2.8533e-08	-2.8884e-08	-2.8996e-08	-2.8773e-08	-2.835e-08	-2.7934e-08	-2.7661e-08	-2.7576e-08	-2.78e-08	-2.8401e-08	-2.927e-08	-3.0304e-08	-3.1364e-08
-2.1839e-08	-2.2874e-08	-2.3863e-08	-2.4791e-08	-2.5504e-08	-2.5667e-08	-2.5145e-08	-2.4113e-08	-2.29e-08	-2.1805e-08	-2.101e-08	-2.0619e-08	-2.0579e-08	-2.0639e-08	-2.0567e-08	-2.0332e-08	-2.004e-08	-1.9744e-08	-1.9478e-08	-1.9311e-08	-1.921e-08	-1.9192e-08	-1.9446e-08	-2.002e-08	-2.0843e-08	-2.1956e-08	-2.3276e-08	-2.4529e-08	-2.5475e-08	-2.5957e-08	-2.5969e-08	-2.5584e-08	-2.4826e-08	-2.374e-08	-2.2414e-08	-2.0813e-08	-1.8867e-08	-1.6638e-08	-1.427e-08	-1.1955e-08	-9.9685e-09	-8.5166e-09	-7.5309e-09	-6.6508e-09	-5.5363e-09	-4.0577e-09	-2.2149e-09	-5.2477e-11	2.2624e-09	4.5506e-09	6.8505e-09	9.214e-09	1.1681e-08	1.4423e-08	1.754e-08	2.0801e-08	2.3884e-08	2.6716e-08	2.9356e-08	3.1933e-08	3.4618e-08	3.7355e-08	3.9739e-08	4.1423e-08	4.2423e-08	4.2867e-08	4.2797e-08	4.2196e-08	4.1038e-08	3.9359e-08	3.7266e-08	3.4806e-08	3.1997e-08	2.8936e-08	2.5638e-08	2.2063e-08	1.8262e-08	1.4352e-08	1.0425e-08	6.5179e-09	2.6179e-09	-1.3094e-09	-5.2582e-09	-9.1785e-09	-1.3019e-08	-1.6766e-08	-2.0392e-08	-2.3681e-08	-2.6321e-08	-2.8186e-08	-2.9351e-08	-2.9973e-08	-3.0261e-08	-3.044e-08	-3.0583e-08	-3.0684e-08	-3.0805e-08	-3.0997e-08	-3.1152e-08	-3.1132e-08	-3.1057e-08	-3.1171e-08	-3.1504e-08	-3.1839e-08	-3.2002e-08	-3.1936e-08	-3.1596e-08	-3.1106e-08	-3.0784e-08	-3.0836e-08	-3.1138e-08	-3.1399e-08	-3.1419e-08	-3.1237e-08	-3.1019e-08	-3.08e-08	-3.0545e-08	-3.0313e-08	-3.0173e-08	-3.0155e-08	-3.0348e-08	-3.07e-08	-3.0878e-08	-3.0693e-08	-3.0351e-08	-3.0139e-08	-3.0151e-08	-3.0305e-08	-3.0423e-08	-3.0364e-08	-3.0189e-08	-3.0115e-08	-3.0138e-08	-3.0111e-08	-3.0035e-08	-3e-08	-3.0067e-08	-3.0243e-08	-3.0404e-08	-3.0315e-08	-2.9936e-08	-2.9508e-08	-2.9286e-08	-2.9259e-08	-2.9269e-08	-2.9241e-08	-2.9159e-08	-2.907e-08	-2.9101e-08	-2.9229e-08	-2.9292e-08	-2.9261e-08	-2.9322e-08	-2.956e-08	-2.9837e-08	-2.9972e-08	-2.9799e-08	-2.9285e-08	-2.8642e-08	-2.8237e-08	-2.8151e-08	-2.8117e-08	-2.801e-08	-2.7944e-08	-2.7985e-08	-2.8038e-08	-2.8127e-08	-2.8383e-08	-2.8714e-08	-2.8814e-08	-2.8567e-08	-2.8114e-08	-2.7666e-08	-2.7355e-08	-2.721e-08	-2.7361e-08	-2.7919e-08	-2.8781e-08	-2.9812e-08	-3.0865e-08
-2.1139e-08	-2.2123e-08	-2.3081e-08	-2.3994e-08	-2.4715e-08	-2.4928e-08	-2.4489e-08	-2.3559e-08	-2.2451e-08	-2.1444e-08	-2.0705e-08	-2.0343e-08	-2.033e-08	-2.0427e-08	-2.0387e-08	-2.0164e-08	-1.9868e-08	-1.9566e-08	-1.93e-08	-1.9131e-08	-1.9027e-08	-1.9009e-08	-1.9275e-08	-1.9883e-08	-2.0752e-08	-2.1921e-08	-2.3311e-08	-2.464e-08	-2.5658e-08	-2.6194e-08	-2.6229e-08	-2.5846e-08	-2.5076e-08	-2.3963e-08	-2.261e-08	-2.0996e-08	-1.9052e-08	-1.6836e-08	-1.4486e-08	-1.2177e-08	-1.0182e-08	-8.74e-09	-7.8091e-09	-7.0171e-09	-5.9907e-09	-4.5787e-09	-2.7733e-09	-6.2726e-10	1.6864e-09	3.9702e-09	6.2564e-09	8.5965e-09	1.1021e-08	1.3729e-08	1.6855e-08	2.0161e-08	2.3275e-08	2.6102e-08	2.872e-08	3.127e-08	3.3934e-08	3.6665e-08	3.9063e-08	4.0757e-08	4.1752e-08	4.219e-08	4.2133e-08	4.1569e-08	4.0463e-08	3.8838e-08	3.6795e-08	3.4386e-08	3.1617e-08	2.8587e-08	2.532e-08	2.1773e-08	1.7995e-08	1.4111e-08	1.0201e-08	6.2989e-09	2.3994e-09	-1.5174e-09	-5.446e-09	-9.3502e-09	-1.3196e-08	-1.6971e-08	-2.0644e-08	-2.3992e-08	-2.667e-08	-2.853e-08	-2.9662e-08	-3.0248e-08	-3.0506e-08	-3.0668e-08	-3.0805e-08	-3.0894e-08	-3.0995e-08	-3.1169e-08	-3.1326e-08	-3.1312e-08	-3.122e-08	-3.1293e-08	-3.16e-08	-3.194e-08	-3.2132e-08	-3.21e-08	-3.1784e-08	-3.1297e-08	-3.0974e-08	-3.1044e-08	-3.1376e-08	-3.1651e-08	-3.1651e-08	-3.1429e-08	-3.1176e-08	-3.0939e-08	-3.0659e-08	-3.0378e-08	-3.0185e-08	-3.0123e-08	-3.0276e-08	-3.0605e-08	-3.0782e-08	-3.0603e-08	-3.0258e-08	-3.0037e-08	-3.0041e-08	-3.0193e-08	-3.0307e-08	-3.0227e-08	-3.0005e-08	-2.9878e-08	-2.9885e-08	-2.9884e-08	-2.9835e-08	-2.9796e-08	-2.9851e-08	-3.003e-08	-3.0213e-08	-3.0139e-08	-2.9756e-08	-2.9329e-08	-2.9135e-08	-2.9151e-08	-2.9189e-08	-2.9173e-08	-2.9102e-08	-2.9032e-08	-2.9084e-08	-2.9235e-08	-2.9313e-08	-2.9276e-08	-2.9301e-08	-2.9491e-08	-2.9722e-08	-2.9825e-08	-2.9628e-08	-2.9092e-08	-2.8429e-08	-2.8015e-08	-2.7928e-08	-2.7894e-08	-2.7785e-08	-2.7718e-08	-2.7764e-08	-2.7811e-08	-2.7863e-08	-2.8072e-08	-2.8377e-08	-2.8466e-08	-2.8204e-08	-2.7728e-08	-2.7252e-08	-2.6907e-08	-2.6705e-08	-2.678e-08	-2.7284e-08	-2.8128e-08	-2.9142e-08	-3.017e-08
-2.0531e-08	-2.146e-08	-2.2382e-08	-2.3272e-08	-2.3994e-08	-2.425e-08	-2.3892e-08	-2.3063e-08	-2.2062e-08	-2.1146e-08	-2.0468e-08	-2.0135e-08	-2.0145e-08	-2.0274e-08	-2.0264e-08	-2.0055e-08	-1.9757e-08	-1.9455e-08	-1.9189e-08	-1.9019e-08	-1.8913e-08	-1.8892e-08	-1.9165e-08	-1.9797e-08	-2.0699e-08	-2.1909e-08	-2.3356e-08	-2.4748e-08	-2.583e-08	-2.6414e-08	-2.6475e-08	-2.6099e-08	-2.5326e-08	-2.4195e-08	-2.2823e-08	-2.12e-08	-1.9256e-08	-1.705e-08	-1.4712e-08	-1.2403e-08	-1.0389e-08	-8.935e-09	-8.0274e-09	-7.2909e-09	-6.3256e-09	-4.9599e-09	-3.1758e-09	-1.0321e-09	1.2926e-09	3.5853e-09	5.872e-09	8.2029e-09	1.0595e-08	1.3267e-08	1.6393e-08	1.9737e-08	2.288e-08	2.5708e-08	2.8312e-08	3.084e-08	3.348e-08	3.6199e-08	3.8607e-08	4.031e-08	4.1295e-08	4.1716e-08	4.1654e-08	4.1109e-08	4.004e-08	3.8458e-08	3.6457e-08	3.409e-08	3.1357e-08	2.8354e-08	2.5115e-08	2.1594e-08	1.784e-08	1.3983e-08	1.0094e-08	6.1979e-09	2.2971e-09	-1.6134e-09	-5.5258e-09	-9.4129e-09	-1.3255e-08	-1.704e-08	-2.0728e-08	-2.4099e-08	-2.6789e-08	-2.8636e-08	-2.9739e-08	-3.0293e-08	-3.0526e-08	-3.0677e-08	-3.081e-08	-3.0888e-08	-3.0968e-08	-3.1124e-08	-3.1282e-08	-3.1277e-08	-3.1173e-08	-3.1212e-08	-3.1492e-08	-3.1835e-08	-3.2051e-08	-3.206e-08	-3.1779e-08	-3.1303e-08	-3.0979e-08	-3.1064e-08	-3.1424e-08	-3.1714e-08	-3.1704e-08	-3.1458e-08	-3.1186e-08	-3.0943e-08	-3.0646e-08	-3.0319e-08	-3.0064e-08	-2.9946e-08	-3.0043e-08	-3.0335e-08	-3.0505e-08	-3.0334e-08	-2.999e-08	-2.9761e-08	-2.9752e-08	-2.99e-08	-3.0015e-08	-2.9923e-08	-2.9659e-08	-2.9478e-08	-2.946e-08	-2.9481e-08	-2.9461e-08	-2.9423e-08	-2.9462e-08	-2.9637e-08	-2.9839e-08	-2.9786e-08	-2.9407e-08	-2.8989e-08	-2.8831e-08	-2.8899e-08	-2.8972e-08	-2.8967e-08	-2.8903e-08	-2.885e-08	-2.8928e-08	-2.9107e-08	-2.9207e-08	-2.9165e-08	-2.9153e-08	-2.9289e-08	-2.9466e-08	-2.953e-08	-2.9305e-08	-2.8748e-08	-2.8073e-08	-2.7657e-08	-2.7575e-08	-2.7544e-08	-2.7433e-08	-2.7361e-08	-2.7411e-08	-2.7452e-08	-2.7466e-08	-2.7621e-08	-2.7895e-08	-2.7975e-08	-2.7706e-08	-2.7215e-08	-2.6715e-08	-2.6341e-08	-2.6085e-08	-2.6081e-08	-2.6523e-08	-2.734e-08	-2.8324e-08	-2.9312e-08
-2.0035e-08	-2.0906e-08	-2.1785e-08	-2.2646e-08	-2.3361e-08	-2.3652e-08	-2.337e-08	-2.2641e-08	-2.1747e-08	-2.0927e-08	-2.0312e-08	-2.0007e-08	-2.0035e-08	-2.0189e-08	-2.0206e-08	-2.0011e-08	-1.9717e-08	-1.9417e-08	-1.9155e-08	-1.8986e-08	-1.8876e-08	-1.8852e-08	-1.9125e-08	-1.9771e-08	-2.069e-08	-2.1925e-08	-2.3413e-08	-2.4853e-08	-2.5987e-08	-2.6613e-08	-2.6697e-08	-2.6333e-08	-2.5567e-08	-2.443e-08	-2.3049e-08	-2.1421e-08	-1.9479e-08	-1.728e-08	-1.4948e-08	-1.2633e-08	-1.0589e-08	-9.1006e-09	-8.1823e-09	-7.464e-09	-6.5283e-09	-5.1854e-09	-3.4041e-09	-1.247e-09	1.1021e-09	3.4179e-09	5.721e-09	8.0588e-09	1.043e-08	1.3067e-08	1.6182e-08	1.9553e-08	2.2725e-08	2.5559e-08	2.8156e-08	3.0667e-08	3.328e-08	3.5981e-08	3.8395e-08	4.0105e-08	4.1077e-08	4.1468e-08	4.1384e-08	4.0838e-08	3.9791e-08	3.8239e-08	3.6267e-08	3.3935e-08	3.1231e-08	2.8248e-08	2.5033e-08	2.1537e-08	1.7807e-08	1.3978e-08	1.0113e-08	6.2234e-09	2.3194e-09	-1.5895e-09	-5.4904e-09	-9.3608e-09	-1.3193e-08	-1.6971e-08	-2.0644e-08	-2.4003e-08	-2.6681e-08	-2.8505e-08	-2.958e-08	-3.011e-08	-3.0325e-08	-3.047e-08	-3.0604e-08	-3.0672e-08	-3.0732e-08	-3.0872e-08	-3.1031e-08	-3.1038e-08	-3.0929e-08	-3.0939e-08	-3.1196e-08	-3.1539e-08	-3.1777e-08	-3.1829e-08	-3.1594e-08	-3.1138e-08	-3.0817e-08	-3.0915e-08	-3.13e-08	-3.1606e-08	-3.1594e-08	-3.1338e-08	-3.1063e-08	-3.0824e-08	-3.052e-08	-3.0149e-08	-2.9829e-08	-2.9644e-08	-2.9671e-08	-2.9914e-08	-3.0071e-08	-2.9907e-08	-2.9569e-08	-2.9332e-08	-2.9309e-08	-2.9452e-08	-2.957e-08	-2.9474e-08	-2.9176e-08	-2.8941e-08	-2.889e-08	-2.8926e-08	-2.8939e-08	-2.8906e-08	-2.8927e-08	-2.9092e-08	-2.9309e-08	-2.928e-08	-2.8913e-08	-2.851e-08	-2.8394e-08	-2.852e-08	-2.8634e-08	-2.8641e-08	-2.858e-08	-2.8542e-08	-2.8647e-08	-2.8861e-08	-2.8987e-08	-2.8944e-08	-2.8893e-08	-2.8972e-08	-2.9091e-08	-2.9108e-08	-2.8853e-08	-2.8278e-08	-2.7596e-08	-2.7185e-08	-2.7112e-08	-2.7085e-08	-2.6972e-08	-2.6894e-08	-2.6946e-08	-2.698e-08	-2.6958e-08	-2.7053e-08	-2.7289e-08	-2.7361e-08	-2.7092e-08	-2.6593e-08	-2.6076e-08	-2.5676e-08	-2.5371e-08	-2.5289e-08	-2.5662e-08	-2.6443e-08	-2.7388e-08	-2.8323e-08
-1.9669e-08	-2.0482e-08	-2.1313e-08	-2.2138e-08	-2.2838e-08	-2.3156e-08	-2.2944e-08	-2.2311e-08	-2.1523e-08	-2.0799e-08	-2.0251e-08	-1.9973e-08	-2.001e-08	-2.0182e-08	-2.0221e-08	-2.004e-08	-1.9753e-08	-1.946e-08	-1.9207e-08	-1.904e-08	-1.8927e-08	-1.8896e-08	-1.9165e-08	-1.9811e-08	-2.0731e-08	-2.1972e-08	-2.3484e-08	-2.4956e-08	-2.6127e-08	-2.6783e-08	-2.6889e-08	-2.6541e-08	-2.5791e-08	-2.4662e-08	-2.3282e-08	-2.1659e-08	-1.9722e-08	-1.7526e-08	-1.5195e-08	-1.2867e-08	-1.0782e-08	-9.2376e-09	-8.2733e-09	-7.5331e-09	-6.5927e-09	-5.2473e-09	-3.4497e-09	-1.2632e-09	1.1232e-09	3.476e-09	5.8116e-09	8.1724e-09	1.0534e-08	1.3137e-08	1.6232e-08	1.9617e-08	2.2813e-08	2.5658e-08	2.8254e-08	3.0752e-08	3.3336e-08	3.6013e-08	3.8426e-08	4.0142e-08	4.1097e-08	4.1448e-08	4.1323e-08	4.0757e-08	3.9713e-08	3.8178e-08	3.6224e-08	3.3917e-08	3.1235e-08	2.8267e-08	2.5069e-08	2.1596e-08	1.7888e-08	1.4088e-08	1.0247e-08	6.3646e-09	2.4552e-09	-1.4569e-09	-5.3516e-09	-9.2072e-09	-1.3025e-08	-1.6783e-08	-2.0415e-08	-2.3729e-08	-2.6371e-08	-2.8163e-08	-2.9213e-08	-2.9725e-08	-2.9928e-08	-3.0073e-08	-3.0213e-08	-3.0273e-08	-3.0314e-08	-3.0439e-08	-3.06e-08	-3.062e-08	-3.0511e-08	-3.0498e-08	-3.0736e-08	-3.1076e-08	-3.1332e-08	-3.143e-08	-3.125e-08	-3.0824e-08	-3.0507e-08	-3.0617e-08	-3.1025e-08	-3.1348e-08	-3.1339e-08	-3.1086e-08	-3.0821e-08	-3.0597e-08	-3.0295e-08	-2.9886e-08	-2.9498e-08	-2.9238e-08	-2.9185e-08	-2.9366e-08	-2.9502e-08	-2.9347e-08	-2.9018e-08	-2.8775e-08	-2.8735e-08	-2.8871e-08	-2.8997e-08	-2.8902e-08	-2.8579e-08	-2.8292e-08	-2.8203e-08	-2.8248e-08	-2.8294e-08	-2.8269e-08	-2.8271e-08	-2.8419e-08	-2.8648e-08	-2.8646e-08	-2.8296e-08	-2.7914e-08	-2.7844e-08	-2.8034e-08	-2.8192e-08	-2.8212e-08	-2.8151e-08	-2.8123e-08	-2.8257e-08	-2.8511e-08	-2.8668e-08	-2.8624e-08	-2.8537e-08	-2.8559e-08	-2.8615e-08	-2.8582e-08	-2.8296e-08	-2.7703e-08	-2.7018e-08	-2.6619e-08	-2.6558e-08	-2.6537e-08	-2.6422e-08	-2.6336e-08	-2.6388e-08	-2.6417e-08	-2.6358e-08	-2.639e-08	-2.6584e-08	-2.6647e-08	-2.6384e-08	-2.5886e-08	-2.5355e-08	-2.4935e-08	-2.4586e-08	-2.4428e-08	-2.4725e-08	-2.5464e-08	-2.6364e-08	-2.7235e-08
-1.9453e-08	-2.0206e-08	-2.0986e-08	-2.1768e-08	-2.2445e-08	-2.278e-08	-2.2631e-08	-2.2089e-08	-2.1403e-08	-2.0776e-08	-2.0295e-08	-2.0042e-08	-2.0081e-08	-2.0258e-08	-2.0313e-08	-2.0147e-08	-1.987e-08	-1.959e-08	-1.9349e-08	-1.9186e-08	-1.9069e-08	-1.9031e-08	-1.9288e-08	-1.9923e-08	-2.0826e-08	-2.2054e-08	-2.357e-08	-2.5057e-08	-2.6248e-08	-2.6924e-08	-2.7046e-08	-2.6717e-08	-2.5994e-08	-2.4886e-08	-2.352e-08	-2.191e-08	-1.9982e-08	-1.7787e-08	-1.5451e-08	-1.3104e-08	-1.097e-08	-9.3492e-09	-8.3061e-09	-7.5058e-09	-6.5274e-09	-5.1556e-09	-3.3242e-09	-1.0938e-09	1.3409e-09	3.7419e-09	6.1238e-09	8.5219e-09	1.0885e-08	1.3456e-08	1.652e-08	1.9907e-08	2.3122e-08	2.598e-08	2.8581e-08	3.107e-08	3.3623e-08	3.6268e-08	3.8675e-08	4.0396e-08	4.1332e-08	4.1634e-08	4.1453e-08	4.0849e-08	3.9792e-08	3.8261e-08	3.6314e-08	3.4023e-08	3.1355e-08	2.8395e-08	2.5211e-08	2.1756e-08	1.807e-08	1.4298e-08	1.0482e-08	6.6064e-09	2.6898e-09	-1.2298e-09	-5.1236e-09	-8.9671e-09	-1.2767e-08	-1.6495e-08	-2.0067e-08	-2.3307e-08	-2.589e-08	-2.764e-08	-2.8667e-08	-2.9166e-08	-2.9363e-08	-2.9513e-08	-2.9662e-08	-2.9717e-08	-2.974e-08	-2.985e-08	-3.0014e-08	-3.005e-08	-2.9944e-08	-2.9914e-08	-3.0134e-08	-3.0471e-08	-3.0742e-08	-3.0885e-08	-3.0767e-08	-3.038e-08	-3.007e-08	-3.0191e-08	-3.062e-08	-3.0959e-08	-3.0958e-08	-3.0719e-08	-3.0477e-08	-3.0278e-08	-2.9985e-08	-2.9545e-08	-2.9089e-08	-2.8748e-08	-2.8607e-08	-2.8716e-08	-2.8825e-08	-2.8677e-08	-2.836e-08	-2.8112e-08	-2.8055e-08	-2.8182e-08	-2.8317e-08	-2.8231e-08	-2.7891e-08	-2.7557e-08	-2.7423e-08	-2.7473e-08	-2.7553e-08	-2.7538e-08	-2.752e-08	-2.7647e-08	-2.7883e-08	-2.7908e-08	-2.7581e-08	-2.7223e-08	-2.7201e-08	-2.7457e-08	-2.7664e-08	-2.7697e-08	-2.7632e-08	-2.7612e-08	-2.7774e-08	-2.8071e-08	-2.8262e-08	-2.8222e-08	-2.8099e-08	-2.8065e-08	-2.8058e-08	-2.7973e-08	-2.7655e-08	-2.7048e-08	-2.6363e-08	-2.5981e-08	-2.5935e-08	-2.592e-08	-2.5804e-08	-2.5709e-08	-2.5758e-08	-2.5781e-08	-2.5687e-08	-2.5654e-08	-2.58e-08	-2.5855e-08	-2.5603e-08	-2.5112e-08	-2.4575e-08	-2.4139e-08	-2.3752e-08	-2.352e-08	-2.3738e-08	-2.443e-08	-2.528e-08	-2.6081e-08
-1.9395e-08	-2.0087e-08	-2.0813e-08	-2.1546e-08	-2.219e-08	-2.2533e-08	-2.2437e-08	-2.1979e-08	-2.139e-08	-2.0858e-08	-2.0445e-08	-2.0214e-08	-2.0246e-08	-2.0418e-08	-2.0482e-08	-2.0328e-08	-2.0064e-08	-1.9802e-08	-1.9577e-08	-1.9419e-08	-1.9298e-08	-1.925e-08	-1.9491e-08	-2.0102e-08	-2.0972e-08	-2.2168e-08	-2.3671e-08	-2.5156e-08	-2.6352e-08	-2.7036e-08	-2.717e-08	-2.6861e-08	-2.6175e-08	-2.5099e-08	-2.3759e-08	-2.2171e-08	-2.0254e-08	-1.806e-08	-1.5714e-08	-1.3343e-08	-1.1153e-08	-9.4403e-09	-8.2907e-09	-7.3961e-09	-6.3497e-09	-4.9298e-09	-3.0494e-09	-7.6229e-10	1.7299e-09	4.1884e-09	6.6285e-09	9.0765e-09	1.1452e-08	1.3993e-08	1.702e-08	2.0397e-08	2.3624e-08	2.6495e-08	2.9106e-08	3.1591e-08	3.4112e-08	3.6719e-08	3.9114e-08	4.0839e-08	4.1755e-08	4.2002e-08	4.1752e-08	4.1094e-08	4.0011e-08	3.8472e-08	3.6522e-08	3.4237e-08	3.1577e-08	2.8621e-08	2.5445e-08	2.2005e-08	1.8337e-08	1.4592e-08	1.0801e-08	6.9336e-09	3.0082e-09	-9.2276e-10	-4.8207e-09	-8.6554e-09	-1.2436e-08	-1.6128e-08	-1.9621e-08	-2.2764e-08	-2.5266e-08	-2.6966e-08	-2.7969e-08	-2.8461e-08	-2.8656e-08	-2.8817e-08	-2.8979e-08	-2.9031e-08	-2.9037e-08	-2.9134e-08	-2.9299e-08	-2.9352e-08	-2.9253e-08	-2.9209e-08	-2.9416e-08	-2.9748e-08	-3.0029e-08	-3.0215e-08	-3.0165e-08	-2.9824e-08	-2.9525e-08	-2.9658e-08	-3.0106e-08	-3.0459e-08	-3.0469e-08	-3.0253e-08	-3.0046e-08	-2.9881e-08	-2.9607e-08	-2.9142e-08	-2.8619e-08	-2.8195e-08	-2.796e-08	-2.7989e-08	-2.8064e-08	-2.7921e-08	-2.7619e-08	-2.7367e-08	-2.7292e-08	-2.7409e-08	-2.7556e-08	-2.7483e-08	-2.7135e-08	-2.676e-08	-2.658e-08	-2.6629e-08	-2.6741e-08	-2.674e-08	-2.6701e-08	-2.6801e-08	-2.7039e-08	-2.7091e-08	-2.6791e-08	-2.646e-08	-2.6486e-08	-2.6809e-08	-2.7067e-08	-2.7114e-08	-2.7043e-08	-2.7026e-08	-2.7214e-08	-2.7556e-08	-2.7783e-08	-2.7749e-08	-2.7594e-08	-2.7508e-08	-2.7439e-08	-2.7303e-08	-2.6954e-08	-2.6334e-08	-2.5654e-08	-2.5292e-08	-2.5262e-08	-2.5253e-08	-2.5136e-08	-2.5032e-08	-2.5076e-08	-2.5094e-08	-2.4967e-08	-2.4867e-08	-2.4961e-08	-2.5006e-08	-2.477e-08	-2.4294e-08	-2.3756e-08	-2.331e-08	-2.2892e-08	-2.259e-08	-2.2727e-08	-2.3368e-08	-2.4164e-08	-2.4889e-08
-1.948e-08	-2.0112e-08	-2.0781e-08	-2.146e-08	-2.2063e-08	-2.2403e-08	-2.2351e-08	-2.1969e-08	-2.1473e-08	-2.1032e-08	-2.0687e-08	-2.0478e-08	-2.0495e-08	-2.0653e-08	-2.0719e-08	-2.0574e-08	-2.0326e-08	-2.0085e-08	-1.988e-08	-1.9729e-08	-1.9602e-08	-1.9542e-08	-1.9765e-08	-2.0342e-08	-2.1163e-08	-2.2311e-08	-2.3785e-08	-2.5253e-08	-2.6441e-08	-2.7122e-08	-2.7263e-08	-2.6977e-08	-2.6332e-08	-2.5301e-08	-2.3995e-08	-2.2436e-08	-2.0534e-08	-1.834e-08	-1.5981e-08	-1.3582e-08	-1.1331e-08	-9.5154e-09	-8.2365e-09	-7.2181e-09	-6.0769e-09	-4.5899e-09	-2.6475e-09	-2.9274e-10	2.2643e-09	4.7877e-09	7.296e-09	9.8051e-09	1.2203e-08	1.4718e-08	1.7702e-08	2.1058e-08	2.4293e-08	2.7177e-08	2.9801e-08	3.2287e-08	3.4775e-08	3.7339e-08	3.9715e-08	4.1444e-08	4.2342e-08	4.2529e-08	4.22e-08	4.1475e-08	4.0352e-08	3.8793e-08	3.6831e-08	3.4544e-08	3.1888e-08	2.8929e-08	2.5756e-08	2.2328e-08	1.8676e-08	1.4956e-08	1.1191e-08	7.3306e-09	3.3954e-09	-5.5014e-10	-4.457e-09	-8.2869e-09	-1.2048e-08	-1.57e-08	-1.9102e-08	-2.2127e-08	-2.453e-08	-2.6168e-08	-2.7149e-08	-2.7637e-08	-2.7836e-08	-2.8012e-08	-2.8191e-08	-2.8241e-08	-2.8232e-08	-2.8317e-08	-2.8483e-08	-2.8552e-08	-2.8462e-08	-2.841e-08	-2.8606e-08	-2.8933e-08	-2.9218e-08	-2.9444e-08	-2.9464e-08	-2.9178e-08	-2.8894e-08	-2.9038e-08	-2.9503e-08	-2.987e-08	-2.9892e-08	-2.9706e-08	-2.9544e-08	-2.9421e-08	-2.9174e-08	-2.8691e-08	-2.8105e-08	-2.7599e-08	-2.7267e-08	-2.721e-08	-2.7243e-08	-2.7103e-08	-2.6817e-08	-2.6565e-08	-2.6471e-08	-2.6577e-08	-2.6736e-08	-2.6683e-08	-2.6336e-08	-2.5926e-08	-2.5698e-08	-2.5742e-08	-2.5885e-08	-2.5898e-08	-2.5838e-08	-2.5907e-08	-2.6143e-08	-2.6222e-08	-2.595e-08	-2.5647e-08	-2.572e-08	-2.6109e-08	-2.6418e-08	-2.648e-08	-2.64e-08	-2.6382e-08	-2.6594e-08	-2.6981e-08	-2.7245e-08	-2.7221e-08	-2.7038e-08	-2.6904e-08	-2.6777e-08	-2.6591e-08	-2.6214e-08	-2.5586e-08	-2.4913e-08	-2.4574e-08	-2.456e-08	-2.4557e-08	-2.4438e-08	-2.4324e-08	-2.4362e-08	-2.4375e-08	-2.4217e-08	-2.405e-08	-2.4089e-08	-2.4122e-08	-2.3907e-08	-2.3452e-08	-2.2919e-08	-2.247e-08	-2.2026e-08	-2.1661e-08	-2.1716e-08	-2.2303e-08	-2.3045e-08	-2.3693e-08
-1.9694e-08	-2.0266e-08	-2.0877e-08	-2.1497e-08	-2.2051e-08	-2.2379e-08	-2.2361e-08	-2.2049e-08	-2.1639e-08	-2.1287e-08	-2.1009e-08	-2.082e-08	-2.0818e-08	-2.0952e-08	-2.1014e-08	-2.0877e-08	-2.0645e-08	-2.0428e-08	-2.0246e-08	-2.0105e-08	-1.9971e-08	-1.9899e-08	-2.01e-08	-2.0636e-08	-2.1395e-08	-2.2481e-08	-2.3909e-08	-2.5349e-08	-2.6516e-08	-2.7185e-08	-2.7328e-08	-2.7064e-08	-2.6466e-08	-2.5489e-08	-2.4227e-08	-2.2703e-08	-2.0819e-08	-1.8624e-08	-1.6248e-08	-1.3819e-08	-1.1506e-08	-9.5786e-09	-8.1523e-09	-6.985e-09	-5.7261e-09	-4.1554e-09	-2.1402e-09	2.9109e-10	2.9186e-09	5.5125e-09	8.0969e-09	1.0677e-08	1.3107e-08	1.5602e-08	1.854e-08	2.1865e-08	2.51e-08	2.7997e-08	3.0638e-08	3.3129e-08	3.5584e-08	3.8101e-08	4.0453e-08	4.2184e-08	4.3065e-08	4.3192e-08	4.2775e-08	4.1972e-08	4.0797e-08	3.921e-08	3.7227e-08	3.4932e-08	3.2272e-08	2.9307e-08	2.6131e-08	2.271e-08	1.9072e-08	1.5375e-08	1.1634e-08	7.7822e-09	3.8362e-09	-1.2651e-10	-4.0467e-09	-7.8762e-09	-1.1619e-08	-1.5229e-08	-1.8532e-08	-2.1421e-08	-2.371e-08	-2.5278e-08	-2.6235e-08	-2.6723e-08	-2.6929e-08	-2.7124e-08	-2.7323e-08	-2.7375e-08	-2.7351e-08	-2.7425e-08	-2.7593e-08	-2.7678e-08	-2.7598e-08	-2.7539e-08	-2.7728e-08	-2.8049e-08	-2.8334e-08	-2.8594e-08	-2.8686e-08	-2.846e-08	-2.8195e-08	-2.8352e-08	-2.8833e-08	-2.921e-08	-2.9244e-08	-2.9095e-08	-2.8986e-08	-2.8913e-08	-2.8701e-08	-2.8208e-08	-2.7565e-08	-2.6979e-08	-2.655e-08	-2.6401e-08	-2.6387e-08	-2.6246e-08	-2.5978e-08	-2.5727e-08	-2.5616e-08	-2.5709e-08	-2.5881e-08	-2.5852e-08	-2.5515e-08	-2.508e-08	-2.4805e-08	-2.484e-08	-2.5011e-08	-2.5039e-08	-2.4957e-08	-2.4992e-08	-2.5221e-08	-2.5324e-08	-2.5083e-08	-2.4807e-08	-2.4924e-08	-2.5375e-08	-2.5734e-08	-2.5811e-08	-2.572e-08	-2.5699e-08	-2.5931e-08	-2.6361e-08	-2.6663e-08	-2.6649e-08	-2.6443e-08	-2.6269e-08	-2.6091e-08	-2.586e-08	-2.5459e-08	-2.4826e-08	-2.4164e-08	-2.385e-08	-2.3851e-08	-2.3851e-08	-2.373e-08	-2.3607e-08	-2.3637e-08	-2.3645e-08	-2.3457e-08	-2.3225e-08	-2.3205e-08	-2.3225e-08	-2.3034e-08	-2.2608e-08	-2.2086e-08	-2.1639e-08	-2.1177e-08	-2.0756e-08	-2.0731e-08	-2.1263e-08	-2.195e-08	-2.252e-08
-2.0017e-08	-2.0531e-08	-2.1084e-08	-2.1642e-08	-2.2142e-08	-2.245e-08	-2.2457e-08	-2.2206e-08	-2.1875e-08	-2.1607e-08	-2.1396e-08	-2.1228e-08	-2.1202e-08	-2.1306e-08	-2.1359e-08	-2.1227e-08	-2.1012e-08	-2.0821e-08	-2.0666e-08	-2.0535e-08	-2.0394e-08	-2.0308e-08	-2.0486e-08	-2.0974e-08	-2.1662e-08	-2.2673e-08	-2.4043e-08	-2.5442e-08	-2.6578e-08	-2.7226e-08	-2.7367e-08	-2.7124e-08	-2.6577e-08	-2.5661e-08	-2.445e-08	-2.2967e-08	-2.1105e-08	-1.8908e-08	-1.6513e-08	-1.4051e-08	-1.1676e-08	-9.633e-09	-8.0461e-09	-6.7097e-09	-5.3135e-09	-3.6455e-09	-1.549e-09	9.6574e-10	3.6677e-09	6.3356e-09	9.0024e-09	1.1661e-08	1.4132e-08	1.6614e-08	1.9504e-08	2.279e-08	2.602e-08	2.8928e-08	3.1587e-08	3.4087e-08	3.6511e-08	3.8976e-08	4.1299e-08	4.3031e-08	4.3898e-08	4.3964e-08	4.3457e-08	4.2566e-08	4.1329e-08	3.9705e-08	3.7695e-08	3.5383e-08	3.2715e-08	2.9739e-08	2.6556e-08	2.3139e-08	1.9511e-08	1.5835e-08	1.2118e-08	8.2727e-09	4.3154e-09	3.3351e-10	-3.6041e-09	-7.4379e-09	-1.1166e-08	-1.4735e-08	-1.7933e-08	-2.0674e-08	-2.2834e-08	-2.4323e-08	-2.5256e-08	-2.5746e-08	-2.5964e-08	-2.6182e-08	-2.6403e-08	-2.6458e-08	-2.6421e-08	-2.6486e-08	-2.6654e-08	-2.6753e-08	-2.6684e-08	-2.6621e-08	-2.6805e-08	-2.7121e-08	-2.7402e-08	-2.7689e-08	-2.7851e-08	-2.769e-08	-2.7449e-08	-2.7621e-08	-2.8116e-08	-2.8501e-08	-2.8546e-08	-2.8437e-08	-2.839e-08	-2.8372e-08	-2.8202e-08	-2.7709e-08	-2.7015e-08	-2.6353e-08	-2.5831e-08	-2.5588e-08	-2.5521e-08	-2.5377e-08	-2.5126e-08	-2.4878e-08	-2.4749e-08	-2.4829e-08	-2.5016e-08	-2.5014e-08	-2.4697e-08	-2.4247e-08	-2.3927e-08	-2.395e-08	-2.4145e-08	-2.4188e-08	-2.4083e-08	-2.4082e-08	-2.4299e-08	-2.4424e-08	-2.4212e-08	-2.3965e-08	-2.412e-08	-2.4628e-08	-2.5035e-08	-2.5126e-08	-2.5022e-08	-2.4993e-08	-2.524e-08	-2.5711e-08	-2.605e-08	-2.6048e-08	-2.5824e-08	-2.5618e-08	-2.5398e-08	-2.5128e-08	-2.471e-08	-2.4078e-08	-2.3429e-08	-2.3141e-08	-2.3155e-08	-2.3155e-08	-2.3031e-08	-2.2899e-08	-2.292e-08	-2.2923e-08	-2.2709e-08	-2.2412e-08	-2.2332e-08	-2.2338e-08	-2.2174e-08	-2.1781e-08	-2.1278e-08	-2.0839e-08	-2.0367e-08	-1.9897e-08	-1.9796e-08	-2.0274e-08	-2.0906e-08	-2.1401e-08
-2.0434e-08	-2.089e-08	-2.1386e-08	-2.1881e-08	-2.2321e-08	-2.2602e-08	-2.2625e-08	-2.2428e-08	-2.217e-08	-2.1981e-08	-2.1836e-08	-2.1689e-08	-2.1637e-08	-2.1705e-08	-2.1744e-08	-2.1616e-08	-2.1416e-08	-2.1254e-08	-2.1127e-08	-2.101e-08	-2.086e-08	-2.0759e-08	-2.0914e-08	-2.1349e-08	-2.1958e-08	-2.2883e-08	-2.4182e-08	-2.5531e-08	-2.6628e-08	-2.7249e-08	-2.7383e-08	-2.7159e-08	-2.6665e-08	-2.5816e-08	-2.4663e-08	-2.3224e-08	-2.1386e-08	-1.9187e-08	-1.6772e-08	-1.4278e-08	-1.1841e-08	-9.6815e-09	-7.925e-09	-6.404e-09	-4.8551e-09	-3.0787e-09	-8.9503e-10	1.7079e-09	4.4865e-09	7.2303e-09	9.9836e-09	1.2726e-08	1.5247e-08	1.7722e-08	2.0565e-08	2.3806e-08	2.7024e-08	2.9943e-08	3.2621e-08	3.5133e-08	3.7528e-08	3.9938e-08	4.2225e-08	4.3958e-08	4.4814e-08	4.4823e-08	4.4221e-08	4.3236e-08	4.193e-08	4.0262e-08	3.8218e-08	3.5884e-08	3.3204e-08	3.0213e-08	2.7018e-08	2.36e-08	1.9979e-08	1.632e-08	1.2625e-08	8.787e-09	4.818e-09	8.1529e-10	-3.1434e-09	-6.9864e-09	-1.0704e-08	-1.4235e-08	-1.7326e-08	-1.9909e-08	-2.193e-08	-2.3334e-08	-2.4241e-08	-2.4736e-08	-2.4969e-08	-2.5212e-08	-2.5457e-08	-2.5516e-08	-2.547e-08	-2.5528e-08	-2.5695e-08	-2.5806e-08	-2.5747e-08	-2.5682e-08	-2.5863e-08	-2.6173e-08	-2.6444e-08	-2.6752e-08	-2.698e-08	-2.6888e-08	-2.6676e-08	-2.6865e-08	-2.7373e-08	-2.7763e-08	-2.7816e-08	-2.7751e-08	-2.7771e-08	-2.7815e-08	-2.7692e-08	-2.7207e-08	-2.6472e-08	-2.5741e-08	-2.513e-08	-2.4794e-08	-2.467e-08	-2.4517e-08	-2.4283e-08	-2.404e-08	-2.3896e-08	-2.3962e-08	-2.4163e-08	-2.4193e-08	-2.3904e-08	-2.3449e-08	-2.309e-08	-2.3099e-08	-2.3316e-08	-2.337e-08	-2.3243e-08	-2.3204e-08	-2.3404e-08	-2.3547e-08	-2.3364e-08	-2.3143e-08	-2.3331e-08	-2.3887e-08	-2.4336e-08	-2.444e-08	-2.4322e-08	-2.4283e-08	-2.454e-08	-2.5047e-08	-2.5419e-08	-2.543e-08	-2.5195e-08	-2.4968e-08	-2.4716e-08	-2.4417e-08	-2.399e-08	-2.3365e-08	-2.2732e-08	-2.2469e-08	-2.2492e-08	-2.2489e-08	-2.2361e-08	-2.222e-08	-2.2233e-08	-2.2228e-08	-2.1991e-08	-2.1633e-08	-2.1492e-08	-2.1482e-08	-2.1348e-08	-2.0994e-08	-2.0516e-08	-2.0091e-08	-1.9616e-08	-1.9108e-08	-1.8936e-08	-1.9359e-08	-1.9941e-08	-2.0366e-08
-2.0926e-08	-2.1328e-08	-2.1769e-08	-2.22e-08	-2.2578e-08	-2.2824e-08	-2.2855e-08	-2.2703e-08	-2.251e-08	-2.2395e-08	-2.2314e-08	-2.219e-08	-2.211e-08	-2.2138e-08	-2.216e-08	-2.2034e-08	-2.1848e-08	-2.1714e-08	-2.1619e-08	-2.1518e-08	-2.1358e-08	-2.1242e-08	-2.1373e-08	-2.1753e-08	-2.2276e-08	-2.3108e-08	-2.4326e-08	-2.5617e-08	-2.6667e-08	-2.7254e-08	-2.7377e-08	-2.7171e-08	-2.673e-08	-2.5954e-08	-2.4863e-08	-2.3472e-08	-2.1659e-08	-1.9458e-08	-1.7021e-08	-1.4495e-08	-1.2e-08	-9.7262e-09	-7.7954e-09	-6.0792e-09	-4.3662e-09	-2.4734e-09	-1.9884e-10	2.4948e-09	5.3502e-09	8.1702e-09	1.1012e-08	1.3843e-08	1.6421e-08	1.8896e-08	2.1694e-08	2.4884e-08	2.8087e-08	3.1013e-08	3.3711e-08	3.6238e-08	3.8605e-08	4.0959e-08	4.3205e-08	4.4938e-08	4.5787e-08	4.5743e-08	4.5047e-08	4.3964e-08	4.2581e-08	4.0864e-08	3.878e-08	3.6419e-08	3.3722e-08	3.0713e-08	2.7503e-08	2.4079e-08	2.0461e-08	1.6817e-08	1.3141e-08	9.3093e-09	5.3285e-09	1.3041e-09	-2.6788e-09	-6.5362e-09	-1.0248e-08	-1.3746e-08	-1.6731e-08	-1.9152e-08	-2.1027e-08	-2.234e-08	-2.3219e-08	-2.3721e-08	-2.3971e-08	-2.4241e-08	-2.4512e-08	-2.4577e-08	-2.4523e-08	-2.4575e-08	-2.4741e-08	-2.4862e-08	-2.481e-08	-2.4744e-08	-2.4926e-08	-2.5231e-08	-2.5487e-08	-2.5806e-08	-2.6095e-08	-2.6074e-08	-2.5895e-08	-2.6104e-08	-2.6625e-08	-2.7017e-08	-2.7076e-08	-2.7055e-08	-2.7147e-08	-2.7255e-08	-2.7186e-08	-2.6717e-08	-2.595e-08	-2.5162e-08	-2.4469e-08	-2.4043e-08	-2.3859e-08	-2.3693e-08	-2.3474e-08	-2.3236e-08	-2.3079e-08	-2.3133e-08	-2.3346e-08	-2.341e-08	-2.3157e-08	-2.2712e-08	-2.2323e-08	-2.2316e-08	-2.2548e-08	-2.2611e-08	-2.2461e-08	-2.2384e-08	-2.2561e-08	-2.2716e-08	-2.2563e-08	-2.237e-08	-2.2582e-08	-2.317e-08	-2.3651e-08	-2.3768e-08	-2.364e-08	-2.359e-08	-2.3852e-08	-2.4383e-08	-2.478e-08	-2.4806e-08	-2.4569e-08	-2.4331e-08	-2.4062e-08	-2.3744e-08	-2.3316e-08	-2.271e-08	-2.2105e-08	-2.1864e-08	-2.1883e-08	-2.1871e-08	-2.1738e-08	-2.1595e-08	-2.1593e-08	-2.1576e-08	-2.132e-08	-2.0914e-08	-2.0711e-08	-2.0678e-08	-2.0572e-08	-2.0264e-08	-1.9821e-08	-1.9414e-08	-1.8946e-08	-1.8421e-08	-1.8194e-08	-1.8552e-08	-1.9076e-08	-1.9433e-08
-2.1475e-08	-2.1826e-08	-2.2216e-08	-2.2584e-08	-2.2897e-08	-2.3104e-08	-2.3134e-08	-2.3021e-08	-2.2885e-08	-2.2837e-08	-2.2818e-08	-2.2717e-08	-2.2609e-08	-2.2596e-08	-2.2598e-08	-2.2472e-08	-2.2299e-08	-2.2193e-08	-2.2132e-08	-2.2047e-08	-2.1878e-08	-2.1746e-08	-2.1855e-08	-2.2177e-08	-2.261e-08	-2.3342e-08	-2.447e-08	-2.5696e-08	-2.6695e-08	-2.7243e-08	-2.7353e-08	-2.7162e-08	-2.6774e-08	-2.6074e-08	-2.5048e-08	-2.3708e-08	-2.1921e-08	-1.9716e-08	-1.7257e-08	-1.4701e-08	-1.2153e-08	-9.7687e-09	-7.6631e-09	-5.7459e-09	-3.8616e-09	-1.8474e-09	5.1922e-10	3.3034e-09	6.2343e-09	9.129e-09	1.2059e-08	1.4981e-08	1.7621e-08	2.0105e-08	2.2862e-08	2.5999e-08	2.9181e-08	3.2112e-08	3.4829e-08	3.7373e-08	3.9714e-08	4.201e-08	4.4212e-08	4.5942e-08	4.6789e-08	4.6698e-08	4.5912e-08	4.4728e-08	4.3265e-08	4.1493e-08	3.9365e-08	3.6972e-08	3.4255e-08	3.1225e-08	2.7995e-08	2.4562e-08	2.0945e-08	1.7311e-08	1.365e-08	9.823e-09	5.8311e-09	1.7855e-09	-2.2231e-09	-6.0997e-09	-9.8105e-09	-1.3278e-08	-1.6161e-08	-1.842e-08	-2.0145e-08	-2.1364e-08	-2.2214e-08	-2.2725e-08	-2.2999e-08	-2.3297e-08	-2.359e-08	-2.3665e-08	-2.361e-08	-2.3659e-08	-2.382e-08	-2.3944e-08	-2.39e-08	-2.3838e-08	-2.402e-08	-2.4316e-08	-2.4558e-08	-2.4876e-08	-2.5209e-08	-2.5263e-08	-2.5137e-08	-2.5367e-08	-2.5888e-08	-2.6273e-08	-2.6342e-08	-2.6371e-08	-2.6533e-08	-2.6703e-08	-2.6684e-08	-2.6243e-08	-2.5465e-08	-2.4634e-08	-2.3878e-08	-2.3368e-08	-2.3115e-08	-2.2928e-08	-2.2721e-08	-2.2493e-08	-2.2331e-08	-2.2371e-08	-2.2585e-08	-2.2678e-08	-2.2474e-08	-2.2059e-08	-2.1662e-08	-2.1637e-08	-2.1863e-08	-2.1929e-08	-2.1766e-08	-2.1655e-08	-2.1799e-08	-2.1952e-08	-2.1833e-08	-2.1677e-08	-2.1902e-08	-2.2496e-08	-2.2993e-08	-2.3122e-08	-2.2993e-08	-2.2938e-08	-2.3196e-08	-2.3732e-08	-2.4142e-08	-2.4184e-08	-2.3959e-08	-2.3723e-08	-2.3452e-08	-2.3128e-08	-2.2712e-08	-2.2138e-08	-2.157e-08	-2.1344e-08	-2.1349e-08	-2.1322e-08	-2.1184e-08	-2.1039e-08	-2.1023e-08	-2.0988e-08	-2.0717e-08	-2.0273e-08	-2.0012e-08	-1.9952e-08	-1.9872e-08	-1.9613e-08	-1.9214e-08	-1.883e-08	-1.8376e-08	-1.7848e-08	-1.7579e-08	-1.7871e-08	-1.8339e-08	-1.8639e-08
-2.2064e-08	-2.2368e-08	-2.2712e-08	-2.3018e-08	-2.3266e-08	-2.343e-08	-2.3452e-08	-2.3368e-08	-2.3282e-08	-2.3294e-08	-2.3332e-08	-2.3256e-08	-2.3123e-08	-2.3067e-08	-2.3048e-08	-2.2922e-08	-2.2759e-08	-2.268e-08	-2.2653e-08	-2.2587e-08	-2.2409e-08	-2.2263e-08	-2.2349e-08	-2.2613e-08	-2.2957e-08	-2.3586e-08	-2.4612e-08	-2.5764e-08	-2.6705e-08	-2.7213e-08	-2.7309e-08	-2.7132e-08	-2.6793e-08	-2.6168e-08	-2.5209e-08	-2.3918e-08	-2.2157e-08	-1.9952e-08	-1.7473e-08	-1.4892e-08	-1.23e-08	-9.8149e-09	-7.5369e-09	-5.4158e-09	-3.354e-09	-1.2104e-09	1.2495e-09	4.1147e-09	7.1134e-09	1.0082e-08	1.3097e-08	1.61e-08	1.8811e-08	2.1324e-08	2.405e-08	2.7123e-08	3.0273e-08	3.3206e-08	3.5941e-08	3.8501e-08	4.0825e-08	4.3061e-08	4.5201e-08	4.6912e-08	4.7758e-08	4.7636e-08	4.6776e-08	4.5498e-08	4.3952e-08	4.2121e-08	3.9949e-08	3.7519e-08	3.4779e-08	3.1729e-08	2.8477e-08	2.5031e-08	2.1415e-08	1.7787e-08	1.4132e-08	1.0308e-08	6.3091e-09	2.2454e-09	-1.7881e-09	-5.6873e-09	-9.4016e-09	-1.2836e-08	-1.5624e-08	-1.7731e-08	-1.9309e-08	-2.0437e-08	-2.1255e-08	-2.1776e-08	-2.2081e-08	-2.2407e-08	-2.2718e-08	-2.2805e-08	-2.2757e-08	-2.2806e-08	-2.2958e-08	-2.308e-08	-2.3043e-08	-2.2989e-08	-2.3168e-08	-2.3455e-08	-2.3681e-08	-2.3988e-08	-2.4351e-08	-2.4476e-08	-2.4414e-08	-2.4668e-08	-2.5183e-08	-2.5559e-08	-2.564e-08	-2.5717e-08	-2.5947e-08	-2.6178e-08	-2.6209e-08	-2.5805e-08	-2.5032e-08	-2.4173e-08	-2.3368e-08	-2.2784e-08	-2.2464e-08	-2.225e-08	-2.2047e-08	-2.1829e-08	-2.1666e-08	-2.1696e-08	-2.191e-08	-2.2033e-08	-2.1882e-08	-2.151e-08	-2.1121e-08	-2.1079e-08	-2.1294e-08	-2.1356e-08	-2.1178e-08	-2.1036e-08	-2.1144e-08	-2.129e-08	-2.1201e-08	-2.1076e-08	-2.1305e-08	-2.1888e-08	-2.2389e-08	-2.2527e-08	-2.2398e-08	-2.2335e-08	-2.2584e-08	-2.3114e-08	-2.353e-08	-2.3586e-08	-2.3378e-08	-2.3158e-08	-2.2903e-08	-2.2592e-08	-2.2202e-08	-2.1671e-08	-2.1144e-08	-2.0927e-08	-2.0912e-08	-2.0864e-08	-2.0717e-08	-2.0572e-08	-2.0541e-08	-2.0488e-08	-2.0202e-08	-1.9727e-08	-1.9413e-08	-1.9327e-08	-1.9271e-08	-1.9064e-08	-1.8714e-08	-1.8361e-08	-1.7929e-08	-1.7409e-08	-1.7109e-08	-1.734e-08	-1.7758e-08	-1.8013e-08
-2.2679e-08	-2.2938e-08	-2.3236e-08	-2.3485e-08	-2.3669e-08	-2.3786e-08	-2.3794e-08	-2.3734e-08	-2.3694e-08	-2.3753e-08	-2.3839e-08	-2.3791e-08	-2.364e-08	-2.3542e-08	-2.3499e-08	-2.3374e-08	-2.3224e-08	-2.3166e-08	-2.317e-08	-2.3122e-08	-2.2941e-08	-2.2785e-08	-2.2847e-08	-2.3051e-08	-2.3313e-08	-2.384e-08	-2.4753e-08	-2.5818e-08	-2.6695e-08	-2.7162e-08	-2.7246e-08	-2.7083e-08	-2.6787e-08	-2.6236e-08	-2.5344e-08	-2.4098e-08	-2.2364e-08	-2.016e-08	-1.7667e-08	-1.5064e-08	-1.2436e-08	-9.8594e-09	-7.4175e-09	-5.0986e-09	-2.8602e-09	-5.8486e-10	1.9663e-09	4.9034e-09	7.9644e-09	1.1004e-08	1.4098e-08	1.7177e-08	1.9961e-08	2.2514e-08	2.5217e-08	2.8228e-08	3.1342e-08	3.4275e-08	3.7024e-08	3.9597e-08	4.1906e-08	4.4086e-08	4.6162e-08	4.7849e-08	4.8697e-08	4.8554e-08	4.7631e-08	4.6266e-08	4.4636e-08	4.2742e-08	4.0525e-08	3.8055e-08	3.5289e-08	3.2218e-08	2.894e-08	2.5478e-08	2.186e-08	1.8231e-08	1.4577e-08	1.0755e-08	6.7485e-09	2.6674e-09	-1.3916e-09	-5.3171e-09	-9.0411e-09	-1.2449e-08	-1.5152e-08	-1.712e-08	-1.8559e-08	-1.9597e-08	-2.0379e-08	-2.0909e-08	-2.1247e-08	-2.1599e-08	-2.1925e-08	-2.2027e-08	-2.1989e-08	-2.2039e-08	-2.2183e-08	-2.2299e-08	-2.2264e-08	-2.2215e-08	-2.2392e-08	-2.267e-08	-2.2879e-08	-2.3168e-08	-2.3546e-08	-2.3737e-08	-2.3742e-08	-2.4023e-08	-2.4534e-08	-2.49e-08	-2.4991e-08	-2.5112e-08	-2.5405e-08	-2.5696e-08	-2.5781e-08	-2.5421e-08	-2.4665e-08	-2.3795e-08	-2.2956e-08	-2.2313e-08	-2.1929e-08	-2.1683e-08	-2.1478e-08	-2.1268e-08	-2.1107e-08	-2.113e-08	-2.1345e-08	-2.1498e-08	-2.1406e-08	-2.109e-08	-2.0723e-08	-2.067e-08	-2.0868e-08	-2.092e-08	-2.0725e-08	-2.0552e-08	-2.0623e-08	-2.0758e-08	-2.0693e-08	-2.0592e-08	-2.0811e-08	-2.1367e-08	-2.1858e-08	-2.1998e-08	-2.1871e-08	-2.18e-08	-2.2032e-08	-2.2546e-08	-2.2958e-08	-2.3024e-08	-2.2841e-08	-2.2651e-08	-2.2431e-08	-2.2154e-08	-2.1807e-08	-2.133e-08	-2.0848e-08	-2.0635e-08	-2.0593e-08	-2.0517e-08	-2.0356e-08	-2.0209e-08	-2.0165e-08	-2.0092e-08	-1.9792e-08	-1.9292e-08	-1.8932e-08	-1.882e-08	-1.8786e-08	-1.863e-08	-1.8333e-08	-1.8017e-08	-1.7615e-08	-1.7114e-08	-1.6795e-08	-1.697e-08	-1.7343e-08	-1.7563e-08
-2.3299e-08	-2.3517e-08	-2.3775e-08	-2.3972e-08	-2.4096e-08	-2.4165e-08	-2.4153e-08	-2.4109e-08	-2.4103e-08	-2.4201e-08	-2.4329e-08	-2.4308e-08	-2.4145e-08	-2.401e-08	-2.3945e-08	-2.3821e-08	-2.368e-08	-2.3641e-08	-2.3674e-08	-2.3644e-08	-2.3462e-08	-2.3296e-08	-2.3332e-08	-2.348e-08	-2.3663e-08	-2.4087e-08	-2.4886e-08	-2.586e-08	-2.6674e-08	-2.7103e-08	-2.7174e-08	-2.7023e-08	-2.6766e-08	-2.6284e-08	-2.5457e-08	-2.4254e-08	-2.2546e-08	-2.0342e-08	-1.7834e-08	-1.5214e-08	-1.2555e-08	-9.8977e-09	-7.3054e-09	-4.8021e-09	-2.3951e-09	7.9882e-12	2.6451e-09	5.646e-09	8.7641e-09	1.1869e-08	1.5035e-08	1.8184e-08	2.1042e-08	2.3642e-08	2.6329e-08	2.9287e-08	3.2363e-08	3.5293e-08	3.8052e-08	4.0634e-08	4.293e-08	4.5057e-08	4.707e-08	4.8729e-08	4.958e-08	4.9427e-08	4.8453e-08	4.7007e-08	4.5297e-08	4.3341e-08	4.1077e-08	3.8565e-08	3.5771e-08	3.2677e-08	2.9371e-08	2.5889e-08	2.2264e-08	1.8629e-08	1.4971e-08	1.1147e-08	7.1337e-09	3.0364e-09	-1.0482e-09	-5.0034e-09	-8.7436e-09	-1.2133e-08	-1.4765e-08	-1.6611e-08	-1.7922e-08	-1.8873e-08	-1.9617e-08	-2.0153e-08	-2.0522e-08	-2.0899e-08	-2.124e-08	-2.1357e-08	-2.1332e-08	-2.1387e-08	-2.1523e-08	-2.1628e-08	-2.159e-08	-2.1543e-08	-2.1717e-08	-2.1987e-08	-2.2178e-08	-2.2439e-08	-2.2819e-08	-2.3066e-08	-2.3141e-08	-2.3452e-08	-2.396e-08	-2.4316e-08	-2.4414e-08	-2.4573e-08	-2.4924e-08	-2.5274e-08	-2.5413e-08	-2.5103e-08	-2.4379e-08	-2.3516e-08	-2.2663e-08	-2.1976e-08	-2.1535e-08	-2.1252e-08	-2.1037e-08	-2.0833e-08	-2.0678e-08	-2.0698e-08	-2.0912e-08	-2.1096e-08	-2.1067e-08	-2.0818e-08	-2.0492e-08	-2.0435e-08	-2.0611e-08	-2.0644e-08	-2.0429e-08	-2.0225e-08	-2.0259e-08	-2.0376e-08	-2.0327e-08	-2.0243e-08	-2.0439e-08	-2.095e-08	-2.1413e-08	-2.1549e-08	-2.1423e-08	-2.1344e-08	-2.1553e-08	-2.2038e-08	-2.2436e-08	-2.2508e-08	-2.2353e-08	-2.2206e-08	-2.2042e-08	-2.1817e-08	-2.153e-08	-2.112e-08	-2.0686e-08	-2.0472e-08	-2.0395e-08	-2.0284e-08	-2.0104e-08	-1.9954e-08	-1.9896e-08	-1.9802e-08	-1.9487e-08	-1.8968e-08	-1.8567e-08	-1.843e-08	-1.8416e-08	-1.831e-08	-1.8069e-08	-1.7794e-08	-1.7427e-08	-1.6954e-08	-1.6626e-08	-1.6752e-08	-1.7083e-08	-1.7277e-08
-2.3905e-08	-2.4087e-08	-2.4311e-08	-2.4462e-08	-2.4532e-08	-2.4555e-08	-2.4519e-08	-2.4481e-08	-2.45e-08	-2.4626e-08	-2.4787e-08	-2.4793e-08	-2.4623e-08	-2.4459e-08	-2.4376e-08	-2.4254e-08	-2.4119e-08	-2.4094e-08	-2.4152e-08	-2.4142e-08	-2.3961e-08	-2.3784e-08	-2.3793e-08	-2.3889e-08	-2.3998e-08	-2.4323e-08	-2.5006e-08	-2.5889e-08	-2.6641e-08	-2.7035e-08	-2.7095e-08	-2.6953e-08	-2.673e-08	-2.6312e-08	-2.5546e-08	-2.4384e-08	-2.2698e-08	-2.0494e-08	-1.7973e-08	-1.5339e-08	-1.2657e-08	-9.9295e-09	-7.2037e-09	-4.5338e-09	-1.9708e-09	5.52e-10	3.2671e-09	6.3215e-09	9.4892e-09	1.2652e-08	1.588e-08	1.9093e-08	2.2023e-08	2.4674e-08	2.7358e-08	3.0269e-08	3.3309e-08	3.6233e-08	3.8996e-08	4.1583e-08	4.3869e-08	4.5946e-08	4.7895e-08	4.9524e-08	5.0381e-08	5.0228e-08	4.9217e-08	4.7702e-08	4.5917e-08	4.3898e-08	4.1587e-08	3.9033e-08	3.6209e-08	3.3091e-08	2.9756e-08	2.6251e-08	2.2614e-08	1.8967e-08	1.5299e-08	1.147e-08	7.4494e-09	3.3372e-09	-7.7261e-10	-4.7604e-09	-8.5235e-09	-1.1904e-08	-1.4481e-08	-1.6223e-08	-1.7423e-08	-1.8293e-08	-1.8997e-08	-1.9537e-08	-1.9936e-08	-2.0336e-08	-2.0689e-08	-2.0821e-08	-2.0813e-08	-2.0874e-08	-2.1003e-08	-2.1093e-08	-2.1046e-08	-2.0996e-08	-2.1166e-08	-2.1429e-08	-2.1601e-08	-2.1825e-08	-2.219e-08	-2.2483e-08	-2.2628e-08	-2.2974e-08	-2.3481e-08	-2.3826e-08	-2.3928e-08	-2.4117e-08	-2.452e-08	-2.4925e-08	-2.5117e-08	-2.4863e-08	-2.4184e-08	-2.3346e-08	-2.2497e-08	-2.1783e-08	-2.1293e-08	-2.0969e-08	-2.0735e-08	-2.0533e-08	-2.0387e-08	-2.0407e-08	-2.0621e-08	-2.0833e-08	-2.0869e-08	-2.0699e-08	-2.0428e-08	-2.0375e-08	-2.0524e-08	-2.053e-08	-2.0289e-08	-2.0054e-08	-2.0049e-08	-2.0143e-08	-2.0104e-08	-2.0027e-08	-2.0188e-08	-2.0636e-08	-2.1057e-08	-2.118e-08	-2.1054e-08	-2.0965e-08	-2.1145e-08	-2.1592e-08	-2.1965e-08	-2.2038e-08	-2.1914e-08	-2.1822e-08	-2.1728e-08	-2.1572e-08	-2.1359e-08	-2.1027e-08	-2.0645e-08	-2.0426e-08	-2.0307e-08	-2.0155e-08	-1.9951e-08	-1.9794e-08	-1.9723e-08	-1.9607e-08	-1.9278e-08	-1.8743e-08	-1.8308e-08	-1.8148e-08	-1.815e-08	-1.8094e-08	-1.791e-08	-1.7679e-08	-1.7353e-08	-1.6914e-08	-1.6588e-08	-1.6669e-08	-1.6961e-08	-1.7136e-08
-2.4479e-08	-2.4632e-08	-2.4827e-08	-2.494e-08	-2.4964e-08	-2.4943e-08	-2.4878e-08	-2.4838e-08	-2.4872e-08	-2.5016e-08	-2.5202e-08	-2.5234e-08	-2.5063e-08	-2.4878e-08	-2.4782e-08	-2.4664e-08	-2.4533e-08	-2.4516e-08	-2.4596e-08	-2.4606e-08	-2.4428e-08	-2.4238e-08	-2.4221e-08	-2.4269e-08	-2.431e-08	-2.4541e-08	-2.511e-08	-2.5901e-08	-2.6596e-08	-2.6961e-08	-2.7012e-08	-2.6877e-08	-2.6682e-08	-2.632e-08	-2.5611e-08	-2.4485e-08	-2.2817e-08	-2.0611e-08	-1.8077e-08	-1.5436e-08	-1.2737e-08	-9.9542e-09	-7.1149e-09	-4.3004e-09	-1.5991e-09	1.0316e-09	3.8136e-09	6.909e-09	1.0117e-08	1.3329e-08	1.6607e-08	1.9875e-08	2.2874e-08	2.5581e-08	2.8271e-08	3.1145e-08	3.4152e-08	3.7068e-08	3.983e-08	4.2417e-08	4.4692e-08	4.6725e-08	4.8612e-08	5.0207e-08	5.1072e-08	5.093e-08	4.9899e-08	4.8328e-08	4.6474e-08	4.4397e-08	4.2039e-08	3.9444e-08	3.659e-08	3.3447e-08	3.0082e-08	2.6551e-08	2.2897e-08	1.9232e-08	1.5547e-08	1.1708e-08	7.6807e-09	3.5553e-09	-5.7878e-10	-4.6015e-09	-8.3942e-09	-1.1775e-08	-1.4313e-08	-1.5975e-08	-1.7081e-08	-1.7878e-08	-1.854e-08	-1.9079e-08	-1.9506e-08	-1.9926e-08	-2.0287e-08	-2.0435e-08	-2.0444e-08	-2.0514e-08	-2.0635e-08	-2.0706e-08	-2.0643e-08	-2.0585e-08	-2.0748e-08	-2.1003e-08	-2.1155e-08	-2.1334e-08	-2.1668e-08	-2.1995e-08	-2.2209e-08	-2.2593e-08	-2.31e-08	-2.3433e-08	-2.3536e-08	-2.3747e-08	-2.4193e-08	-2.4649e-08	-2.4892e-08	-2.4697e-08	-2.4075e-08	-2.3277e-08	-2.245e-08	-2.1726e-08	-2.1193e-08	-2.0825e-08	-2.0565e-08	-2.036e-08	-2.0224e-08	-2.0247e-08	-2.0459e-08	-2.0698e-08	-2.0798e-08	-2.0714e-08	-2.0512e-08	-2.0468e-08	-2.0588e-08	-2.0558e-08	-2.0288e-08	-2.0021e-08	-1.9976e-08	-2.0043e-08	-2.0007e-08	-1.993e-08	-2.0046e-08	-2.0418e-08	-2.0782e-08	-2.0884e-08	-2.0757e-08	-2.0659e-08	-2.0806e-08	-2.1205e-08	-2.1545e-08	-2.1613e-08	-2.1521e-08	-2.1491e-08	-2.148e-08	-2.1409e-08	-2.1281e-08	-2.1034e-08	-2.0707e-08	-2.0482e-08	-2.0318e-08	-2.0118e-08	-1.9886e-08	-1.972e-08	-1.9635e-08	-1.9497e-08	-1.9153e-08	-1.8608e-08	-1.8145e-08	-1.7963e-08	-1.7979e-08	-1.797e-08	-1.7843e-08	-1.7659e-08	-1.7376e-08	-1.6979e-08	-1.6662e-08	-1.6704e-08	-1.696e-08	-1.7121e-08
-2.5004e-08	-2.5133e-08	-2.5307e-08	-2.539e-08	-2.5376e-08	-2.5316e-08	-2.5219e-08	-2.5168e-08	-2.5207e-08	-2.5358e-08	-2.556e-08	-2.5615e-08	-2.5451e-08	-2.5254e-08	-2.5153e-08	-2.5041e-08	-2.4912e-08	-2.4897e-08	-2.4994e-08	-2.5023e-08	-2.4851e-08	-2.4649e-08	-2.4603e-08	-2.4609e-08	-2.4591e-08	-2.4734e-08	-2.5194e-08	-2.5894e-08	-2.6537e-08	-2.688e-08	-2.6925e-08	-2.6796e-08	-2.6623e-08	-2.631e-08	-2.565e-08	-2.4554e-08	-2.29e-08	-2.0689e-08	-1.8144e-08	-1.5499e-08	-1.2794e-08	-9.9709e-09	-7.0407e-09	-4.108e-09	-1.2905e-09	1.432e-09	4.2673e-09	7.3886e-09	1.0624e-08	1.3874e-08	1.7191e-08	2.0503e-08	2.3565e-08	2.6331e-08	2.9038e-08	3.1889e-08	3.4867e-08	3.7771e-08	4.0528e-08	4.3108e-08	4.5375e-08	4.7368e-08	4.9196e-08	5.0756e-08	5.1631e-08	5.1513e-08	5.0479e-08	4.8867e-08	4.6956e-08	4.4824e-08	4.2423e-08	3.9788e-08	3.6904e-08	3.3736e-08	3.0341e-08	2.6781e-08	2.3107e-08	1.9418e-08	1.571e-08	1.1859e-08	7.8237e-09	3.6872e-09	-4.6924e-10	-4.5279e-09	-8.3552e-09	-1.1745e-08	-1.426e-08	-1.5862e-08	-1.6892e-08	-1.7624e-08	-1.8243e-08	-1.8778e-08	-1.9229e-08	-1.9666e-08	-2.0031e-08	-2.0191e-08	-2.0219e-08	-2.0298e-08	-2.0412e-08	-2.0459e-08	-2.0374e-08	-2.0302e-08	-2.0453e-08	-2.0701e-08	-2.0831e-08	-2.0958e-08	-2.1248e-08	-2.1596e-08	-2.1876e-08	-2.2299e-08	-2.2808e-08	-2.3128e-08	-2.3228e-08	-2.3454e-08	-2.3935e-08	-2.4437e-08	-2.4729e-08	-2.4596e-08	-2.4039e-08	-2.3294e-08	-2.2505e-08	-2.1785e-08	-2.1219e-08	-2.0805e-08	-2.0511e-08	-2.0299e-08	-2.0172e-08	-2.0201e-08	-2.041e-08	-2.0673e-08	-2.0837e-08	-2.0843e-08	-2.0719e-08	-2.0693e-08	-2.0781e-08	-2.0709e-08	-2.0405e-08	-2.0105e-08	-2.0022e-08	-2.0059e-08	-2.0018e-08	-1.9936e-08	-2.0001e-08	-2.0286e-08	-2.0582e-08	-2.0656e-08	-2.0526e-08	-2.0418e-08	-2.0529e-08	-2.0874e-08	-2.1173e-08	-2.1232e-08	-2.1172e-08	-2.1208e-08	-2.129e-08	-2.1313e-08	-2.128e-08	-2.1124e-08	-2.0856e-08	-2.0625e-08	-2.0413e-08	-2.0162e-08	-1.9897e-08	-1.9719e-08	-1.9621e-08	-1.946e-08	-1.9102e-08	-1.855e-08	-1.8066e-08	-1.7864e-08	-1.7891e-08	-1.7927e-08	-1.7857e-08	-1.772e-08	-1.7484e-08	-1.7131e-08	-1.6831e-08	-1.6841e-08	-1.7061e-08	-1.7211e-08
-2.5462e-08	-2.5573e-08	-2.5733e-08	-2.5797e-08	-2.5754e-08	-2.566e-08	-2.553e-08	-2.5459e-08	-2.5494e-08	-2.5641e-08	-2.5849e-08	-2.5925e-08	-2.5773e-08	-2.5575e-08	-2.5478e-08	-2.5376e-08	-2.5247e-08	-2.5227e-08	-2.5336e-08	-2.5385e-08	-2.522e-08	-2.5004e-08	-2.4931e-08	-2.49e-08	-2.4833e-08	-2.4896e-08	-2.5252e-08	-2.5866e-08	-2.6464e-08	-2.6793e-08	-2.6837e-08	-2.6712e-08	-2.6556e-08	-2.6281e-08	-2.5664e-08	-2.4591e-08	-2.2944e-08	-2.0726e-08	-1.8171e-08	-1.5528e-08	-1.2826e-08	-9.9782e-09	-6.9811e-09	-3.9584e-09	-1.0495e-09	1.7467e-09	4.6206e-09	7.7524e-09	1.1004e-08	1.428e-08	1.7625e-08	2.0968e-08	2.4088e-08	2.6916e-08	2.9651e-08	3.2489e-08	3.5443e-08	3.8336e-08	4.1082e-08	4.3652e-08	4.5911e-08	4.7871e-08	4.9644e-08	5.1167e-08	5.2054e-08	5.1972e-08	5.0953e-08	4.9316e-08	4.7357e-08	4.5177e-08	4.2736e-08	4.0063e-08	3.715e-08	3.3958e-08	3.0533e-08	2.6944e-08	2.3247e-08	1.953e-08	1.5794e-08	1.1927e-08	7.8842e-09	3.7389e-09	-4.3697e-10	-4.5309e-09	-8.3962e-09	-1.1802e-08	-1.4307e-08	-1.5867e-08	-1.6837e-08	-1.7514e-08	-1.809e-08	-1.8615e-08	-1.9087e-08	-1.9538e-08	-1.9904e-08	-2.0074e-08	-2.012e-08	-2.021e-08	-2.0317e-08	-2.0337e-08	-2.0224e-08	-2.0132e-08	-2.0269e-08	-2.0508e-08	-2.0617e-08	-2.0688e-08	-2.0922e-08	-2.1277e-08	-2.1618e-08	-2.2083e-08	-2.2595e-08	-2.2903e-08	-2.2996e-08	-2.3231e-08	-2.374e-08	-2.4282e-08	-2.4619e-08	-2.4548e-08	-2.4063e-08	-2.3383e-08	-2.2645e-08	-2.1942e-08	-2.1351e-08	-2.0891e-08	-2.0558e-08	-2.0334e-08	-2.0217e-08	-2.0252e-08	-2.046e-08	-2.0742e-08	-2.0967e-08	-2.1066e-08	-2.1028e-08	-2.1025e-08	-2.1081e-08	-2.0962e-08	-2.0619e-08	-2.0287e-08	-2.0167e-08	-2.0173e-08	-2.0123e-08	-2.0029e-08	-2.0039e-08	-2.0231e-08	-2.0449e-08	-2.0488e-08	-2.0353e-08	-2.0236e-08	-2.031e-08	-2.0596e-08	-2.0848e-08	-2.0893e-08	-2.0862e-08	-2.0967e-08	-2.1148e-08	-2.1274e-08	-2.1341e-08	-2.1282e-08	-2.1076e-08	-2.0841e-08	-2.0579e-08	-2.0275e-08	-1.9974e-08	-1.9781e-08	-1.967e-08	-1.9486e-08	-1.9114e-08	-1.856e-08	-1.806e-08	-1.7842e-08	-1.7878e-08	-1.7954e-08	-1.794e-08	-1.7851e-08	-1.7661e-08	-1.7356e-08	-1.708e-08	-1.7062e-08	-1.7248e-08	-1.7388e-08
-2.5836e-08	-2.5934e-08	-2.6089e-08	-2.6144e-08	-2.6084e-08	-2.5962e-08	-2.5799e-08	-2.5703e-08	-2.5722e-08	-2.5855e-08	-2.6059e-08	-2.6152e-08	-2.602e-08	-2.5832e-08	-2.5749e-08	-2.5663e-08	-2.5533e-08	-2.5503e-08	-2.5617e-08	-2.5683e-08	-2.5529e-08	-2.53e-08	-2.5198e-08	-2.5137e-08	-2.503e-08	-2.5024e-08	-2.5284e-08	-2.5815e-08	-2.6374e-08	-2.6699e-08	-2.6748e-08	-2.6629e-08	-2.6482e-08	-2.6237e-08	-2.5653e-08	-2.4597e-08	-2.2952e-08	-2.0724e-08	-1.8158e-08	-1.5522e-08	-1.2833e-08	-9.9752e-09	-6.9336e-09	-3.8473e-09	-8.713e-10	1.9809e-09	4.8796e-09	8.0083e-09	1.1263e-08	1.4557e-08	1.7918e-08	2.1284e-08	2.4454e-08	2.7346e-08	3.0116e-08	3.2954e-08	3.5889e-08	3.8768e-08	4.15e-08	4.4055e-08	4.6307e-08	4.824e-08	4.9962e-08	5.1447e-08	5.2348e-08	5.231e-08	5.1321e-08	4.9676e-08	4.7681e-08	4.5458e-08	4.2981e-08	4.0273e-08	3.7332e-08	3.4117e-08	3.0663e-08	2.7044e-08	2.3321e-08	1.9573e-08	1.5806e-08	1.192e-08	7.8696e-09	3.7178e-09	-4.7433e-10	-4.6019e-09	-8.5066e-09	-1.1935e-08	-1.444e-08	-1.5974e-08	-1.6899e-08	-1.7528e-08	-1.8062e-08	-1.8574e-08	-1.9062e-08	-1.9525e-08	-1.989e-08	-2.0066e-08	-2.0131e-08	-2.0232e-08	-2.0333e-08	-2.0325e-08	-2.0179e-08	-2.0063e-08	-2.0182e-08	-2.0411e-08	-2.0498e-08	-2.0511e-08	-2.068e-08	-2.1031e-08	-2.1428e-08	-2.1934e-08	-2.2452e-08	-2.2747e-08	-2.2831e-08	-2.3069e-08	-2.3598e-08	-2.4175e-08	-2.4554e-08	-2.4545e-08	-2.4136e-08	-2.3529e-08	-2.2851e-08	-2.2178e-08	-2.1571e-08	-2.1067e-08	-2.0691e-08	-2.0451e-08	-2.0341e-08	-2.0385e-08	-2.059e-08	-2.0889e-08	-2.1172e-08	-2.1362e-08	-2.1417e-08	-2.1443e-08	-2.1466e-08	-2.1296e-08	-2.0911e-08	-2.0546e-08	-2.0392e-08	-2.0366e-08	-2.0303e-08	-2.0195e-08	-2.0147e-08	-2.0242e-08	-2.0375e-08	-2.0374e-08	-2.0232e-08	-2.0106e-08	-2.0143e-08	-2.0367e-08	-2.0568e-08	-2.0595e-08	-2.059e-08	-2.0763e-08	-2.1046e-08	-2.128e-08	-2.1452e-08	-2.1492e-08	-2.135e-08	-2.1113e-08	-2.0803e-08	-2.0444e-08	-2.0106e-08	-1.9895e-08	-1.977e-08	-1.9565e-08	-1.9177e-08	-1.8625e-08	-1.8117e-08	-1.7885e-08	-1.7928e-08	-1.8042e-08	-1.808e-08	-1.8038e-08	-1.7894e-08	-1.7639e-08	-1.7391e-08	-1.7352e-08	-1.7504e-08	-1.7633e-08
-2.612e-08	-2.6212e-08	-2.6369e-08	-2.6426e-08	-2.636e-08	-2.6219e-08	-2.6025e-08	-2.5896e-08	-2.5893e-08	-2.6001e-08	-2.6191e-08	-2.6298e-08	-2.6191e-08	-2.6025e-08	-2.5964e-08	-2.59e-08	-2.577e-08	-2.5724e-08	-2.5838e-08	-2.5921e-08	-2.5779e-08	-2.5539e-08	-2.5409e-08	-2.5322e-08	-2.5185e-08	-2.5121e-08	-2.5293e-08	-2.5745e-08	-2.6272e-08	-2.6599e-08	-2.6659e-08	-2.6545e-08	-2.6403e-08	-2.6179e-08	-2.5622e-08	-2.4575e-08	-2.2928e-08	-2.0686e-08	-1.811e-08	-1.5483e-08	-1.2815e-08	-9.961e-09	-6.8947e-09	-3.7682e-09	-7.4703e-10	2.1446e-09	5.0559e-09	8.1695e-09	1.1418e-08	1.4719e-08	1.8088e-08	2.1467e-08	2.468e-08	2.7634e-08	3.0447e-08	3.3291e-08	3.6211e-08	3.9075e-08	4.1788e-08	4.4325e-08	4.657e-08	4.8482e-08	5.0158e-08	5.1605e-08	5.2519e-08	5.2533e-08	5.1588e-08	4.9949e-08	4.7929e-08	4.5669e-08	4.316e-08	4.042e-08	3.7451e-08	3.4215e-08	3.0734e-08	2.7085e-08	2.3335e-08	1.9554e-08	1.5752e-08	1.1846e-08	7.7872e-09	3.6312e-09	-5.7373e-10	-4.7321e-09	-8.6763e-09	-1.2131e-08	-1.4646e-08	-1.6166e-08	-1.7058e-08	-1.7647e-08	-1.8141e-08	-1.8636e-08	-1.9137e-08	-1.961e-08	-1.9972e-08	-2.0152e-08	-2.0233e-08	-2.0346e-08	-2.0442e-08	-2.0407e-08	-2.0225e-08	-2.0079e-08	-2.0178e-08	-2.0396e-08	-2.0463e-08	-2.0417e-08	-2.0515e-08	-2.085e-08	-2.1296e-08	-2.1845e-08	-2.237e-08	-2.2652e-08	-2.2725e-08	-2.2959e-08	-2.3502e-08	-2.4108e-08	-2.4525e-08	-2.4575e-08	-2.4244e-08	-2.3716e-08	-2.3109e-08	-2.2475e-08	-2.1861e-08	-2.1315e-08	-2.0893e-08	-2.0632e-08	-2.053e-08	-2.0583e-08	-2.0786e-08	-2.1097e-08	-2.1432e-08	-2.1713e-08	-2.1862e-08	-2.1923e-08	-2.1916e-08	-2.1692e-08	-2.1261e-08	-2.0864e-08	-2.0678e-08	-2.0621e-08	-2.0542e-08	-2.0416e-08	-2.0312e-08	-2.0308e-08	-2.0352e-08	-2.0306e-08	-2.0156e-08	-2.0023e-08	-2.0023e-08	-2.0184e-08	-2.033e-08	-2.0335e-08	-2.0352e-08	-2.0592e-08	-2.0977e-08	-2.1322e-08	-2.1599e-08	-2.1738e-08	-2.1662e-08	-2.1426e-08	-2.1072e-08	-2.0658e-08	-2.0281e-08	-2.0049e-08	-1.9911e-08	-1.9684e-08	-1.9283e-08	-1.8734e-08	-1.8225e-08	-1.7983e-08	-1.8031e-08	-1.818e-08	-1.8266e-08	-1.8268e-08	-1.8168e-08	-1.7963e-08	-1.7748e-08	-1.7693e-08	-1.7811e-08	-1.7928e-08
-2.632e-08	-2.641e-08	-2.6577e-08	-2.6646e-08	-2.6584e-08	-2.6432e-08	-2.621e-08	-2.6045e-08	-2.6012e-08	-2.6088e-08	-2.6256e-08	-2.6372e-08	-2.6294e-08	-2.6156e-08	-2.6127e-08	-2.6091e-08	-2.5961e-08	-2.5896e-08	-2.6004e-08	-2.6103e-08	-2.5976e-08	-2.5725e-08	-2.5568e-08	-2.546e-08	-2.5301e-08	-2.5189e-08	-2.5282e-08	-2.566e-08	-2.6157e-08	-2.6494e-08	-2.657e-08	-2.6462e-08	-2.632e-08	-2.611e-08	-2.5572e-08	-2.4529e-08	-2.2875e-08	-2.0618e-08	-1.803e-08	-1.5415e-08	-1.2773e-08	-9.9349e-09	-6.8609e-09	-3.7145e-09	-6.6812e-10	2.2476e-09	5.1608e-09	8.2492e-09	1.148e-08	1.4782e-08	1.8151e-08	2.1534e-08	2.4782e-08	2.7796e-08	3.0655e-08	3.3511e-08	3.6417e-08	3.9263e-08	4.1954e-08	4.447e-08	4.6709e-08	4.8606e-08	5.024e-08	5.1649e-08	5.2575e-08	5.2646e-08	5.1757e-08	5.0138e-08	4.8102e-08	4.5813e-08	4.3275e-08	4.0506e-08	3.7512e-08	3.4255e-08	3.075e-08	2.7072e-08	2.3293e-08	1.9478e-08	1.564e-08	1.171e-08	7.6443e-09	3.4861e-09	-7.2762e-10	-4.9132e-09	-8.895e-09	-1.2377e-08	-1.4909e-08	-1.6426e-08	-1.7296e-08	-1.7853e-08	-1.8309e-08	-1.8785e-08	-1.9294e-08	-1.9776e-08	-2.0133e-08	-2.0315e-08	-2.041e-08	-2.0536e-08	-2.0629e-08	-2.0566e-08	-2.0347e-08	-2.0167e-08	-2.0243e-08	-2.0449e-08	-2.0497e-08	-2.0395e-08	-2.0416e-08	-2.0726e-08	-2.1215e-08	-2.1805e-08	-2.2338e-08	-2.2608e-08	-2.2668e-08	-2.2893e-08	-2.3443e-08	-2.4072e-08	-2.4523e-08	-2.463e-08	-2.4377e-08	-2.3932e-08	-2.34e-08	-2.2813e-08	-2.2201e-08	-2.1618e-08	-2.115e-08	-2.0864e-08	-2.0766e-08	-2.083e-08	-2.1031e-08	-2.1349e-08	-2.1731e-08	-2.2098e-08	-2.2342e-08	-2.2444e-08	-2.2407e-08	-2.2126e-08	-2.1647e-08	-2.1219e-08	-2.1005e-08	-2.0921e-08	-2.0822e-08	-2.0677e-08	-2.0518e-08	-2.0418e-08	-2.0371e-08	-2.0278e-08	-2.0119e-08	-1.9979e-08	-1.9945e-08	-2.0041e-08	-2.0132e-08	-2.0112e-08	-2.0147e-08	-2.0449e-08	-2.0932e-08	-2.1387e-08	-2.1768e-08	-2.2006e-08	-2.1996e-08	-2.1765e-08	-2.137e-08	-2.0904e-08	-2.0488e-08	-2.0234e-08	-2.0081e-08	-1.9833e-08	-1.9418e-08	-1.8877e-08	-1.8373e-08	-1.8125e-08	-1.8179e-08	-1.8356e-08	-1.8486e-08	-1.853e-08	-1.8471e-08	-1.8314e-08	-1.8134e-08	-1.8069e-08	-1.8153e-08	-1.8255e-08
-2.6446e-08	-2.6536e-08	-2.6719e-08	-2.6808e-08	-2.6759e-08	-2.6605e-08	-2.6358e-08	-2.6155e-08	-2.6086e-08	-2.6124e-08	-2.6262e-08	-2.6382e-08	-2.6335e-08	-2.6232e-08	-2.6239e-08	-2.6235e-08	-2.6109e-08	-2.6022e-08	-2.612e-08	-2.6234e-08	-2.6124e-08	-2.5865e-08	-2.568e-08	-2.5554e-08	-2.5381e-08	-2.5231e-08	-2.5254e-08	-2.5562e-08	-2.6033e-08	-2.6384e-08	-2.6481e-08	-2.638e-08	-2.6235e-08	-2.6031e-08	-2.5506e-08	-2.4463e-08	-2.2798e-08	-2.0523e-08	-1.7923e-08	-1.532e-08	-1.271e-08	-9.8966e-09	-6.8294e-09	-3.6803e-09	-6.2637e-10	2.2997e-09	5.2056e-09	8.2604e-09	1.1466e-08	1.476e-08	1.8122e-08	2.1502e-08	2.4777e-08	2.7845e-08	3.0751e-08	3.3623e-08	3.6516e-08	3.934e-08	4.2004e-08	4.4497e-08	4.6731e-08	4.8617e-08	5.0215e-08	5.1586e-08	5.2522e-08	5.2653e-08	5.183e-08	5.0243e-08	4.8204e-08	4.5892e-08	4.3329e-08	4.0533e-08	3.7517e-08	3.4241e-08	3.0714e-08	2.7008e-08	2.3202e-08	1.9352e-08	1.5476e-08	1.1522e-08	7.4482e-09	3.29e-09	-9.2856e-10	-5.1367e-09	-9.1531e-09	-1.2664e-08	-1.5217e-08	-1.6737e-08	-1.7596e-08	-1.8128e-08	-1.8548e-08	-1.9001e-08	-1.9516e-08	-2.0005e-08	-2.0356e-08	-2.0537e-08	-2.0645e-08	-2.0784e-08	-2.0876e-08	-2.0788e-08	-2.0529e-08	-2.0313e-08	-2.0363e-08	-2.0557e-08	-2.0587e-08	-2.0431e-08	-2.0376e-08	-2.0652e-08	-2.1175e-08	-2.1805e-08	-2.2348e-08	-2.2605e-08	-2.2652e-08	-2.2863e-08	-2.3414e-08	-2.406e-08	-2.4539e-08	-2.47e-08	-2.4524e-08	-2.4162e-08	-2.371e-08	-2.3177e-08	-2.2574e-08	-2.1959e-08	-2.1444e-08	-2.113e-08	-2.1034e-08	-2.1109e-08	-2.1308e-08	-2.163e-08	-2.2052e-08	-2.25e-08	-2.2837e-08	-2.2981e-08	-2.2917e-08	-2.2579e-08	-2.205e-08	-2.1593e-08	-2.1355e-08	-2.1245e-08	-2.1128e-08	-2.0963e-08	-2.0752e-08	-2.056e-08	-2.0424e-08	-2.0282e-08	-2.0112e-08	-1.9968e-08	-1.9902e-08	-1.9936e-08	-1.997e-08	-1.9924e-08	-1.9973e-08	-2.0329e-08	-2.0907e-08	-2.1468e-08	-2.1948e-08	-2.228e-08	-2.2334e-08	-2.2113e-08	-2.1683e-08	-2.117e-08	-2.0716e-08	-2.0437e-08	-2.0269e-08	-2.0001e-08	-1.9572e-08	-1.9042e-08	-1.8551e-08	-1.8302e-08	-1.8359e-08	-1.8562e-08	-1.873e-08	-1.881e-08	-1.8789e-08	-1.8677e-08	-1.8535e-08	-1.8464e-08	-1.8513e-08	-1.8594e-08
-2.6504e-08	-2.6597e-08	-2.6801e-08	-2.6916e-08	-2.6888e-08	-2.6739e-08	-2.6472e-08	-2.623e-08	-2.6122e-08	-2.6118e-08	-2.6218e-08	-2.6338e-08	-2.6322e-08	-2.6256e-08	-2.6304e-08	-2.6337e-08	-2.6217e-08	-2.6107e-08	-2.619e-08	-2.6318e-08	-2.6226e-08	-2.5962e-08	-2.5752e-08	-2.5608e-08	-2.5428e-08	-2.5251e-08	-2.5214e-08	-2.5455e-08	-2.5902e-08	-2.6271e-08	-2.6392e-08	-2.63e-08	-2.6149e-08	-2.5945e-08	-2.5427e-08	-2.438e-08	-2.2701e-08	-2.0407e-08	-1.7792e-08	-1.5201e-08	-1.2627e-08	-9.8459e-09	-6.7975e-09	-3.6601e-09	-6.1395e-10	2.3102e-09	5.2009e-09	8.2155e-09	1.1388e-08	1.4667e-08	1.8019e-08	2.1388e-08	2.4681e-08	2.7798e-08	3.0748e-08	3.3636e-08	3.6516e-08	3.9314e-08	4.1946e-08	4.4413e-08	4.6643e-08	4.8525e-08	5.0091e-08	5.1425e-08	5.2368e-08	5.2561e-08	5.1812e-08	5.0269e-08	4.8235e-08	4.5908e-08	4.3325e-08	4.0506e-08	3.7468e-08	3.4176e-08	3.0629e-08	2.6897e-08	2.3064e-08	1.9181e-08	1.5267e-08	1.1287e-08	7.206e-09	3.05e-09	-1.1691e-09	-5.3946e-09	-9.4411e-09	-1.298e-08	-1.5555e-08	-1.7085e-08	-1.7939e-08	-1.8452e-08	-1.8839e-08	-1.9268e-08	-1.9784e-08	-2.028e-08	-2.0625e-08	-2.0802e-08	-2.0921e-08	-2.1073e-08	-2.1166e-08	-2.1054e-08	-2.0757e-08	-2.0503e-08	-2.0525e-08	-2.0706e-08	-2.072e-08	-2.0514e-08	-2.0383e-08	-2.0618e-08	-2.1169e-08	-2.1836e-08	-2.239e-08	-2.2635e-08	-2.2667e-08	-2.2861e-08	-2.3407e-08	-2.4064e-08	-2.4566e-08	-2.4774e-08	-2.4672e-08	-2.4393e-08	-2.4022e-08	-2.3547e-08	-2.296e-08	-2.2319e-08	-2.176e-08	-2.1415e-08	-2.1319e-08	-2.1405e-08	-2.1602e-08	-2.1923e-08	-2.2378e-08	-2.2898e-08	-2.3324e-08	-2.3513e-08	-2.3424e-08	-2.3029e-08	-2.2449e-08	-2.1963e-08	-2.1707e-08	-2.1577e-08	-2.1441e-08	-2.1255e-08	-2.0998e-08	-2.0721e-08	-2.0501e-08	-2.0311e-08	-2.0131e-08	-1.9984e-08	-1.9888e-08	-1.9863e-08	-1.9841e-08	-1.9768e-08	-1.9826e-08	-2.0231e-08	-2.0893e-08	-2.1553e-08	-2.2126e-08	-2.2545e-08	-2.2663e-08	-2.2455e-08	-2.1997e-08	-2.1441e-08	-2.0954e-08	-2.0649e-08	-2.0464e-08	-2.0177e-08	-1.9735e-08	-1.9218e-08	-1.8747e-08	-1.8503e-08	-1.8563e-08	-1.8786e-08	-1.8987e-08	-1.9098e-08	-1.9108e-08	-1.9037e-08	-1.8933e-08	-1.886e-08	-1.8873e-08	-1.8929e-08
-2.6504e-08	-2.6601e-08	-2.6828e-08	-2.6974e-08	-2.6973e-08	-2.6837e-08	-2.6556e-08	-2.6275e-08	-2.6127e-08	-2.6077e-08	-2.6135e-08	-2.6248e-08	-2.6261e-08	-2.6235e-08	-2.6324e-08	-2.6398e-08	-2.6288e-08	-2.6155e-08	-2.622e-08	-2.636e-08	-2.6289e-08	-2.6021e-08	-2.5787e-08	-2.5628e-08	-2.5446e-08	-2.5251e-08	-2.5163e-08	-2.5343e-08	-2.5767e-08	-2.6156e-08	-2.6303e-08	-2.6222e-08	-2.6062e-08	-2.5853e-08	-2.5338e-08	-2.4283e-08	-2.2587e-08	-2.0273e-08	-1.7642e-08	-1.5061e-08	-1.2525e-08	-9.7828e-09	-6.7627e-09	-3.6487e-09	-6.234e-10	2.2882e-09	5.1576e-09	8.127e-09	1.1259e-08	1.4519e-08	1.7856e-08	2.1209e-08	2.451e-08	2.7669e-08	3.0661e-08	3.3562e-08	3.6426e-08	3.9191e-08	4.1787e-08	4.4225e-08	4.6452e-08	4.8336e-08	4.9876e-08	5.1174e-08	5.2121e-08	5.2375e-08	5.1706e-08	5.0218e-08	4.8199e-08	4.5863e-08	4.3264e-08	4.0425e-08	3.7368e-08	3.4062e-08	3.0498e-08	2.6744e-08	2.2886e-08	1.8971e-08	1.502e-08	1.1013e-08	6.9251e-09	2.7733e-09	-1.4419e-09	-5.679e-09	-9.7496e-09	-1.3313e-08	-1.5912e-08	-1.7454e-08	-1.8309e-08	-1.8808e-08	-1.9165e-08	-1.9568e-08	-2.0082e-08	-2.0584e-08	-2.0923e-08	-2.1094e-08	-2.1221e-08	-2.1385e-08	-2.1481e-08	-2.135e-08	-2.1015e-08	-2.0722e-08	-2.0715e-08	-2.0882e-08	-2.0882e-08	-2.0632e-08	-2.0427e-08	-2.0616e-08	-2.1188e-08	-2.1889e-08	-2.2453e-08	-2.2688e-08	-2.2704e-08	-2.2879e-08	-2.3414e-08	-2.4075e-08	-2.4594e-08	-2.4845e-08	-2.4811e-08	-2.4613e-08	-2.4321e-08	-2.3906e-08	-2.3342e-08	-2.2681e-08	-2.208e-08	-2.1703e-08	-2.1605e-08	-2.1701e-08	-2.1897e-08	-2.2212e-08	-2.2692e-08	-2.3275e-08	-2.3785e-08	-2.4018e-08	-2.3907e-08	-2.3455e-08	-2.2823e-08	-2.2311e-08	-2.2043e-08	-2.1898e-08	-2.1744e-08	-2.1539e-08	-2.1242e-08	-2.089e-08	-2.0592e-08	-2.0357e-08	-2.0167e-08	-2.0019e-08	-1.9899e-08	-1.9818e-08	-1.9742e-08	-1.9643e-08	-1.9706e-08	-2.015e-08	-2.0886e-08	-2.1635e-08	-2.2291e-08	-2.2789e-08	-2.2964e-08	-2.2774e-08	-2.2296e-08	-2.1705e-08	-2.1188e-08	-2.0857e-08	-2.0655e-08	-2.0349e-08	-1.9895e-08	-1.9394e-08	-1.8949e-08	-1.8717e-08	-1.878e-08	-1.9018e-08	-1.9245e-08	-1.9381e-08	-1.9416e-08	-1.938e-08	-1.9313e-08	-1.9242e-08	-1.9218e-08	-1.9242e-08
-2.6453e-08	-2.6554e-08	-2.6807e-08	-2.6988e-08	-2.7019e-08	-2.6902e-08	-2.6613e-08	-2.6296e-08	-2.6106e-08	-2.6009e-08	-2.602e-08	-2.6122e-08	-2.6161e-08	-2.6173e-08	-2.6305e-08	-2.6421e-08	-2.6324e-08	-2.6169e-08	-2.6214e-08	-2.6366e-08	-2.6317e-08	-2.6049e-08	-2.579e-08	-2.5618e-08	-2.5438e-08	-2.5234e-08	-2.5105e-08	-2.523e-08	-2.5631e-08	-2.604e-08	-2.6217e-08	-2.6147e-08	-2.5977e-08	-2.5758e-08	-2.5241e-08	-2.4174e-08	-2.2461e-08	-2.0126e-08	-1.7477e-08	-1.4904e-08	-1.2406e-08	-9.7076e-09	-6.7231e-09	-3.6415e-09	-6.4762e-10	2.2425e-09	5.0858e-09	8.0068e-09	1.1094e-08	1.433e-08	1.7649e-08	2.0981e-08	2.4283e-08	2.7473e-08	3.05e-08	3.3412e-08	3.6254e-08	3.898e-08	4.1533e-08	4.394e-08	4.6166e-08	4.8057e-08	4.9577e-08	5.0839e-08	5.1788e-08	5.2102e-08	5.1517e-08	5.0092e-08	4.8098e-08	4.5759e-08	4.3149e-08	4.0294e-08	3.7221e-08	3.3903e-08	3.0326e-08	2.6552e-08	2.2671e-08	1.8727e-08	1.4739e-08	1.0707e-08	6.6126e-09	2.4671e-09	-1.7398e-09	-5.9819e-09	-1.007e-08	-1.3652e-08	-1.6273e-08	-1.7828e-08	-1.8688e-08	-1.9177e-08	-1.9507e-08	-1.9882e-08	-2.0392e-08	-2.09e-08	-2.1231e-08	-2.1396e-08	-2.1528e-08	-2.1704e-08	-2.1805e-08	-2.1658e-08	-2.1288e-08	-2.0956e-08	-2.0919e-08	-2.1072e-08	-2.106e-08	-2.0771e-08	-2.0499e-08	-2.0639e-08	-2.1223e-08	-2.1956e-08	-2.253e-08	-2.2753e-08	-2.2755e-08	-2.2907e-08	-2.3426e-08	-2.4085e-08	-2.4615e-08	-2.4902e-08	-2.4931e-08	-2.4808e-08	-2.4592e-08	-2.4237e-08	-2.3701e-08	-2.3027e-08	-2.2389e-08	-2.1978e-08	-2.1875e-08	-2.1981e-08	-2.2175e-08	-2.248e-08	-2.2977e-08	-2.3613e-08	-2.4197e-08	-2.4473e-08	-2.4341e-08	-2.3834e-08	-2.3151e-08	-2.2616e-08	-2.2342e-08	-2.2189e-08	-2.2019e-08	-2.1798e-08	-2.1467e-08	-2.1053e-08	-2.0687e-08	-2.0412e-08	-2.0213e-08	-2.0068e-08	-1.9927e-08	-1.9795e-08	-1.967e-08	-1.9546e-08	-1.9611e-08	-2.0084e-08	-2.088e-08	-2.1705e-08	-2.2431e-08	-2.2996e-08	-2.3223e-08	-2.3052e-08	-2.2565e-08	-2.1949e-08	-2.1408e-08	-2.1053e-08	-2.0831e-08	-2.0506e-08	-2.004e-08	-1.9559e-08	-1.9148e-08	-1.8933e-08	-1.9e-08	-1.9249e-08	-1.9495e-08	-1.9647e-08	-1.9699e-08	-1.9691e-08	-1.966e-08	-1.9593e-08	-1.9531e-08	-1.9516e-08
-2.6362e-08	-2.6465e-08	-2.6745e-08	-2.6962e-08	-2.7028e-08	-2.6937e-08	-2.6646e-08	-2.6296e-08	-2.6065e-08	-2.5922e-08	-2.5884e-08	-2.5968e-08	-2.603e-08	-2.6077e-08	-2.6249e-08	-2.6407e-08	-2.6328e-08	-2.6153e-08	-2.6177e-08	-2.6338e-08	-2.6314e-08	-2.6048e-08	-2.5768e-08	-2.5583e-08	-2.5408e-08	-2.5203e-08	-2.5044e-08	-2.5118e-08	-2.5496e-08	-2.5926e-08	-2.6133e-08	-2.6075e-08	-2.5895e-08	-2.5662e-08	-2.5139e-08	-2.4058e-08	-2.2325e-08	-1.9969e-08	-1.7301e-08	-1.4733e-08	-1.2273e-08	-9.6205e-09	-6.6769e-09	-3.6342e-09	-6.7989e-10	2.1818e-09	4.9956e-09	7.8668e-09	1.0905e-08	1.4114e-08	1.7414e-08	2.0721e-08	2.4014e-08	2.7227e-08	3.0282e-08	3.3196e-08	3.601e-08	3.8689e-08	4.1191e-08	4.3565e-08	4.5792e-08	4.7697e-08	4.9202e-08	5.0431e-08	5.1377e-08	5.1747e-08	5.1249e-08	4.9894e-08	4.7933e-08	4.56e-08	4.2983e-08	4.0115e-08	3.7028e-08	3.3701e-08	3.0114e-08	2.6325e-08	2.2424e-08	1.8454e-08	1.4432e-08	1.0375e-08	6.2756e-09	2.1387e-09	-2.0553e-09	-6.2959e-09	-1.0392e-08	-1.3988e-08	-1.6626e-08	-1.8193e-08	-1.9059e-08	-1.9541e-08	-1.9847e-08	-2.0194e-08	-2.0697e-08	-2.1208e-08	-2.1535e-08	-2.1691e-08	-2.1826e-08	-2.2012e-08	-2.212e-08	-2.1961e-08	-2.156e-08	-2.119e-08	-2.1123e-08	-2.1261e-08	-2.1239e-08	-2.0919e-08	-2.0587e-08	-2.0677e-08	-2.1269e-08	-2.2027e-08	-2.2609e-08	-2.2822e-08	-2.2809e-08	-2.2938e-08	-2.3436e-08	-2.4085e-08	-2.4621e-08	-2.4936e-08	-2.5022e-08	-2.4966e-08	-2.4821e-08	-2.4523e-08	-2.4018e-08	-2.3338e-08	-2.2669e-08	-2.2226e-08	-2.2115e-08	-2.223e-08	-2.2422e-08	-2.2712e-08	-2.3217e-08	-2.3895e-08	-2.4542e-08	-2.4856e-08	-2.4704e-08	-2.4145e-08	-2.3412e-08	-2.2857e-08	-2.2584e-08	-2.2431e-08	-2.225e-08	-2.2014e-08	-2.1658e-08	-2.1195e-08	-2.0775e-08	-2.0469e-08	-2.0264e-08	-2.0124e-08	-1.9966e-08	-1.9789e-08	-1.9621e-08	-1.9476e-08	-1.9539e-08	-2.0031e-08	-2.0869e-08	-2.1754e-08	-2.2535e-08	-2.3154e-08	-2.3423e-08	-2.3275e-08	-2.2787e-08	-2.2159e-08	-2.1603e-08	-2.1223e-08	-2.0981e-08	-2.0636e-08	-2.016e-08	-1.9701e-08	-1.9331e-08	-1.9141e-08	-1.9214e-08	-1.9469e-08	-1.9725e-08	-1.9885e-08	-1.9944e-08	-1.9957e-08	-1.9957e-08	-1.9896e-08	-1.9796e-08	-1.9733e-08
-2.6239e-08	-2.6341e-08	-2.6648e-08	-2.6902e-08	-2.7004e-08	-2.6944e-08	-2.6658e-08	-2.6279e-08	-2.601e-08	-2.5823e-08	-2.5733e-08	-2.5795e-08	-2.5874e-08	-2.5952e-08	-2.616e-08	-2.6361e-08	-2.6301e-08	-2.6111e-08	-2.6113e-08	-2.6283e-08	-2.6284e-08	-2.6025e-08	-2.5726e-08	-2.5526e-08	-2.5359e-08	-2.5162e-08	-2.4983e-08	-2.5011e-08	-2.5366e-08	-2.5814e-08	-2.6051e-08	-2.6008e-08	-2.5816e-08	-2.5566e-08	-2.5033e-08	-2.3936e-08	-2.2183e-08	-1.9806e-08	-1.7118e-08	-1.4553e-08	-1.2129e-08	-9.5225e-09	-6.6226e-09	-3.6229e-09	-7.1383e-10	2.1143e-09	4.897e-09	7.7184e-09	1.0705e-08	1.3885e-08	1.7165e-08	2.0445e-08	2.3722e-08	2.6947e-08	3.0018e-08	3.2926e-08	3.5703e-08	3.8325e-08	4.0769e-08	4.3107e-08	4.5337e-08	4.7262e-08	4.8758e-08	4.9956e-08	5.0895e-08	5.1317e-08	5.0905e-08	4.9627e-08	4.7708e-08	4.5387e-08	4.2768e-08	3.9891e-08	3.6793e-08	3.3458e-08	2.9867e-08	2.6066e-08	2.2149e-08	1.8157e-08	1.4105e-08	1.0025e-08	5.9213e-09	1.7954e-09	-2.3815e-09	-6.6133e-09	-1.0709e-08	-1.431e-08	-1.6958e-08	-1.8534e-08	-1.9405e-08	-1.9882e-08	-2.0166e-08	-2.0486e-08	-2.0978e-08	-2.1493e-08	-2.1814e-08	-2.1962e-08	-2.2098e-08	-2.2291e-08	-2.2408e-08	-2.2243e-08	-2.1815e-08	-2.1409e-08	-2.1312e-08	-2.1436e-08	-2.1405e-08	-2.1062e-08	-2.0681e-08	-2.0723e-08	-2.1315e-08	-2.2094e-08	-2.2681e-08	-2.2884e-08	-2.2859e-08	-2.2962e-08	-2.3435e-08	-2.4069e-08	-2.4602e-08	-2.4939e-08	-2.5072e-08	-2.5076e-08	-2.4993e-08	-2.4748e-08	-2.4276e-08	-2.3596e-08	-2.2904e-08	-2.243e-08	-2.2308e-08	-2.2431e-08	-2.2621e-08	-2.2892e-08	-2.3396e-08	-2.4102e-08	-2.4799e-08	-2.5146e-08	-2.4974e-08	-2.4365e-08	-2.3585e-08	-2.3013e-08	-2.275e-08	-2.2604e-08	-2.2418e-08	-2.2171e-08	-2.1797e-08	-2.1303e-08	-2.0847e-08	-2.0518e-08	-2.0312e-08	-2.018e-08	-2.001e-08	-1.9794e-08	-1.9589e-08	-1.9428e-08	-1.9489e-08	-1.9988e-08	-2.0851e-08	-2.1775e-08	-2.2594e-08	-2.3249e-08	-2.355e-08	-2.3423e-08	-2.2947e-08	-2.232e-08	-2.1759e-08	-2.1359e-08	-2.1095e-08	-2.0729e-08	-2.0244e-08	-1.9809e-08	-1.9488e-08	-1.9331e-08	-1.9412e-08	-1.9667e-08	-1.9926e-08	-2.0085e-08	-2.014e-08	-2.0164e-08	-2.019e-08	-2.0137e-08	-1.9997e-08	-1.9878e-08
-2.6091e-08	-2.6191e-08	-2.6522e-08	-2.6811e-08	-2.6951e-08	-2.6926e-08	-2.6652e-08	-2.625e-08	-2.5947e-08	-2.5719e-08	-2.5577e-08	-2.5614e-08	-2.5704e-08	-2.5807e-08	-2.6044e-08	-2.6283e-08	-2.6247e-08	-2.6045e-08	-2.6025e-08	-2.6204e-08	-2.6233e-08	-2.5984e-08	-2.5667e-08	-2.5454e-08	-2.5296e-08	-2.5113e-08	-2.4924e-08	-2.4914e-08	-2.5244e-08	-2.5708e-08	-2.5974e-08	-2.5945e-08	-2.5741e-08	-2.5471e-08	-2.4925e-08	-2.3812e-08	-2.2039e-08	-1.9642e-08	-1.6933e-08	-1.4366e-08	-1.1975e-08	-9.4142e-09	-6.5593e-09	-3.6042e-09	-7.4346e-10	2.0481e-09	4.7993e-09	7.5728e-09	1.0508e-08	1.3657e-08	1.6919e-08	2.0169e-08	2.3423e-08	2.6648e-08	2.9725e-08	3.2614e-08	3.5343e-08	3.7896e-08	4.0273e-08	4.2571e-08	4.4809e-08	4.676e-08	4.8254e-08	4.9422e-08	5.0351e-08	5.0818e-08	5.0492e-08	4.9295e-08	4.7424e-08	4.5122e-08	4.2506e-08	3.9624e-08	3.6518e-08	3.3179e-08	2.9586e-08	2.5779e-08	2.1851e-08	1.7842e-08	1.3764e-08	9.6628e-09	5.5568e-09	1.4441e-09	-2.7111e-09	-6.9269e-09	-1.1012e-08	-1.4607e-08	-1.7258e-08	-1.8837e-08	-1.9712e-08	-2.0182e-08	-2.0447e-08	-2.0739e-08	-2.1219e-08	-2.1736e-08	-2.2054e-08	-2.2192e-08	-2.2327e-08	-2.2526e-08	-2.2653e-08	-2.2487e-08	-2.2039e-08	-2.16e-08	-2.1474e-08	-2.1582e-08	-2.1545e-08	-2.1187e-08	-2.0768e-08	-2.0767e-08	-2.1355e-08	-2.2148e-08	-2.2737e-08	-2.293e-08	-2.2894e-08	-2.2973e-08	-2.3416e-08	-2.4027e-08	-2.4551e-08	-2.4902e-08	-2.5073e-08	-2.5125e-08	-2.5093e-08	-2.4894e-08	-2.4454e-08	-2.3784e-08	-2.3076e-08	-2.2574e-08	-2.244e-08	-2.2569e-08	-2.2756e-08	-2.3004e-08	-2.3497e-08	-2.4217e-08	-2.495e-08	-2.532e-08	-2.5128e-08	-2.4472e-08	-2.3649e-08	-2.3066e-08	-2.2819e-08	-2.2692e-08	-2.2507e-08	-2.2253e-08	-2.187e-08	-2.1363e-08	-2.089e-08	-2.0553e-08	-2.0351e-08	-2.0229e-08	-2.0052e-08	-1.9806e-08	-1.9572e-08	-1.9402e-08	-1.946e-08	-1.9954e-08	-2.082e-08	-2.1762e-08	-2.2598e-08	-2.327e-08	-2.3588e-08	-2.3483e-08	-2.3031e-08	-2.2421e-08	-2.1866e-08	-2.1451e-08	-2.1162e-08	-2.0775e-08	-2.0282e-08	-1.9875e-08	-1.961e-08	-1.9495e-08	-1.9586e-08	-1.9838e-08	-2.0092e-08	-2.0239e-08	-2.0281e-08	-2.0306e-08	-2.0354e-08	-2.0309e-08	-2.0131e-08	-1.9949e-08
-2.5929e-08	-2.6023e-08	-2.6375e-08	-2.6697e-08	-2.6874e-08	-2.6886e-08	-2.663e-08	-2.6213e-08	-2.5881e-08	-2.5617e-08	-2.5425e-08	-2.5432e-08	-2.5527e-08	-2.5647e-08	-2.5905e-08	-2.6177e-08	-2.6168e-08	-2.5959e-08	-2.592e-08	-2.6108e-08	-2.6165e-08	-2.5929e-08	-2.5598e-08	-2.5371e-08	-2.5221e-08	-2.5059e-08	-2.4871e-08	-2.483e-08	-2.5135e-08	-2.561e-08	-2.5902e-08	-2.5887e-08	-2.5672e-08	-2.538e-08	-2.4818e-08	-2.3687e-08	-2.1894e-08	-1.9479e-08	-1.675e-08	-1.4177e-08	-1.1814e-08	-9.2967e-09	-6.486e-09	-3.5752e-09	-7.6316e-10	1.9911e-09	4.712e-09	7.441e-09	1.0326e-08	1.3445e-08	1.6688e-08	1.9911e-08	2.3134e-08	2.6347e-08	2.9415e-08	3.2273e-08	3.4941e-08	3.7412e-08	3.971e-08	4.1966e-08	4.4214e-08	4.6199e-08	4.7696e-08	4.8837e-08	4.9753e-08	5.0259e-08	5.0014e-08	4.89e-08	4.7085e-08	4.4808e-08	4.22e-08	3.9316e-08	3.6205e-08	3.2865e-08	2.9275e-08	2.5468e-08	2.1534e-08	1.7513e-08	1.3413e-08	9.2951e-09	5.1892e-09	1.0923e-09	-3.0371e-09	-7.2295e-09	-1.1292e-08	-1.4869e-08	-1.7513e-08	-1.9088e-08	-1.9961e-08	-2.0423e-08	-2.067e-08	-2.0936e-08	-2.1402e-08	-2.192e-08	-2.2235e-08	-2.2366e-08	-2.2497e-08	-2.2699e-08	-2.2836e-08	-2.2674e-08	-2.2213e-08	-2.1747e-08	-2.1595e-08	-2.1687e-08	-2.1644e-08	-2.128e-08	-2.0836e-08	-2.0801e-08	-2.1381e-08	-2.2182e-08	-2.2767e-08	-2.2949e-08	-2.2905e-08	-2.2961e-08	-2.3371e-08	-2.3952e-08	-2.446e-08	-2.4816e-08	-2.5016e-08	-2.5104e-08	-2.5111e-08	-2.4947e-08	-2.4537e-08	-2.3882e-08	-2.317e-08	-2.2645e-08	-2.2497e-08	-2.2629e-08	-2.2812e-08	-2.3033e-08	-2.3506e-08	-2.4227e-08	-2.4978e-08	-2.536e-08	-2.5145e-08	-2.4447e-08	-2.3585e-08	-2.2997e-08	-2.2776e-08	-2.2678e-08	-2.2503e-08	-2.2247e-08	-2.1864e-08	-2.1363e-08	-2.0897e-08	-2.0567e-08	-2.0376e-08	-2.0267e-08	-2.0088e-08	-1.9819e-08	-1.9566e-08	-1.9394e-08	-1.9451e-08	-1.9929e-08	-2.0778e-08	-2.1715e-08	-2.2548e-08	-2.3218e-08	-2.3539e-08	-2.3453e-08	-2.3036e-08	-2.2459e-08	-2.1923e-08	-2.1498e-08	-2.1184e-08	-2.0774e-08	-2.0274e-08	-1.9897e-08	-1.9694e-08	-1.963e-08	-1.9734e-08	-1.998e-08	-2.0222e-08	-2.035e-08	-2.037e-08	-2.0388e-08	-2.0453e-08	-2.0418e-08	-2.0204e-08	-1.9954e-08
-2.5761e-08	-2.5845e-08	-2.6213e-08	-2.6565e-08	-2.6775e-08	-2.6826e-08	-2.6596e-08	-2.6171e-08	-2.5817e-08	-2.5523e-08	-2.5285e-08	-2.5259e-08	-2.5353e-08	-2.5481e-08	-2.5749e-08	-2.6046e-08	-2.6064e-08	-2.5856e-08	-2.5801e-08	-2.5997e-08	-2.6084e-08	-2.5866e-08	-2.5523e-08	-2.5281e-08	-2.5141e-08	-2.5003e-08	-2.4827e-08	-2.4763e-08	-2.5041e-08	-2.5522e-08	-2.5837e-08	-2.5834e-08	-2.5608e-08	-2.5293e-08	-2.4714e-08	-2.3564e-08	-2.1754e-08	-1.9322e-08	-1.6573e-08	-1.3991e-08	-1.165e-08	-9.1715e-09	-6.4024e-09	-3.5333e-09	-7.6765e-10	1.9507e-09	4.644e-09	7.3335e-09	1.0171e-08	1.3261e-08	1.649e-08	1.9685e-08	2.2873e-08	2.6062e-08	2.9106e-08	3.1915e-08	3.4505e-08	3.688e-08	3.9087e-08	4.1295e-08	4.3559e-08	4.5585e-08	4.7092e-08	4.821e-08	4.9108e-08	4.9645e-08	4.9476e-08	4.8447e-08	4.6692e-08	4.4447e-08	4.1852e-08	3.8971e-08	3.5858e-08	3.252e-08	2.8937e-08	2.5135e-08	2.1202e-08	1.7175e-08	1.306e-08	8.9287e-09	4.8256e-09	7.4708e-10	-3.3526e-09	-7.5141e-09	-1.1543e-08	-1.5088e-08	-1.7711e-08	-1.9274e-08	-2.0139e-08	-2.0589e-08	-2.0818e-08	-2.1059e-08	-2.151e-08	-2.2027e-08	-2.2341e-08	-2.2466e-08	-2.2593e-08	-2.2794e-08	-2.2941e-08	-2.279e-08	-2.2324e-08	-2.1836e-08	-2.166e-08	-2.1737e-08	-2.169e-08	-2.1327e-08	-2.0876e-08	-2.0817e-08	-2.1387e-08	-2.2187e-08	-2.2762e-08	-2.2933e-08	-2.2885e-08	-2.292e-08	-2.3294e-08	-2.3839e-08	-2.4324e-08	-2.4678e-08	-2.4896e-08	-2.5008e-08	-2.504e-08	-2.4902e-08	-2.4518e-08	-2.3884e-08	-2.3179e-08	-2.2638e-08	-2.2475e-08	-2.2609e-08	-2.2787e-08	-2.2979e-08	-2.3425e-08	-2.4134e-08	-2.4888e-08	-2.5269e-08	-2.503e-08	-2.4294e-08	-2.34e-08	-2.2812e-08	-2.2627e-08	-2.2568e-08	-2.2412e-08	-2.2159e-08	-2.1783e-08	-2.1306e-08	-2.0868e-08	-2.056e-08	-2.0386e-08	-2.0294e-08	-2.0118e-08	-1.9831e-08	-1.9567e-08	-1.9401e-08	-1.9458e-08	-1.9912e-08	-2.0726e-08	-2.1639e-08	-2.245e-08	-2.3101e-08	-2.3412e-08	-2.3341e-08	-2.2968e-08	-2.2439e-08	-2.1932e-08	-2.1504e-08	-2.1163e-08	-2.073e-08	-2.0224e-08	-1.9878e-08	-1.9741e-08	-1.9733e-08	-1.9855e-08	-2.0093e-08	-2.0319e-08	-2.0422e-08	-2.0412e-08	-2.0415e-08	-2.0493e-08	-2.047e-08	-2.0223e-08	-1.9903e-08
-2.5597e-08	-2.5666e-08	-2.6046e-08	-2.642e-08	-2.666e-08	-2.6751e-08	-2.6551e-08	-2.6128e-08	-2.576e-08	-2.5444e-08	-2.5164e-08	-2.5105e-08	-2.5189e-08	-2.5315e-08	-2.558e-08	-2.5893e-08	-2.5939e-08	-2.5738e-08	-2.5671e-08	-2.5877e-08	-2.5995e-08	-2.5799e-08	-2.5447e-08	-2.5191e-08	-2.5058e-08	-2.4949e-08	-2.4793e-08	-2.4716e-08	-2.4967e-08	-2.5447e-08	-2.5779e-08	-2.5788e-08	-2.5552e-08	-2.5213e-08	-2.4615e-08	-2.3446e-08	-2.162e-08	-1.9175e-08	-1.6407e-08	-1.3811e-08	-1.1486e-08	-9.0399e-09	-6.3082e-09	-3.4763e-09	-7.5206e-10	1.9342e-09	4.6041e-09	7.2607e-09	1.0055e-08	1.312e-08	1.6337e-08	1.9508e-08	2.2657e-08	2.581e-08	2.8812e-08	3.1553e-08	3.4048e-08	3.6309e-08	3.8411e-08	4.0567e-08	4.2851e-08	4.4927e-08	4.6451e-08	4.7548e-08	4.8426e-08	4.8985e-08	4.8885e-08	4.7939e-08	4.6249e-08	4.4041e-08	4.1465e-08	3.8591e-08	3.5479e-08	3.2146e-08	2.8575e-08	2.4785e-08	2.0859e-08	1.6833e-08	1.2708e-08	8.5695e-09	4.4725e-09	4.1511e-10	-3.6512e-09	-7.7748e-09	-1.1757e-08	-1.5255e-08	-1.7844e-08	-1.9385e-08	-2.0235e-08	-2.0668e-08	-2.088e-08	-2.11e-08	-2.1535e-08	-2.205e-08	-2.2365e-08	-2.2487e-08	-2.2608e-08	-2.2806e-08	-2.2963e-08	-2.2828e-08	-2.2367e-08	-2.1865e-08	-2.1669e-08	-2.1731e-08	-2.1681e-08	-2.1326e-08	-2.0882e-08	-2.0812e-08	-2.1373e-08	-2.2164e-08	-2.2723e-08	-2.2882e-08	-2.2834e-08	-2.2851e-08	-2.3187e-08	-2.369e-08	-2.4146e-08	-2.4491e-08	-2.472e-08	-2.4845e-08	-2.4888e-08	-2.4765e-08	-2.4403e-08	-2.3798e-08	-2.3109e-08	-2.2559e-08	-2.2382e-08	-2.2516e-08	-2.269e-08	-2.2852e-08	-2.3264e-08	-2.3951e-08	-2.4694e-08	-2.5065e-08	-2.4799e-08	-2.403e-08	-2.3109e-08	-2.2527e-08	-2.2383e-08	-2.2374e-08	-2.2245e-08	-2.2e-08	-2.1634e-08	-2.1195e-08	-2.0805e-08	-2.0532e-08	-2.0381e-08	-2.0309e-08	-2.0139e-08	-1.9843e-08	-1.9573e-08	-1.942e-08	-1.9481e-08	-1.9904e-08	-2.0667e-08	-2.1537e-08	-2.2312e-08	-2.2929e-08	-2.3217e-08	-2.3156e-08	-2.2834e-08	-2.2363e-08	-2.1897e-08	-2.147e-08	-2.1103e-08	-2.0645e-08	-2.0133e-08	-1.9818e-08	-1.9749e-08	-1.9805e-08	-1.9948e-08	-2.0176e-08	-2.0384e-08	-2.0457e-08	-2.0411e-08	-2.0394e-08	-2.0482e-08	-2.0472e-08	-2.0197e-08	-1.9807e-08
-2.5445e-08	-2.5495e-08	-2.5879e-08	-2.6268e-08	-2.6533e-08	-2.6662e-08	-2.6498e-08	-2.6087e-08	-2.5715e-08	-2.5385e-08	-2.5071e-08	-2.4978e-08	-2.5047e-08	-2.5158e-08	-2.5405e-08	-2.572e-08	-2.5793e-08	-2.5609e-08	-2.5536e-08	-2.5752e-08	-2.5903e-08	-2.5732e-08	-2.5375e-08	-2.5105e-08	-2.4977e-08	-2.4899e-08	-2.4775e-08	-2.4694e-08	-2.4917e-08	-2.5389e-08	-2.5731e-08	-2.5748e-08	-2.5503e-08	-2.5141e-08	-2.4521e-08	-2.3334e-08	-2.1494e-08	-1.904e-08	-1.6255e-08	-1.3643e-08	-1.1324e-08	-8.9038e-09	-6.2036e-09	-3.4027e-09	-7.122e-10	1.9481e-09	4.6002e-09	7.2318e-09	9.9907e-09	1.3033e-08	1.6243e-08	1.9394e-08	2.2501e-08	2.5605e-08	2.8548e-08	3.12e-08	3.3579e-08	3.5709e-08	3.7689e-08	3.9787e-08	4.2099e-08	4.4233e-08	4.578e-08	4.686e-08	4.7715e-08	4.8287e-08	4.8246e-08	4.7382e-08	4.576e-08	4.3596e-08	4.1044e-08	3.818e-08	3.5073e-08	3.1747e-08	2.8192e-08	2.442e-08	2.0508e-08	1.6489e-08	1.2363e-08	8.2215e-09	4.1338e-09	9.9672e-11	-3.9308e-09	-8.0112e-09	-1.1936e-08	-1.5373e-08	-1.7915e-08	-1.9426e-08	-2.0254e-08	-2.0667e-08	-2.0862e-08	-2.1064e-08	-2.1484e-08	-2.1995e-08	-2.2312e-08	-2.2435e-08	-2.2551e-08	-2.2741e-08	-2.2908e-08	-2.2795e-08	-2.2347e-08	-2.1838e-08	-2.1626e-08	-2.1675e-08	-2.1622e-08	-2.128e-08	-2.0859e-08	-2.079e-08	-2.1341e-08	-2.2118e-08	-2.2653e-08	-2.2801e-08	-2.2755e-08	-2.2758e-08	-2.3053e-08	-2.3511e-08	-2.3932e-08	-2.4264e-08	-2.4496e-08	-2.4623e-08	-2.4668e-08	-2.4549e-08	-2.4205e-08	-2.3632e-08	-2.2971e-08	-2.2419e-08	-2.2227e-08	-2.2361e-08	-2.2531e-08	-2.2662e-08	-2.3035e-08	-2.3692e-08	-2.4412e-08	-2.4763e-08	-2.4469e-08	-2.367e-08	-2.2727e-08	-2.2155e-08	-2.206e-08	-2.2107e-08	-2.2013e-08	-2.178e-08	-2.1427e-08	-2.1036e-08	-2.0709e-08	-2.0484e-08	-2.0363e-08	-2.0313e-08	-2.0153e-08	-1.9852e-08	-1.9584e-08	-1.9449e-08	-1.9516e-08	-1.9905e-08	-2.0603e-08	-2.1416e-08	-2.2141e-08	-2.2711e-08	-2.2964e-08	-2.2907e-08	-2.2639e-08	-2.2237e-08	-2.1821e-08	-2.1402e-08	-2.1008e-08	-2.0523e-08	-2.0005e-08	-1.9719e-08	-1.9721e-08	-1.9843e-08	-2.0011e-08	-2.023e-08	-2.0418e-08	-2.0459e-08	-2.0374e-08	-2.0332e-08	-2.0426e-08	-2.043e-08	-2.0133e-08	-1.9675e-08
-2.5315e-08	-2.5341e-08	-2.572e-08	-2.6117e-08	-2.6399e-08	-2.6563e-08	-2.644e-08	-2.605e-08	-2.5686e-08	-2.5353e-08	-2.5013e-08	-2.4889e-08	-2.4934e-08	-2.5018e-08	-2.5229e-08	-2.5531e-08	-2.5629e-08	-2.547e-08	-2.5399e-08	-2.5628e-08	-2.5811e-08	-2.567e-08	-2.5313e-08	-2.5028e-08	-2.4901e-08	-2.4856e-08	-2.4773e-08	-2.4699e-08	-2.4895e-08	-2.535e-08	-2.5692e-08	-2.5714e-08	-2.5462e-08	-2.5077e-08	-2.4435e-08	-2.323e-08	-2.1379e-08	-1.892e-08	-1.6122e-08	-1.3489e-08	-1.1167e-08	-8.7645e-09	-6.0895e-09	-3.3128e-09	-6.4703e-10	1.9945e-09	4.6346e-09	7.2492e-09	9.9794e-09	1.3004e-08	1.6209e-08	1.9346e-08	2.241e-08	2.5454e-08	2.8321e-08	3.0865e-08	3.3109e-08	3.5092e-08	3.6935e-08	3.8969e-08	4.1315e-08	4.3514e-08	4.509e-08	4.6157e-08	4.6989e-08	4.7565e-08	4.7574e-08	4.6787e-08	4.5236e-08	4.312e-08	4.0595e-08	3.7746e-08	3.4646e-08	3.133e-08	2.7794e-08	2.4046e-08	2.0155e-08	1.6148e-08	1.2026e-08	7.8872e-09	3.8115e-09	-1.977e-10	-4.1912e-09	-8.225e-09	-1.2085e-08	-1.5449e-08	-1.7933e-08	-1.9408e-08	-2.0209e-08	-2.0597e-08	-2.0776e-08	-2.0964e-08	-2.1369e-08	-2.1875e-08	-2.2194e-08	-2.2321e-08	-2.2432e-08	-2.2612e-08	-2.2787e-08	-2.2699e-08	-2.2272e-08	-2.1763e-08	-2.1539e-08	-2.1576e-08	-2.1519e-08	-2.1195e-08	-2.0808e-08	-2.0753e-08	-2.1294e-08	-2.2052e-08	-2.2558e-08	-2.2691e-08	-2.2652e-08	-2.2644e-08	-2.2898e-08	-2.3306e-08	-2.369e-08	-2.4003e-08	-2.4233e-08	-2.4355e-08	-2.439e-08	-2.4268e-08	-2.3934e-08	-2.3397e-08	-2.2773e-08	-2.2225e-08	-2.202e-08	-2.2154e-08	-2.232e-08	-2.242e-08	-2.2751e-08	-2.3371e-08	-2.4059e-08	-2.4381e-08	-2.4057e-08	-2.3231e-08	-2.227e-08	-2.1712e-08	-2.167e-08	-2.178e-08	-2.1729e-08	-2.1509e-08	-2.1171e-08	-2.0835e-08	-2.0584e-08	-2.0418e-08	-2.0331e-08	-2.0306e-08	-2.0158e-08	-1.9857e-08	-1.9596e-08	-1.9484e-08	-1.9561e-08	-1.9912e-08	-2.0537e-08	-2.1279e-08	-2.1943e-08	-2.2454e-08	-2.2662e-08	-2.2603e-08	-2.2391e-08	-2.2066e-08	-2.1705e-08	-2.13e-08	-2.088e-08	-2.0368e-08	-1.9843e-08	-1.9585e-08	-1.9656e-08	-1.9849e-08	-2.0043e-08	-2.0253e-08	-2.0421e-08	-2.043e-08	-2.0303e-08	-2.0233e-08	-2.0331e-08	-2.0351e-08	-2.0039e-08	-1.9518e-08
-2.5215e-08	-2.5213e-08	-2.5578e-08	-2.5972e-08	-2.6262e-08	-2.6457e-08	-2.6377e-08	-2.6021e-08	-2.5676e-08	-2.5351e-08	-2.4996e-08	-2.4843e-08	-2.4859e-08	-2.4901e-08	-2.5059e-08	-2.533e-08	-2.5449e-08	-2.5323e-08	-2.5263e-08	-2.5505e-08	-2.5723e-08	-2.5614e-08	-2.5261e-08	-2.4962e-08	-2.4834e-08	-2.4821e-08	-2.4786e-08	-2.473e-08	-2.49e-08	-2.5329e-08	-2.5664e-08	-2.5686e-08	-2.5428e-08	-2.502e-08	-2.4355e-08	-2.3131e-08	-2.1272e-08	-1.8812e-08	-1.6005e-08	-1.335e-08	-1.1017e-08	-8.6232e-09	-5.9674e-09	-3.2088e-09	-5.591e-10	2.071e-09	4.7043e-09	7.3091e-09	1.0017e-08	1.3027e-08	1.6231e-08	1.9358e-08	2.2379e-08	2.5355e-08	2.8133e-08	3.0554e-08	3.2649e-08	3.4473e-08	3.6165e-08	3.8129e-08	4.0513e-08	4.2785e-08	4.4395e-08	4.5452e-08	4.6259e-08	4.6831e-08	4.688e-08	4.6165e-08	4.4685e-08	4.2621e-08	4.0127e-08	3.7295e-08	3.4205e-08	3.0901e-08	2.7387e-08	2.3668e-08	1.9802e-08	1.5813e-08	1.17e-08	7.569e-09	3.5079e-09	-4.755e-10	-4.4321e-09	-8.418e-09	-1.2208e-08	-1.549e-08	-1.7906e-08	-1.9339e-08	-2.011e-08	-2.0472e-08	-2.0635e-08	-2.0812e-08	-2.1203e-08	-2.17e-08	-2.2021e-08	-2.2155e-08	-2.2261e-08	-2.2428e-08	-2.2609e-08	-2.2549e-08	-2.215e-08	-2.1647e-08	-2.1415e-08	-2.1441e-08	-2.138e-08	-2.1076e-08	-2.0732e-08	-2.0701e-08	-2.1236e-08	-2.1969e-08	-2.244e-08	-2.2558e-08	-2.2528e-08	-2.2512e-08	-2.2726e-08	-2.3082e-08	-2.3425e-08	-2.3717e-08	-2.394e-08	-2.4049e-08	-2.4066e-08	-2.3932e-08	-2.3603e-08	-2.3104e-08	-2.2524e-08	-2.1989e-08	-2.1771e-08	-2.1904e-08	-2.2066e-08	-2.2137e-08	-2.2423e-08	-2.3001e-08	-2.3651e-08	-2.3936e-08	-2.358e-08	-2.2729e-08	-2.1754e-08	-2.1213e-08	-2.1227e-08	-2.1406e-08	-2.1403e-08	-2.12e-08	-2.0875e-08	-2.0598e-08	-2.0434e-08	-2.0334e-08	-2.0286e-08	-2.0287e-08	-2.0155e-08	-1.9859e-08	-1.9609e-08	-1.9523e-08	-1.9613e-08	-1.9925e-08	-2.047e-08	-2.113e-08	-2.1725e-08	-2.2169e-08	-2.2322e-08	-2.2253e-08	-2.2098e-08	-2.1853e-08	-2.1555e-08	-2.1168e-08	-2.0723e-08	-2.0183e-08	-1.9651e-08	-1.9417e-08	-1.9555e-08	-1.9819e-08	-2.0043e-08	-2.0246e-08	-2.0395e-08	-2.0372e-08	-2.0204e-08	-2.0105e-08	-2.0204e-08	-2.0242e-08	-1.9921e-08	-1.9344e-08
-2.5148e-08	-2.5112e-08	-2.5455e-08	-2.5835e-08	-2.6125e-08	-2.6345e-08	-2.631e-08	-2.5998e-08	-2.5684e-08	-2.5377e-08	-2.5016e-08	-2.4839e-08	-2.482e-08	-2.4811e-08	-2.4898e-08	-2.512e-08	-2.5255e-08	-2.517e-08	-2.5129e-08	-2.5386e-08	-2.5638e-08	-2.5564e-08	-2.5219e-08	-2.4908e-08	-2.4773e-08	-2.479e-08	-2.481e-08	-2.4783e-08	-2.4928e-08	-2.5325e-08	-2.5644e-08	-2.5662e-08	-2.5398e-08	-2.4968e-08	-2.4277e-08	-2.3036e-08	-2.1171e-08	-1.8714e-08	-1.5902e-08	-1.3225e-08	-1.0873e-08	-8.4807e-09	-5.8387e-09	-3.0933e-09	-4.5198e-10	2.1734e-09	4.8045e-09	7.4058e-09	1.0098e-08	1.3097e-08	1.6301e-08	1.9422e-08	2.2402e-08	2.5305e-08	2.7985e-08	3.0274e-08	3.2209e-08	3.3865e-08	3.5396e-08	3.7284e-08	3.9709e-08	4.2057e-08	4.3705e-08	4.4757e-08	4.5539e-08	4.61e-08	4.6178e-08	4.5529e-08	4.412e-08	4.2108e-08	3.9648e-08	3.6837e-08	3.3758e-08	3.0466e-08	2.6976e-08	2.329e-08	1.9454e-08	1.5488e-08	1.1389e-08	7.2694e-09	3.225e-09	-7.3209e-10	-4.6529e-09	-8.5914e-09	-1.2309e-08	-1.5501e-08	-1.7841e-08	-1.9228e-08	-1.9968e-08	-2.0303e-08	-2.0452e-08	-2.0622e-08	-2.0998e-08	-2.1483e-08	-2.1806e-08	-2.1948e-08	-2.205e-08	-2.22e-08	-2.2386e-08	-2.2355e-08	-2.1988e-08	-2.1497e-08	-2.1262e-08	-2.1277e-08	-2.1212e-08	-2.0928e-08	-2.0636e-08	-2.0639e-08	-2.1169e-08	-2.1873e-08	-2.2304e-08	-2.2405e-08	-2.2387e-08	-2.2367e-08	-2.254e-08	-2.2841e-08	-2.3142e-08	-2.3411e-08	-2.3624e-08	-2.3716e-08	-2.3708e-08	-2.3553e-08	-2.3224e-08	-2.2764e-08	-2.2235e-08	-2.1719e-08	-2.149e-08	-2.162e-08	-2.1781e-08	-2.1823e-08	-2.2063e-08	-2.2597e-08	-2.3201e-08	-2.3445e-08	-2.3054e-08	-2.218e-08	-2.1195e-08	-2.0674e-08	-2.0746e-08	-2.0997e-08	-2.1047e-08	-2.0863e-08	-2.0549e-08	-2.0333e-08	-2.0262e-08	-2.0235e-08	-2.0229e-08	-2.0257e-08	-2.0143e-08	-1.9856e-08	-1.9621e-08	-1.9564e-08	-1.9669e-08	-1.9943e-08	-2.0402e-08	-2.0974e-08	-2.1492e-08	-2.1862e-08	-2.1953e-08	-2.1868e-08	-2.1767e-08	-2.1606e-08	-2.1373e-08	-2.1009e-08	-2.054e-08	-1.9972e-08	-1.9432e-08	-1.9218e-08	-1.9419e-08	-1.9755e-08	-2.0009e-08	-2.0206e-08	-2.034e-08	-2.0288e-08	-2.0081e-08	-1.9952e-08	-2.0052e-08	-2.0109e-08	-1.9788e-08	-1.9162e-08
-2.511e-08	-2.5038e-08	-2.535e-08	-2.5709e-08	-2.5989e-08	-2.6228e-08	-2.6239e-08	-2.5979e-08	-2.5705e-08	-2.5424e-08	-2.507e-08	-2.4873e-08	-2.4817e-08	-2.4748e-08	-2.4751e-08	-2.4906e-08	-2.5051e-08	-2.5013e-08	-2.4997e-08	-2.5271e-08	-2.5557e-08	-2.552e-08	-2.5186e-08	-2.4864e-08	-2.4719e-08	-2.4762e-08	-2.4841e-08	-2.4852e-08	-2.4976e-08	-2.5334e-08	-2.563e-08	-2.564e-08	-2.537e-08	-2.4918e-08	-2.4201e-08	-2.2941e-08	-2.1072e-08	-1.8623e-08	-1.5811e-08	-1.3112e-08	-1.0735e-08	-8.3376e-09	-5.7051e-09	-2.9689e-09	-3.2911e-10	2.2979e-09	4.9309e-09	7.534e-09	1.0216e-08	1.3206e-08	1.6412e-08	1.953e-08	2.2474e-08	2.53e-08	2.7877e-08	3.0027e-08	3.1798e-08	3.3281e-08	3.4643e-08	3.6449e-08	3.8917e-08	4.1344e-08	4.3035e-08	4.4084e-08	4.4842e-08	4.5384e-08	4.5481e-08	4.4891e-08	4.355e-08	4.1592e-08	3.9167e-08	3.6377e-08	3.331e-08	3.0032e-08	2.6568e-08	2.2917e-08	1.9115e-08	1.5175e-08	1.1095e-08	6.9909e-09	2.9651e-09	-9.6572e-10	-4.8531e-09	-8.7462e-09	-1.239e-08	-1.5489e-08	-1.7745e-08	-1.9086e-08	-1.9793e-08	-2.0102e-08	-2.0238e-08	-2.0404e-08	-2.0767e-08	-2.1236e-08	-2.1559e-08	-2.1711e-08	-2.181e-08	-2.194e-08	-2.2126e-08	-2.2125e-08	-2.1796e-08	-2.1321e-08	-2.1085e-08	-2.1091e-08	-2.1021e-08	-2.0757e-08	-2.0522e-08	-2.0569e-08	-2.1095e-08	-2.1767e-08	-2.2153e-08	-2.2237e-08	-2.2232e-08	-2.2212e-08	-2.2344e-08	-2.259e-08	-2.2848e-08	-2.3093e-08	-2.3295e-08	-2.3365e-08	-2.3326e-08	-2.3145e-08	-2.2809e-08	-2.2388e-08	-2.1916e-08	-2.1424e-08	-2.1186e-08	-2.1314e-08	-2.1473e-08	-2.149e-08	-2.1684e-08	-2.2171e-08	-2.2726e-08	-2.2923e-08	-2.2496e-08	-2.1602e-08	-2.061e-08	-2.011e-08	-2.0241e-08	-2.0566e-08	-2.0673e-08	-2.0509e-08	-2.0203e-08	-2.0048e-08	-2.0072e-08	-2.0122e-08	-2.016e-08	-2.0215e-08	-2.012e-08	-1.9849e-08	-1.9632e-08	-1.9606e-08	-1.9727e-08	-1.9965e-08	-2.0336e-08	-2.0812e-08	-2.1249e-08	-2.1537e-08	-2.1563e-08	-2.1457e-08	-2.1405e-08	-2.1327e-08	-2.116e-08	-2.0821e-08	-2.0332e-08	-1.974e-08	-1.9197e-08	-1.9e-08	-1.9253e-08	-1.9652e-08	-1.9938e-08	-2.0131e-08	-2.025e-08	-2.0176e-08	-1.994e-08	-1.9787e-08	-1.988e-08	-1.9948e-08	-1.9636e-08	-1.8981e-08
-2.5099e-08	-2.4989e-08	-2.5264e-08	-2.5592e-08	-2.5856e-08	-2.6106e-08	-2.6162e-08	-2.5961e-08	-2.5736e-08	-2.549e-08	-2.515e-08	-2.494e-08	-2.4847e-08	-2.4712e-08	-2.462e-08	-2.4694e-08	-2.4841e-08	-2.4854e-08	-2.4869e-08	-2.5159e-08	-2.5478e-08	-2.548e-08	-2.5161e-08	-2.4829e-08	-2.467e-08	-2.4736e-08	-2.4875e-08	-2.4932e-08	-2.5039e-08	-2.5354e-08	-2.5622e-08	-2.5618e-08	-2.5343e-08	-2.4868e-08	-2.4122e-08	-2.2844e-08	-2.0973e-08	-1.8535e-08	-1.5728e-08	-1.301e-08	-1.0602e-08	-8.1945e-09	-5.5678e-09	-2.8381e-09	-1.9383e-10	2.4406e-09	5.079e-09	7.6885e-09	1.0365e-08	1.3348e-08	1.6556e-08	1.9676e-08	2.2586e-08	2.5337e-08	2.7808e-08	2.9818e-08	3.1424e-08	3.2734e-08	3.3923e-08	3.5642e-08	3.8153e-08	4.0661e-08	4.2396e-08	4.3446e-08	4.418e-08	4.4697e-08	4.4803e-08	4.4264e-08	4.2986e-08	4.1082e-08	3.8693e-08	3.5924e-08	3.2871e-08	2.9607e-08	2.6167e-08	2.2554e-08	1.879e-08	1.4879e-08	1.0821e-08	6.7365e-09	2.7309e-09	-1.1743e-09	-5.0317e-09	-8.8818e-09	-1.2453e-08	-1.5453e-08	-1.7622e-08	-1.8916e-08	-1.9594e-08	-1.988e-08	-2.0007e-08	-2.0174e-08	-2.0523e-08	-2.097e-08	-2.129e-08	-2.1454e-08	-2.155e-08	-2.166e-08	-2.1839e-08	-2.1865e-08	-2.1578e-08	-2.113e-08	-2.0897e-08	-2.0891e-08	-2.0812e-08	-2.0571e-08	-2.0401e-08	-2.0501e-08	-2.1019e-08	-2.1648e-08	-2.1985e-08	-2.2055e-08	-2.2066e-08	-2.2052e-08	-2.2144e-08	-2.2334e-08	-2.2549e-08	-2.277e-08	-2.2956e-08	-2.3002e-08	-2.2927e-08	-2.2714e-08	-2.2368e-08	-2.1986e-08	-2.1574e-08	-2.1121e-08	-2.0881e-08	-2.0996e-08	-2.1149e-08	-2.1153e-08	-2.1305e-08	-2.1737e-08	-2.2227e-08	-2.2365e-08	-2.1908e-08	-2.1009e-08	-2.0035e-08	-1.9562e-08	-1.9734e-08	-2.0117e-08	-2.0282e-08	-2.0145e-08	-1.9857e-08	-1.9757e-08	-1.9868e-08	-1.9996e-08	-2.0079e-08	-2.0156e-08	-2.0083e-08	-1.9838e-08	-1.9647e-08	-1.965e-08	-1.9785e-08	-1.9989e-08	-2.0273e-08	-2.0648e-08	-2.0998e-08	-2.1201e-08	-2.1162e-08	-2.1036e-08	-2.1024e-08	-2.1021e-08	-2.0916e-08	-2.0606e-08	-2.0102e-08	-1.9491e-08	-1.895e-08	-1.8768e-08	-1.9057e-08	-1.9509e-08	-1.9826e-08	-2.0019e-08	-2.0128e-08	-2.0039e-08	-1.9784e-08	-1.9613e-08	-1.9695e-08	-1.9771e-08	-1.9475e-08	-1.8809e-08
-2.5112e-08	-2.4964e-08	-2.5195e-08	-2.5485e-08	-2.5727e-08	-2.5982e-08	-2.608e-08	-2.5943e-08	-2.5773e-08	-2.5568e-08	-2.5253e-08	-2.5036e-08	-2.4906e-08	-2.4704e-08	-2.4508e-08	-2.4487e-08	-2.4628e-08	-2.4695e-08	-2.4747e-08	-2.5053e-08	-2.5401e-08	-2.5441e-08	-2.5142e-08	-2.4804e-08	-2.4628e-08	-2.471e-08	-2.4908e-08	-2.5019e-08	-2.5114e-08	-2.5383e-08	-2.5613e-08	-2.5592e-08	-2.5311e-08	-2.4813e-08	-2.4033e-08	-2.2735e-08	-2.0864e-08	-1.8443e-08	-1.5653e-08	-1.2921e-08	-1.0475e-08	-8.0486e-09	-5.4265e-09	-2.7043e-09	-4.9475e-11	2.5977e-09	5.2441e-09	7.8655e-09	1.0546e-08	1.3522e-08	1.6725e-08	1.9847e-08	2.2729e-08	2.5403e-08	2.7766e-08	2.9641e-08	3.1088e-08	3.2234e-08	3.3267e-08	3.4904e-08	3.7433e-08	3.9997e-08	4.178e-08	4.2844e-08	4.3558e-08	4.4041e-08	4.4139e-08	4.3637e-08	4.2419e-08	4.057e-08	3.8219e-08	3.5476e-08	3.2438e-08	2.9189e-08	2.5775e-08	2.2201e-08	1.8476e-08	1.4597e-08	1.057e-08	6.5114e-09	2.5281e-09	-1.3545e-09	-5.1866e-09	-8.9887e-09	-1.2481e-08	-1.5378e-08	-1.7457e-08	-1.8713e-08	-1.9373e-08	-1.9647e-08	-1.9774e-08	-1.9947e-08	-2.0279e-08	-2.0696e-08	-2.1009e-08	-2.1187e-08	-2.1283e-08	-2.1371e-08	-2.1535e-08	-2.1582e-08	-2.1343e-08	-2.0932e-08	-2.0704e-08	-2.0681e-08	-2.0593e-08	-2.0379e-08	-2.0276e-08	-2.0433e-08	-2.094e-08	-2.152e-08	-2.1809e-08	-2.1867e-08	-2.1893e-08	-2.1888e-08	-2.1942e-08	-2.2077e-08	-2.2251e-08	-2.2447e-08	-2.2616e-08	-2.2638e-08	-2.2525e-08	-2.2276e-08	-2.1918e-08	-2.1571e-08	-2.122e-08	-2.0811e-08	-2.0573e-08	-2.0674e-08	-2.0821e-08	-2.0816e-08	-2.0929e-08	-2.1306e-08	-2.173e-08	-2.181e-08	-2.1324e-08	-2.0422e-08	-1.9468e-08	-1.9021e-08	-1.9232e-08	-1.9672e-08	-1.9894e-08	-1.9787e-08	-1.9516e-08	-1.9463e-08	-1.9655e-08	-1.9857e-08	-1.9987e-08	-2.0086e-08	-2.0037e-08	-1.9823e-08	-1.966e-08	-1.9687e-08	-1.9834e-08	-2.0006e-08	-2.0209e-08	-2.0486e-08	-2.0748e-08	-2.0867e-08	-2.0765e-08	-2.0614e-08	-2.0633e-08	-2.0696e-08	-2.0649e-08	-2.0368e-08	-1.9854e-08	-1.9229e-08	-1.8689e-08	-1.8516e-08	-1.8832e-08	-1.9327e-08	-1.9674e-08	-1.9871e-08	-1.9975e-08	-1.988e-08	-1.9615e-08	-1.9431e-08	-1.9504e-08	-1.9588e-08	-1.9315e-08	-1.8652e-08
-2.5152e-08	-2.497e-08	-2.5144e-08	-2.5389e-08	-2.5603e-08	-2.5851e-08	-2.5986e-08	-2.5921e-08	-2.5813e-08	-2.565e-08	-2.5375e-08	-2.5158e-08	-2.4989e-08	-2.4722e-08	-2.4425e-08	-2.43e-08	-2.4417e-08	-2.4537e-08	-2.4639e-08	-2.4953e-08	-2.5316e-08	-2.5394e-08	-2.5127e-08	-2.4792e-08	-2.46e-08	-2.4688e-08	-2.4935e-08	-2.5103e-08	-2.5198e-08	-2.5415e-08	-2.56e-08	-2.5556e-08	-2.5268e-08	-2.4744e-08	-2.3925e-08	-2.2605e-08	-2.0736e-08	-1.8339e-08	-1.5582e-08	-1.2844e-08	-1.0353e-08	-7.9003e-09	-5.2823e-09	-2.5687e-09	1.0102e-10	2.7652e-09	5.4223e-09	8.0597e-09	1.0751e-08	1.372e-08	1.6912e-08	2.0034e-08	2.2893e-08	2.5494e-08	2.7752e-08	2.95e-08	3.08e-08	3.1794e-08	3.2688e-08	3.4244e-08	3.6772e-08	3.9379e-08	4.1212e-08	4.2297e-08	4.2995e-08	4.3439e-08	4.3519e-08	4.3043e-08	4.1879e-08	4.008e-08	3.7767e-08	3.505e-08	3.2028e-08	2.8794e-08	2.5405e-08	2.187e-08	1.8185e-08	1.4339e-08	1.0345e-08	6.3157e-09	2.3557e-09	-1.5057e-09	-5.3158e-09	-9.0747e-09	-1.2496e-08	-1.5295e-08	-1.7288e-08	-1.8506e-08	-1.9151e-08	-1.9419e-08	-1.9549e-08	-1.9729e-08	-2.0045e-08	-2.0431e-08	-2.0733e-08	-2.0921e-08	-2.1016e-08	-2.1082e-08	-2.123e-08	-2.1295e-08	-2.1102e-08	-2.073e-08	-2.0509e-08	-2.0471e-08	-2.0377e-08	-2.0188e-08	-2.0147e-08	-2.036e-08	-2.0858e-08	-2.139e-08	-2.1633e-08	-2.1678e-08	-2.1717e-08	-2.172e-08	-2.174e-08	-2.1823e-08	-2.1959e-08	-2.2134e-08	-2.2284e-08	-2.2282e-08	-2.2131e-08	-2.1845e-08	-2.1472e-08	-2.1156e-08	-2.0864e-08	-2.0503e-08	-2.0271e-08	-2.0358e-08	-2.0499e-08	-2.0489e-08	-2.0565e-08	-2.0888e-08	-2.1249e-08	-2.1275e-08	-2.0763e-08	-1.9859e-08	-1.8925e-08	-1.8505e-08	-1.875e-08	-1.9243e-08	-1.9522e-08	-1.9446e-08	-1.9191e-08	-1.9177e-08	-1.9438e-08	-1.9709e-08	-1.9883e-08	-2.0006e-08	-1.9982e-08	-1.9802e-08	-1.9668e-08	-1.9717e-08	-1.9872e-08	-2.0015e-08	-2.0144e-08	-2.0327e-08	-2.0503e-08	-2.0542e-08	-2.0379e-08	-2.0202e-08	-2.0241e-08	-2.036e-08	-2.0364e-08	-2.0109e-08	-1.9592e-08	-1.8957e-08	-1.8418e-08	-1.8248e-08	-1.858e-08	-1.9108e-08	-1.9481e-08	-1.9685e-08	-1.9791e-08	-1.9699e-08	-1.9437e-08	-1.9248e-08	-1.9313e-08	-1.9406e-08	-1.9163e-08	-1.8518e-08
-2.5212e-08	-2.4997e-08	-2.511e-08	-2.5304e-08	-2.5487e-08	-2.5722e-08	-2.5889e-08	-2.5896e-08	-2.5851e-08	-2.5736e-08	-2.5507e-08	-2.5297e-08	-2.5093e-08	-2.4763e-08	-2.4367e-08	-2.4134e-08	-2.4218e-08	-2.4384e-08	-2.4536e-08	-2.4859e-08	-2.5235e-08	-2.5348e-08	-2.5115e-08	-2.4786e-08	-2.4579e-08	-2.4666e-08	-2.4955e-08	-2.518e-08	-2.5279e-08	-2.5448e-08	-2.5586e-08	-2.5517e-08	-2.5218e-08	-2.4668e-08	-2.3807e-08	-2.2467e-08	-2.0601e-08	-1.8231e-08	-1.5509e-08	-1.277e-08	-1.0236e-08	-7.7549e-09	-5.1385e-09	-2.4314e-09	2.5492e-10	2.9391e-09	5.6102e-09	8.2653e-09	1.097e-08	1.3932e-08	1.7112e-08	2.0232e-08	2.3073e-08	2.5608e-08	2.777e-08	2.9404e-08	3.0571e-08	3.1427e-08	3.2194e-08	3.3669e-08	3.6188e-08	3.8831e-08	4.0712e-08	4.182e-08	4.2502e-08	4.2907e-08	4.2962e-08	4.25e-08	4.1379e-08	3.9626e-08	3.7348e-08	3.4654e-08	3.1648e-08	2.8429e-08	2.5063e-08	2.1565e-08	1.792e-08	1.411e-08	1.0151e-08	6.152e-09	2.216e-09	-1.6259e-09	-5.418e-09	-9.1396e-09	-1.2497e-08	-1.5208e-08	-1.712e-08	-1.8303e-08	-1.8938e-08	-1.9207e-08	-1.9346e-08	-1.9534e-08	-1.9833e-08	-2.0186e-08	-2.0473e-08	-2.0667e-08	-2.0761e-08	-2.0806e-08	-2.0933e-08	-2.1013e-08	-2.0864e-08	-2.0531e-08	-2.0317e-08	-2.0269e-08	-2.0169e-08	-2.0004e-08	-2.002e-08	-2.0285e-08	-2.0775e-08	-2.126e-08	-2.146e-08	-2.1491e-08	-2.1542e-08	-2.1552e-08	-2.154e-08	-2.1576e-08	-2.1679e-08	-2.1834e-08	-2.1969e-08	-2.1942e-08	-2.1754e-08	-2.1432e-08	-2.1042e-08	-2.0752e-08	-2.0517e-08	-2.0206e-08	-1.9983e-08	-2.0058e-08	-2.0195e-08	-2.0181e-08	-2.0225e-08	-2.0496e-08	-2.0799e-08	-2.0775e-08	-2.0239e-08	-1.9336e-08	-1.8424e-08	-1.8028e-08	-1.8304e-08	-1.8845e-08	-1.9178e-08	-1.9134e-08	-1.8895e-08	-1.8907e-08	-1.9223e-08	-1.9555e-08	-1.9771e-08	-1.9915e-08	-1.9919e-08	-1.9775e-08	-1.9672e-08	-1.9739e-08	-1.9895e-08	-2.0012e-08	-2.0077e-08	-2.0173e-08	-2.0268e-08	-2.0232e-08	-2.0014e-08	-1.9809e-08	-1.9858e-08	-2.0018e-08	-2.0064e-08	-1.9834e-08	-1.9318e-08	-1.8679e-08	-1.814e-08	-1.7967e-08	-1.8302e-08	-1.8851e-08	-1.9246e-08	-1.946e-08	-1.9575e-08	-1.9499e-08	-1.9251e-08	-1.9066e-08	-1.9128e-08	-1.9232e-08	-1.9025e-08	-1.8415e-08
-2.5284e-08	-2.5038e-08	-2.509e-08	-2.5231e-08	-2.5379e-08	-2.5597e-08	-2.579e-08	-2.5866e-08	-2.5885e-08	-2.5821e-08	-2.5642e-08	-2.5446e-08	-2.5213e-08	-2.4826e-08	-2.4334e-08	-2.3993e-08	-2.4035e-08	-2.424e-08	-2.4439e-08	-2.4771e-08	-2.5157e-08	-2.5303e-08	-2.5105e-08	-2.4784e-08	-2.4562e-08	-2.4644e-08	-2.4967e-08	-2.5244e-08	-2.5353e-08	-2.5479e-08	-2.557e-08	-2.5473e-08	-2.5159e-08	-2.4581e-08	-2.3679e-08	-2.2317e-08	-2.0456e-08	-1.8116e-08	-1.5431e-08	-1.2696e-08	-1.0122e-08	-7.6123e-09	-4.9959e-09	-2.294e-09	4.0943e-10	3.116e-09	5.8037e-09	8.4776e-09	1.1197e-08	1.4152e-08	1.7317e-08	2.0436e-08	2.3262e-08	2.5741e-08	2.7818e-08	2.9353e-08	3.0406e-08	3.1143e-08	3.1798e-08	3.3195e-08	3.5694e-08	3.8366e-08	4.0293e-08	4.1425e-08	4.2094e-08	4.2458e-08	4.248e-08	4.202e-08	4.0932e-08	3.9217e-08	3.6969e-08	3.4297e-08	3.1305e-08	2.8099e-08	2.4755e-08	2.1292e-08	1.7686e-08	1.3912e-08	9.9898e-09	6.0231e-09	2.1115e-09	-1.7131e-09	-5.4916e-09	-9.1831e-09	-1.2488e-08	-1.5121e-08	-1.696e-08	-1.8112e-08	-1.8744e-08	-1.9024e-08	-1.9176e-08	-1.9372e-08	-1.9656e-08	-1.9974e-08	-2.0243e-08	-2.0438e-08	-2.0529e-08	-2.0552e-08	-2.0657e-08	-2.0746e-08	-2.0638e-08	-2.0343e-08	-2.0138e-08	-2.008e-08	-1.9978e-08	-1.9834e-08	-1.9899e-08	-2.021e-08	-2.0693e-08	-2.1135e-08	-2.1294e-08	-2.1312e-08	-2.1371e-08	-2.1388e-08	-2.1348e-08	-2.1342e-08	-2.1415e-08	-2.1556e-08	-2.1676e-08	-2.1628e-08	-2.1406e-08	-2.1049e-08	-2.0641e-08	-2.0372e-08	-2.019e-08	-1.9928e-08	-1.9719e-08	-1.9783e-08	-1.9918e-08	-1.9904e-08	-1.9919e-08	-2.0143e-08	-2.0393e-08	-2.0327e-08	-1.9772e-08	-1.8871e-08	-1.798e-08	-1.7607e-08	-1.7909e-08	-1.8492e-08	-1.8875e-08	-1.8864e-08	-1.8637e-08	-1.8663e-08	-1.9017e-08	-1.9398e-08	-1.965e-08	-1.9815e-08	-1.9846e-08	-1.9742e-08	-1.967e-08	-1.975e-08	-1.9903e-08	-1.9996e-08	-2.0005e-08	-2.0025e-08	-2.0046e-08	-1.9944e-08	-1.9677e-08	-1.9445e-08	-1.9493e-08	-1.968e-08	-1.9756e-08	-1.9546e-08	-1.9035e-08	-1.8396e-08	-1.7858e-08	-1.7677e-08	-1.8002e-08	-1.8559e-08	-1.8968e-08	-1.9194e-08	-1.9326e-08	-1.9279e-08	-1.906e-08	-1.8891e-08	-1.8955e-08	-1.9073e-08	-1.8908e-08	-1.8349e-08
-2.5364e-08	-2.509e-08	-2.5083e-08	-2.517e-08	-2.528e-08	-2.5477e-08	-2.569e-08	-2.583e-08	-2.5913e-08	-2.5903e-08	-2.5776e-08	-2.56e-08	-2.5347e-08	-2.4908e-08	-2.4328e-08	-2.3882e-08	-2.3873e-08	-2.4106e-08	-2.435e-08	-2.4691e-08	-2.5084e-08	-2.5259e-08	-2.5095e-08	-2.4787e-08	-2.4551e-08	-2.4621e-08	-2.4967e-08	-2.5291e-08	-2.5414e-08	-2.5503e-08	-2.555e-08	-2.5423e-08	-2.5089e-08	-2.4481e-08	-2.3539e-08	-2.2154e-08	-2.0299e-08	-1.799e-08	-1.5346e-08	-1.2619e-08	-1.0011e-08	-7.4725e-09	-4.8552e-09	-2.1579e-09	5.6191e-10	3.2922e-09	5.9989e-09	8.6921e-09	1.1426e-08	1.4373e-08	1.7523e-08	2.0638e-08	2.3452e-08	2.5884e-08	2.7891e-08	2.9348e-08	3.0311e-08	3.095e-08	3.1515e-08	3.2839e-08	3.5309e-08	3.7999e-08	3.9968e-08	4.1125e-08	4.1781e-08	4.2106e-08	4.2089e-08	4.1619e-08	4.055e-08	3.8864e-08	3.6641e-08	3.3987e-08	3.1008e-08	2.7813e-08	2.4488e-08	2.1057e-08	1.7489e-08	1.3751e-08	9.8657e-09	5.932e-09	2.0447e-09	-1.765e-09	-5.5348e-09	-9.2046e-09	-1.2468e-08	-1.5038e-08	-1.6814e-08	-1.794e-08	-1.8578e-08	-1.8879e-08	-1.9051e-08	-1.9258e-08	-1.9525e-08	-1.9807e-08	-2.0053e-08	-2.0244e-08	-2.033e-08	-2.0332e-08	-2.0411e-08	-2.0506e-08	-2.0433e-08	-2.0174e-08	-1.9978e-08	-1.9914e-08	-1.981e-08	-1.9686e-08	-1.9791e-08	-2.014e-08	-2.0615e-08	-2.1016e-08	-2.1139e-08	-2.1143e-08	-2.1208e-08	-2.123e-08	-2.1165e-08	-2.1122e-08	-2.1173e-08	-2.1303e-08	-2.1413e-08	-2.1348e-08	-2.1096e-08	-2.0706e-08	-2.0279e-08	-2.0026e-08	-1.9893e-08	-1.9681e-08	-1.9489e-08	-1.9543e-08	-1.9677e-08	-1.9667e-08	-1.9657e-08	-1.9838e-08	-2.0045e-08	-1.9945e-08	-1.9376e-08	-1.848e-08	-1.761e-08	-1.7258e-08	-1.758e-08	-1.8197e-08	-1.8626e-08	-1.8645e-08	-1.8429e-08	-1.8456e-08	-1.8827e-08	-1.9243e-08	-1.9523e-08	-1.9705e-08	-1.9765e-08	-1.9704e-08	-1.9662e-08	-1.9749e-08	-1.9891e-08	-1.9962e-08	-1.9928e-08	-1.9885e-08	-1.9841e-08	-1.9682e-08	-1.9377e-08	-1.912e-08	-1.9155e-08	-1.9353e-08	-1.9445e-08	-1.9248e-08	-1.8745e-08	-1.8113e-08	-1.7577e-08	-1.7381e-08	-1.7683e-08	-1.8231e-08	-1.8648e-08	-1.8887e-08	-1.9044e-08	-1.904e-08	-1.8866e-08	-1.8725e-08	-1.8799e-08	-1.8933e-08	-1.8817e-08	-1.8326e-08
-2.5448e-08	-2.515e-08	-2.5088e-08	-2.5121e-08	-2.5191e-08	-2.5362e-08	-2.5591e-08	-2.5789e-08	-2.5933e-08	-2.5976e-08	-2.5903e-08	-2.5755e-08	-2.5489e-08	-2.5008e-08	-2.435e-08	-2.3804e-08	-2.3736e-08	-2.3988e-08	-2.4271e-08	-2.4619e-08	-2.5015e-08	-2.5215e-08	-2.5086e-08	-2.4792e-08	-2.4543e-08	-2.4596e-08	-2.4955e-08	-2.5318e-08	-2.5457e-08	-2.5516e-08	-2.5523e-08	-2.5364e-08	-2.5007e-08	-2.4366e-08	-2.3382e-08	-2.1976e-08	-2.0127e-08	-1.7851e-08	-1.525e-08	-1.2537e-08	-9.8999e-09	-7.3353e-09	-4.717e-09	-2.0246e-09	7.0989e-10	3.4644e-09	6.1919e-09	8.9043e-09	1.1653e-08	1.4591e-08	1.7722e-08	2.083e-08	2.3637e-08	2.6034e-08	2.7987e-08	2.9389e-08	3.0289e-08	3.0859e-08	3.1356e-08	3.2617e-08	3.5049e-08	3.7746e-08	3.9751e-08	4.0931e-08	4.1577e-08	4.1861e-08	4.18e-08	4.1308e-08	4.0246e-08	3.8578e-08	3.6372e-08	3.3733e-08	3.0763e-08	2.7578e-08	2.427e-08	2.0867e-08	1.7333e-08	1.363e-08	9.7821e-09	5.8817e-09	2.0182e-09	-1.7792e-09	-5.5459e-09	-9.2033e-09	-1.2439e-08	-1.4962e-08	-1.6688e-08	-1.7794e-08	-1.8449e-08	-1.8783e-08	-1.8984e-08	-1.9203e-08	-1.9454e-08	-1.9699e-08	-1.9916e-08	-2.0097e-08	-2.0175e-08	-2.0156e-08	-2.0207e-08	-2.0302e-08	-2.026e-08	-2.0033e-08	-1.9845e-08	-1.9776e-08	-1.9673e-08	-1.9566e-08	-1.9701e-08	-2.0079e-08	-2.0543e-08	-2.0906e-08	-2.0997e-08	-2.0989e-08	-2.1057e-08	-2.1083e-08	-2.0996e-08	-2.0921e-08	-2.0956e-08	-2.1083e-08	-2.1186e-08	-2.1109e-08	-2.0833e-08	-2.0414e-08	-1.997e-08	-1.9728e-08	-1.9637e-08	-1.9474e-08	-1.9301e-08	-1.9348e-08	-1.9483e-08	-1.9479e-08	-1.9451e-08	-1.9595e-08	-1.9766e-08	-1.9643e-08	-1.9069e-08	-1.8179e-08	-1.733e-08	-1.6997e-08	-1.7333e-08	-1.7976e-08	-1.8442e-08	-1.8491e-08	-1.8281e-08	-1.8294e-08	-1.866e-08	-1.9093e-08	-1.9391e-08	-1.9587e-08	-1.9676e-08	-1.9659e-08	-1.9649e-08	-1.9736e-08	-1.986e-08	-1.9909e-08	-1.9844e-08	-1.9752e-08	-1.9655e-08	-1.9452e-08	-1.9119e-08	-1.8841e-08	-1.8855e-08	-1.9044e-08	-1.9136e-08	-1.8944e-08	-1.8452e-08	-1.7833e-08	-1.7301e-08	-1.7085e-08	-1.7351e-08	-1.7876e-08	-1.829e-08	-1.8543e-08	-1.8733e-08	-1.8785e-08	-1.8671e-08	-1.8572e-08	-1.8662e-08	-1.8816e-08	-1.8753e-08	-1.8344e-08
-2.5533e-08	-2.5216e-08	-2.5102e-08	-2.5083e-08	-2.5112e-08	-2.5256e-08	-2.5494e-08	-2.5741e-08	-2.5942e-08	-2.6038e-08	-2.602e-08	-2.5904e-08	-2.5636e-08	-2.5123e-08	-2.4399e-08	-2.3761e-08	-2.3631e-08	-2.3888e-08	-2.4203e-08	-2.4557e-08	-2.495e-08	-2.5172e-08	-2.5077e-08	-2.4798e-08	-2.4539e-08	-2.4569e-08	-2.4928e-08	-2.5321e-08	-2.5478e-08	-2.5515e-08	-2.5485e-08	-2.5295e-08	-2.491e-08	-2.4235e-08	-2.3208e-08	-2.1779e-08	-1.9937e-08	-1.7695e-08	-1.514e-08	-1.2447e-08	-9.7883e-09	-7.2002e-09	-4.5819e-09	-1.8955e-09	8.5104e-10	3.6293e-09	6.3789e-09	9.11e-09	1.1871e-08	1.4799e-08	1.7907e-08	2.1005e-08	2.3808e-08	2.6181e-08	2.81e-08	2.9474e-08	3.0344e-08	3.0877e-08	3.1335e-08	3.2543e-08	3.493e-08	3.7622e-08	3.9655e-08	4.0857e-08	4.1494e-08	4.1738e-08	4.1628e-08	4.1102e-08	4.0033e-08	3.837e-08	3.6174e-08	3.3543e-08	3.058e-08	2.7401e-08	2.4106e-08	2.0727e-08	1.7223e-08	1.3555e-08	9.7426e-09	5.8752e-09	2.0348e-09	-1.7534e-09	-5.5229e-09	-9.1782e-09	-1.2402e-08	-1.4896e-08	-1.6586e-08	-1.7683e-08	-1.8366e-08	-1.8746e-08	-1.8987e-08	-1.9221e-08	-1.9455e-08	-1.9661e-08	-1.9844e-08	-2.0008e-08	-2.0075e-08	-2.0034e-08	-2.0056e-08	-2.0144e-08	-2.0127e-08	-1.9928e-08	-1.9747e-08	-1.9673e-08	-1.9575e-08	-1.9481e-08	-1.9636e-08	-2.003e-08	-2.048e-08	-2.0807e-08	-2.0872e-08	-2.0853e-08	-2.0923e-08	-2.0951e-08	-2.0844e-08	-2.0743e-08	-2.0769e-08	-2.09e-08	-2.1003e-08	-2.0919e-08	-2.0625e-08	-2.0183e-08	-1.9723e-08	-1.9487e-08	-1.9433e-08	-1.9315e-08	-1.9163e-08	-1.9205e-08	-1.9343e-08	-1.9349e-08	-1.9308e-08	-1.9421e-08	-1.9567e-08	-1.9433e-08	-1.8861e-08	-1.7982e-08	-1.7154e-08	-1.6835e-08	-1.7178e-08	-1.7837e-08	-1.8333e-08	-1.8407e-08	-1.82e-08	-1.8183e-08	-1.8523e-08	-1.8952e-08	-1.9257e-08	-1.9462e-08	-1.9579e-08	-1.9607e-08	-1.9629e-08	-1.9713e-08	-1.981e-08	-1.9837e-08	-1.9753e-08	-1.9626e-08	-1.9489e-08	-1.9254e-08	-1.8904e-08	-1.8609e-08	-1.8594e-08	-1.8759e-08	-1.8837e-08	-1.8642e-08	-1.8163e-08	-1.7562e-08	-1.7037e-08	-1.6798e-08	-1.7018e-08	-1.7507e-08	-1.7909e-08	-1.8173e-08	-1.8402e-08	-1.8519e-08	-1.8478e-08	-1.8431e-08	-1.8545e-08	-1.872e-08	-1.8713e-08	-1.8396e-08
-2.5614e-08	-2.5284e-08	-2.5123e-08	-2.5054e-08	-2.5043e-08	-2.5158e-08	-2.5398e-08	-2.5687e-08	-2.594e-08	-2.6086e-08	-2.6121e-08	-2.6043e-08	-2.5782e-08	-2.5249e-08	-2.4475e-08	-2.3757e-08	-2.356e-08	-2.3811e-08	-2.4151e-08	-2.4505e-08	-2.4891e-08	-2.5129e-08	-2.5065e-08	-2.4805e-08	-2.4537e-08	-2.4539e-08	-2.4886e-08	-2.5296e-08	-2.5471e-08	-2.5493e-08	-2.5434e-08	-2.5214e-08	-2.4797e-08	-2.4084e-08	-2.3014e-08	-2.1561e-08	-1.9726e-08	-1.752e-08	-1.5014e-08	-1.2346e-08	-9.674e-09	-7.0668e-09	-4.4502e-09	-1.7717e-09	9.8321e-10	3.7838e-09	6.5562e-09	9.3049e-09	1.2076e-08	1.4992e-08	1.8074e-08	2.1156e-08	2.3957e-08	2.6321e-08	2.8227e-08	2.9604e-08	3.0479e-08	3.1012e-08	3.1462e-08	3.2634e-08	3.497e-08	3.7643e-08	3.9694e-08	4.0915e-08	4.1543e-08	4.175e-08	4.1585e-08	4.1014e-08	3.9922e-08	3.8251e-08	3.6054e-08	3.3426e-08	3.0465e-08	2.729e-08	2.4003e-08	2.0643e-08	1.7166e-08	1.3528e-08	9.751e-09	5.9158e-09	2.0972e-09	-1.685e-09	-5.4637e-09	-9.1281e-09	-1.2356e-08	-1.4841e-08	-1.6513e-08	-1.7612e-08	-1.8336e-08	-1.8778e-08	-1.9069e-08	-1.9323e-08	-1.954e-08	-1.9705e-08	-1.9848e-08	-1.9987e-08	-2.004e-08	-1.9977e-08	-1.9966e-08	-2.0043e-08	-2.0042e-08	-1.9866e-08	-1.9689e-08	-1.9612e-08	-1.9519e-08	-1.9437e-08	-1.9601e-08	-1.9998e-08	-2.0428e-08	-2.0721e-08	-2.0765e-08	-2.0737e-08	-2.0807e-08	-2.0835e-08	-2.0711e-08	-2.0589e-08	-2.0613e-08	-2.0755e-08	-2.0864e-08	-2.0779e-08	-2.0475e-08	-2.0015e-08	-1.9541e-08	-1.9307e-08	-1.9282e-08	-1.9206e-08	-1.9076e-08	-1.9115e-08	-1.9257e-08	-1.9276e-08	-1.9227e-08	-1.9315e-08	-1.9444e-08	-1.9311e-08	-1.8749e-08	-1.7885e-08	-1.7076e-08	-1.6769e-08	-1.7112e-08	-1.7778e-08	-1.8293e-08	-1.8388e-08	-1.8181e-08	-1.8124e-08	-1.8415e-08	-1.8823e-08	-1.9124e-08	-1.9333e-08	-1.9475e-08	-1.955e-08	-1.9603e-08	-1.968e-08	-1.9744e-08	-1.9748e-08	-1.9653e-08	-1.9507e-08	-1.9342e-08	-1.9085e-08	-1.8728e-08	-1.8422e-08	-1.8374e-08	-1.8502e-08	-1.8554e-08	-1.8348e-08	-1.7883e-08	-1.7306e-08	-1.6791e-08	-1.6528e-08	-1.6695e-08	-1.7137e-08	-1.752e-08	-1.7793e-08	-1.8061e-08	-1.825e-08	-1.8291e-08	-1.8305e-08	-1.8446e-08	-1.8645e-08	-1.8695e-08	-1.8477e-08
-2.5687e-08	-2.5351e-08	-2.515e-08	-2.5035e-08	-2.4985e-08	-2.5069e-08	-2.5307e-08	-2.5627e-08	-2.5924e-08	-2.6115e-08	-2.6203e-08	-2.6166e-08	-2.5922e-08	-2.5385e-08	-2.4577e-08	-2.3793e-08	-2.3528e-08	-2.3761e-08	-2.4114e-08	-2.4465e-08	-2.4839e-08	-2.5086e-08	-2.5052e-08	-2.4811e-08	-2.4536e-08	-2.4506e-08	-2.4827e-08	-2.524e-08	-2.5432e-08	-2.5447e-08	-2.5366e-08	-2.5118e-08	-2.4667e-08	-2.3913e-08	-2.2798e-08	-2.132e-08	-1.9492e-08	-1.7323e-08	-1.4867e-08	-1.2231e-08	-9.555e-09	-6.9343e-09	-4.3222e-09	-1.6544e-09	1.1044e-09	3.9248e-09	6.72e-09	9.485e-09	1.2264e-08	1.5163e-08	1.8215e-08	2.1277e-08	2.4078e-08	2.6444e-08	2.8361e-08	2.9774e-08	3.0696e-08	3.127e-08	3.175e-08	3.2905e-08	3.5185e-08	3.7825e-08	3.9881e-08	4.1117e-08	4.1736e-08	4.1905e-08	4.1684e-08	4.1056e-08	3.9924e-08	3.8232e-08	3.6023e-08	3.3389e-08	3.0425e-08	2.7249e-08	2.3968e-08	2.062e-08	1.7164e-08	1.3554e-08	9.8095e-09	6.0051e-09	2.2066e-09	-1.5731e-09	-5.3675e-09	-9.0528e-09	-1.2301e-08	-1.48e-08	-1.6473e-08	-1.7585e-08	-1.8362e-08	-1.8882e-08	-1.9235e-08	-1.9511e-08	-1.9711e-08	-1.9833e-08	-1.993e-08	-2.0037e-08	-2.007e-08	-1.9985e-08	-1.9939e-08	-1.9998e-08	-2.0007e-08	-1.9848e-08	-1.9671e-08	-1.9591e-08	-1.9504e-08	-1.9431e-08	-1.9594e-08	-1.9982e-08	-2.0386e-08	-2.0647e-08	-2.0673e-08	-2.064e-08	-2.0709e-08	-2.0735e-08	-2.0596e-08	-2.0456e-08	-2.0485e-08	-2.0644e-08	-2.0765e-08	-2.0684e-08	-2.0376e-08	-1.9904e-08	-1.9419e-08	-1.9183e-08	-1.9181e-08	-1.9143e-08	-1.9037e-08	-1.9073e-08	-1.922e-08	-1.9254e-08	-1.9201e-08	-1.927e-08	-1.939e-08	-1.9266e-08	-1.8724e-08	-1.7879e-08	-1.7089e-08	-1.6792e-08	-1.713e-08	-1.7793e-08	-1.8319e-08	-1.843e-08	-1.8219e-08	-1.8112e-08	-1.8338e-08	-1.8707e-08	-1.8995e-08	-1.9203e-08	-1.9368e-08	-1.9487e-08	-1.9573e-08	-1.9639e-08	-1.9667e-08	-1.9645e-08	-1.9547e-08	-1.9394e-08	-1.9213e-08	-1.8946e-08	-1.8589e-08	-1.8279e-08	-1.8195e-08	-1.8277e-08	-1.8291e-08	-1.807e-08	-1.7618e-08	-1.7071e-08	-1.657e-08	-1.6285e-08	-1.6394e-08	-1.6781e-08	-1.7136e-08	-1.7413e-08	-1.7721e-08	-1.7985e-08	-1.8112e-08	-1.8194e-08	-1.8368e-08	-1.859e-08	-1.8697e-08	-1.8581e-08
-2.5749e-08	-2.5413e-08	-2.518e-08	-2.5024e-08	-2.4938e-08	-2.4991e-08	-2.522e-08	-2.556e-08	-2.5893e-08	-2.6124e-08	-2.626e-08	-2.6268e-08	-2.6052e-08	-2.5526e-08	-2.4705e-08	-2.3873e-08	-2.3541e-08	-2.3743e-08	-2.4098e-08	-2.4438e-08	-2.4793e-08	-2.5044e-08	-2.5035e-08	-2.4815e-08	-2.4536e-08	-2.4469e-08	-2.475e-08	-2.5151e-08	-2.5354e-08	-2.5372e-08	-2.5279e-08	-2.5007e-08	-2.4518e-08	-2.3719e-08	-2.2557e-08	-2.1053e-08	-1.9233e-08	-1.7102e-08	-1.4698e-08	-1.2101e-08	-9.4297e-09	-6.8021e-09	-4.1982e-09	-1.5446e-09	1.2129e-09	4.0497e-09	6.8672e-09	9.6467e-09	1.2429e-08	1.5309e-08	1.8325e-08	2.1363e-08	2.4163e-08	2.6546e-08	2.8497e-08	2.998e-08	3.0993e-08	3.1651e-08	3.22e-08	3.336e-08	3.5582e-08	3.8171e-08	4.0219e-08	4.1464e-08	4.2074e-08	4.2206e-08	4.1925e-08	4.1228e-08	4.0042e-08	3.8312e-08	3.6078e-08	3.3431e-08	3.0459e-08	2.7277e-08	2.3996e-08	2.0656e-08	1.7216e-08	1.3629e-08	9.9138e-09	6.138e-09	2.3576e-09	-1.4228e-09	-5.2386e-09	-8.955e-09	-1.2239e-08	-1.4769e-08	-1.6461e-08	-1.7597e-08	-1.8438e-08	-1.9048e-08	-1.9474e-08	-1.9777e-08	-1.9959e-08	-2.0036e-08	-2.0083e-08	-2.0151e-08	-2.016e-08	-2.0051e-08	-1.997e-08	-2.0006e-08	-2.0018e-08	-1.987e-08	-1.969e-08	-1.9605e-08	-1.9525e-08	-1.9459e-08	-1.9612e-08	-1.998e-08	-2.0353e-08	-2.0582e-08	-2.0596e-08	-2.0559e-08	-2.0626e-08	-2.065e-08	-2.0496e-08	-2.0343e-08	-2.0379e-08	-2.0561e-08	-2.0699e-08	-2.0627e-08	-2.0322e-08	-1.9844e-08	-1.935e-08	-1.9111e-08	-1.9126e-08	-1.9122e-08	-1.9039e-08	-1.9074e-08	-1.9226e-08	-1.9277e-08	-1.9226e-08	-1.9279e-08	-1.9396e-08	-1.929e-08	-1.8777e-08	-1.7956e-08	-1.7187e-08	-1.6898e-08	-1.7226e-08	-1.7877e-08	-1.8404e-08	-1.8525e-08	-1.8307e-08	-1.8144e-08	-1.8291e-08	-1.8606e-08	-1.8871e-08	-1.9073e-08	-1.9258e-08	-1.942e-08	-1.9538e-08	-1.9594e-08	-1.958e-08	-1.9531e-08	-1.9436e-08	-1.9287e-08	-1.9101e-08	-1.8833e-08	-1.8486e-08	-1.8176e-08	-1.8057e-08	-1.8087e-08	-1.8056e-08	-1.7814e-08	-1.7376e-08	-1.6863e-08	-1.6383e-08	-1.6077e-08	-1.6127e-08	-1.6452e-08	-1.6774e-08	-1.705e-08	-1.7394e-08	-1.7732e-08	-1.7948e-08	-1.81e-08	-1.8309e-08	-1.8555e-08	-1.8715e-08	-1.8702e-08
-2.5795e-08	-2.5467e-08	-2.521e-08	-2.502e-08	-2.4902e-08	-2.4925e-08	-2.5139e-08	-2.5489e-08	-2.5847e-08	-2.611e-08	-2.6288e-08	-2.6345e-08	-2.6167e-08	-2.5667e-08	-2.4856e-08	-2.3995e-08	-2.3602e-08	-2.3762e-08	-2.4104e-08	-2.4425e-08	-2.4754e-08	-2.5002e-08	-2.5014e-08	-2.4816e-08	-2.4536e-08	-2.4429e-08	-2.4656e-08	-2.5028e-08	-2.5237e-08	-2.5264e-08	-2.517e-08	-2.488e-08	-2.4352e-08	-2.3504e-08	-2.2293e-08	-2.0762e-08	-1.8949e-08	-1.6857e-08	-1.4508e-08	-1.1954e-08	-9.2978e-09	-6.6705e-09	-4.0789e-09	-1.443e-09	1.3081e-09	4.1576e-09	6.9965e-09	9.789e-09	1.2572e-08	1.5429e-08	1.8406e-08	2.1413e-08	2.4214e-08	2.6623e-08	2.863e-08	3.0214e-08	3.1354e-08	3.2137e-08	3.2788e-08	3.3976e-08	3.6142e-08	3.8667e-08	4.0692e-08	4.194e-08	4.254e-08	4.2636e-08	4.2292e-08	4.1519e-08	4.0264e-08	3.8482e-08	3.6213e-08	3.3544e-08	3.0559e-08	2.7368e-08	2.4082e-08	2.0744e-08	1.7313e-08	1.3745e-08	1.0057e-08	6.3071e-09	2.5428e-09	-1.2411e-09	-5.0828e-09	-8.8388e-09	-1.2169e-08	-1.4747e-08	-1.6473e-08	-1.7643e-08	-1.8555e-08	-1.9265e-08	-1.9774e-08	-2.0108e-08	-2.0272e-08	-2.0303e-08	-2.0297e-08	-2.032e-08	-2.0301e-08	-2.0168e-08	-2.0051e-08	-2.006e-08	-2.0069e-08	-1.9928e-08	-1.9741e-08	-1.965e-08	-1.9575e-08	-1.9513e-08	-1.9651e-08	-1.9989e-08	-2.0327e-08	-2.0524e-08	-2.0529e-08	-2.049e-08	-2.0556e-08	-2.0577e-08	-2.0412e-08	-2.0246e-08	-2.0293e-08	-2.0502e-08	-2.066e-08	-2.0603e-08	-2.0306e-08	-1.9829e-08	-1.9329e-08	-1.9084e-08	-1.9112e-08	-1.9138e-08	-1.9077e-08	-1.9114e-08	-1.927e-08	-1.9339e-08	-1.9294e-08	-1.9336e-08	-1.9455e-08	-1.9375e-08	-1.8897e-08	-1.8107e-08	-1.736e-08	-1.7079e-08	-1.7393e-08	-1.8023e-08	-1.8543e-08	-1.8669e-08	-1.8441e-08	-1.8217e-08	-1.8273e-08	-1.8521e-08	-1.8754e-08	-1.8946e-08	-1.9148e-08	-1.9349e-08	-1.9499e-08	-1.9544e-08	-1.9487e-08	-1.9408e-08	-1.9319e-08	-1.9185e-08	-1.9007e-08	-1.8746e-08	-1.8415e-08	-1.8114e-08	-1.7962e-08	-1.7935e-08	-1.7853e-08	-1.7587e-08	-1.7164e-08	-1.6689e-08	-1.6234e-08	-1.5912e-08	-1.5904e-08	-1.6165e-08	-1.6446e-08	-1.6715e-08	-1.7091e-08	-1.75e-08	-1.7803e-08	-1.8025e-08	-1.827e-08	-1.8538e-08	-1.8748e-08	-1.8836e-08
-2.5821e-08	-2.551e-08	-2.5239e-08	-2.5021e-08	-2.4876e-08	-2.4871e-08	-2.5065e-08	-2.5415e-08	-2.5785e-08	-2.6072e-08	-2.6287e-08	-2.6393e-08	-2.6263e-08	-2.5807e-08	-2.5026e-08	-2.4159e-08	-2.371e-08	-2.3817e-08	-2.4133e-08	-2.4428e-08	-2.4724e-08	-2.4961e-08	-2.4991e-08	-2.4815e-08	-2.4538e-08	-2.439e-08	-2.4552e-08	-2.488e-08	-2.5089e-08	-2.5132e-08	-2.5047e-08	-2.4746e-08	-2.4178e-08	-2.3279e-08	-2.2016e-08	-2.0456e-08	-1.865e-08	-1.6596e-08	-1.4301e-08	-1.1796e-08	-9.1626e-09	-6.5419e-09	-3.9657e-09	-1.3502e-09	1.3903e-09	4.2486e-09	7.1078e-09	9.9122e-09	1.2694e-08	1.5526e-08	1.846e-08	2.1432e-08	2.4233e-08	2.6677e-08	2.8756e-08	3.0464e-08	3.1763e-08	3.2702e-08	3.3487e-08	3.4724e-08	3.6839e-08	3.929e-08	4.1279e-08	4.2525e-08	4.3113e-08	4.3174e-08	4.2767e-08	4.1911e-08	4.0576e-08	3.8731e-08	3.6416e-08	3.3719e-08	3.0716e-08	2.7511e-08	2.4217e-08	2.0876e-08	1.745e-08	1.3896e-08	1.0231e-08	6.5047e-09	2.7543e-09	-1.0353e-09	-4.9063e-09	-8.7085e-09	-1.2095e-08	-1.4733e-08	-1.6506e-08	-1.7717e-08	-1.8707e-08	-1.9524e-08	-2.0123e-08	-2.0492e-08	-2.064e-08	-2.0624e-08	-2.0562e-08	-2.0536e-08	-2.0486e-08	-2.0329e-08	-2.0176e-08	-2.0154e-08	-2.0156e-08	-2.0017e-08	-1.9821e-08	-1.972e-08	-1.9649e-08	-1.9589e-08	-1.9707e-08	-2.0008e-08	-2.0306e-08	-2.0473e-08	-2.047e-08	-2.0432e-08	-2.0497e-08	-2.0516e-08	-2.0341e-08	-2.0164e-08	-2.0223e-08	-2.046e-08	-2.0643e-08	-2.0603e-08	-2.0321e-08	-1.9852e-08	-1.935e-08	-1.9097e-08	-1.9134e-08	-1.9187e-08	-1.9148e-08	-1.9185e-08	-1.9346e-08	-1.9434e-08	-1.9399e-08	-1.9434e-08	-1.9559e-08	-1.951e-08	-1.9076e-08	-1.8323e-08	-1.7602e-08	-1.7328e-08	-1.7625e-08	-1.8228e-08	-1.8731e-08	-1.8854e-08	-1.8614e-08	-1.8327e-08	-1.8284e-08	-1.8453e-08	-1.8648e-08	-1.8826e-08	-1.9039e-08	-1.9276e-08	-1.9457e-08	-1.9492e-08	-1.939e-08	-1.9278e-08	-1.92e-08	-1.909e-08	-1.8928e-08	-1.8684e-08	-1.8376e-08	-1.8088e-08	-1.7909e-08	-1.7823e-08	-1.7687e-08	-1.7395e-08	-1.6986e-08	-1.6555e-08	-1.6132e-08	-1.5799e-08	-1.5736e-08	-1.5932e-08	-1.6169e-08	-1.6425e-08	-1.6825e-08	-1.7297e-08	-1.7682e-08	-1.7973e-08	-1.8253e-08	-1.854e-08	-1.8794e-08	-1.8978e-08
-2.5828e-08	-2.5542e-08	-2.5265e-08	-2.5026e-08	-2.4859e-08	-2.4829e-08	-2.5e-08	-2.5338e-08	-2.571e-08	-2.6013e-08	-2.626e-08	-2.6414e-08	-2.634e-08	-2.594e-08	-2.521e-08	-2.4357e-08	-2.3861e-08	-2.3907e-08	-2.4185e-08	-2.4446e-08	-2.4703e-08	-2.4923e-08	-2.4966e-08	-2.4813e-08	-2.4543e-08	-2.4358e-08	-2.4448e-08	-2.472e-08	-2.4922e-08	-2.4986e-08	-2.492e-08	-2.4615e-08	-2.4009e-08	-2.3055e-08	-2.1739e-08	-2.0147e-08	-1.8345e-08	-1.6327e-08	-1.4087e-08	-1.1632e-08	-9.0275e-09	-6.4187e-09	-3.8604e-09	-1.2671e-09	1.4596e-09	4.3233e-09	7.2016e-09	1.0017e-08	1.2794e-08	1.56e-08	1.849e-08	2.1425e-08	2.4225e-08	2.6709e-08	2.887e-08	3.072e-08	3.2201e-08	3.3325e-08	3.4267e-08	3.5574e-08	3.7647e-08	4.0018e-08	4.196e-08	4.3198e-08	4.3775e-08	4.38e-08	4.3331e-08	4.2389e-08	4.0966e-08	3.9046e-08	3.6678e-08	3.3946e-08	3.0921e-08	2.7699e-08	2.4393e-08	2.1045e-08	1.7618e-08	1.4075e-08	1.0428e-08	6.7231e-09	2.9844e-09	-8.1289e-10	-4.7153e-09	-8.5686e-09	-1.2016e-08	-1.4724e-08	-1.6557e-08	-1.7815e-08	-1.8884e-08	-1.9812e-08	-2.0508e-08	-2.0917e-08	-2.1049e-08	-2.0987e-08	-2.0868e-08	-2.079e-08	-2.0706e-08	-2.0525e-08	-2.0338e-08	-2.0283e-08	-2.0273e-08	-2.0133e-08	-1.9924e-08	-1.9811e-08	-1.9742e-08	-1.9681e-08	-1.9774e-08	-2.0033e-08	-2.0287e-08	-2.0425e-08	-2.0417e-08	-2.0381e-08	-2.0446e-08	-2.0464e-08	-2.0281e-08	-2.0094e-08	-2.0165e-08	-2.0431e-08	-2.0641e-08	-2.0623e-08	-2.0361e-08	-1.9905e-08	-1.9405e-08	-1.9144e-08	-1.9187e-08	-1.9263e-08	-1.9245e-08	-1.9285e-08	-1.9449e-08	-1.9557e-08	-1.9534e-08	-1.9566e-08	-1.97e-08	-1.9687e-08	-1.9304e-08	-1.8596e-08	-1.7905e-08	-1.764e-08	-1.7917e-08	-1.8485e-08	-1.8961e-08	-1.9075e-08	-1.8821e-08	-1.8471e-08	-1.8321e-08	-1.8402e-08	-1.8553e-08	-1.8713e-08	-1.8934e-08	-1.9202e-08	-1.9412e-08	-1.9438e-08	-1.9291e-08	-1.9144e-08	-1.9078e-08	-1.9001e-08	-1.8866e-08	-1.8646e-08	-1.8367e-08	-1.8099e-08	-1.7897e-08	-1.7754e-08	-1.7563e-08	-1.7244e-08	-1.6851e-08	-1.6467e-08	-1.6082e-08	-1.5745e-08	-1.5633e-08	-1.5766e-08	-1.5955e-08	-1.6192e-08	-1.6608e-08	-1.7133e-08	-1.7591e-08	-1.7946e-08	-1.8257e-08	-1.856e-08	-1.8852e-08	-1.9124e-08
-2.5817e-08	-2.5563e-08	-2.5289e-08	-2.5036e-08	-2.4852e-08	-2.4798e-08	-2.4944e-08	-2.5263e-08	-2.5627e-08	-2.5937e-08	-2.6209e-08	-2.6411e-08	-2.6398e-08	-2.6065e-08	-2.5402e-08	-2.4581e-08	-2.4049e-08	-2.4029e-08	-2.4258e-08	-2.4478e-08	-2.4691e-08	-2.4888e-08	-2.4941e-08	-2.4813e-08	-2.4556e-08	-2.4336e-08	-2.4353e-08	-2.456e-08	-2.4748e-08	-2.4837e-08	-2.48e-08	-2.4498e-08	-2.3855e-08	-2.2846e-08	-2.1473e-08	-1.9846e-08	-1.8045e-08	-1.606e-08	-1.3871e-08	-1.1468e-08	-8.8965e-09	-6.3039e-09	-3.7648e-09	-1.1946e-09	1.5163e-09	4.3822e-09	7.2782e-09	1.0104e-08	1.2876e-08	1.5655e-08	1.85e-08	2.1395e-08	2.4192e-08	2.6719e-08	2.8971e-08	3.0974e-08	3.2655e-08	3.3982e-08	3.5101e-08	3.6498e-08	3.854e-08	4.0826e-08	4.2714e-08	4.3939e-08	4.4504e-08	4.4495e-08	4.3965e-08	4.2935e-08	4.1417e-08	3.9417e-08	3.6987e-08	3.4215e-08	3.1165e-08	2.7924e-08	2.4603e-08	2.1244e-08	1.7812e-08	1.4273e-08	1.0642e-08	6.9545e-09	3.2251e-09	-5.8123e-10	-4.5164e-09	-8.4241e-09	-1.1937e-08	-1.4721e-08	-1.6621e-08	-1.7931e-08	-1.9081e-08	-2.0122e-08	-2.0917e-08	-2.137e-08	-2.1489e-08	-2.1381e-08	-2.1205e-08	-2.1073e-08	-2.0954e-08	-2.075e-08	-2.0529e-08	-2.044e-08	-2.0416e-08	-2.0271e-08	-2.0047e-08	-1.9917e-08	-1.9847e-08	-1.9784e-08	-1.9849e-08	-2.0061e-08	-2.0269e-08	-2.0378e-08	-2.0367e-08	-2.0335e-08	-2.0401e-08	-2.0419e-08	-2.0231e-08	-2.0035e-08	-2.0116e-08	-2.041e-08	-2.0648e-08	-2.0654e-08	-2.0418e-08	-1.9984e-08	-1.9489e-08	-1.9221e-08	-1.9267e-08	-1.9362e-08	-1.9364e-08	-1.9407e-08	-1.9574e-08	-1.9702e-08	-1.9695e-08	-1.9727e-08	-1.9872e-08	-1.9897e-08	-1.9572e-08	-1.8917e-08	-1.8261e-08	-1.8006e-08	-1.8262e-08	-1.8788e-08	-1.9229e-08	-1.9327e-08	-1.9054e-08	-1.8642e-08	-1.8383e-08	-1.8369e-08	-1.8471e-08	-1.8612e-08	-1.8835e-08	-1.9129e-08	-1.9365e-08	-1.9383e-08	-1.9193e-08	-1.901e-08	-1.8956e-08	-1.8918e-08	-1.8819e-08	-1.8631e-08	-1.8385e-08	-1.8143e-08	-1.7925e-08	-1.7729e-08	-1.7483e-08	-1.714e-08	-1.6764e-08	-1.6432e-08	-1.6092e-08	-1.5758e-08	-1.5604e-08	-1.5679e-08	-1.582e-08	-1.6031e-08	-1.6453e-08	-1.7019e-08	-1.7538e-08	-1.7947e-08	-1.8284e-08	-1.8598e-08	-1.8921e-08	-1.9272e-08
-2.5791e-08	-2.5575e-08	-2.5311e-08	-2.5049e-08	-2.4854e-08	-2.4779e-08	-2.4898e-08	-2.5191e-08	-2.5539e-08	-2.5847e-08	-2.6139e-08	-2.6386e-08	-2.6437e-08	-2.618e-08	-2.5596e-08	-2.4825e-08	-2.4267e-08	-2.418e-08	-2.435e-08	-2.4523e-08	-2.4688e-08	-2.4857e-08	-2.4917e-08	-2.4815e-08	-2.4576e-08	-2.4331e-08	-2.4276e-08	-2.4411e-08	-2.4579e-08	-2.4697e-08	-2.4696e-08	-2.4405e-08	-2.3729e-08	-2.2664e-08	-2.1232e-08	-1.9565e-08	-1.776e-08	-1.5804e-08	-1.3661e-08	-1.1309e-08	-8.7737e-09	-6.2003e-09	-3.6812e-09	-1.1337e-09	1.5603e-09	4.4258e-09	7.3381e-09	1.0174e-08	1.2939e-08	1.5691e-08	1.8492e-08	2.1347e-08	2.4138e-08	2.6709e-08	2.9055e-08	3.1217e-08	3.3108e-08	3.4653e-08	3.5963e-08	3.7466e-08	3.9491e-08	4.1693e-08	4.3519e-08	4.4728e-08	4.528e-08	4.5239e-08	4.465e-08	4.3533e-08	4.1917e-08	3.983e-08	3.7333e-08	3.4517e-08	3.1438e-08	2.8176e-08	2.4837e-08	2.1464e-08	1.8023e-08	1.4485e-08	1.0865e-08	7.1914e-09	3.4689e-09	-3.4791e-10	-4.3164e-09	-8.28e-09	-1.1858e-08	-1.4723e-08	-1.6697e-08	-1.8062e-08	-1.929e-08	-2.0443e-08	-2.134e-08	-2.1839e-08	-2.1946e-08	-2.1794e-08	-2.1562e-08	-2.1376e-08	-2.122e-08	-2.0994e-08	-2.0743e-08	-2.062e-08	-2.0579e-08	-2.0428e-08	-2.0185e-08	-2.0035e-08	-1.996e-08	-1.989e-08	-1.9926e-08	-2.0088e-08	-2.0249e-08	-2.0332e-08	-2.0319e-08	-2.0292e-08	-2.0359e-08	-2.038e-08	-2.0189e-08	-1.9984e-08	-2.0073e-08	-2.0392e-08	-2.0658e-08	-2.0691e-08	-2.0487e-08	-2.0079e-08	-1.9595e-08	-1.9322e-08	-1.9368e-08	-1.9479e-08	-1.95e-08	-1.9547e-08	-1.9714e-08	-1.9861e-08	-1.9874e-08	-1.9909e-08	-2.0067e-08	-2.0133e-08	-1.987e-08	-1.9277e-08	-1.8662e-08	-1.842e-08	-1.8654e-08	-1.9132e-08	-1.9528e-08	-1.9602e-08	-1.9309e-08	-1.8837e-08	-1.8467e-08	-1.8354e-08	-1.8404e-08	-1.8523e-08	-1.8746e-08	-1.9059e-08	-1.9317e-08	-1.9329e-08	-1.9098e-08	-1.8877e-08	-1.8836e-08	-1.8841e-08	-1.8787e-08	-1.8637e-08	-1.8429e-08	-1.8219e-08	-1.7993e-08	-1.7749e-08	-1.7453e-08	-1.7088e-08	-1.6732e-08	-1.6456e-08	-1.6167e-08	-1.5845e-08	-1.566e-08	-1.5683e-08	-1.5777e-08	-1.5957e-08	-1.6374e-08	-1.6964e-08	-1.7528e-08	-1.798e-08	-1.8335e-08	-1.8654e-08	-1.8999e-08	-1.9418e-08
-2.5752e-08	-2.5579e-08	-2.5331e-08	-2.5066e-08	-2.4863e-08	-2.477e-08	-2.4862e-08	-2.5125e-08	-2.5447e-08	-2.5748e-08	-2.6054e-08	-2.6343e-08	-2.6459e-08	-2.6283e-08	-2.5788e-08	-2.508e-08	-2.4511e-08	-2.4355e-08	-2.446e-08	-2.4581e-08	-2.4695e-08	-2.4831e-08	-2.4895e-08	-2.482e-08	-2.4608e-08	-2.4346e-08	-2.4223e-08	-2.4285e-08	-2.443e-08	-2.4578e-08	-2.462e-08	-2.4346e-08	-2.3642e-08	-2.252e-08	-2.1027e-08	-1.9317e-08	-1.7502e-08	-1.5568e-08	-1.3467e-08	-1.1162e-08	-8.6635e-09	-6.1112e-09	-3.6116e-09	-1.0856e-09	1.5917e-09	4.4546e-09	7.3815e-09	1.0228e-08	1.2986e-08	1.5712e-08	1.847e-08	2.1284e-08	2.4068e-08	2.6681e-08	2.9121e-08	3.1443e-08	3.3548e-08	3.5318e-08	3.6827e-08	3.845e-08	4.0472e-08	4.2594e-08	4.4354e-08	4.5543e-08	4.6083e-08	4.6011e-08	4.5367e-08	4.4165e-08	4.245e-08	4.0273e-08	3.7704e-08	3.4841e-08	3.1733e-08	2.8447e-08	2.5088e-08	2.1699e-08	1.8244e-08	1.4702e-08	1.1089e-08	7.4263e-09	3.7079e-09	-1.2057e-10	-4.1222e-09	-8.1418e-09	-1.1785e-08	-1.4729e-08	-1.6781e-08	-1.8202e-08	-1.9506e-08	-2.0767e-08	-2.1764e-08	-2.2312e-08	-2.2409e-08	-2.2215e-08	-2.1929e-08	-2.1689e-08	-2.1497e-08	-2.125e-08	-2.0972e-08	-2.0815e-08	-2.0757e-08	-2.0597e-08	-2.0334e-08	-2.016e-08	-2.0075e-08	-1.9996e-08	-2e-08	-2.011e-08	-2.0224e-08	-2.0282e-08	-2.027e-08	-2.0249e-08	-2.0318e-08	-2.0344e-08	-2.0154e-08	-1.994e-08	-2.0034e-08	-2.0375e-08	-2.0667e-08	-2.0727e-08	-2.056e-08	-2.0186e-08	-1.9716e-08	-1.944e-08	-1.9485e-08	-1.9609e-08	-1.9648e-08	-1.9698e-08	-1.9865e-08	-2.0031e-08	-2.0064e-08	-2.0106e-08	-2.0278e-08	-2.0385e-08	-2.019e-08	-1.9667e-08	-1.9101e-08	-1.8876e-08	-1.9087e-08	-1.9511e-08	-1.9854e-08	-1.9896e-08	-1.958e-08	-1.9051e-08	-1.8572e-08	-1.8356e-08	-1.8353e-08	-1.845e-08	-1.8667e-08	-1.8992e-08	-1.9269e-08	-1.9275e-08	-1.9007e-08	-1.8748e-08	-1.8719e-08	-1.8771e-08	-1.8769e-08	-1.8666e-08	-1.8499e-08	-1.8325e-08	-1.8099e-08	-1.7816e-08	-1.7475e-08	-1.7094e-08	-1.6761e-08	-1.6547e-08	-1.6315e-08	-1.6013e-08	-1.5809e-08	-1.5791e-08	-1.5841e-08	-1.5984e-08	-1.6384e-08	-1.6981e-08	-1.7571e-08	-1.8049e-08	-1.8413e-08	-1.8728e-08	-1.9086e-08	-1.9559e-08
-2.5702e-08	-2.5576e-08	-2.535e-08	-2.5086e-08	-2.488e-08	-2.4772e-08	-2.4836e-08	-2.5065e-08	-2.5357e-08	-2.5643e-08	-2.5957e-08	-2.6284e-08	-2.6464e-08	-2.6371e-08	-2.5973e-08	-2.5342e-08	-2.4772e-08	-2.4552e-08	-2.4585e-08	-2.4651e-08	-2.4711e-08	-2.4811e-08	-2.4876e-08	-2.483e-08	-2.4652e-08	-2.4385e-08	-2.4203e-08	-2.4193e-08	-2.4311e-08	-2.449e-08	-2.4581e-08	-2.4332e-08	-2.3605e-08	-2.2428e-08	-2.0872e-08	-1.9112e-08	-1.7281e-08	-1.5361e-08	-1.3295e-08	-1.1032e-08	-8.5703e-09	-6.0399e-09	-3.5587e-09	-1.0518e-09	1.6102e-09	4.4689e-09	7.4091e-09	1.0265e-08	1.3016e-08	1.5717e-08	1.8434e-08	2.121e-08	2.3985e-08	2.6639e-08	2.9169e-08	3.1645e-08	3.3962e-08	3.5958e-08	3.7668e-08	3.9422e-08	4.1456e-08	4.3503e-08	4.5197e-08	4.6365e-08	4.6893e-08	4.679e-08	4.6095e-08	4.4813e-08	4.3e-08	4.0732e-08	3.809e-08	3.5177e-08	3.2038e-08	2.8728e-08	2.5348e-08	2.1939e-08	1.8468e-08	1.4918e-08	1.1308e-08	7.6514e-09	3.9343e-09	9.3075e-11	-3.9411e-09	-8.0152e-09	-1.1719e-08	-1.4741e-08	-1.6871e-08	-1.8348e-08	-1.9722e-08	-2.1085e-08	-2.218e-08	-2.2776e-08	-2.2866e-08	-2.2633e-08	-2.2296e-08	-2.2003e-08	-2.1775e-08	-2.151e-08	-2.1208e-08	-2.1019e-08	-2.0944e-08	-2.0775e-08	-2.0489e-08	-2.0287e-08	-2.0187e-08	-2.0094e-08	-2.0066e-08	-2.0123e-08	-2.0192e-08	-2.0228e-08	-2.0218e-08	-2.0203e-08	-2.0275e-08	-2.0308e-08	-2.0124e-08	-1.9902e-08	-1.9996e-08	-2.0353e-08	-2.0667e-08	-2.0755e-08	-2.0631e-08	-2.0297e-08	-1.9848e-08	-1.957e-08	-1.9613e-08	-1.9747e-08	-1.9803e-08	-1.9858e-08	-2.0022e-08	-2.0205e-08	-2.0261e-08	-2.0312e-08	-2.0498e-08	-2.0646e-08	-2.0522e-08	-2.0078e-08	-1.9568e-08	-1.9366e-08	-1.9554e-08	-1.992e-08	-2.02e-08	-2.0202e-08	-1.9859e-08	-1.9278e-08	-1.8693e-08	-1.8375e-08	-1.8319e-08	-1.8394e-08	-1.8603e-08	-1.8932e-08	-1.9221e-08	-1.9221e-08	-1.8922e-08	-1.8627e-08	-1.8607e-08	-1.871e-08	-1.8767e-08	-1.8715e-08	-1.8592e-08	-1.8458e-08	-1.8242e-08	-1.7929e-08	-1.7553e-08	-1.7163e-08	-1.6859e-08	-1.671e-08	-1.6541e-08	-1.6269e-08	-1.6059e-08	-1.6013e-08	-1.6025e-08	-1.6129e-08	-1.6497e-08	-1.708e-08	-1.7673e-08	-1.8159e-08	-1.8517e-08	-1.8819e-08	-1.9182e-08	-1.9695e-08
-2.5643e-08	-2.5569e-08	-2.5369e-08	-2.511e-08	-2.4904e-08	-2.4783e-08	-2.4821e-08	-2.5015e-08	-2.527e-08	-2.5536e-08	-2.5853e-08	-2.6214e-08	-2.6455e-08	-2.6445e-08	-2.6147e-08	-2.5602e-08	-2.5046e-08	-2.4764e-08	-2.4723e-08	-2.4731e-08	-2.4736e-08	-2.4798e-08	-2.486e-08	-2.4846e-08	-2.471e-08	-2.4451e-08	-2.4223e-08	-2.4145e-08	-2.4234e-08	-2.4446e-08	-2.4591e-08	-2.4374e-08	-2.3629e-08	-2.2399e-08	-2.0778e-08	-1.8964e-08	-1.7109e-08	-1.5195e-08	-1.3154e-08	-1.0927e-08	-8.4988e-09	-5.99e-09	-3.525e-09	-1.0337e-09	1.6155e-09	4.4692e-09	7.4212e-09	1.0287e-08	1.303e-08	1.5708e-08	1.8388e-08	2.1128e-08	2.3894e-08	2.6584e-08	2.9197e-08	3.1818e-08	3.4338e-08	3.6554e-08	3.8462e-08	4.0354e-08	4.2414e-08	4.4396e-08	4.6026e-08	4.7173e-08	4.7689e-08	4.7558e-08	4.6816e-08	4.5459e-08	4.3552e-08	4.1195e-08	3.8479e-08	3.5516e-08	3.2345e-08	2.901e-08	2.5607e-08	2.2178e-08	1.8687e-08	1.5125e-08	1.1513e-08	7.8595e-09	4.1404e-09	2.8521e-10	-3.7804e-09	-7.9063e-09	-1.1666e-08	-1.4759e-08	-1.6966e-08	-1.8496e-08	-1.9935e-08	-2.139e-08	-2.2576e-08	-2.322e-08	-2.3303e-08	-2.3034e-08	-2.2651e-08	-2.2309e-08	-2.2047e-08	-2.1766e-08	-2.1444e-08	-2.1226e-08	-2.1135e-08	-2.0956e-08	-2.0647e-08	-2.0412e-08	-2.0291e-08	-2.018e-08	-2.0119e-08	-2.0123e-08	-2.0148e-08	-2.0168e-08	-2.0162e-08	-2.0153e-08	-2.0227e-08	-2.027e-08	-2.0096e-08	-1.9868e-08	-1.9957e-08	-2.0322e-08	-2.0654e-08	-2.077e-08	-2.0692e-08	-2.0406e-08	-1.9982e-08	-1.9706e-08	-1.9747e-08	-1.989e-08	-1.996e-08	-2.002e-08	-2.018e-08	-2.0376e-08	-2.0458e-08	-2.0521e-08	-2.0721e-08	-2.0907e-08	-2.0856e-08	-2.0499e-08	-2.0057e-08	-1.9883e-08	-2.005e-08	-2.0351e-08	-2.056e-08	-2.0514e-08	-2.0142e-08	-1.9512e-08	-1.8826e-08	-1.8408e-08	-1.8303e-08	-1.8358e-08	-1.8556e-08	-1.8881e-08	-1.9174e-08	-1.9169e-08	-1.8843e-08	-1.8515e-08	-1.8504e-08	-1.8656e-08	-1.8778e-08	-1.8784e-08	-1.8709e-08	-1.8618e-08	-1.8419e-08	-1.8088e-08	-1.7688e-08	-1.7298e-08	-1.7031e-08	-1.6952e-08	-1.6852e-08	-1.6619e-08	-1.6419e-08	-1.636e-08	-1.6344e-08	-1.6405e-08	-1.6728e-08	-1.7274e-08	-1.7843e-08	-1.8315e-08	-1.8651e-08	-1.8929e-08	-1.9286e-08	-1.9823e-08
-2.558e-08	-2.5557e-08	-2.5387e-08	-2.5136e-08	-2.4934e-08	-2.4804e-08	-2.4818e-08	-2.4974e-08	-2.5188e-08	-2.5429e-08	-2.5746e-08	-2.6134e-08	-2.6433e-08	-2.6503e-08	-2.6307e-08	-2.5856e-08	-2.5325e-08	-2.4989e-08	-2.4871e-08	-2.482e-08	-2.477e-08	-2.4791e-08	-2.485e-08	-2.4869e-08	-2.4784e-08	-2.4549e-08	-2.4288e-08	-2.4152e-08	-2.4213e-08	-2.4458e-08	-2.4661e-08	-2.448e-08	-2.3726e-08	-2.2445e-08	-2.0759e-08	-1.8885e-08	-1.6997e-08	-1.5079e-08	-1.3053e-08	-1.0853e-08	-8.4539e-09	-5.965e-09	-3.5134e-09	-1.0331e-09	1.6073e-09	4.4558e-09	7.4183e-09	1.0293e-08	1.303e-08	1.5687e-08	1.8334e-08	2.1041e-08	2.3799e-08	2.652e-08	2.9207e-08	3.1959e-08	3.4666e-08	3.7089e-08	3.9185e-08	4.1216e-08	4.3318e-08	4.5248e-08	4.6819e-08	4.7946e-08	4.8451e-08	4.8293e-08	4.7508e-08	4.6085e-08	4.409e-08	4.1648e-08	3.886e-08	3.5846e-08	3.2644e-08	2.9285e-08	2.5859e-08	2.2407e-08	1.8894e-08	1.5316e-08	1.1698e-08	8.0429e-09	4.3185e-09	4.4795e-10	-3.6478e-09	-7.8213e-09	-1.1628e-08	-1.4784e-08	-1.7063e-08	-1.8643e-08	-2.0137e-08	-2.1674e-08	-2.2942e-08	-2.363e-08	-2.3708e-08	-2.3408e-08	-2.2983e-08	-2.2596e-08	-2.2303e-08	-2.2009e-08	-2.1672e-08	-2.1429e-08	-2.1323e-08	-2.1135e-08	-2.0802e-08	-2.0532e-08	-2.0382e-08	-2.0248e-08	-2.0153e-08	-2.0105e-08	-2.0089e-08	-2.0098e-08	-2.0099e-08	-2.0096e-08	-2.0171e-08	-2.0227e-08	-2.0069e-08	-1.9837e-08	-1.9917e-08	-2.028e-08	-2.0621e-08	-2.0764e-08	-2.0737e-08	-2.0506e-08	-2.0114e-08	-1.9843e-08	-1.9882e-08	-2.003e-08	-2.0115e-08	-2.0179e-08	-2.0333e-08	-2.0541e-08	-2.0648e-08	-2.0726e-08	-2.094e-08	-2.1161e-08	-2.1184e-08	-2.0923e-08	-2.0559e-08	-2.0421e-08	-2.0568e-08	-2.08e-08	-2.093e-08	-2.0826e-08	-2.042e-08	-1.9747e-08	-1.8969e-08	-1.8456e-08	-1.8305e-08	-1.8344e-08	-1.8529e-08	-1.8841e-08	-1.9129e-08	-1.9117e-08	-1.8772e-08	-1.8416e-08	-1.8412e-08	-1.8612e-08	-1.8805e-08	-1.8874e-08	-1.8849e-08	-1.8802e-08	-1.8629e-08	-1.8293e-08	-1.7884e-08	-1.7506e-08	-1.7284e-08	-1.728e-08	-1.7254e-08	-1.7069e-08	-1.6896e-08	-1.6844e-08	-1.681e-08	-1.6829e-08	-1.7093e-08	-1.7575e-08	-1.8091e-08	-1.8522e-08	-1.8817e-08	-1.9058e-08	-1.9397e-08	-1.9942e-08
-2.5514e-08	-2.5544e-08	-2.5406e-08	-2.5165e-08	-2.4971e-08	-2.4835e-08	-2.4826e-08	-2.4946e-08	-2.5116e-08	-2.5327e-08	-2.5639e-08	-2.6049e-08	-2.6399e-08	-2.6546e-08	-2.6448e-08	-2.6096e-08	-2.5603e-08	-2.522e-08	-2.5027e-08	-2.4916e-08	-2.4813e-08	-2.4792e-08	-2.4845e-08	-2.49e-08	-2.4875e-08	-2.4679e-08	-2.4405e-08	-2.4222e-08	-2.4259e-08	-2.4538e-08	-2.4801e-08	-2.4663e-08	-2.3905e-08	-2.2578e-08	-2.0826e-08	-1.8887e-08	-1.6957e-08	-1.5023e-08	-1.3001e-08	-1.0817e-08	-8.4409e-09	-5.969e-09	-3.5269e-09	-1.0519e-09	1.5851e-09	4.4293e-09	7.4008e-09	1.0285e-08	1.3016e-08	1.5655e-08	1.8274e-08	2.0954e-08	2.3703e-08	2.645e-08	2.92e-08	3.2064e-08	3.4937e-08	3.7546e-08	3.9814e-08	4.1982e-08	4.4139e-08	4.6032e-08	4.7553e-08	4.8664e-08	4.9158e-08	4.8975e-08	4.8153e-08	4.6672e-08	4.4598e-08	4.2076e-08	3.9219e-08	3.6157e-08	3.2925e-08	2.9543e-08	2.6094e-08	2.2619e-08	1.9082e-08	1.5484e-08	1.1856e-08	8.1942e-09	4.4608e-09	5.7331e-10	-3.5511e-09	-7.7669e-09	-1.1612e-08	-1.4819e-08	-1.7161e-08	-1.8786e-08	-2.0326e-08	-2.193e-08	-2.3268e-08	-2.3995e-08	-2.4069e-08	-2.3743e-08	-2.3282e-08	-2.2855e-08	-2.2534e-08	-2.2232e-08	-2.1885e-08	-2.162e-08	-2.1503e-08	-2.1308e-08	-2.0951e-08	-2.0641e-08	-2.0455e-08	-2.0292e-08	-2.0162e-08	-2.0064e-08	-2.0013e-08	-2.0018e-08	-2.0029e-08	-2.003e-08	-2.0105e-08	-2.0177e-08	-2.0042e-08	-1.9808e-08	-1.9872e-08	-2.0222e-08	-2.0564e-08	-2.0731e-08	-2.076e-08	-2.059e-08	-2.0236e-08	-1.9975e-08	-2.0012e-08	-2.0165e-08	-2.0263e-08	-2.0331e-08	-2.0476e-08	-2.0691e-08	-2.0826e-08	-2.0922e-08	-2.1149e-08	-2.1399e-08	-2.1495e-08	-2.1339e-08	-2.1066e-08	-2.0972e-08	-2.1101e-08	-2.1261e-08	-2.1303e-08	-2.1133e-08	-2.069e-08	-1.9977e-08	-1.9116e-08	-1.8516e-08	-1.8327e-08	-1.8355e-08	-1.8525e-08	-1.8815e-08	-1.9086e-08	-1.9066e-08	-1.8709e-08	-1.8333e-08	-1.8333e-08	-1.8579e-08	-1.8845e-08	-1.8985e-08	-1.901e-08	-1.9007e-08	-1.8869e-08	-1.8543e-08	-1.8141e-08	-1.779e-08	-1.7625e-08	-1.7701e-08	-1.7752e-08	-1.7623e-08	-1.7496e-08	-1.747e-08	-1.7434e-08	-1.7412e-08	-1.7602e-08	-1.7993e-08	-1.8423e-08	-1.8783e-08	-1.9015e-08	-1.9205e-08	-1.9517e-08	-2.0053e-08
-2.5448e-08	-2.5531e-08	-2.5426e-08	-2.5198e-08	-2.5013e-08	-2.4873e-08	-2.4845e-08	-2.493e-08	-2.5054e-08	-2.5232e-08	-2.5536e-08	-2.5963e-08	-2.6357e-08	-2.6573e-08	-2.6569e-08	-2.6317e-08	-2.5873e-08	-2.5452e-08	-2.5187e-08	-2.5017e-08	-2.4863e-08	-2.48e-08	-2.4847e-08	-2.4939e-08	-2.4983e-08	-2.4846e-08	-2.4579e-08	-2.4365e-08	-2.4385e-08	-2.47e-08	-2.5023e-08	-2.4932e-08	-2.4177e-08	-2.2809e-08	-2.0992e-08	-1.8983e-08	-1.7002e-08	-1.5038e-08	-1.3006e-08	-1.0827e-08	-8.4649e-09	-6.006e-09	-3.5687e-09	-1.0918e-09	1.5481e-09	4.3899e-09	7.3694e-09	1.0263e-08	1.2988e-08	1.5612e-08	1.8209e-08	2.0868e-08	2.3612e-08	2.6378e-08	2.9178e-08	3.213e-08	3.5141e-08	3.7912e-08	4.0327e-08	4.2624e-08	4.4847e-08	4.672e-08	4.8206e-08	4.9305e-08	4.9791e-08	4.9584e-08	4.873e-08	4.72e-08	4.5059e-08	4.2467e-08	3.9546e-08	3.6439e-08	3.318e-08	2.9775e-08	2.6303e-08	2.2805e-08	1.9242e-08	1.5622e-08	1.198e-08	8.3062e-09	4.5595e-09	6.5323e-10	-3.4984e-09	-7.7498e-09	-1.1622e-08	-1.4866e-08	-1.7259e-08	-1.8922e-08	-2.0498e-08	-2.2151e-08	-2.3543e-08	-2.4302e-08	-2.4373e-08	-2.4025e-08	-2.3536e-08	-2.3075e-08	-2.2731e-08	-2.2426e-08	-2.2075e-08	-2.1794e-08	-2.1669e-08	-2.147e-08	-2.109e-08	-2.0736e-08	-2.0506e-08	-2.0307e-08	-2.014e-08	-1.9994e-08	-1.9915e-08	-1.9924e-08	-1.995e-08	-1.9954e-08	-2.0025e-08	-2.0117e-08	-2.0012e-08	-1.978e-08	-1.9823e-08	-2.0147e-08	-2.0476e-08	-2.0665e-08	-2.0753e-08	-2.0652e-08	-2.0341e-08	-2.0095e-08	-2.0132e-08	-2.0288e-08	-2.0398e-08	-2.047e-08	-2.0604e-08	-2.0824e-08	-2.0984e-08	-2.1102e-08	-2.1341e-08	-2.1615e-08	-2.1781e-08	-2.1738e-08	-2.157e-08	-2.1529e-08	-2.1643e-08	-2.1727e-08	-2.1673e-08	-2.1428e-08	-2.0943e-08	-2.0195e-08	-1.9263e-08	-1.8586e-08	-1.8367e-08	-1.8391e-08	-1.8547e-08	-1.8806e-08	-1.9048e-08	-1.9014e-08	-1.8655e-08	-1.8267e-08	-1.8269e-08	-1.8556e-08	-1.89e-08	-1.9114e-08	-1.9191e-08	-1.9232e-08	-1.9134e-08	-1.8834e-08	-1.8457e-08	-1.8147e-08	-1.805e-08	-1.8211e-08	-1.8343e-08	-1.8277e-08	-1.8211e-08	-1.8232e-08	-1.8207e-08	-1.8147e-08	-1.8249e-08	-1.8525e-08	-1.8837e-08	-1.9096e-08	-1.9243e-08	-1.9368e-08	-1.9644e-08	-2.0157e-08
-2.5386e-08	-2.552e-08	-2.5449e-08	-2.5235e-08	-2.5062e-08	-2.492e-08	-2.4876e-08	-2.4927e-08	-2.5004e-08	-2.5148e-08	-2.5441e-08	-2.5879e-08	-2.6309e-08	-2.6584e-08	-2.6667e-08	-2.6514e-08	-2.6128e-08	-2.568e-08	-2.5349e-08	-2.5123e-08	-2.492e-08	-2.4816e-08	-2.4855e-08	-2.4988e-08	-2.511e-08	-2.5049e-08	-2.4814e-08	-2.4589e-08	-2.4603e-08	-2.4955e-08	-2.5338e-08	-2.5296e-08	-2.4553e-08	-2.3151e-08	-2.127e-08	-1.9186e-08	-1.7142e-08	-1.5135e-08	-1.3079e-08	-1.0889e-08	-8.5315e-09	-6.0802e-09	-3.6421e-09	-1.1552e-09	1.4958e-09	4.3379e-09	7.3244e-09	1.0226e-08	1.2947e-08	1.5559e-08	1.8141e-08	2.0788e-08	2.3529e-08	2.6309e-08	2.9142e-08	3.2157e-08	3.5272e-08	3.817e-08	4.0704e-08	4.3115e-08	4.5413e-08	4.7287e-08	4.8754e-08	4.985e-08	5.0328e-08	5.0098e-08	4.9217e-08	4.765e-08	4.5455e-08	4.2804e-08	3.9828e-08	3.668e-08	3.3397e-08	2.9973e-08	2.648e-08	2.2957e-08	1.9367e-08	1.5723e-08	1.2062e-08	8.3714e-09	4.607e-09	6.7957e-10	-3.4979e-09	-7.7774e-09	-1.1664e-08	-1.4926e-08	-1.7356e-08	-1.9049e-08	-2.0648e-08	-2.2332e-08	-2.3759e-08	-2.454e-08	-2.4606e-08	-2.4243e-08	-2.3734e-08	-2.3245e-08	-2.2886e-08	-2.2583e-08	-2.2234e-08	-2.1942e-08	-2.1815e-08	-2.1614e-08	-2.1213e-08	-2.0813e-08	-2.053e-08	-2.0286e-08	-2.0081e-08	-1.989e-08	-1.9791e-08	-1.9814e-08	-1.986e-08	-1.9865e-08	-1.9928e-08	-2.0044e-08	-1.9978e-08	-1.9754e-08	-1.9768e-08	-2.0051e-08	-2.0354e-08	-2.0561e-08	-2.0712e-08	-2.0686e-08	-2.0426e-08	-2.0199e-08	-2.0238e-08	-2.0396e-08	-2.0518e-08	-2.0593e-08	-2.0715e-08	-2.0933e-08	-2.112e-08	-2.1262e-08	-2.1512e-08	-2.1803e-08	-2.2035e-08	-2.2111e-08	-2.2063e-08	-2.2086e-08	-2.2188e-08	-2.2194e-08	-2.2038e-08	-2.1709e-08	-2.1177e-08	-2.0399e-08	-1.9407e-08	-1.8664e-08	-1.8424e-08	-1.8452e-08	-1.8594e-08	-1.8814e-08	-1.9014e-08	-1.8962e-08	-1.8608e-08	-1.8218e-08	-1.822e-08	-1.8543e-08	-1.8964e-08	-1.9258e-08	-1.9388e-08	-1.947e-08	-1.9417e-08	-1.9156e-08	-1.882e-08	-1.8564e-08	-1.8546e-08	-1.8794e-08	-1.9007e-08	-1.9009e-08	-1.9018e-08	-1.9104e-08	-1.9105e-08	-1.901e-08	-1.9016e-08	-1.9154e-08	-1.9321e-08	-1.9455e-08	-1.9496e-08	-1.9544e-08	-1.9776e-08	-2.0253e-08
-2.533e-08	-2.5513e-08	-2.5475e-08	-2.5276e-08	-2.5115e-08	-2.4975e-08	-2.4917e-08	-2.4939e-08	-2.4969e-08	-2.5077e-08	-2.5358e-08	-2.5802e-08	-2.6258e-08	-2.6582e-08	-2.6739e-08	-2.6681e-08	-2.636e-08	-2.5899e-08	-2.5507e-08	-2.5229e-08	-2.4983e-08	-2.4839e-08	-2.4871e-08	-2.5046e-08	-2.5256e-08	-2.5292e-08	-2.5114e-08	-2.4904e-08	-2.4924e-08	-2.5316e-08	-2.5757e-08	-2.5768e-08	-2.5043e-08	-2.3615e-08	-2.1673e-08	-1.9509e-08	-1.7391e-08	-1.5325e-08	-1.3228e-08	-1.1012e-08	-8.6464e-09	-6.196e-09	-3.7509e-09	-1.2444e-09	1.4272e-09	4.2738e-09	7.2666e-09	1.0176e-08	1.2893e-08	1.5497e-08	1.8071e-08	2.0715e-08	2.3459e-08	2.6248e-08	2.9096e-08	3.2143e-08	3.5324e-08	3.8307e-08	4.0923e-08	4.3426e-08	4.5805e-08	4.7704e-08	4.9176e-08	5.0276e-08	5.0749e-08	5.0499e-08	4.9595e-08	4.8003e-08	4.5769e-08	4.3073e-08	4.0052e-08	3.687e-08	3.3567e-08	3.0127e-08	2.6614e-08	2.3067e-08	1.945e-08	1.5779e-08	1.2096e-08	8.3827e-09	4.5956e-09	6.4415e-10	-3.558e-09	-7.8569e-09	-1.1743e-08	-1.5004e-08	-1.7452e-08	-1.9164e-08	-2.0774e-08	-2.2468e-08	-2.3907e-08	-2.4696e-08	-2.4759e-08	-2.4387e-08	-2.3865e-08	-2.3358e-08	-2.2991e-08	-2.2697e-08	-2.2355e-08	-2.206e-08	-2.1937e-08	-2.1738e-08	-2.1318e-08	-2.0871e-08	-2.0525e-08	-2.0229e-08	-1.9982e-08	-1.9751e-08	-1.964e-08	-1.969e-08	-1.976e-08	-1.9765e-08	-1.9815e-08	-1.9956e-08	-1.9939e-08	-1.9729e-08	-1.9711e-08	-1.9937e-08	-2.0201e-08	-2.0419e-08	-2.0637e-08	-2.0692e-08	-2.0489e-08	-2.0287e-08	-2.0328e-08	-2.0489e-08	-2.0622e-08	-2.07e-08	-2.0807e-08	-2.1019e-08	-2.1232e-08	-2.1402e-08	-2.1663e-08	-2.1963e-08	-2.2254e-08	-2.2455e-08	-2.2539e-08	-2.2635e-08	-2.273e-08	-2.2656e-08	-2.2393e-08	-2.1975e-08	-2.1393e-08	-2.0587e-08	-1.9546e-08	-1.8747e-08	-1.8496e-08	-1.8534e-08	-1.8664e-08	-1.8839e-08	-1.8986e-08	-1.8911e-08	-1.8569e-08	-1.8186e-08	-1.8186e-08	-1.8537e-08	-1.9037e-08	-1.9413e-08	-1.9597e-08	-1.9717e-08	-1.9712e-08	-1.95e-08	-1.9217e-08	-1.9026e-08	-1.9095e-08	-1.9435e-08	-1.9729e-08	-1.9799e-08	-1.9894e-08	-2.0059e-08	-2.0099e-08	-1.9975e-08	-1.9878e-08	-1.9863e-08	-1.9864e-08	-1.9851e-08	-1.9769e-08	-1.9729e-08	-1.9911e-08	-2.0344e-08
-2.5286e-08	-2.5513e-08	-2.5506e-08	-2.5321e-08	-2.5174e-08	-2.5036e-08	-2.4969e-08	-2.4965e-08	-2.4951e-08	-2.5022e-08	-2.5292e-08	-2.5735e-08	-2.6208e-08	-2.6566e-08	-2.6785e-08	-2.6814e-08	-2.6564e-08	-2.61e-08	-2.5659e-08	-2.5335e-08	-2.5051e-08	-2.4871e-08	-2.4895e-08	-2.5115e-08	-2.5423e-08	-2.5575e-08	-2.5484e-08	-2.5316e-08	-2.536e-08	-2.5797e-08	-2.6293e-08	-2.6355e-08	-2.5658e-08	-2.4212e-08	-2.2213e-08	-1.9965e-08	-1.7761e-08	-1.562e-08	-1.3464e-08	-1.1202e-08	-8.8157e-09	-6.3581e-09	-3.8986e-09	-1.3617e-09	1.3415e-09	4.1979e-09	7.1964e-09	1.0111e-08	1.2827e-08	1.5425e-08	1.8e-08	2.0653e-08	2.3407e-08	2.6199e-08	2.9045e-08	3.2091e-08	3.529e-08	3.8312e-08	4.0966e-08	4.3532e-08	4.5994e-08	4.7945e-08	4.9449e-08	5.0566e-08	5.1037e-08	5.0767e-08	4.9847e-08	4.8241e-08	4.5987e-08	4.3263e-08	4.021e-08	3.7001e-08	3.3684e-08	3.0232e-08	2.6701e-08	2.3131e-08	1.9486e-08	1.5788e-08	1.2078e-08	8.3379e-09	4.5234e-09	5.4492e-10	-3.6812e-09	-7.9905e-09	-1.1863e-08	-1.51e-08	-1.7546e-08	-1.9267e-08	-2.0877e-08	-2.256e-08	-2.3987e-08	-2.4771e-08	-2.4829e-08	-2.4455e-08	-2.393e-08	-2.3413e-08	-2.3045e-08	-2.2766e-08	-2.2439e-08	-2.2147e-08	-2.2033e-08	-2.1841e-08	-2.1407e-08	-2.0911e-08	-2.0497e-08	-2.0141e-08	-1.9851e-08	-1.9581e-08	-1.9467e-08	-1.9554e-08	-1.9656e-08	-1.9658e-08	-1.9691e-08	-1.9858e-08	-1.9897e-08	-1.971e-08	-1.9656e-08	-1.9813e-08	-2.0022e-08	-2.0248e-08	-2.0533e-08	-2.0673e-08	-2.0532e-08	-2.0359e-08	-2.0404e-08	-2.0567e-08	-2.071e-08	-2.0791e-08	-2.0881e-08	-2.1083e-08	-2.132e-08	-2.1521e-08	-2.1793e-08	-2.2095e-08	-2.2438e-08	-2.2766e-08	-2.2992e-08	-2.317e-08	-2.3261e-08	-2.3109e-08	-2.2737e-08	-2.2224e-08	-2.1589e-08	-2.0759e-08	-1.9679e-08	-1.8835e-08	-1.8578e-08	-1.8634e-08	-1.8755e-08	-1.888e-08	-1.8965e-08	-1.886e-08	-1.8535e-08	-1.8169e-08	-1.8166e-08	-1.8538e-08	-1.9113e-08	-1.9574e-08	-1.9813e-08	-1.9968e-08	-2.0011e-08	-1.9855e-08	-1.9636e-08	-1.9518e-08	-1.9684e-08	-2.0114e-08	-2.0488e-08	-2.0627e-08	-2.0815e-08	-2.1072e-08	-2.1163e-08	-2.1017e-08	-2.0815e-08	-2.0634e-08	-2.0452e-08	-2.0274e-08	-2.0057e-08	-1.9919e-08	-2.0047e-08	-2.043e-08
-2.5255e-08	-2.5521e-08	-2.5542e-08	-2.5371e-08	-2.5238e-08	-2.5104e-08	-2.5031e-08	-2.5006e-08	-2.4951e-08	-2.4988e-08	-2.5245e-08	-2.5683e-08	-2.6161e-08	-2.6539e-08	-2.6802e-08	-2.6908e-08	-2.673e-08	-2.6279e-08	-2.58e-08	-2.5438e-08	-2.5122e-08	-2.4909e-08	-2.4927e-08	-2.5195e-08	-2.5609e-08	-2.5898e-08	-2.5926e-08	-2.5833e-08	-2.5925e-08	-2.6411e-08	-2.6958e-08	-2.707e-08	-2.6406e-08	-2.4953e-08	-2.2901e-08	-2.0566e-08	-1.8263e-08	-1.6029e-08	-1.3794e-08	-1.1468e-08	-9.0438e-09	-6.5699e-09	-4.0882e-09	-1.509e-09	1.2378e-09	4.1104e-09	7.1144e-09	1.0034e-08	1.2748e-08	1.5345e-08	1.7928e-08	2.0601e-08	2.3375e-08	2.6165e-08	2.8991e-08	3.2002e-08	3.5174e-08	3.8182e-08	4.0828e-08	4.3427e-08	4.5971e-08	4.8001e-08	4.9568e-08	5.0717e-08	5.119e-08	5.0903e-08	4.997e-08	4.8364e-08	4.6109e-08	4.3375e-08	4.0303e-08	3.7076e-08	3.375e-08	3.029e-08	2.6746e-08	2.3153e-08	1.9482e-08	1.5757e-08	1.2018e-08	8.2458e-09	4.3998e-09	3.9184e-10	-3.8578e-09	-8.17e-09	-1.2016e-08	-1.5212e-08	-1.7639e-08	-1.936e-08	-2.096e-08	-2.2614e-08	-2.4007e-08	-2.4773e-08	-2.4824e-08	-2.4453e-08	-2.3934e-08	-2.3415e-08	-2.3053e-08	-2.2795e-08	-2.2487e-08	-2.2205e-08	-2.2105e-08	-2.1925e-08	-2.148e-08	-2.0938e-08	-2.0449e-08	-2.0029e-08	-1.9694e-08	-1.9388e-08	-1.9279e-08	-1.9412e-08	-1.9552e-08	-1.955e-08	-1.9559e-08	-1.9753e-08	-1.9856e-08	-1.97e-08	-1.9609e-08	-1.9688e-08	-1.9829e-08	-2.0054e-08	-2.0407e-08	-2.0634e-08	-2.0559e-08	-2.0418e-08	-2.0468e-08	-2.0631e-08	-2.0785e-08	-2.0868e-08	-2.094e-08	-2.1127e-08	-2.1387e-08	-2.1621e-08	-2.1904e-08	-2.22e-08	-2.2587e-08	-2.304e-08	-2.3416e-08	-2.3685e-08	-2.3777e-08	-2.3549e-08	-2.3065e-08	-2.2456e-08	-2.1767e-08	-2.0915e-08	-1.9805e-08	-1.8923e-08	-1.8669e-08	-1.8749e-08	-1.8864e-08	-1.8936e-08	-1.8949e-08	-1.8809e-08	-1.8507e-08	-1.8167e-08	-1.816e-08	-1.8544e-08	-1.9189e-08	-1.9735e-08	-2.0029e-08	-2.0215e-08	-2.0305e-08	-2.0213e-08	-2.0067e-08	-2.003e-08	-2.0297e-08	-2.0816e-08	-2.1264e-08	-2.1474e-08	-2.1759e-08	-2.2113e-08	-2.2263e-08	-2.2105e-08	-2.18e-08	-2.1448e-08	-2.1072e-08	-2.0718e-08	-2.0356e-08	-2.0117e-08	-2.0187e-08	-2.0509e-08
-2.5243e-08	-2.5541e-08	-2.5586e-08	-2.5427e-08	-2.5306e-08	-2.5177e-08	-2.5102e-08	-2.5063e-08	-2.497e-08	-2.4974e-08	-2.5221e-08	-2.5651e-08	-2.6121e-08	-2.6503e-08	-2.6791e-08	-2.6958e-08	-2.6854e-08	-2.643e-08	-2.5927e-08	-2.5535e-08	-2.5196e-08	-2.4955e-08	-2.4967e-08	-2.5285e-08	-2.5813e-08	-2.6259e-08	-2.6436e-08	-2.6453e-08	-2.6618e-08	-2.716e-08	-2.775e-08	-2.7909e-08	-2.7286e-08	-2.5835e-08	-2.3737e-08	-2.1309e-08	-1.8896e-08	-1.6551e-08	-1.4219e-08	-1.1807e-08	-9.3299e-09	-6.8304e-09	-4.319e-09	-1.6862e-09	1.1164e-09	4.0119e-09	7.0214e-09	9.9436e-09	1.2657e-08	1.5255e-08	1.7854e-08	2.0558e-08	2.3361e-08	2.6147e-08	2.8938e-08	3.1885e-08	3.4987e-08	3.7938e-08	4.0534e-08	4.3132e-08	4.5757e-08	4.7889e-08	4.9548e-08	5.0743e-08	5.1222e-08	5.0921e-08	4.998e-08	4.8385e-08	4.6146e-08	4.3418e-08	4.0339e-08	3.7103e-08	3.3775e-08	3.0312e-08	2.6757e-08	2.3143e-08	1.9446e-08	1.5695e-08	1.1925e-08	8.118e-09	4.2373e-09	1.9744e-10	-4.0763e-09	-8.3855e-09	-1.2196e-08	-1.5336e-08	-1.7728e-08	-1.9444e-08	-2.1028e-08	-2.2638e-08	-2.3977e-08	-2.471e-08	-2.4752e-08	-2.439e-08	-2.3884e-08	-2.337e-08	-2.302e-08	-2.2788e-08	-2.2504e-08	-2.2239e-08	-2.2155e-08	-2.1989e-08	-2.1538e-08	-2.0955e-08	-2.0391e-08	-1.9902e-08	-1.9521e-08	-1.9183e-08	-1.9086e-08	-1.927e-08	-1.945e-08	-1.9446e-08	-1.943e-08	-1.9644e-08	-1.9812e-08	-1.97e-08	-1.9578e-08	-1.9568e-08	-1.9632e-08	-1.9852e-08	-2.0262e-08	-2.0573e-08	-2.057e-08	-2.047e-08	-2.0524e-08	-2.0684e-08	-2.0844e-08	-2.093e-08	-2.0987e-08	-2.1154e-08	-2.1431e-08	-2.1702e-08	-2.1996e-08	-2.2284e-08	-2.2705e-08	-2.3274e-08	-2.3801e-08	-2.4162e-08	-2.4256e-08	-2.3959e-08	-2.3373e-08	-2.2667e-08	-2.1922e-08	-2.1047e-08	-1.9932e-08	-1.9037e-08	-1.8779e-08	-1.8875e-08	-1.8984e-08	-1.9003e-08	-1.8938e-08	-1.8758e-08	-1.8483e-08	-1.8188e-08	-1.8178e-08	-1.8564e-08	-1.9261e-08	-1.9884e-08	-2.0239e-08	-2.0454e-08	-2.0586e-08	-2.0564e-08	-2.05e-08	-2.0554e-08	-2.0923e-08	-2.1521e-08	-2.2037e-08	-2.2323e-08	-2.2705e-08	-2.3153e-08	-2.3367e-08	-2.3208e-08	-2.2807e-08	-2.2283e-08	-2.1711e-08	-2.1172e-08	-2.0663e-08	-2.032e-08	-2.0326e-08	-2.0579e-08
-2.5251e-08	-2.5574e-08	-2.5637e-08	-2.5489e-08	-2.538e-08	-2.5256e-08	-2.5182e-08	-2.5134e-08	-2.5008e-08	-2.4984e-08	-2.5222e-08	-2.5639e-08	-2.6091e-08	-2.646e-08	-2.6755e-08	-2.6967e-08	-2.6934e-08	-2.6549e-08	-2.6038e-08	-2.5626e-08	-2.527e-08	-2.5006e-08	-2.5014e-08	-2.5381e-08	-2.6029e-08	-2.6646e-08	-2.6999e-08	-2.7157e-08	-2.742e-08	-2.8022e-08	-2.8649e-08	-2.8849e-08	-2.827e-08	-2.6831e-08	-2.4693e-08	-2.2175e-08	-1.9643e-08	-1.7172e-08	-1.4726e-08	-1.2211e-08	-9.6675e-09	-7.1342e-09	-4.5858e-09	-1.8891e-09	9.7877e-10	3.9042e-09	6.917e-09	9.8385e-09	1.2553e-08	1.5155e-08	1.7777e-08	2.0521e-08	2.336e-08	2.6141e-08	2.8889e-08	3.175e-08	3.4742e-08	3.7591e-08	4.0109e-08	4.2679e-08	4.5364e-08	4.7618e-08	4.9395e-08	5.0644e-08	5.1133e-08	5.0823e-08	4.9876e-08	4.8301e-08	4.6096e-08	4.3393e-08	4.0326e-08	3.709e-08	3.3763e-08	3.0303e-08	2.6742e-08	2.3108e-08	1.9388e-08	1.5611e-08	1.181e-08	7.9639e-09	4.0431e-09	-3.3107e-11	-4.324e-09	-8.6069e-09	-1.2371e-08	-1.5442e-08	-1.7791e-08	-1.9515e-08	-2.1084e-08	-2.2627e-08	-2.3885e-08	-2.4571e-08	-2.4611e-08	-2.427e-08	-2.3786e-08	-2.3289e-08	-2.2956e-08	-2.2748e-08	-2.2494e-08	-2.2254e-08	-2.2182e-08	-2.2027e-08	-2.1581e-08	-2.0965e-08	-2.0328e-08	-1.9771e-08	-1.9341e-08	-1.8981e-08	-1.8899e-08	-1.9132e-08	-1.9352e-08	-1.935e-08	-1.9312e-08	-1.9537e-08	-1.9767e-08	-1.9711e-08	-1.9562e-08	-1.9464e-08	-1.9445e-08	-1.9651e-08	-2.0108e-08	-2.0494e-08	-2.0568e-08	-2.0514e-08	-2.0573e-08	-2.0728e-08	-2.0891e-08	-2.0978e-08	-2.1021e-08	-2.1167e-08	-2.1456e-08	-2.1763e-08	-2.2068e-08	-2.2348e-08	-2.2795e-08	-2.3468e-08	-2.4141e-08	-2.4597e-08	-2.4699e-08	-2.434e-08	-2.3659e-08	-2.2862e-08	-2.2059e-08	-2.1162e-08	-2.0051e-08	-1.9151e-08	-1.8892e-08	-1.9005e-08	-1.9112e-08	-1.9081e-08	-1.8936e-08	-1.8714e-08	-1.8466e-08	-1.8218e-08	-1.8208e-08	-1.859e-08	-1.9329e-08	-2.0025e-08	-2.0438e-08	-2.0682e-08	-2.0853e-08	-2.0902e-08	-2.0923e-08	-2.107e-08	-2.1538e-08	-2.2214e-08	-2.2795e-08	-2.3155e-08	-2.3628e-08	-2.4171e-08	-2.4453e-08	-2.4299e-08	-2.3808e-08	-2.312e-08	-2.2353e-08	-2.1628e-08	-2.0968e-08	-2.052e-08	-2.0457e-08	-2.0639e-08
-2.5281e-08	-2.5612e-08	-2.569e-08	-2.5557e-08	-2.5456e-08	-2.5339e-08	-2.5268e-08	-2.5213e-08	-2.5065e-08	-2.5019e-08	-2.5249e-08	-2.5648e-08	-2.607e-08	-2.6413e-08	-2.6696e-08	-2.6933e-08	-2.6962e-08	-2.6634e-08	-2.6135e-08	-2.571e-08	-2.5347e-08	-2.5072e-08	-2.5078e-08	-2.5492e-08	-2.6249e-08	-2.7037e-08	-2.7589e-08	-2.7925e-08	-2.8314e-08	-2.8972e-08	-2.9614e-08	-2.9838e-08	-2.9304e-08	-2.7893e-08	-2.5734e-08	-2.314e-08	-2.0486e-08	-1.7878e-08	-1.5301e-08	-1.2672e-08	-1.0051e-08	-7.4746e-09	-4.88e-09	-2.1124e-09	8.2503e-10	3.7872e-09	6.8002e-09	9.7171e-09	1.2435e-08	1.5046e-08	1.7697e-08	2.0487e-08	2.3365e-08	2.6142e-08	2.8842e-08	3.1601e-08	3.4452e-08	3.7165e-08	3.9582e-08	4.2099e-08	4.4825e-08	4.7212e-08	4.9126e-08	5.0441e-08	5.0946e-08	5.0634e-08	4.9686e-08	4.8137e-08	4.598e-08	4.3317e-08	4.0275e-08	3.7048e-08	3.3728e-08	3.0275e-08	2.671e-08	2.3059e-08	1.9317e-08	1.5517e-08	1.1683e-08	7.7971e-09	3.8343e-09	-2.7878e-10	-4.5849e-09	-8.8391e-09	-1.2554e-08	-1.5553e-08	-1.7852e-08	-1.9579e-08	-2.1128e-08	-2.2598e-08	-2.3764e-08	-2.4393e-08	-2.4426e-08	-2.4106e-08	-2.3648e-08	-2.3173e-08	-2.2861e-08	-2.2681e-08	-2.2459e-08	-2.2247e-08	-2.2191e-08	-2.2049e-08	-2.1612e-08	-2.0969e-08	-2.0264e-08	-1.964e-08	-1.9164e-08	-1.8784e-08	-1.8721e-08	-1.9004e-08	-1.9265e-08	-1.9268e-08	-1.9207e-08	-1.9439e-08	-1.9729e-08	-1.9732e-08	-1.9564e-08	-1.9379e-08	-1.9274e-08	-1.9459e-08	-1.9953e-08	-2.041e-08	-2.0558e-08	-2.055e-08	-2.0614e-08	-2.0763e-08	-2.0927e-08	-2.1013e-08	-2.1043e-08	-2.1167e-08	-2.1464e-08	-2.1804e-08	-2.2122e-08	-2.2392e-08	-2.2856e-08	-2.3622e-08	-2.4433e-08	-2.4984e-08	-2.5099e-08	-2.4689e-08	-2.392e-08	-2.3037e-08	-2.2179e-08	-2.1264e-08	-2.0162e-08	-1.9264e-08	-1.9007e-08	-1.9138e-08	-1.9244e-08	-1.9166e-08	-1.8945e-08	-1.868e-08	-1.8456e-08	-1.8256e-08	-1.8247e-08	-1.8621e-08	-1.9392e-08	-2.0154e-08	-2.0624e-08	-2.0894e-08	-2.1102e-08	-2.1219e-08	-2.1325e-08	-2.1563e-08	-2.2128e-08	-2.2879e-08	-2.3521e-08	-2.395e-08	-2.4508e-08	-2.5141e-08	-2.5493e-08	-2.535e-08	-2.4779e-08	-2.3936e-08	-2.2982e-08	-2.2075e-08	-2.1266e-08	-2.0711e-08	-2.0576e-08	-2.0685e-08
-2.5331e-08	-2.5657e-08	-2.5746e-08	-2.5628e-08	-2.5533e-08	-2.5424e-08	-2.5358e-08	-2.5298e-08	-2.5136e-08	-2.5075e-08	-2.5295e-08	-2.5674e-08	-2.6059e-08	-2.6365e-08	-2.6623e-08	-2.6868e-08	-2.695e-08	-2.6687e-08	-2.6216e-08	-2.5787e-08	-2.5422e-08	-2.5141e-08	-2.5148e-08	-2.5605e-08	-2.6469e-08	-2.743e-08	-2.8193e-08	-2.8726e-08	-2.926e-08	-2.998e-08	-3.0636e-08	-3.0881e-08	-3.0392e-08	-2.9016e-08	-2.6844e-08	-2.4177e-08	-2.1401e-08	-1.8651e-08	-1.5935e-08	-1.3182e-08	-1.0473e-08	-7.8456e-09	-5.1999e-09	-2.358e-09	6.5386e-10	3.6583e-09	6.6738e-09	9.5857e-09	1.2307e-08	1.4928e-08	1.7609e-08	2.0449e-08	2.337e-08	2.6147e-08	2.8795e-08	3.144e-08	3.4131e-08	3.6685e-08	3.8978e-08	4.142e-08	4.4175e-08	4.67e-08	4.8765e-08	5.016e-08	5.0689e-08	5.038e-08	4.9434e-08	4.7916e-08	4.5817e-08	4.3205e-08	4.0199e-08	3.6989e-08	3.3679e-08	3.0237e-08	2.6672e-08	2.3006e-08	1.9245e-08	1.5421e-08	1.1556e-08	7.6294e-09	3.624e-09	-5.259e-10	-4.8463e-09	-9.0719e-09	-1.2738e-08	-1.5666e-08	-1.7912e-08	-1.9635e-08	-2.1162e-08	-2.2556e-08	-2.3622e-08	-2.4185e-08	-2.4206e-08	-2.3907e-08	-2.3477e-08	-2.3028e-08	-2.2741e-08	-2.259e-08	-2.2404e-08	-2.2223e-08	-2.2183e-08	-2.2058e-08	-2.1632e-08	-2.0969e-08	-2.0203e-08	-1.9517e-08	-1.8995e-08	-1.8601e-08	-1.8558e-08	-1.889e-08	-1.9195e-08	-1.9205e-08	-1.9121e-08	-1.9355e-08	-1.9701e-08	-1.9766e-08	-1.9587e-08	-1.932e-08	-1.9129e-08	-1.9284e-08	-1.9805e-08	-2.0324e-08	-2.0542e-08	-2.058e-08	-2.065e-08	-2.0791e-08	-2.0953e-08	-2.1036e-08	-2.1053e-08	-2.1154e-08	-2.1455e-08	-2.1825e-08	-2.2156e-08	-2.2417e-08	-2.2891e-08	-2.3734e-08	-2.4671e-08	-2.5316e-08	-2.5449e-08	-2.4998e-08	-2.4152e-08	-2.3191e-08	-2.2283e-08	-2.1352e-08	-2.0265e-08	-1.9374e-08	-1.912e-08	-1.9268e-08	-1.9377e-08	-1.9257e-08	-1.8964e-08	-1.8656e-08	-1.8452e-08	-1.83e-08	-1.8295e-08	-1.8655e-08	-1.9447e-08	-2.0267e-08	-2.0791e-08	-2.1087e-08	-2.1326e-08	-2.1507e-08	-2.1695e-08	-2.2022e-08	-2.2677e-08	-2.3498e-08	-2.4199e-08	-2.469e-08	-2.5324e-08	-2.6041e-08	-2.6461e-08	-2.6333e-08	-2.5694e-08	-2.471e-08	-2.3581e-08	-2.2501e-08	-2.1549e-08	-2.0889e-08	-2.068e-08	-2.0716e-08
-2.5396e-08	-2.571e-08	-2.5807e-08	-2.5702e-08	-2.561e-08	-2.5508e-08	-2.5448e-08	-2.5388e-08	-2.5217e-08	-2.5144e-08	-2.5356e-08	-2.5714e-08	-2.6059e-08	-2.6319e-08	-2.6541e-08	-2.678e-08	-2.6906e-08	-2.6712e-08	-2.6279e-08	-2.5855e-08	-2.5494e-08	-2.5211e-08	-2.522e-08	-2.5717e-08	-2.6682e-08	-2.7815e-08	-2.8795e-08	-2.954e-08	-3.023e-08	-3.1019e-08	-3.169e-08	-3.1951e-08	-3.1508e-08	-3.0172e-08	-2.7996e-08	-2.5264e-08	-2.2368e-08	-1.9473e-08	-1.6613e-08	-1.373e-08	-1.0926e-08	-8.2406e-09	-5.5404e-09	-2.6227e-09	4.6666e-10	3.5179e-09	6.5384e-09	9.4453e-09	1.2171e-08	1.4801e-08	1.7514e-08	2.0404e-08	2.3372e-08	2.6151e-08	2.8745e-08	3.1272e-08	3.379e-08	3.6169e-08	3.8321e-08	4.067e-08	4.3441e-08	4.6104e-08	4.8331e-08	4.9819e-08	5.0381e-08	5.0079e-08	4.9138e-08	4.7655e-08	4.562e-08	4.3069e-08	4.0108e-08	3.6922e-08	3.3628e-08	3.0199e-08	2.6637e-08	2.2958e-08	1.918e-08	1.5335e-08	1.1438e-08	7.4724e-09	3.4245e-09	-7.6163e-10	-5.0955e-09	-9.2939e-09	-1.2913e-08	-1.5774e-08	-1.7968e-08	-1.9685e-08	-2.119e-08	-2.2505e-08	-2.3468e-08	-2.3958e-08	-2.3962e-08	-2.3682e-08	-2.3282e-08	-2.2862e-08	-2.2602e-08	-2.2483e-08	-2.2332e-08	-2.2183e-08	-2.2162e-08	-2.2055e-08	-2.1644e-08	-2.0968e-08	-2.0151e-08	-1.9407e-08	-1.8845e-08	-1.8439e-08	-1.8418e-08	-1.8797e-08	-1.9147e-08	-1.9166e-08	-1.9059e-08	-1.9289e-08	-1.9686e-08	-1.9816e-08	-1.9634e-08	-1.9293e-08	-1.9017e-08	-1.9134e-08	-1.9672e-08	-2.0243e-08	-2.0526e-08	-2.0606e-08	-2.0683e-08	-2.0815e-08	-2.097e-08	-2.1049e-08	-2.1052e-08	-2.113e-08	-2.143e-08	-2.1827e-08	-2.2172e-08	-2.2423e-08	-2.2898e-08	-2.3804e-08	-2.4854e-08	-2.5587e-08	-2.5745e-08	-2.5262e-08	-2.4351e-08	-2.3322e-08	-2.2368e-08	-2.1425e-08	-2.0358e-08	-1.948e-08	-1.923e-08	-1.9394e-08	-1.9507e-08	-1.9352e-08	-1.8993e-08	-1.8642e-08	-1.8456e-08	-1.8349e-08	-1.835e-08	-1.8692e-08	-1.9493e-08	-2.0361e-08	-2.0934e-08	-2.1254e-08	-2.1521e-08	-2.1761e-08	-2.2025e-08	-2.2434e-08	-2.3171e-08	-2.4057e-08	-2.481e-08	-2.5358e-08	-2.6056e-08	-2.6846e-08	-2.733e-08	-2.7222e-08	-2.6527e-08	-2.5419e-08	-2.4132e-08	-2.2892e-08	-2.1807e-08	-2.1047e-08	-2.0765e-08	-2.073e-08
-2.5472e-08	-2.5771e-08	-2.5871e-08	-2.5776e-08	-2.5687e-08	-2.5591e-08	-2.5537e-08	-2.548e-08	-2.5305e-08	-2.5224e-08	-2.5428e-08	-2.5766e-08	-2.6069e-08	-2.6278e-08	-2.6453e-08	-2.6675e-08	-2.6836e-08	-2.6711e-08	-2.6326e-08	-2.5914e-08	-2.5561e-08	-2.5281e-08	-2.5293e-08	-2.5825e-08	-2.6884e-08	-2.8183e-08	-2.938e-08	-3.0343e-08	-3.12e-08	-3.2064e-08	-3.2749e-08	-3.3025e-08	-3.2627e-08	-3.1337e-08	-2.9163e-08	-2.6374e-08	-2.3364e-08	-2.0326e-08	-1.7321e-08	-1.4305e-08	-1.1401e-08	-8.653e-09	-5.8963e-09	-2.903e-09	2.6509e-10	3.3667e-09	6.3945e-09	9.2967e-09	1.2025e-08	1.4666e-08	1.7408e-08	2.0349e-08	2.3365e-08	2.6151e-08	2.8692e-08	3.1098e-08	3.3439e-08	3.5633e-08	3.7633e-08	3.9877e-08	4.2649e-08	4.5448e-08	4.7842e-08	4.9435e-08	5.0038e-08	4.9748e-08	4.8815e-08	4.737e-08	4.5403e-08	4.2921e-08	4.0013e-08	3.6857e-08	3.3582e-08	3.017e-08	2.6614e-08	2.2926e-08	1.9132e-08	1.5268e-08	1.1342e-08	7.3373e-09	3.2478e-09	-9.7323e-10	-5.3199e-09	-9.4937e-09	-1.3071e-08	-1.5871e-08	-1.8017e-08	-1.9728e-08	-2.1211e-08	-2.2451e-08	-2.331e-08	-2.3721e-08	-2.3704e-08	-2.3439e-08	-2.3068e-08	-2.2679e-08	-2.2448e-08	-2.2362e-08	-2.2249e-08	-2.2132e-08	-2.2129e-08	-2.2041e-08	-2.1649e-08	-2.0968e-08	-2.0111e-08	-1.9317e-08	-1.8721e-08	-1.8309e-08	-1.8308e-08	-1.8731e-08	-1.9125e-08	-1.9155e-08	-1.9027e-08	-1.9246e-08	-1.9688e-08	-1.9883e-08	-1.9708e-08	-1.9305e-08	-1.8947e-08	-1.9019e-08	-1.9561e-08	-2.0173e-08	-2.0513e-08	-2.0632e-08	-2.0714e-08	-2.0836e-08	-2.0981e-08	-2.1053e-08	-2.1041e-08	-2.1096e-08	-2.1392e-08	-2.1811e-08	-2.217e-08	-2.2412e-08	-2.288e-08	-2.3831e-08	-2.4976e-08	-2.5791e-08	-2.5977e-08	-2.5474e-08	-2.4511e-08	-2.3425e-08	-2.2434e-08	-2.1485e-08	-2.0442e-08	-1.9581e-08	-1.9334e-08	-1.9511e-08	-1.963e-08	-1.9447e-08	-1.9031e-08	-1.8641e-08	-1.8467e-08	-1.8404e-08	-1.8411e-08	-1.8731e-08	-1.9528e-08	-2.0432e-08	-2.105e-08	-2.1392e-08	-2.1681e-08	-2.1971e-08	-2.2304e-08	-2.2787e-08	-2.3596e-08	-2.454e-08	-2.5339e-08	-2.5934e-08	-2.6682e-08	-2.7534e-08	-2.8075e-08	-2.7989e-08	-2.7251e-08	-2.6039e-08	-2.4616e-08	-2.3236e-08	-2.2032e-08	-2.118e-08	-2.0827e-08	-2.0725e-08
-2.5557e-08	-2.5837e-08	-2.5937e-08	-2.585e-08	-2.5761e-08	-2.567e-08	-2.5622e-08	-2.5571e-08	-2.5397e-08	-2.531e-08	-2.5507e-08	-2.5828e-08	-2.6088e-08	-2.6243e-08	-2.6365e-08	-2.6558e-08	-2.6745e-08	-2.6688e-08	-2.6356e-08	-2.5964e-08	-2.5622e-08	-2.5348e-08	-2.5363e-08	-2.5924e-08	-2.7067e-08	-2.8522e-08	-2.9931e-08	-3.1114e-08	-3.2144e-08	-3.3088e-08	-3.3789e-08	-3.4078e-08	-3.3723e-08	-3.2482e-08	-3.0321e-08	-2.7485e-08	-2.4368e-08	-2.1192e-08	-1.8044e-08	-1.4896e-08	-1.189e-08	-9.0756e-09	-6.262e-09	-3.1953e-09	5.1105e-11	3.2054e-09	6.243e-09	9.1407e-09	1.1872e-08	1.4523e-08	1.7292e-08	2.0281e-08	2.3347e-08	2.6142e-08	2.8633e-08	3.0922e-08	3.3088e-08	3.5093e-08	3.6935e-08	3.9066e-08	4.1828e-08	4.4754e-08	4.7318e-08	4.9025e-08	4.9678e-08	4.9405e-08	4.8482e-08	4.7075e-08	4.5179e-08	4.2772e-08	3.9925e-08	3.6804e-08	3.3552e-08	3.016e-08	2.6612e-08	2.2918e-08	1.911e-08	1.5229e-08	1.1276e-08	7.2352e-09	3.1059e-09	-1.1481e-09	-5.5067e-09	-9.6596e-09	-1.3201e-08	-1.5952e-08	-1.8057e-08	-1.9763e-08	-2.1229e-08	-2.2399e-08	-2.3155e-08	-2.3485e-08	-2.3441e-08	-2.3187e-08	-2.2846e-08	-2.2489e-08	-2.2287e-08	-2.2233e-08	-2.2157e-08	-2.2071e-08	-2.2087e-08	-2.2018e-08	-2.1649e-08	-2.0972e-08	-2.0088e-08	-1.9254e-08	-1.8631e-08	-1.8216e-08	-1.8236e-08	-1.87e-08	-1.9136e-08	-1.9179e-08	-1.9029e-08	-1.9232e-08	-1.9711e-08	-1.9971e-08	-1.9813e-08	-1.9359e-08	-1.8926e-08	-1.8948e-08	-1.9481e-08	-2.0121e-08	-2.0507e-08	-2.0661e-08	-2.0747e-08	-2.0855e-08	-2.0987e-08	-2.1048e-08	-2.1022e-08	-2.1054e-08	-2.1341e-08	-2.1778e-08	-2.215e-08	-2.2383e-08	-2.2837e-08	-2.3815e-08	-2.5036e-08	-2.5924e-08	-2.614e-08	-2.5627e-08	-2.4628e-08	-2.3499e-08	-2.248e-08	-2.1532e-08	-2.0517e-08	-1.9676e-08	-1.9431e-08	-1.9619e-08	-1.9745e-08	-1.954e-08	-1.9077e-08	-1.865e-08	-1.8487e-08	-1.8463e-08	-1.8477e-08	-1.877e-08	-1.9551e-08	-2.0479e-08	-2.1134e-08	-2.1496e-08	-2.1801e-08	-2.2132e-08	-2.2523e-08	-2.307e-08	-2.3938e-08	-2.4931e-08	-2.5769e-08	-2.6402e-08	-2.7185e-08	-2.8081e-08	-2.8669e-08	-2.8606e-08	-2.7839e-08	-2.6546e-08	-2.5015e-08	-2.3519e-08	-2.2215e-08	-2.1282e-08	-2.0862e-08	-2.0698e-08
-2.5648e-08	-2.5906e-08	-2.6003e-08	-2.5922e-08	-2.5831e-08	-2.5743e-08	-2.5703e-08	-2.5659e-08	-2.549e-08	-2.5399e-08	-2.5591e-08	-2.5896e-08	-2.6116e-08	-2.6215e-08	-2.6278e-08	-2.6435e-08	-2.6637e-08	-2.6645e-08	-2.6372e-08	-2.6004e-08	-2.5676e-08	-2.5412e-08	-2.5429e-08	-2.6012e-08	-2.7227e-08	-2.8824e-08	-3.0435e-08	-3.1834e-08	-3.3037e-08	-3.4066e-08	-3.4785e-08	-3.5084e-08	-3.4771e-08	-3.3582e-08	-3.1442e-08	-2.8569e-08	-2.5357e-08	-2.2052e-08	-1.8766e-08	-1.549e-08	-1.2382e-08	-9.5014e-09	-6.6317e-09	-3.4954e-09	-1.7303e-10	3.035e-09	6.0844e-09	8.9782e-09	1.1712e-08	1.4372e-08	1.7165e-08	2.0198e-08	2.3311e-08	2.6121e-08	2.8567e-08	3.0746e-08	3.2743e-08	3.4565e-08	3.625e-08	3.8263e-08	4.1005e-08	4.4046e-08	4.6778e-08	4.8607e-08	4.9317e-08	4.9066e-08	4.8157e-08	4.6788e-08	4.4964e-08	4.2636e-08	3.9854e-08	3.6775e-08	3.3549e-08	3.0178e-08	2.6641e-08	2.2944e-08	1.9125e-08	1.5228e-08	1.1251e-08	7.1772e-09	3.0108e-09	-1.2737e-09	-5.6432e-09	-9.7795e-09	-1.3294e-08	-1.6008e-08	-1.8083e-08	-1.979e-08	-2.1244e-08	-2.2352e-08	-2.301e-08	-2.3259e-08	-2.3182e-08	-2.2937e-08	-2.2622e-08	-2.2296e-08	-2.2123e-08	-2.2101e-08	-2.2061e-08	-2.2006e-08	-2.2038e-08	-2.1989e-08	-2.1645e-08	-2.0981e-08	-2.0083e-08	-1.9223e-08	-1.8581e-08	-1.8171e-08	-1.821e-08	-1.8709e-08	-1.9184e-08	-1.9242e-08	-1.9073e-08	-1.9253e-08	-1.9759e-08	-2.0083e-08	-1.9951e-08	-1.9461e-08	-1.8961e-08	-1.8928e-08	-1.944e-08	-2.0093e-08	-2.0514e-08	-2.0695e-08	-2.0782e-08	-2.0875e-08	-2.0989e-08	-2.1036e-08	-2.0995e-08	-2.1005e-08	-2.1279e-08	-2.1729e-08	-2.2113e-08	-2.2339e-08	-2.2771e-08	-2.3756e-08	-2.5031e-08	-2.598e-08	-2.6226e-08	-2.5715e-08	-2.4695e-08	-2.3539e-08	-2.2504e-08	-2.1564e-08	-2.0583e-08	-1.9765e-08	-1.9519e-08	-1.9713e-08	-1.9846e-08	-1.9628e-08	-1.9129e-08	-1.8673e-08	-1.8515e-08	-1.8526e-08	-1.8548e-08	-1.8809e-08	-1.9561e-08	-2.0497e-08	-2.1182e-08	-2.1561e-08	-2.1876e-08	-2.2238e-08	-2.2675e-08	-2.3271e-08	-2.4184e-08	-2.5215e-08	-2.6082e-08	-2.6743e-08	-2.7543e-08	-2.8466e-08	-2.9088e-08	-2.9046e-08	-2.8264e-08	-2.6917e-08	-2.5307e-08	-2.3726e-08	-2.2345e-08	-2.1347e-08	-2.0866e-08	-2.0646e-08
-2.5741e-08	-2.5977e-08	-2.6069e-08	-2.599e-08	-2.5897e-08	-2.5811e-08	-2.5776e-08	-2.5741e-08	-2.5581e-08	-2.5489e-08	-2.5676e-08	-2.5968e-08	-2.6151e-08	-2.6195e-08	-2.6197e-08	-2.631e-08	-2.6518e-08	-2.6585e-08	-2.6373e-08	-2.6035e-08	-2.5724e-08	-2.5471e-08	-2.5489e-08	-2.6086e-08	-2.736e-08	-2.9081e-08	-3.0877e-08	-3.2483e-08	-3.3856e-08	-3.497e-08	-3.5711e-08	-3.6019e-08	-3.5745e-08	-3.4611e-08	-3.2499e-08	-2.9603e-08	-2.6309e-08	-2.2886e-08	-1.9472e-08	-1.6076e-08	-1.287e-08	-9.9227e-09	-6.9996e-09	-3.7991e-09	-4.0479e-10	2.8567e-09	5.9194e-09	8.81e-09	1.1546e-08	1.4213e-08	1.7025e-08	2.0097e-08	2.3256e-08	2.6084e-08	2.8492e-08	3.0572e-08	3.2413e-08	3.4061e-08	3.5597e-08	3.7494e-08	4.0205e-08	4.335e-08	4.6243e-08	4.8199e-08	4.8974e-08	4.875e-08	4.7856e-08	4.6525e-08	4.4771e-08	4.2525e-08	3.9812e-08	3.6778e-08	3.3581e-08	3.0234e-08	2.6711e-08	2.3013e-08	1.9187e-08	1.5276e-08	1.1278e-08	7.1742e-09	2.9741e-09	-1.3376e-09	-5.7167e-09	-9.8413e-09	-1.3338e-08	-1.6031e-08	-1.8091e-08	-1.9807e-08	-2.1258e-08	-2.2314e-08	-2.2883e-08	-2.3051e-08	-2.2939e-08	-2.2696e-08	-2.2404e-08	-2.2108e-08	-2.1962e-08	-2.1971e-08	-2.1966e-08	-2.1939e-08	-2.1986e-08	-2.1956e-08	-2.164e-08	-2.0997e-08	-2.0102e-08	-1.9229e-08	-1.858e-08	-1.8181e-08	-1.8238e-08	-1.8766e-08	-1.9275e-08	-1.9349e-08	-1.9162e-08	-1.9313e-08	-1.9836e-08	-2.022e-08	-2.0125e-08	-1.9615e-08	-1.906e-08	-1.897e-08	-1.9446e-08	-2.0096e-08	-2.0538e-08	-2.0738e-08	-2.0824e-08	-2.0897e-08	-2.0988e-08	-2.1019e-08	-2.0961e-08	-2.095e-08	-2.1207e-08	-2.1664e-08	-2.206e-08	-2.2278e-08	-2.2682e-08	-2.3655e-08	-2.4959e-08	-2.5954e-08	-2.623e-08	-2.573e-08	-2.4707e-08	-2.3542e-08	-2.2506e-08	-2.1583e-08	-2.0639e-08	-1.9846e-08	-1.9598e-08	-1.9792e-08	-1.9931e-08	-1.9706e-08	-1.9185e-08	-1.8707e-08	-1.8554e-08	-1.8593e-08	-1.8621e-08	-1.8847e-08	-1.9556e-08	-2.0485e-08	-2.1189e-08	-2.1582e-08	-2.1901e-08	-2.2283e-08	-2.275e-08	-2.3381e-08	-2.432e-08	-2.5376e-08	-2.6263e-08	-2.694e-08	-2.774e-08	-2.8668e-08	-2.9306e-08	-2.9282e-08	-2.8498e-08	-2.7125e-08	-2.5473e-08	-2.3841e-08	-2.2413e-08	-2.1367e-08	-2.0835e-08	-2.0567e-08
-2.5834e-08	-2.6046e-08	-2.6131e-08	-2.6054e-08	-2.5956e-08	-2.587e-08	-2.584e-08	-2.5815e-08	-2.5667e-08	-2.5575e-08	-2.5758e-08	-2.6041e-08	-2.6192e-08	-2.6183e-08	-2.6125e-08	-2.6189e-08	-2.6394e-08	-2.6513e-08	-2.6363e-08	-2.6057e-08	-2.5763e-08	-2.5522e-08	-2.5542e-08	-2.6144e-08	-2.7459e-08	-2.9284e-08	-3.1246e-08	-3.3042e-08	-3.4576e-08	-3.5777e-08	-3.654e-08	-3.6857e-08	-3.6619e-08	-3.5542e-08	-3.3467e-08	-3.056e-08	-2.72e-08	-2.3675e-08	-2.0145e-08	-1.6639e-08	-1.3342e-08	-1.0332e-08	-7.3595e-09	-4.1018e-09	-6.4134e-10	2.6718e-09	5.7486e-09	8.6367e-09	1.1374e-08	1.4047e-08	1.6873e-08	1.9977e-08	2.3176e-08	2.6026e-08	2.8404e-08	3.0399e-08	3.2104e-08	3.3595e-08	3.4994e-08	3.6783e-08	3.9457e-08	4.2689e-08	4.5733e-08	4.7819e-08	4.8666e-08	4.8473e-08	4.7598e-08	4.6302e-08	4.4616e-08	4.2452e-08	3.981e-08	3.6825e-08	3.3659e-08	3.0337e-08	2.683e-08	2.3136e-08	1.9303e-08	1.5382e-08	1.1366e-08	7.237e-09	3.0076e-09	-1.3276e-09	-5.7147e-09	-9.8326e-09	-1.3323e-08	-1.6014e-08	-1.8078e-08	-1.9813e-08	-2.1271e-08	-2.2288e-08	-2.2779e-08	-2.287e-08	-2.272e-08	-2.2475e-08	-2.2202e-08	-2.1933e-08	-2.1812e-08	-2.185e-08	-2.1877e-08	-2.1874e-08	-2.1934e-08	-2.192e-08	-2.1633e-08	-2.1022e-08	-2.0146e-08	-1.9277e-08	-1.8634e-08	-1.8254e-08	-1.8329e-08	-1.8878e-08	-1.9416e-08	-1.9505e-08	-1.9302e-08	-1.9418e-08	-1.9947e-08	-2.0386e-08	-2.0337e-08	-1.9826e-08	-1.9228e-08	-1.9081e-08	-1.951e-08	-2.0137e-08	-2.0584e-08	-2.0794e-08	-2.0873e-08	-2.0923e-08	-2.0987e-08	-2.0997e-08	-2.0922e-08	-2.0889e-08	-2.1127e-08	-2.1586e-08	-2.1991e-08	-2.2203e-08	-2.2572e-08	-2.3512e-08	-2.4819e-08	-2.584e-08	-2.6143e-08	-2.5666e-08	-2.4658e-08	-2.3504e-08	-2.2482e-08	-2.1587e-08	-2.0685e-08	-1.9919e-08	-1.9666e-08	-1.9854e-08	-1.9996e-08	-1.9773e-08	-1.9242e-08	-1.8753e-08	-1.8603e-08	-1.8665e-08	-1.8697e-08	-1.8883e-08	-1.9536e-08	-2.0441e-08	-2.1152e-08	-2.1554e-08	-2.1872e-08	-2.226e-08	-2.2743e-08	-2.3389e-08	-2.4336e-08	-2.5402e-08	-2.6297e-08	-2.698e-08	-2.7761e-08	-2.8671e-08	-2.9308e-08	-2.9296e-08	-2.8525e-08	-2.7155e-08	-2.5498e-08	-2.3854e-08	-2.241e-08	-2.1339e-08	-2.0766e-08	-2.0458e-08
-2.5922e-08	-2.6113e-08	-2.619e-08	-2.6111e-08	-2.6007e-08	-2.592e-08	-2.5893e-08	-2.5879e-08	-2.5745e-08	-2.5656e-08	-2.5835e-08	-2.6112e-08	-2.6237e-08	-2.618e-08	-2.6063e-08	-2.6076e-08	-2.6269e-08	-2.6432e-08	-2.6341e-08	-2.6069e-08	-2.5794e-08	-2.5567e-08	-2.5584e-08	-2.6183e-08	-2.7523e-08	-2.9427e-08	-3.1529e-08	-3.3494e-08	-3.5176e-08	-3.646e-08	-3.7248e-08	-3.7573e-08	-3.737e-08	-3.635e-08	-3.4319e-08	-3.1414e-08	-2.8006e-08	-2.4398e-08	-2.0768e-08	-1.7168e-08	-1.3788e-08	-1.0721e-08	-7.7049e-09	-4.3984e-09	-8.7956e-10	2.4815e-09	5.5728e-09	8.4591e-09	1.1198e-08	1.3875e-08	1.6709e-08	1.9835e-08	2.3069e-08	2.5942e-08	2.83e-08	3.0228e-08	3.182e-08	3.3178e-08	3.4461e-08	3.6153e-08	3.8786e-08	4.209e-08	4.5271e-08	4.7486e-08	4.8409e-08	4.8254e-08	4.7399e-08	4.6137e-08	4.4514e-08	4.243e-08	3.9861e-08	3.6927e-08	3.3792e-08	3.0497e-08	2.7009e-08	2.332e-08	1.9484e-08	1.5555e-08	1.1526e-08	7.3763e-09	3.1225e-09	-1.2314e-09	-5.6244e-09	-9.7408e-09	-1.3237e-08	-1.5947e-08	-1.8037e-08	-1.9806e-08	-2.1284e-08	-2.2276e-08	-2.2703e-08	-2.2724e-08	-2.2535e-08	-2.2283e-08	-2.2024e-08	-2.1778e-08	-2.1678e-08	-2.1741e-08	-2.1797e-08	-2.1816e-08	-2.1884e-08	-2.1884e-08	-2.1628e-08	-2.1057e-08	-2.0219e-08	-1.9372e-08	-1.8751e-08	-1.8398e-08	-1.8492e-08	-1.9054e-08	-1.9613e-08	-1.9715e-08	-1.9498e-08	-1.9574e-08	-2.0096e-08	-2.0583e-08	-2.059e-08	-2.0096e-08	-1.9473e-08	-1.9271e-08	-1.964e-08	-2.0224e-08	-2.0657e-08	-2.0865e-08	-2.0932e-08	-2.0956e-08	-2.0987e-08	-2.0971e-08	-2.0877e-08	-2.0824e-08	-2.104e-08	-2.1496e-08	-2.1907e-08	-2.2113e-08	-2.2442e-08	-2.3329e-08	-2.4609e-08	-2.5636e-08	-2.5959e-08	-2.5515e-08	-2.4542e-08	-2.3421e-08	-2.2432e-08	-2.1577e-08	-2.0723e-08	-1.9985e-08	-1.9722e-08	-1.9897e-08	-2.004e-08	-1.9824e-08	-1.93e-08	-1.881e-08	-1.8664e-08	-1.8742e-08	-1.8775e-08	-1.8918e-08	-1.9502e-08	-2.0365e-08	-2.1072e-08	-2.1479e-08	-2.1789e-08	-2.2172e-08	-2.2653e-08	-2.3297e-08	-2.4234e-08	-2.5296e-08	-2.6189e-08	-2.6866e-08	-2.7614e-08	-2.8485e-08	-2.9102e-08	-2.9098e-08	-2.835e-08	-2.7011e-08	-2.5386e-08	-2.3767e-08	-2.2339e-08	-2.1265e-08	-2.0664e-08	-2.0324e-08
-2.6003e-08	-2.6173e-08	-2.6242e-08	-2.6161e-08	-2.605e-08	-2.5958e-08	-2.5934e-08	-2.593e-08	-2.5812e-08	-2.5727e-08	-2.5904e-08	-2.6178e-08	-2.6283e-08	-2.6185e-08	-2.6014e-08	-2.5974e-08	-2.6149e-08	-2.6346e-08	-2.6311e-08	-2.6073e-08	-2.5816e-08	-2.5602e-08	-2.5615e-08	-2.6201e-08	-2.7546e-08	-2.9504e-08	-3.1714e-08	-3.3822e-08	-3.5633e-08	-3.6995e-08	-3.7808e-08	-3.8141e-08	-3.7971e-08	-3.7008e-08	-3.5027e-08	-3.2139e-08	-2.8704e-08	-2.5034e-08	-2.1324e-08	-1.7647e-08	-1.4198e-08	-1.1082e-08	-8.0294e-09	-4.6838e-09	-1.116e-09	2.2876e-09	5.3926e-09	8.2777e-09	1.1017e-08	1.3697e-08	1.6532e-08	1.9671e-08	2.2932e-08	2.5829e-08	2.8177e-08	3.0058e-08	3.1566e-08	3.2821e-08	3.4014e-08	3.5629e-08	3.8221e-08	4.1578e-08	4.4879e-08	4.7217e-08	4.8221e-08	4.8109e-08	4.7278e-08	4.6046e-08	4.448e-08	4.2472e-08	3.9975e-08	3.7093e-08	3.3992e-08	3.0725e-08	2.7256e-08	2.3576e-08	1.974e-08	1.5806e-08	1.1767e-08	7.6026e-09	3.3304e-09	-1.037e-09	-5.4331e-09	-9.553e-09	-1.3068e-08	-1.5821e-08	-1.7963e-08	-1.9784e-08	-2.1297e-08	-2.2282e-08	-2.2661e-08	-2.2623e-08	-2.2394e-08	-2.2129e-08	-2.1878e-08	-2.165e-08	-2.1568e-08	-2.1651e-08	-2.1733e-08	-2.1768e-08	-2.1839e-08	-2.185e-08	-2.1625e-08	-2.1104e-08	-2.0321e-08	-1.9519e-08	-1.8936e-08	-1.8622e-08	-1.8734e-08	-1.9301e-08	-1.987e-08	-1.9984e-08	-1.9754e-08	-1.9785e-08	-2.0288e-08	-2.0813e-08	-2.0884e-08	-2.0427e-08	-1.9797e-08	-1.9544e-08	-1.9841e-08	-2.0362e-08	-2.0761e-08	-2.0954e-08	-2.1004e-08	-2.0996e-08	-2.0989e-08	-2.0943e-08	-2.0828e-08	-2.0756e-08	-2.0948e-08	-2.1394e-08	-2.1808e-08	-2.2009e-08	-2.2294e-08	-2.3111e-08	-2.4336e-08	-2.5346e-08	-2.5683e-08	-2.5279e-08	-2.4359e-08	-2.3294e-08	-2.2356e-08	-2.1553e-08	-2.0751e-08	-2.0043e-08	-1.9768e-08	-1.9922e-08	-2.0063e-08	-1.986e-08	-1.9354e-08	-1.8876e-08	-1.8734e-08	-1.8823e-08	-1.8853e-08	-1.8951e-08	-1.9458e-08	-2.0264e-08	-2.0954e-08	-2.1361e-08	-2.166e-08	-2.2028e-08	-2.2494e-08	-2.3119e-08	-2.403e-08	-2.5073e-08	-2.5955e-08	-2.6618e-08	-2.7319e-08	-2.8134e-08	-2.8716e-08	-2.8713e-08	-2.7998e-08	-2.6713e-08	-2.5151e-08	-2.3591e-08	-2.2207e-08	-2.1151e-08	-2.0533e-08	-2.0168e-08
-2.6073e-08	-2.6225e-08	-2.6287e-08	-2.6201e-08	-2.6082e-08	-2.5985e-08	-2.5961e-08	-2.5967e-08	-2.5865e-08	-2.5786e-08	-2.596e-08	-2.6236e-08	-2.633e-08	-2.6199e-08	-2.5981e-08	-2.589e-08	-2.6038e-08	-2.6259e-08	-2.6274e-08	-2.607e-08	-2.5829e-08	-2.5627e-08	-2.5634e-08	-2.6197e-08	-2.7527e-08	-2.9507e-08	-3.1791e-08	-3.4009e-08	-3.5925e-08	-3.7355e-08	-3.8194e-08	-3.8537e-08	-3.8397e-08	-3.7491e-08	-3.5566e-08	-3.271e-08	-2.9268e-08	-2.5561e-08	-2.1795e-08	-1.8062e-08	-1.4561e-08	-1.1406e-08	-8.3261e-09	-4.9525e-09	-1.3471e-09	2.0918e-09	5.2087e-09	8.0932e-09	1.0834e-08	1.3514e-08	1.6343e-08	1.9483e-08	2.2761e-08	2.5683e-08	2.803e-08	2.9887e-08	3.1344e-08	3.2533e-08	3.3669e-08	3.5232e-08	3.7787e-08	4.1181e-08	4.4579e-08	4.7032e-08	4.8119e-08	4.8055e-08	4.7251e-08	4.6046e-08	4.4531e-08	4.2593e-08	4.0165e-08	3.7336e-08	3.4268e-08	3.1029e-08	2.7581e-08	2.3913e-08	2.0079e-08	1.6144e-08	1.2099e-08	7.9261e-09	3.6421e-09	-7.3259e-10	-5.1286e-09	-9.2565e-09	-1.2804e-08	-1.5626e-08	-1.7849e-08	-1.9745e-08	-2.131e-08	-2.2305e-08	-2.2656e-08	-2.257e-08	-2.2304e-08	-2.2021e-08	-2.177e-08	-2.1554e-08	-2.1484e-08	-2.1584e-08	-2.1686e-08	-2.1733e-08	-2.1803e-08	-2.1819e-08	-2.1625e-08	-2.1161e-08	-2.0452e-08	-1.9715e-08	-1.9188e-08	-1.8923e-08	-1.9055e-08	-1.9618e-08	-2.0187e-08	-2.0308e-08	-2.0068e-08	-2.0051e-08	-2.052e-08	-2.1075e-08	-2.1214e-08	-2.0811e-08	-2.0193e-08	-1.9895e-08	-2.0111e-08	-2.055e-08	-2.0895e-08	-2.106e-08	-2.1086e-08	-2.1043e-08	-2.0994e-08	-2.0913e-08	-2.0776e-08	-2.0685e-08	-2.0852e-08	-2.1283e-08	-2.1697e-08	-2.1894e-08	-2.2132e-08	-2.2865e-08	-2.4012e-08	-2.4983e-08	-2.5326e-08	-2.4968e-08	-2.4117e-08	-2.3124e-08	-2.2254e-08	-2.1513e-08	-2.077e-08	-2.0093e-08	-1.9804e-08	-1.9933e-08	-2.0066e-08	-1.9879e-08	-1.9403e-08	-1.8948e-08	-1.8813e-08	-1.8908e-08	-1.8933e-08	-1.8983e-08	-1.9407e-08	-2.0142e-08	-2.0805e-08	-2.1208e-08	-2.1493e-08	-2.1837e-08	-2.2276e-08	-2.2869e-08	-2.3738e-08	-2.4751e-08	-2.5612e-08	-2.6255e-08	-2.6901e-08	-2.7645e-08	-2.8178e-08	-2.8169e-08	-2.7493e-08	-2.628e-08	-2.4808e-08	-2.3335e-08	-2.2021e-08	-2.1001e-08	-2.0378e-08	-1.9995e-08
-2.6127e-08	-2.6266e-08	-2.6321e-08	-2.6231e-08	-2.6102e-08	-2.5997e-08	-2.5971e-08	-2.5986e-08	-2.5902e-08	-2.5829e-08	-2.6002e-08	-2.6283e-08	-2.6374e-08	-2.6221e-08	-2.5964e-08	-2.5825e-08	-2.5943e-08	-2.6177e-08	-2.6233e-08	-2.606e-08	-2.5833e-08	-2.5641e-08	-2.5639e-08	-2.6169e-08	-2.7461e-08	-2.9432e-08	-3.1751e-08	-3.404e-08	-3.6032e-08	-3.7516e-08	-3.8379e-08	-3.8735e-08	-3.8623e-08	-3.7772e-08	-3.5909e-08	-3.3098e-08	-2.9675e-08	-2.5957e-08	-2.2163e-08	-1.8399e-08	-1.4865e-08	-1.1685e-08	-8.5882e-09	-5.1986e-09	-1.5688e-09	1.896e-09	5.0218e-09	7.906e-09	1.0648e-08	1.3326e-08	1.6142e-08	1.9271e-08	2.2553e-08	2.5498e-08	2.7857e-08	2.9714e-08	3.1157e-08	3.2322e-08	3.3441e-08	3.4983e-08	3.7509e-08	4.0921e-08	4.4392e-08	4.6947e-08	4.8117e-08	4.8106e-08	4.7331e-08	4.6151e-08	4.4677e-08	4.2801e-08	4.0439e-08	3.7661e-08	3.4627e-08	3.1415e-08	2.799e-08	2.4335e-08	2.0508e-08	1.6573e-08	1.2527e-08	8.351e-09	4.0619e-09	-3.1399e-10	-4.7065e-09	-8.8459e-09	-1.2439e-08	-1.5354e-08	-1.7687e-08	-1.9682e-08	-2.1317e-08	-2.2341e-08	-2.2682e-08	-2.2562e-08	-2.2263e-08	-2.1957e-08	-2.17e-08	-2.149e-08	-2.1427e-08	-2.1538e-08	-2.1657e-08	-2.1711e-08	-2.1775e-08	-2.1793e-08	-2.1627e-08	-2.1227e-08	-2.0605e-08	-1.9952e-08	-1.9498e-08	-1.9291e-08	-1.9444e-08	-1.9995e-08	-2.0555e-08	-2.0678e-08	-2.0429e-08	-2.0362e-08	-2.0787e-08	-2.1359e-08	-2.1569e-08	-2.1237e-08	-2.0646e-08	-2.0312e-08	-2.0441e-08	-2.0781e-08	-2.1055e-08	-2.1181e-08	-2.1177e-08	-2.1095e-08	-2.1001e-08	-2.0883e-08	-2.072e-08	-2.0611e-08	-2.0753e-08	-2.1166e-08	-2.1576e-08	-2.1769e-08	-2.1961e-08	-2.2599e-08	-2.3648e-08	-2.4561e-08	-2.49e-08	-2.4592e-08	-2.3822e-08	-2.2918e-08	-2.2128e-08	-2.146e-08	-2.0779e-08	-2.0135e-08	-1.9832e-08	-1.9931e-08	-2.0053e-08	-1.9884e-08	-1.9446e-08	-1.9023e-08	-1.8899e-08	-1.8995e-08	-1.9013e-08	-1.9016e-08	-1.9352e-08	-2.0007e-08	-2.0631e-08	-2.1027e-08	-2.1294e-08	-2.1609e-08	-2.201e-08	-2.2559e-08	-2.3375e-08	-2.4346e-08	-2.5179e-08	-2.5795e-08	-2.638e-08	-2.7043e-08	-2.7515e-08	-2.7494e-08	-2.6861e-08	-2.5733e-08	-2.4372e-08	-2.3011e-08	-2.1787e-08	-2.0822e-08	-2.0205e-08	-1.981e-08
-2.6163e-08	-2.6292e-08	-2.6343e-08	-2.6249e-08	-2.6109e-08	-2.5994e-08	-2.5964e-08	-2.5987e-08	-2.5921e-08	-2.5855e-08	-2.6026e-08	-2.6314e-08	-2.6412e-08	-2.6249e-08	-2.5965e-08	-2.5785e-08	-2.5869e-08	-2.6103e-08	-2.6191e-08	-2.6044e-08	-2.5828e-08	-2.5643e-08	-2.5629e-08	-2.6115e-08	-2.7348e-08	-2.9274e-08	-3.1585e-08	-3.3901e-08	-3.5935e-08	-3.7455e-08	-3.834e-08	-3.8709e-08	-3.8626e-08	-3.7829e-08	-3.6032e-08	-3.3282e-08	-2.9902e-08	-2.6205e-08	-2.2412e-08	-1.8645e-08	-1.5101e-08	-1.1913e-08	-8.811e-09	-5.4185e-09	-1.7787e-09	1.701e-09	4.8316e-09	7.7156e-09	1.0459e-08	1.3135e-08	1.593e-08	1.9035e-08	2.231e-08	2.5274e-08	2.7653e-08	2.9534e-08	3.1002e-08	3.2187e-08	3.3329e-08	3.4881e-08	3.739e-08	4.0803e-08	4.432e-08	4.6959e-08	4.8212e-08	4.8258e-08	4.7516e-08	4.6357e-08	4.4918e-08	4.3096e-08	4.0796e-08	3.8068e-08	3.5068e-08	3.1883e-08	2.8481e-08	2.4843e-08	2.1023e-08	1.7092e-08	1.305e-08	8.875e-09	4.5867e-09	2.1492e-10	-4.1707e-09	-8.3238e-09	-1.1973e-08	-1.4999e-08	-1.7469e-08	-1.9584e-08	-2.1306e-08	-2.2377e-08	-2.2728e-08	-2.259e-08	-2.2263e-08	-2.1932e-08	-2.1663e-08	-2.1454e-08	-2.1393e-08	-2.1512e-08	-2.1643e-08	-2.1701e-08	-2.1755e-08	-2.177e-08	-2.163e-08	-2.1297e-08	-2.0774e-08	-2.022e-08	-1.9851e-08	-1.9712e-08	-1.9888e-08	-2.0423e-08	-2.0963e-08	-2.1083e-08	-2.0826e-08	-2.0709e-08	-2.1081e-08	-2.1661e-08	-2.1942e-08	-2.1691e-08	-2.1144e-08	-2.0781e-08	-2.082e-08	-2.1048e-08	-2.1236e-08	-2.1312e-08	-2.1274e-08	-2.1152e-08	-2.1011e-08	-2.0851e-08	-2.0663e-08	-2.0536e-08	-2.0653e-08	-2.1043e-08	-2.1447e-08	-2.1636e-08	-2.1783e-08	-2.232e-08	-2.3254e-08	-2.4092e-08	-2.4419e-08	-2.4162e-08	-2.3481e-08	-2.2678e-08	-2.1981e-08	-2.1394e-08	-2.0779e-08	-2.017e-08	-1.9852e-08	-1.9917e-08	-2.0025e-08	-1.9875e-08	-1.9481e-08	-1.9099e-08	-1.8989e-08	-1.9084e-08	-1.9092e-08	-1.905e-08	-1.9297e-08	-1.9862e-08	-2.044e-08	-2.0823e-08	-2.1073e-08	-2.1352e-08	-2.1708e-08	-2.2202e-08	-2.2954e-08	-2.3873e-08	-2.4671e-08	-2.5258e-08	-2.5778e-08	-2.6353e-08	-2.6755e-08	-2.6716e-08	-2.6127e-08	-2.5094e-08	-2.386e-08	-2.2629e-08	-2.1516e-08	-2.0619e-08	-2.002e-08	-1.9617e-08
-2.6176e-08	-2.6302e-08	-2.6352e-08	-2.6254e-08	-2.6103e-08	-2.5974e-08	-2.5937e-08	-2.5966e-08	-2.5918e-08	-2.586e-08	-2.6029e-08	-2.6329e-08	-2.6442e-08	-2.6282e-08	-2.5984e-08	-2.577e-08	-2.5818e-08	-2.6043e-08	-2.615e-08	-2.6022e-08	-2.5814e-08	-2.5634e-08	-2.5603e-08	-2.6036e-08	-2.7189e-08	-2.9037e-08	-3.1297e-08	-3.3596e-08	-3.5633e-08	-3.717e-08	-3.8073e-08	-3.8459e-08	-3.8406e-08	-3.7663e-08	-3.5936e-08	-3.3262e-08	-2.995e-08	-2.6305e-08	-2.2544e-08	-1.8802e-08	-1.527e-08	-1.2091e-08	-8.9964e-09	-5.6133e-09	-1.9776e-09	1.5055e-09	4.6361e-09	7.5197e-09	1.0266e-08	1.2938e-08	1.5707e-08	1.8776e-08	2.2033e-08	2.5012e-08	2.7421e-08	2.9346e-08	3.0871e-08	3.2113e-08	3.3314e-08	3.4907e-08	3.7409e-08	4.0812e-08	4.4351e-08	4.7058e-08	4.839e-08	4.8499e-08	4.7793e-08	4.6657e-08	4.5246e-08	4.3472e-08	4.123e-08	3.8553e-08	3.5586e-08	3.243e-08	2.9053e-08	2.5433e-08	2.1624e-08	1.7699e-08	1.3662e-08	9.4938e-09	5.2118e-09	8.4906e-10	-3.5264e-09	-7.6936e-09	-1.1405e-08	-1.4558e-08	-1.7186e-08	-1.9443e-08	-2.1268e-08	-2.2403e-08	-2.2783e-08	-2.2643e-08	-2.2295e-08	-2.1939e-08	-2.1654e-08	-2.1441e-08	-2.138e-08	-2.1503e-08	-2.1643e-08	-2.1702e-08	-2.1743e-08	-2.175e-08	-2.1633e-08	-2.1368e-08	-2.0952e-08	-2.0509e-08	-2.0238e-08	-2.0173e-08	-2.0375e-08	-2.0889e-08	-2.1401e-08	-2.1514e-08	-2.1249e-08	-2.1085e-08	-2.1396e-08	-2.1972e-08	-2.2323e-08	-2.2163e-08	-2.1671e-08	-2.129e-08	-2.1239e-08	-2.1346e-08	-2.1435e-08	-2.1451e-08	-2.1374e-08	-2.1212e-08	-2.1022e-08	-2.082e-08	-2.0603e-08	-2.0459e-08	-2.0552e-08	-2.0917e-08	-2.1311e-08	-2.1497e-08	-2.1601e-08	-2.2034e-08	-2.2842e-08	-2.3589e-08	-2.3894e-08	-2.3686e-08	-2.3102e-08	-2.2409e-08	-2.1816e-08	-2.1315e-08	-2.0769e-08	-2.0197e-08	-1.9866e-08	-1.9895e-08	-1.9984e-08	-1.9852e-08	-1.9508e-08	-1.9174e-08	-1.9081e-08	-1.9175e-08	-1.9171e-08	-1.9084e-08	-1.9243e-08	-1.9713e-08	-2.0237e-08	-2.0605e-08	-2.0836e-08	-2.1077e-08	-2.138e-08	-2.1811e-08	-2.2491e-08	-2.335e-08	-2.4107e-08	-2.4661e-08	-2.5117e-08	-2.56e-08	-2.5923e-08	-2.5861e-08	-2.5316e-08	-2.4385e-08	-2.3288e-08	-2.2204e-08	-2.1214e-08	-2.04e-08	-1.9828e-08	-1.9421e-08
-2.6166e-08	-2.6293e-08	-2.6346e-08	-2.6245e-08	-2.6082e-08	-2.5939e-08	-2.5893e-08	-2.5926e-08	-2.5894e-08	-2.5845e-08	-2.6012e-08	-2.6324e-08	-2.6462e-08	-2.6318e-08	-2.6017e-08	-2.5779e-08	-2.5791e-08	-2.5995e-08	-2.6111e-08	-2.5996e-08	-2.5792e-08	-2.5613e-08	-2.5564e-08	-2.5937e-08	-2.6992e-08	-2.8732e-08	-3.0903e-08	-3.3143e-08	-3.515e-08	-3.6684e-08	-3.7602e-08	-3.801e-08	-3.7988e-08	-3.7299e-08	-3.5647e-08	-3.306e-08	-2.9838e-08	-2.6271e-08	-2.2569e-08	-1.8877e-08	-1.538e-08	-1.2225e-08	-9.1499e-09	-5.7871e-09	-2.1685e-09	1.3068e-09	4.4326e-09	7.3152e-09	1.0064e-08	1.2733e-08	1.5472e-08	1.8498e-08	2.1726e-08	2.4717e-08	2.716e-08	2.9146e-08	3.0755e-08	3.2088e-08	3.338e-08	3.5039e-08	3.7549e-08	4.0931e-08	4.447e-08	4.7229e-08	4.8639e-08	4.8815e-08	4.8151e-08	4.7038e-08	4.5652e-08	4.3921e-08	4.1736e-08	3.911e-08	3.6179e-08	3.3052e-08	2.9702e-08	2.6102e-08	2.2306e-08	1.839e-08	1.4362e-08	1.0203e-08	5.9326e-09	1.5833e-09	-2.7787e-09	-6.9591e-09	-1.0737e-08	-1.4028e-08	-1.6831e-08	-1.9248e-08	-2.1193e-08	-2.2407e-08	-2.2836e-08	-2.271e-08	-2.235e-08	-2.197e-08	-2.1667e-08	-2.1447e-08	-2.1383e-08	-2.1508e-08	-2.1654e-08	-2.1711e-08	-2.1737e-08	-2.1734e-08	-2.1636e-08	-2.1438e-08	-2.1133e-08	-2.0811e-08	-2.0647e-08	-2.0661e-08	-2.0893e-08	-2.1383e-08	-2.1859e-08	-2.1959e-08	-2.1688e-08	-2.1479e-08	-2.1724e-08	-2.2287e-08	-2.2703e-08	-2.264e-08	-2.2215e-08	-2.1826e-08	-2.1687e-08	-2.1666e-08	-2.1645e-08	-2.1595e-08	-2.1476e-08	-2.1272e-08	-2.1035e-08	-2.0788e-08	-2.0543e-08	-2.0382e-08	-2.0451e-08	-2.079e-08	-2.117e-08	-2.1354e-08	-2.1418e-08	-2.1748e-08	-2.2421e-08	-2.3065e-08	-2.3338e-08	-2.3178e-08	-2.2693e-08	-2.2118e-08	-2.1635e-08	-2.1225e-08	-2.075e-08	-2.0216e-08	-1.9873e-08	-1.9865e-08	-1.9932e-08	-1.9817e-08	-1.9524e-08	-1.9244e-08	-1.9174e-08	-1.9264e-08	-1.9248e-08	-1.912e-08	-1.9194e-08	-1.9565e-08	-2.0028e-08	-2.0379e-08	-2.059e-08	-2.079e-08	-2.1037e-08	-2.1398e-08	-2.2e-08	-2.2791e-08	-2.3502e-08	-2.4022e-08	-2.4417e-08	-2.4806e-08	-2.5048e-08	-2.4957e-08	-2.4455e-08	-2.3627e-08	-2.2676e-08	-2.1747e-08	-2.0892e-08	-2.0171e-08	-1.9634e-08	-1.9227e-08
-2.6134e-08	-2.6269e-08	-2.6327e-08	-2.6226e-08	-2.6051e-08	-2.5891e-08	-2.5834e-08	-2.587e-08	-2.5853e-08	-2.5812e-08	-2.5977e-08	-2.6302e-08	-2.647e-08	-2.6352e-08	-2.6062e-08	-2.5807e-08	-2.5784e-08	-2.596e-08	-2.6073e-08	-2.5966e-08	-2.5762e-08	-2.5581e-08	-2.5513e-08	-2.5822e-08	-2.6765e-08	-2.8373e-08	-3.0421e-08	-3.2568e-08	-3.4514e-08	-3.6025e-08	-3.6954e-08	-3.7387e-08	-3.7398e-08	-3.6764e-08	-3.5189e-08	-3.27e-08	-2.9587e-08	-2.6121e-08	-2.2503e-08	-1.8882e-08	-1.5438e-08	-1.2323e-08	-9.2773e-09	-5.9445e-09	-2.3548e-09	1.1023e-09	4.2181e-09	7.099e-09	9.8521e-09	1.2518e-08	1.5226e-08	1.8202e-08	2.1393e-08	2.439e-08	2.6872e-08	2.8932e-08	3.0648e-08	3.21e-08	3.3509e-08	3.526e-08	3.779e-08	4.1144e-08	4.4664e-08	4.7459e-08	4.8942e-08	4.9191e-08	4.8575e-08	4.749e-08	4.6128e-08	4.4437e-08	4.2307e-08	3.9735e-08	3.6842e-08	3.3747e-08	3.0424e-08	2.6847e-08	2.3067e-08	1.9162e-08	1.5144e-08	1.1e-08	6.7445e-09	2.4128e-09	-1.9326e-09	-6.124e-09	-9.9688e-09	-1.3404e-08	-1.6397e-08	-1.899e-08	-2.107e-08	-2.238e-08	-2.2875e-08	-2.2782e-08	-2.2421e-08	-2.202e-08	-2.1696e-08	-2.1468e-08	-2.1399e-08	-2.1524e-08	-2.1675e-08	-2.1729e-08	-2.1737e-08	-2.172e-08	-2.1638e-08	-2.1504e-08	-2.1312e-08	-2.1118e-08	-2.1067e-08	-2.1165e-08	-2.143e-08	-2.1894e-08	-2.2328e-08	-2.2408e-08	-2.2132e-08	-2.1883e-08	-2.2057e-08	-2.2597e-08	-2.3074e-08	-2.3111e-08	-2.2763e-08	-2.2375e-08	-2.2152e-08	-2.2e-08	-2.1863e-08	-2.174e-08	-2.1577e-08	-2.1332e-08	-2.1048e-08	-2.0756e-08	-2.0481e-08	-2.0304e-08	-2.0353e-08	-2.0663e-08	-2.1027e-08	-2.1208e-08	-2.1238e-08	-2.1466e-08	-2.2e-08	-2.253e-08	-2.2763e-08	-2.2647e-08	-2.2263e-08	-2.1809e-08	-2.1441e-08	-2.1126e-08	-2.0723e-08	-2.0228e-08	-1.9875e-08	-1.9829e-08	-1.987e-08	-1.9772e-08	-1.9531e-08	-1.931e-08	-1.9265e-08	-1.9352e-08	-1.9323e-08	-1.9157e-08	-1.9151e-08	-1.9422e-08	-1.9819e-08	-2.015e-08	-2.0344e-08	-2.0502e-08	-2.0688e-08	-2.0975e-08	-2.1495e-08	-2.2212e-08	-2.2874e-08	-2.3361e-08	-2.3697e-08	-2.3995e-08	-2.4154e-08	-2.4033e-08	-2.357e-08	-2.2846e-08	-2.2042e-08	-2.1274e-08	-2.0559e-08	-1.9938e-08	-1.9444e-08	-1.9041e-08
-2.6086e-08	-2.6232e-08	-2.6299e-08	-2.6198e-08	-2.6012e-08	-2.5834e-08	-2.5764e-08	-2.58e-08	-2.5798e-08	-2.5765e-08	-2.5927e-08	-2.6264e-08	-2.6465e-08	-2.6383e-08	-2.6112e-08	-2.585e-08	-2.5794e-08	-2.5936e-08	-2.6037e-08	-2.5931e-08	-2.5725e-08	-2.5541e-08	-2.5452e-08	-2.5694e-08	-2.6517e-08	-2.7974e-08	-2.9872e-08	-3.1893e-08	-3.3749e-08	-3.522e-08	-3.6153e-08	-3.6615e-08	-3.6663e-08	-3.6084e-08	-3.4589e-08	-3.2206e-08	-2.9217e-08	-2.5872e-08	-2.2358e-08	-1.8828e-08	-1.5454e-08	-1.2391e-08	-9.3846e-09	-6.0902e-09	-2.5397e-09	8.89e-10	3.9898e-09	6.8681e-09	9.6264e-09	1.229e-08	1.4967e-08	1.789e-08	2.1037e-08	2.4035e-08	2.6559e-08	2.8703e-08	3.0543e-08	3.2137e-08	3.3686e-08	3.5548e-08	3.8113e-08	4.1434e-08	4.4918e-08	4.7733e-08	4.9287e-08	4.9615e-08	4.9054e-08	4.8001e-08	4.6665e-08	4.5011e-08	4.2937e-08	4.0421e-08	3.7571e-08	3.4509e-08	3.1216e-08	2.7664e-08	2.3903e-08	2.0012e-08	1.6007e-08	1.1879e-08	7.6431e-09	3.3324e-09	-9.932e-10	-5.1924e-09	-9.1033e-09	-1.2684e-08	-1.5877e-08	-1.866e-08	-2.0888e-08	-2.2309e-08	-2.2889e-08	-2.2846e-08	-2.2497e-08	-2.208e-08	-2.1737e-08	-2.1498e-08	-2.1424e-08	-2.1548e-08	-2.1702e-08	-2.1752e-08	-2.1743e-08	-2.1709e-08	-2.1637e-08	-2.1565e-08	-2.1484e-08	-2.142e-08	-2.1487e-08	-2.1672e-08	-2.1971e-08	-2.241e-08	-2.2795e-08	-2.2852e-08	-2.2571e-08	-2.2286e-08	-2.2389e-08	-2.2896e-08	-2.3427e-08	-2.3566e-08	-2.3301e-08	-2.2924e-08	-2.2624e-08	-2.234e-08	-2.2081e-08	-2.1882e-08	-2.1672e-08	-2.1388e-08	-2.106e-08	-2.0725e-08	-2.042e-08	-2.0227e-08	-2.0256e-08	-2.0538e-08	-2.0883e-08	-2.1061e-08	-2.1063e-08	-2.1195e-08	-2.1588e-08	-2.1997e-08	-2.2183e-08	-2.2106e-08	-2.1821e-08	-2.149e-08	-2.1238e-08	-2.1018e-08	-2.0686e-08	-2.0232e-08	-1.9873e-08	-1.9788e-08	-1.9802e-08	-1.9716e-08	-1.9528e-08	-1.9368e-08	-1.9353e-08	-1.9436e-08	-1.9394e-08	-1.9195e-08	-1.9114e-08	-1.9287e-08	-1.9617e-08	-1.9927e-08	-2.0104e-08	-2.0219e-08	-2.0344e-08	-2.0554e-08	-2.099e-08	-2.1629e-08	-2.2239e-08	-2.2693e-08	-2.2978e-08	-2.319e-08	-2.3267e-08	-2.3114e-08	-2.2687e-08	-2.2064e-08	-2.1404e-08	-2.0798e-08	-2.0226e-08	-1.971e-08	-1.9264e-08	-1.8866e-08
-2.6026e-08	-2.6186e-08	-2.6263e-08	-2.6164e-08	-2.5967e-08	-2.577e-08	-2.5687e-08	-2.5722e-08	-2.5731e-08	-2.5707e-08	-2.5865e-08	-2.6211e-08	-2.6448e-08	-2.6407e-08	-2.6163e-08	-2.5902e-08	-2.5816e-08	-2.592e-08	-2.6001e-08	-2.5891e-08	-2.5682e-08	-2.5492e-08	-2.5382e-08	-2.5559e-08	-2.6256e-08	-2.7547e-08	-2.9273e-08	-3.1142e-08	-3.2884e-08	-3.4296e-08	-3.5228e-08	-3.572e-08	-3.5809e-08	-3.5286e-08	-3.3873e-08	-3.1602e-08	-2.8749e-08	-2.5542e-08	-2.2149e-08	-1.8725e-08	-1.5435e-08	-1.2437e-08	-9.478e-09	-6.2289e-09	-2.7272e-09	6.6387e-10	3.7447e-09	6.6195e-09	9.384e-09	1.2048e-08	1.4695e-08	1.7561e-08	2.066e-08	2.3655e-08	2.6223e-08	2.8456e-08	3.0435e-08	3.2188e-08	3.3895e-08	3.5887e-08	3.8499e-08	4.1784e-08	4.5218e-08	4.8037e-08	4.9659e-08	5.0071e-08	4.9574e-08	4.8561e-08	4.7253e-08	4.5638e-08	4.3621e-08	4.1164e-08	3.836e-08	3.5336e-08	3.2076e-08	2.8552e-08	2.4811e-08	2.0937e-08	1.6947e-08	1.2837e-08	8.6239e-09	4.3375e-09	3.4592e-11	-4.1685e-09	-8.1422e-09	-1.1868e-08	-1.5266e-08	-1.825e-08	-2.0638e-08	-2.2183e-08	-2.2866e-08	-2.2894e-08	-2.2569e-08	-2.2143e-08	-2.1783e-08	-2.1533e-08	-2.1454e-08	-2.1577e-08	-2.1733e-08	-2.1779e-08	-2.1753e-08	-2.17e-08	-2.1635e-08	-2.1618e-08	-2.1645e-08	-2.1711e-08	-2.1897e-08	-2.217e-08	-2.2506e-08	-2.2918e-08	-2.3251e-08	-2.328e-08	-2.2995e-08	-2.2679e-08	-2.271e-08	-2.3177e-08	-2.3754e-08	-2.3994e-08	-2.3816e-08	-2.3459e-08	-2.309e-08	-2.2677e-08	-2.2296e-08	-2.2016e-08	-2.176e-08	-2.1439e-08	-2.107e-08	-2.0694e-08	-2.0359e-08	-2.015e-08	-2.0163e-08	-2.0415e-08	-2.074e-08	-2.0916e-08	-2.0894e-08	-2.0938e-08	-2.1193e-08	-2.1477e-08	-2.161e-08	-2.1566e-08	-2.1376e-08	-2.1166e-08	-2.1031e-08	-2.0904e-08	-2.0643e-08	-2.0228e-08	-1.9865e-08	-1.9744e-08	-1.9729e-08	-1.9653e-08	-1.9516e-08	-1.9418e-08	-1.9435e-08	-1.9516e-08	-1.946e-08	-1.9234e-08	-1.9087e-08	-1.9165e-08	-1.9426e-08	-1.9715e-08	-1.9877e-08	-1.9951e-08	-2.0014e-08	-2.0146e-08	-2.0497e-08	-2.1057e-08	-2.1613e-08	-2.2037e-08	-2.2278e-08	-2.2413e-08	-2.2414e-08	-2.2228e-08	-2.1835e-08	-2.1306e-08	-2.0785e-08	-2.0334e-08	-1.9903e-08	-1.9493e-08	-1.9101e-08	-1.8708e-08
-2.5958e-08	-2.6133e-08	-2.6223e-08	-2.6126e-08	-2.592e-08	-2.5704e-08	-2.5605e-08	-2.5637e-08	-2.5656e-08	-2.5641e-08	-2.5793e-08	-2.6145e-08	-2.6417e-08	-2.6421e-08	-2.6212e-08	-2.5958e-08	-2.5848e-08	-2.5911e-08	-2.5965e-08	-2.5846e-08	-2.5632e-08	-2.5435e-08	-2.5306e-08	-2.5419e-08	-2.5988e-08	-2.7104e-08	-2.8641e-08	-3.0336e-08	-3.1942e-08	-3.328e-08	-3.4204e-08	-3.4729e-08	-3.4861e-08	-3.4396e-08	-3.3065e-08	-3.0911e-08	-2.8206e-08	-2.5149e-08	-2.1892e-08	-1.8586e-08	-1.5392e-08	-1.2468e-08	-9.5636e-09	-6.3657e-09	-2.9209e-09	4.2372e-10	3.4798e-09	6.3502e-09	9.122e-09	1.1788e-08	1.4408e-08	1.7219e-08	2.0266e-08	2.3254e-08	2.5865e-08	2.8193e-08	3.0318e-08	3.2245e-08	3.4122e-08	3.6257e-08	3.8928e-08	4.2176e-08	4.5548e-08	4.8357e-08	5.0043e-08	5.0545e-08	5.0121e-08	4.9156e-08	4.7882e-08	4.6308e-08	4.435e-08	4.1958e-08	3.9206e-08	3.6223e-08	3.3e-08	2.9505e-08	2.5789e-08	2.1933e-08	1.7959e-08	1.387e-08	9.6826e-09	5.4232e-09	1.1458e-09	-3.0567e-09	-7.088e-09	-1.0954e-08	-1.4557e-08	-1.775e-08	-2.0309e-08	-2.1993e-08	-2.2797e-08	-2.2914e-08	-2.2628e-08	-2.2202e-08	-2.1827e-08	-2.1568e-08	-2.1485e-08	-2.1607e-08	-2.1765e-08	-2.1809e-08	-2.1765e-08	-2.1693e-08	-2.1629e-08	-2.1662e-08	-2.179e-08	-2.1984e-08	-2.2287e-08	-2.2647e-08	-2.3021e-08	-2.3407e-08	-2.3685e-08	-2.3681e-08	-2.3392e-08	-2.3052e-08	-2.3013e-08	-2.3433e-08	-2.4049e-08	-2.4385e-08	-2.4298e-08	-2.3967e-08	-2.3537e-08	-2.3001e-08	-2.2499e-08	-2.214e-08	-2.1838e-08	-2.1482e-08	-2.1078e-08	-2.0662e-08	-2.0299e-08	-2.0075e-08	-2.0074e-08	-2.0298e-08	-2.06e-08	-2.0773e-08	-2.0735e-08	-2.0699e-08	-2.0822e-08	-2.098e-08	-2.1056e-08	-2.104e-08	-2.094e-08	-2.0846e-08	-2.0823e-08	-2.0787e-08	-2.0591e-08	-2.0217e-08	-1.9853e-08	-1.9697e-08	-1.9653e-08	-1.9584e-08	-1.9494e-08	-1.9458e-08	-1.9509e-08	-1.9588e-08	-1.952e-08	-1.9272e-08	-1.9069e-08	-1.9058e-08	-1.9254e-08	-1.9522e-08	-1.967e-08	-1.9705e-08	-1.9708e-08	-1.9763e-08	-2.0031e-08	-2.051e-08	-2.1013e-08	-2.141e-08	-2.1617e-08	-2.1686e-08	-2.1618e-08	-2.1404e-08	-2.1041e-08	-2.0598e-08	-2.0204e-08	-1.9899e-08	-1.9602e-08	-1.9297e-08	-1.8959e-08	-1.8573e-08
-2.5886e-08	-2.6078e-08	-2.618e-08	-2.6088e-08	-2.5873e-08	-2.5638e-08	-2.5524e-08	-2.5551e-08	-2.5578e-08	-2.5569e-08	-2.5714e-08	-2.6068e-08	-2.6372e-08	-2.6424e-08	-2.6254e-08	-2.6015e-08	-2.5884e-08	-2.5907e-08	-2.5928e-08	-2.5797e-08	-2.5575e-08	-2.5371e-08	-2.5225e-08	-2.5278e-08	-2.572e-08	-2.6657e-08	-2.7993e-08	-2.9497e-08	-3.0948e-08	-3.2197e-08	-3.3107e-08	-3.3667e-08	-3.3845e-08	-3.3439e-08	-3.2192e-08	-3.0159e-08	-2.7608e-08	-2.4711e-08	-2.16e-08	-1.8422e-08	-1.5333e-08	-1.2491e-08	-9.6476e-09	-6.5057e-09	-3.1252e-09	1.6522e-10	3.1921e-09	6.0571e-09	8.8373e-09	1.1509e-08	1.4105e-08	1.6862e-08	1.9856e-08	2.2834e-08	2.5488e-08	2.7911e-08	3.0189e-08	3.2297e-08	3.4354e-08	3.6641e-08	3.9382e-08	4.2594e-08	4.5893e-08	4.868e-08	5.0426e-08	5.1024e-08	5.0682e-08	4.9776e-08	4.8543e-08	4.7013e-08	4.5119e-08	4.2797e-08	4.0103e-08	3.7167e-08	3.3984e-08	3.0523e-08	2.6833e-08	2.2998e-08	1.9042e-08	1.4975e-08	1.0815e-08	6.5849e-09	2.3354e-09	-1.8616e-09	-5.9437e-09	-9.9412e-09	-1.3747e-08	-1.7153e-08	-1.989e-08	-2.1725e-08	-2.2668e-08	-2.2895e-08	-2.2665e-08	-2.2248e-08	-2.1863e-08	-2.1598e-08	-2.1514e-08	-2.1636e-08	-2.1797e-08	-2.1838e-08	-2.178e-08	-2.1686e-08	-2.1621e-08	-2.1697e-08	-2.1917e-08	-2.2232e-08	-2.2648e-08	-2.3091e-08	-2.3504e-08	-2.3865e-08	-2.4085e-08	-2.4045e-08	-2.3753e-08	-2.3394e-08	-2.3289e-08	-2.3658e-08	-2.4303e-08	-2.473e-08	-2.4732e-08	-2.4435e-08	-2.3953e-08	-2.3302e-08	-2.2685e-08	-2.2248e-08	-2.1901e-08	-2.1515e-08	-2.1081e-08	-2.063e-08	-2.0239e-08	-2.0003e-08	-1.9989e-08	-2.0186e-08	-2.0464e-08	-2.0634e-08	-2.0586e-08	-2.0483e-08	-2.0482e-08	-2.0518e-08	-2.0534e-08	-2.0539e-08	-2.0521e-08	-2.0536e-08	-2.0619e-08	-2.0667e-08	-2.0534e-08	-2.0197e-08	-1.9835e-08	-1.9649e-08	-1.9575e-08	-1.9511e-08	-1.9465e-08	-1.9488e-08	-1.9573e-08	-1.965e-08	-1.9573e-08	-1.9309e-08	-1.906e-08	-1.897e-08	-1.9103e-08	-1.9353e-08	-1.949e-08	-1.9489e-08	-1.9434e-08	-1.9416e-08	-1.9603e-08	-2.0003e-08	-2.0454e-08	-2.0828e-08	-2.1013e-08	-2.103e-08	-2.0906e-08	-2.0667e-08	-2.0332e-08	-1.9965e-08	-1.9683e-08	-1.951e-08	-1.9335e-08	-1.9128e-08	-1.8846e-08	-1.8466e-08
-2.5815e-08	-2.6024e-08	-2.6138e-08	-2.6051e-08	-2.5829e-08	-2.5575e-08	-2.5446e-08	-2.5467e-08	-2.5498e-08	-2.5495e-08	-2.5631e-08	-2.5982e-08	-2.6314e-08	-2.6413e-08	-2.6286e-08	-2.6067e-08	-2.5921e-08	-2.5904e-08	-2.5889e-08	-2.5742e-08	-2.5513e-08	-2.53e-08	-2.5139e-08	-2.5138e-08	-2.5458e-08	-2.6215e-08	-2.7344e-08	-2.8645e-08	-2.9928e-08	-3.1075e-08	-3.1965e-08	-3.2561e-08	-3.2788e-08	-3.2442e-08	-3.1281e-08	-2.9371e-08	-2.698e-08	-2.4249e-08	-2.1291e-08	-1.8247e-08	-1.5269e-08	-1.2515e-08	-9.7364e-09	-6.6545e-09	-3.3442e-09	-1.1511e-10	2.8786e-09	5.7372e-09	8.5268e-09	1.1206e-08	1.3784e-08	1.6491e-08	1.9433e-08	2.2398e-08	2.5095e-08	2.7613e-08	3.0043e-08	3.2336e-08	3.4577e-08	3.7023e-08	3.9841e-08	4.3017e-08	4.6236e-08	4.8989e-08	5.0792e-08	5.1492e-08	5.1242e-08	5.0407e-08	4.9225e-08	4.7745e-08	4.5921e-08	4.3675e-08	4.1048e-08	3.8164e-08	3.5025e-08	3.16e-08	2.794e-08	2.4128e-08	2.0191e-08	1.6147e-08	1.2017e-08	7.818e-09	3.5986e-09	-5.8808e-10	-4.7128e-09	-8.8305e-09	-1.2831e-08	-1.645e-08	-1.9372e-08	-2.1371e-08	-2.247e-08	-2.2826e-08	-2.267e-08	-2.2274e-08	-2.1886e-08	-2.1618e-08	-2.1535e-08	-2.166e-08	-2.1824e-08	-2.1866e-08	-2.1794e-08	-2.1681e-08	-2.161e-08	-2.172e-08	-2.2022e-08	-2.2449e-08	-2.297e-08	-2.3492e-08	-2.3941e-08	-2.4278e-08	-2.444e-08	-2.4362e-08	-2.4066e-08	-2.3696e-08	-2.3529e-08	-2.3844e-08	-2.4509e-08	-2.5019e-08	-2.5108e-08	-2.4848e-08	-2.4324e-08	-2.357e-08	-2.2846e-08	-2.2336e-08	-2.1946e-08	-2.1534e-08	-2.1077e-08	-2.0597e-08	-2.0182e-08	-1.9933e-08	-1.991e-08	-2.0081e-08	-2.0334e-08	-2.0502e-08	-2.045e-08	-2.0292e-08	-2.018e-08	-2.01e-08	-2.0057e-08	-2.0078e-08	-2.0132e-08	-2.0245e-08	-2.0425e-08	-2.0549e-08	-2.047e-08	-2.017e-08	-1.9813e-08	-1.96e-08	-1.9497e-08	-1.9437e-08	-1.9428e-08	-1.9505e-08	-1.9624e-08	-1.9702e-08	-1.9616e-08	-1.9345e-08	-1.9061e-08	-1.8903e-08	-1.8981e-08	-1.9215e-08	-1.9345e-08	-1.931e-08	-1.9201e-08	-1.9114e-08	-1.9226e-08	-1.955e-08	-1.9952e-08	-2.0308e-08	-2.0483e-08	-2.0466e-08	-2.03e-08	-2.0046e-08	-1.9737e-08	-1.9434e-08	-1.9246e-08	-1.9183e-08	-1.9114e-08	-1.8996e-08	-1.8766e-08	-1.8393e-08
-2.5751e-08	-2.5974e-08	-2.6099e-08	-2.6017e-08	-2.5789e-08	-2.5518e-08	-2.5374e-08	-2.5389e-08	-2.5421e-08	-2.5423e-08	-2.5547e-08	-2.5889e-08	-2.6243e-08	-2.6387e-08	-2.6304e-08	-2.611e-08	-2.5955e-08	-2.5901e-08	-2.5847e-08	-2.5682e-08	-2.5445e-08	-2.5224e-08	-2.5051e-08	-2.5002e-08	-2.5207e-08	-2.5789e-08	-2.671e-08	-2.78e-08	-2.8906e-08	-2.994e-08	-3.0804e-08	-3.1436e-08	-3.1715e-08	-3.143e-08	-3.0356e-08	-2.8573e-08	-2.6343e-08	-2.3782e-08	-2.0981e-08	-1.8074e-08	-1.5209e-08	-1.2547e-08	-9.8365e-09	-6.8175e-09	-3.5826e-09	-4.2086e-10	2.5362e-09	5.3877e-09	8.1875e-09	1.0877e-08	1.3443e-08	1.6106e-08	1.8998e-08	2.195e-08	2.4688e-08	2.7298e-08	2.9879e-08	3.2355e-08	3.4779e-08	3.7385e-08	4.0286e-08	4.3429e-08	4.6561e-08	4.927e-08	5.1128e-08	5.1935e-08	5.1789e-08	5.1037e-08	4.9918e-08	4.8496e-08	4.6748e-08	4.4587e-08	4.2034e-08	3.921e-08	3.612e-08	3.2735e-08	2.9107e-08	2.5321e-08	2.1405e-08	1.7384e-08	1.3284e-08	9.1178e-09	4.9304e-09	7.5894e-10	-3.3993e-09	-7.6228e-09	-1.1805e-08	-1.5633e-08	-1.8744e-08	-2.0918e-08	-2.219e-08	-2.2697e-08	-2.2633e-08	-2.227e-08	-2.1888e-08	-2.1621e-08	-2.1545e-08	-2.1675e-08	-2.1845e-08	-2.189e-08	-2.1807e-08	-2.1675e-08	-2.1595e-08	-2.1732e-08	-2.2102e-08	-2.2629e-08	-2.3246e-08	-2.3838e-08	-2.4321e-08	-2.4635e-08	-2.474e-08	-2.4622e-08	-2.4322e-08	-2.3946e-08	-2.3725e-08	-2.3986e-08	-2.4661e-08	-2.5244e-08	-2.5413e-08	-2.5192e-08	-2.4636e-08	-2.3794e-08	-2.2976e-08	-2.24e-08	-2.197e-08	-2.1538e-08	-2.1066e-08	-2.0563e-08	-2.0127e-08	-1.9866e-08	-1.9837e-08	-1.9984e-08	-2.0211e-08	-2.0377e-08	-2.0329e-08	-2.0128e-08	-1.9922e-08	-1.9737e-08	-1.9638e-08	-1.9668e-08	-1.9784e-08	-1.9981e-08	-2.0246e-08	-2.0435e-08	-2.0403e-08	-2.0134e-08	-1.9786e-08	-1.955e-08	-1.9421e-08	-1.9363e-08	-1.9387e-08	-1.9511e-08	-1.9661e-08	-1.974e-08	-1.9649e-08	-1.9377e-08	-1.9071e-08	-1.886e-08	-1.8892e-08	-1.9114e-08	-1.9239e-08	-1.9175e-08	-1.9018e-08	-1.8869e-08	-1.8913e-08	-1.9166e-08	-1.9522e-08	-1.9867e-08	-2.0044e-08	-2.0012e-08	-1.9825e-08	-1.9566e-08	-1.9282e-08	-1.9031e-08	-1.8915e-08	-1.8936e-08	-1.8952e-08	-1.8909e-08	-1.8727e-08	-1.8359e-08
-2.5698e-08	-2.5932e-08	-2.6067e-08	-2.5989e-08	-2.5757e-08	-2.547e-08	-2.5313e-08	-2.5319e-08	-2.535e-08	-2.5355e-08	-2.5466e-08	-2.5791e-08	-2.616e-08	-2.6345e-08	-2.6305e-08	-2.614e-08	-2.5981e-08	-2.5894e-08	-2.58e-08	-2.5615e-08	-2.537e-08	-2.5142e-08	-2.496e-08	-2.4871e-08	-2.4972e-08	-2.5387e-08	-2.6104e-08	-2.6983e-08	-2.7904e-08	-2.8817e-08	-2.965e-08	-3.0319e-08	-3.0652e-08	-3.043e-08	-2.9445e-08	-2.7789e-08	-2.5723e-08	-2.333e-08	-2.0686e-08	-1.7916e-08	-1.5166e-08	-1.2595e-08	-9.9545e-09	-7.0004e-09	-3.8451e-09	-7.5579e-10	2.1618e-09	5.0056e-09	7.8163e-09	1.0519e-08	1.308e-08	1.5706e-08	1.8554e-08	2.1492e-08	2.4271e-08	2.6969e-08	2.9693e-08	3.2347e-08	3.4948e-08	3.7712e-08	4.0699e-08	4.3809e-08	4.6851e-08	4.951e-08	5.1418e-08	5.2339e-08	5.2308e-08	5.1654e-08	5.061e-08	4.9257e-08	4.7593e-08	4.5525e-08	4.3058e-08	4.0301e-08	3.7265e-08	3.3924e-08	3.0332e-08	2.6573e-08	2.2678e-08	1.8682e-08	1.4613e-08	1.048e-08	6.326e-09	2.1742e-09	-2.0073e-09	-6.3197e-09	-1.0667e-08	-1.4695e-08	-1.7996e-08	-2.0355e-08	-2.1819e-08	-2.2497e-08	-2.2543e-08	-2.223e-08	-2.1861e-08	-2.1604e-08	-2.1539e-08	-2.1678e-08	-2.1856e-08	-2.1906e-08	-2.1818e-08	-2.1668e-08	-2.1578e-08	-2.1732e-08	-2.2157e-08	-2.2767e-08	-2.3466e-08	-2.4117e-08	-2.4629e-08	-2.4921e-08	-2.4972e-08	-2.4814e-08	-2.451e-08	-2.4134e-08	-2.3867e-08	-2.4074e-08	-2.4752e-08	-2.5396e-08	-2.5638e-08	-2.5454e-08	-2.4876e-08	-2.3963e-08	-2.3067e-08	-2.2433e-08	-2.1969e-08	-2.1522e-08	-2.1044e-08	-2.0528e-08	-2.0073e-08	-1.9804e-08	-1.9771e-08	-1.9896e-08	-2.0098e-08	-2.0262e-08	-2.0222e-08	-1.9994e-08	-1.9712e-08	-1.9437e-08	-1.9288e-08	-1.9324e-08	-1.9487e-08	-1.9753e-08	-2.0087e-08	-2.0327e-08	-2.0331e-08	-2.009e-08	-1.9753e-08	-1.95e-08	-1.9349e-08	-1.9292e-08	-1.9342e-08	-1.9503e-08	-1.968e-08	-1.9762e-08	-1.967e-08	-1.9405e-08	-1.9089e-08	-1.8841e-08	-1.8841e-08	-1.9056e-08	-1.918e-08	-1.909e-08	-1.8892e-08	-1.869e-08	-1.8672e-08	-1.8861e-08	-1.9177e-08	-1.9515e-08	-1.9708e-08	-1.9683e-08	-1.9494e-08	-1.9243e-08	-1.8985e-08	-1.8771e-08	-1.8701e-08	-1.8778e-08	-1.8854e-08	-1.887e-08	-1.8729e-08	-1.8364e-08
-2.5661e-08	-2.5903e-08	-2.6043e-08	-2.597e-08	-2.5734e-08	-2.5434e-08	-2.5265e-08	-2.5262e-08	-2.5289e-08	-2.5295e-08	-2.539e-08	-2.5693e-08	-2.6066e-08	-2.6285e-08	-2.6286e-08	-2.615e-08	-2.5994e-08	-2.5879e-08	-2.5748e-08	-2.5542e-08	-2.529e-08	-2.5055e-08	-2.4867e-08	-2.4748e-08	-2.4758e-08	-2.5019e-08	-2.5541e-08	-2.621e-08	-2.6946e-08	-2.7733e-08	-2.853e-08	-2.9236e-08	-2.9624e-08	-2.9468e-08	-2.8572e-08	-2.7045e-08	-2.5142e-08	-2.2914e-08	-2.0425e-08	-1.7788e-08	-1.515e-08	-1.2669e-08	-1.0097e-08	-7.2091e-09	-4.1367e-09	-1.1238e-09	1.7523e-09	4.588e-09	7.41e-09	1.0129e-08	1.2692e-08	1.5291e-08	1.8101e-08	2.1028e-08	2.3845e-08	2.6627e-08	2.9486e-08	3.2306e-08	3.5074e-08	3.7988e-08	4.1059e-08	4.414e-08	4.709e-08	4.9691e-08	5.1649e-08	5.2688e-08	5.2784e-08	5.2243e-08	5.129e-08	5.0019e-08	4.8449e-08	4.6485e-08	4.4113e-08	4.1432e-08	3.8456e-08	3.5163e-08	3.161e-08	2.7881e-08	2.4009e-08	2.0037e-08	1.5999e-08	1.19e-08	7.7806e-09	3.6524e-09	-5.419e-10	-4.9235e-09	-9.4147e-09	-1.3629e-08	-1.7118e-08	-1.9672e-08	-2.1344e-08	-2.2214e-08	-2.2391e-08	-2.2143e-08	-2.18e-08	-2.156e-08	-2.1512e-08	-2.1665e-08	-2.1854e-08	-2.1914e-08	-2.1824e-08	-2.166e-08	-2.1558e-08	-2.1722e-08	-2.2185e-08	-2.2859e-08	-2.3622e-08	-2.432e-08	-2.4855e-08	-2.5125e-08	-2.5124e-08	-2.4927e-08	-2.462e-08	-2.4249e-08	-2.3946e-08	-2.4105e-08	-2.4776e-08	-2.5468e-08	-2.577e-08	-2.562e-08	-2.5028e-08	-2.4064e-08	-2.3111e-08	-2.2432e-08	-2.1939e-08	-2.1484e-08	-2.101e-08	-2.0489e-08	-2.0023e-08	-1.9746e-08	-1.9711e-08	-1.9818e-08	-1.9996e-08	-2.0157e-08	-2.0132e-08	-1.9892e-08	-1.9554e-08	-1.9209e-08	-1.902e-08	-1.9056e-08	-1.9253e-08	-1.957e-08	-1.9954e-08	-2.0229e-08	-2.0257e-08	-2.0038e-08	-1.9714e-08	-1.945e-08	-1.9282e-08	-1.9227e-08	-1.9295e-08	-1.9484e-08	-1.9682e-08	-1.9767e-08	-1.9678e-08	-1.9427e-08	-1.9115e-08	-1.8846e-08	-1.8827e-08	-1.9041e-08	-1.9167e-08	-1.9055e-08	-1.8822e-08	-1.8574e-08	-1.8505e-08	-1.8635e-08	-1.8915e-08	-1.925e-08	-1.9468e-08	-1.9468e-08	-1.9299e-08	-1.9069e-08	-1.8837e-08	-1.865e-08	-1.8603e-08	-1.8706e-08	-1.8817e-08	-1.8874e-08	-1.8765e-08	-1.8405e-08
-2.5647e-08	-2.5891e-08	-2.6032e-08	-2.5962e-08	-2.5724e-08	-2.5413e-08	-2.5235e-08	-2.5222e-08	-2.5242e-08	-2.5246e-08	-2.5323e-08	-2.5595e-08	-2.5963e-08	-2.6206e-08	-2.6243e-08	-2.6138e-08	-2.5989e-08	-2.5854e-08	-2.5687e-08	-2.5462e-08	-2.5203e-08	-2.4963e-08	-2.4774e-08	-2.4633e-08	-2.4567e-08	-2.4691e-08	-2.5032e-08	-2.5501e-08	-2.6054e-08	-2.6714e-08	-2.7472e-08	-2.8213e-08	-2.8658e-08	-2.8569e-08	-2.7766e-08	-2.6369e-08	-2.4627e-08	-2.2556e-08	-2.0215e-08	-1.7704e-08	-1.5172e-08	-1.2776e-08	-1.0271e-08	-7.4497e-09	-4.4626e-09	-1.5289e-09	1.3045e-09	4.1319e-09	6.9655e-09	9.7024e-09	1.2276e-08	1.486e-08	1.7641e-08	2.0561e-08	2.3416e-08	2.6275e-08	2.9256e-08	3.2226e-08	3.5147e-08	3.8198e-08	4.1349e-08	4.44e-08	4.7259e-08	4.98e-08	5.1805e-08	5.2969e-08	5.3204e-08	5.2792e-08	5.1948e-08	5.0772e-08	4.9308e-08	4.7458e-08	4.5194e-08	4.2599e-08	3.9691e-08	3.645e-08	3.294e-08	2.9242e-08	2.5394e-08	2.1446e-08	1.7438e-08	1.3374e-08	9.2894e-09	5.188e-09	9.9182e-10	-3.4374e-09	-8.0454e-09	-1.2426e-08	-1.61e-08	-1.8858e-08	-2.0754e-08	-2.1837e-08	-2.2167e-08	-2.2001e-08	-2.1698e-08	-2.1483e-08	-2.146e-08	-2.1632e-08	-2.1836e-08	-2.1909e-08	-2.1823e-08	-2.165e-08	-2.1537e-08	-2.1702e-08	-2.2185e-08	-2.29e-08	-2.3707e-08	-2.4435e-08	-2.4982e-08	-2.5231e-08	-2.5185e-08	-2.4953e-08	-2.4643e-08	-2.4282e-08	-2.396e-08	-2.4078e-08	-2.4731e-08	-2.545e-08	-2.5798e-08	-2.5675e-08	-2.5079e-08	-2.4092e-08	-2.3109e-08	-2.2398e-08	-2.1879e-08	-2.1422e-08	-2.0962e-08	-2.0449e-08	-1.9979e-08	-1.9699e-08	-1.9661e-08	-1.9752e-08	-1.9904e-08	-2.0058e-08	-2.0051e-08	-1.9814e-08	-1.9446e-08	-1.9056e-08	-1.8838e-08	-1.887e-08	-1.9085e-08	-1.9432e-08	-1.9843e-08	-2.0134e-08	-2.0175e-08	-1.9975e-08	-1.9671e-08	-1.9404e-08	-1.9225e-08	-1.9172e-08	-1.9253e-08	-1.9455e-08	-1.9663e-08	-1.975e-08	-1.9668e-08	-1.9441e-08	-1.9146e-08	-1.888e-08	-1.8854e-08	-1.9061e-08	-1.9184e-08	-1.906e-08	-1.88e-08	-1.8522e-08	-1.8407e-08	-1.8485e-08	-1.873e-08	-1.9059e-08	-1.9305e-08	-1.9348e-08	-1.9218e-08	-1.9023e-08	-1.8821e-08	-1.8653e-08	-1.8611e-08	-1.8712e-08	-1.8834e-08	-1.8912e-08	-1.8825e-08	-1.8476e-08
-2.566e-08	-2.5899e-08	-2.6036e-08	-2.5967e-08	-2.5727e-08	-2.541e-08	-2.5225e-08	-2.5202e-08	-2.5212e-08	-2.5211e-08	-2.5267e-08	-2.5502e-08	-2.5852e-08	-2.6109e-08	-2.6173e-08	-2.6098e-08	-2.5962e-08	-2.5815e-08	-2.5617e-08	-2.5373e-08	-2.511e-08	-2.4866e-08	-2.468e-08	-2.4528e-08	-2.4403e-08	-2.4411e-08	-2.4589e-08	-2.4871e-08	-2.525e-08	-2.5784e-08	-2.6502e-08	-2.7277e-08	-2.7779e-08	-2.7758e-08	-2.7052e-08	-2.5786e-08	-2.4201e-08	-2.2278e-08	-2.0074e-08	-1.7679e-08	-1.5244e-08	-1.2925e-08	-1.0481e-08	-7.7279e-09	-4.8284e-09	-1.9755e-09	8.1534e-10	3.6346e-09	6.4788e-09	9.2354e-09	1.1829e-08	1.4413e-08	1.7176e-08	2.0093e-08	2.2988e-08	2.5918e-08	2.9003e-08	3.2103e-08	3.5158e-08	3.8328e-08	4.1546e-08	4.4567e-08	4.7336e-08	4.9814e-08	5.1858e-08	5.3148e-08	5.354e-08	5.3279e-08	5.2563e-08	5.1501e-08	5.0153e-08	4.8429e-08	4.6288e-08	4.379e-08	4.0955e-08	3.7774e-08	3.4311e-08	3.0648e-08	2.6827e-08	2.2904e-08	1.8925e-08	1.4896e-08	1.0845e-08	6.7701e-09	2.5784e-09	-1.8742e-09	-6.5561e-09	-1.1064e-08	-1.4908e-08	-1.788e-08	-2.0017e-08	-2.1334e-08	-2.1844e-08	-2.1793e-08	-2.1552e-08	-2.1378e-08	-2.1389e-08	-2.1579e-08	-2.1796e-08	-2.1886e-08	-2.1811e-08	-2.164e-08	-2.1525e-08	-2.1684e-08	-2.2168e-08	-2.2897e-08	-2.372e-08	-2.446e-08	-2.5006e-08	-2.5234e-08	-2.5154e-08	-2.4894e-08	-2.4581e-08	-2.4235e-08	-2.3917e-08	-2.4006e-08	-2.4624e-08	-2.5346e-08	-2.5723e-08	-2.5619e-08	-2.5029e-08	-2.4048e-08	-2.3063e-08	-2.2332e-08	-2.1793e-08	-2.1339e-08	-2.0899e-08	-2.0405e-08	-1.9941e-08	-1.966e-08	-1.9618e-08	-1.9694e-08	-1.9823e-08	-1.9968e-08	-1.9978e-08	-1.9756e-08	-1.9379e-08	-1.8966e-08	-1.8731e-08	-1.8755e-08	-1.8976e-08	-1.9335e-08	-1.9754e-08	-2.0048e-08	-2.0091e-08	-1.9907e-08	-1.9622e-08	-1.9357e-08	-1.9174e-08	-1.9125e-08	-1.9213e-08	-1.9418e-08	-1.963e-08	-1.972e-08	-1.9649e-08	-1.9448e-08	-1.9178e-08	-1.8929e-08	-1.8907e-08	-1.9113e-08	-1.9236e-08	-1.9102e-08	-1.8821e-08	-1.8518e-08	-1.8364e-08	-1.8398e-08	-1.8611e-08	-1.8938e-08	-1.9216e-08	-1.9312e-08	-1.9237e-08	-1.9086e-08	-1.8917e-08	-1.8761e-08	-1.8707e-08	-1.8786e-08	-1.89e-08	-1.8983e-08	-1.8911e-08	-1.8571e-08
-2.5708e-08	-2.5931e-08	-2.6056e-08	-2.5984e-08	-2.5746e-08	-2.5429e-08	-2.5242e-08	-2.5207e-08	-2.5203e-08	-2.5196e-08	-2.5231e-08	-2.542e-08	-2.5735e-08	-2.5988e-08	-2.6072e-08	-2.6025e-08	-2.5906e-08	-2.5755e-08	-2.5535e-08	-2.5276e-08	-2.5011e-08	-2.4768e-08	-2.4587e-08	-2.4432e-08	-2.4271e-08	-2.4189e-08	-2.4227e-08	-2.4343e-08	-2.4563e-08	-2.4979e-08	-2.5651e-08	-2.6444e-08	-2.6993e-08	-2.7038e-08	-2.6436e-08	-2.5312e-08	-2.3876e-08	-2.2091e-08	-2.0013e-08	-1.7728e-08	-1.5382e-08	-1.312e-08	-1.0727e-08	-8.0461e-09	-5.2399e-09	-2.4672e-09	2.8448e-10	3.0952e-09	5.9459e-09	8.7216e-09	1.1348e-08	1.3952e-08	1.6711e-08	1.963e-08	2.2565e-08	2.5563e-08	2.873e-08	3.1933e-08	3.5101e-08	3.8365e-08	4.1629e-08	4.4621e-08	4.7309e-08	4.9726e-08	5.1803e-08	5.3218e-08	5.3782e-08	5.3692e-08	5.3126e-08	5.2197e-08	5.0977e-08	4.939e-08	4.7383e-08	4.4994e-08	4.224e-08	3.9123e-08	3.5712e-08	3.2086e-08	2.8293e-08	2.4394e-08	2.0442e-08	1.6447e-08	1.2429e-08	8.3794e-09	4.1999e-09	-2.5568e-10	-4.979e-09	-9.5868e-09	-1.3591e-08	-1.678e-08	-1.917e-08	-2.0734e-08	-2.1445e-08	-2.1527e-08	-2.1364e-08	-2.1242e-08	-2.1291e-08	-2.1506e-08	-2.174e-08	-2.185e-08	-2.1792e-08	-2.1628e-08	-2.1512e-08	-2.1661e-08	-2.2131e-08	-2.2853e-08	-2.3673e-08	-2.4409e-08	-2.4944e-08	-2.5153e-08	-2.5045e-08	-2.4764e-08	-2.4448e-08	-2.4117e-08	-2.3812e-08	-2.3881e-08	-2.446e-08	-2.5174e-08	-2.5567e-08	-2.5476e-08	-2.4898e-08	-2.3941e-08	-2.2971e-08	-2.2234e-08	-2.1683e-08	-2.1236e-08	-2.0824e-08	-2.0357e-08	-1.9906e-08	-1.9625e-08	-1.9579e-08	-1.9643e-08	-1.9752e-08	-1.9887e-08	-1.9914e-08	-1.9717e-08	-1.9347e-08	-1.8931e-08	-1.8688e-08	-1.8703e-08	-1.8919e-08	-1.9276e-08	-1.9687e-08	-1.9971e-08	-2.001e-08	-1.9835e-08	-1.9569e-08	-1.9311e-08	-1.9129e-08	-1.9085e-08	-1.9176e-08	-1.9377e-08	-1.9587e-08	-1.9679e-08	-1.9621e-08	-1.945e-08	-1.9211e-08	-1.8989e-08	-1.8983e-08	-1.9191e-08	-1.9317e-08	-1.9176e-08	-1.8879e-08	-1.8556e-08	-1.837e-08	-1.8365e-08	-1.8552e-08	-1.8877e-08	-1.9189e-08	-1.9346e-08	-1.9336e-08	-1.9239e-08	-1.9104e-08	-1.8955e-08	-1.8879e-08	-1.892e-08	-1.9008e-08	-1.9083e-08	-1.9016e-08	-1.8686e-08
-2.5798e-08	-2.5991e-08	-2.6093e-08	-2.6016e-08	-2.5782e-08	-2.5474e-08	-2.5288e-08	-2.524e-08	-2.5219e-08	-2.5202e-08	-2.5214e-08	-2.5352e-08	-2.5614e-08	-2.5846e-08	-2.5939e-08	-2.5914e-08	-2.5816e-08	-2.567e-08	-2.5439e-08	-2.517e-08	-2.4905e-08	-2.4665e-08	-2.4493e-08	-2.4344e-08	-2.4166e-08	-2.4023e-08	-2.395e-08	-2.3927e-08	-2.4008e-08	-2.4318e-08	-2.4944e-08	-2.5749e-08	-2.6343e-08	-2.6456e-08	-2.5963e-08	-2.4979e-08	-2.3684e-08	-2.2021e-08	-2.0053e-08	-1.786e-08	-1.5587e-08	-1.3368e-08	-1.102e-08	-8.4108e-09	-5.6947e-09	-2.9985e-09	-2.8478e-10	2.5172e-09	5.374e-09	8.1709e-09	1.0837e-08	1.3474e-08	1.6244e-08	1.9177e-08	2.2154e-08	2.5211e-08	2.8443e-08	3.1725e-08	3.4981e-08	3.8313e-08	4.1608e-08	4.4572e-08	4.7188e-08	4.9552e-08	5.166e-08	5.3201e-08	5.3944e-08	5.4036e-08	5.3636e-08	5.2856e-08	5.1774e-08	5.0331e-08	4.8468e-08	4.6194e-08	4.3527e-08	4.0479e-08	3.7121e-08	3.3533e-08	2.9768e-08	2.5891e-08	2.1964e-08	1.8e-08	1.4014e-08	9.9891e-09	5.8285e-09	1.3869e-09	-3.3514e-09	-8.034e-09	-1.2186e-08	-1.5592e-08	-1.8237e-08	-2.0058e-08	-2.0981e-08	-2.1212e-08	-2.114e-08	-2.1077e-08	-2.1172e-08	-2.1415e-08	-2.167e-08	-2.1804e-08	-2.1766e-08	-2.1614e-08	-2.15e-08	-2.1633e-08	-2.2077e-08	-2.2775e-08	-2.3574e-08	-2.4293e-08	-2.481e-08	-2.4998e-08	-2.487e-08	-2.4571e-08	-2.4252e-08	-2.3937e-08	-2.3652e-08	-2.3708e-08	-2.425e-08	-2.4945e-08	-2.5342e-08	-2.5258e-08	-2.4696e-08	-2.3775e-08	-2.2838e-08	-2.2106e-08	-2.1551e-08	-2.1116e-08	-2.0736e-08	-2.0305e-08	-1.9871e-08	-1.9594e-08	-1.9544e-08	-1.9597e-08	-1.9688e-08	-1.9813e-08	-1.9858e-08	-1.9691e-08	-1.9344e-08	-1.894e-08	-1.87e-08	-1.8706e-08	-1.8907e-08	-1.9249e-08	-1.9641e-08	-1.9905e-08	-1.9931e-08	-1.9761e-08	-1.9513e-08	-1.9266e-08	-1.9089e-08	-1.9051e-08	-1.9142e-08	-1.9332e-08	-1.9534e-08	-1.9628e-08	-1.9585e-08	-1.9445e-08	-1.9242e-08	-1.9057e-08	-1.9075e-08	-1.9292e-08	-1.9421e-08	-1.9277e-08	-1.8968e-08	-1.863e-08	-1.8416e-08	-1.8379e-08	-1.8543e-08	-1.8867e-08	-1.9213e-08	-1.9434e-08	-1.9497e-08	-1.9461e-08	-1.9363e-08	-1.922e-08	-1.9113e-08	-1.9103e-08	-1.9151e-08	-1.9204e-08	-1.9136e-08	-1.8815e-08
-2.593e-08	-2.6086e-08	-2.6157e-08	-2.6068e-08	-2.5838e-08	-2.5544e-08	-2.5363e-08	-2.5303e-08	-2.5264e-08	-2.5231e-08	-2.5217e-08	-2.5298e-08	-2.5495e-08	-2.569e-08	-2.5776e-08	-2.5766e-08	-2.569e-08	-2.5559e-08	-2.5328e-08	-2.5055e-08	-2.4792e-08	-2.456e-08	-2.44e-08	-2.4264e-08	-2.4089e-08	-2.391e-08	-2.3757e-08	-2.3622e-08	-2.3586e-08	-2.3802e-08	-2.4383e-08	-2.5195e-08	-2.583e-08	-2.6012e-08	-2.5629e-08	-2.4784e-08	-2.362e-08	-2.2063e-08	-2.0186e-08	-1.8069e-08	-1.5853e-08	-1.3665e-08	-1.1353e-08	-8.8129e-09	-6.1828e-09	-3.559e-09	-8.815e-10	1.9122e-09	4.7753e-09	7.595e-09	1.0306e-08	1.2988e-08	1.5784e-08	1.8739e-08	2.176e-08	2.4871e-08	2.8153e-08	3.1492e-08	3.4812e-08	3.8191e-08	4.1501e-08	4.4437e-08	4.6991e-08	4.9308e-08	5.1444e-08	5.3106e-08	5.403e-08	5.4311e-08	5.4088e-08	5.3466e-08	5.2531e-08	5.1237e-08	4.9521e-08	4.7369e-08	4.4792e-08	4.1815e-08	3.8511e-08	3.4961e-08	3.1223e-08	2.7368e-08	2.3463e-08	1.9528e-08	1.5571e-08	1.1571e-08	7.4346e-09	3.0209e-09	-1.7093e-09	-6.4425e-09	-1.0727e-08	-1.4342e-08	-1.7242e-08	-1.9321e-08	-2.0467e-08	-2.0857e-08	-2.0886e-08	-2.0891e-08	-2.1035e-08	-2.1309e-08	-2.1589e-08	-2.1748e-08	-2.1734e-08	-2.1599e-08	-2.1488e-08	-2.1603e-08	-2.2012e-08	-2.267e-08	-2.3433e-08	-2.4122e-08	-2.4613e-08	-2.4781e-08	-2.4638e-08	-2.4326e-08	-2.4004e-08	-2.3704e-08	-2.3443e-08	-2.3494e-08	-2.3999e-08	-2.4668e-08	-2.5061e-08	-2.4978e-08	-2.4433e-08	-2.3559e-08	-2.2667e-08	-2.1952e-08	-2.14e-08	-2.0981e-08	-2.0638e-08	-2.0248e-08	-1.9838e-08	-1.9566e-08	-1.9512e-08	-1.9557e-08	-1.9632e-08	-1.9747e-08	-1.9808e-08	-1.9676e-08	-1.9364e-08	-1.8987e-08	-1.8758e-08	-1.8756e-08	-1.8936e-08	-1.9251e-08	-1.9612e-08	-1.9848e-08	-1.9857e-08	-1.9687e-08	-1.9454e-08	-1.9223e-08	-1.9055e-08	-1.9024e-08	-1.9113e-08	-1.9287e-08	-1.9477e-08	-1.9571e-08	-1.9544e-08	-1.9436e-08	-1.9272e-08	-1.913e-08	-1.9178e-08	-1.9408e-08	-1.9543e-08	-1.94e-08	-1.9082e-08	-1.8731e-08	-1.8495e-08	-1.8431e-08	-1.8575e-08	-1.8899e-08	-1.9277e-08	-1.9564e-08	-1.9704e-08	-1.9732e-08	-1.9675e-08	-1.9536e-08	-1.9394e-08	-1.9325e-08	-1.9321e-08	-1.9341e-08	-1.9265e-08	-1.8953e-08
-2.6105e-08	-2.6214e-08	-2.6245e-08	-2.614e-08	-2.5913e-08	-2.5635e-08	-2.5463e-08	-2.5392e-08	-2.5335e-08	-2.5283e-08	-2.5239e-08	-2.5259e-08	-2.538e-08	-2.5522e-08	-2.559e-08	-2.5586e-08	-2.5532e-08	-2.5424e-08	-2.5204e-08	-2.4933e-08	-2.4675e-08	-2.4453e-08	-2.4307e-08	-2.4192e-08	-2.4033e-08	-2.3844e-08	-2.3637e-08	-2.3417e-08	-2.3285e-08	-2.3421e-08	-2.3958e-08	-2.4771e-08	-2.5444e-08	-2.5693e-08	-2.542e-08	-2.471e-08	-2.3668e-08	-2.2203e-08	-2.04e-08	-1.8342e-08	-1.6167e-08	-1.3998e-08	-1.1716e-08	-9.2397e-09	-6.6908e-09	-4.1352e-09	-1.4921e-09	1.2941e-09	4.164e-09	7.0077e-09	9.768e-09	1.2504e-08	1.5336e-08	1.8324e-08	2.1389e-08	2.4549e-08	2.7868e-08	3.1245e-08	3.4609e-08	3.8014e-08	4.1326e-08	4.4234e-08	4.6732e-08	4.9007e-08	5.1166e-08	5.2943e-08	5.4045e-08	5.4519e-08	5.4477e-08	5.4021e-08	5.3235e-08	5.2091e-08	5.0524e-08	4.8496e-08	4.6012e-08	4.3106e-08	3.9856e-08	3.6343e-08	3.2632e-08	2.8797e-08	2.4911e-08	2.1003e-08	1.7073e-08	1.3096e-08	8.9887e-09	4.6141e-09	-8.7724e-11	-4.8486e-09	-9.2473e-09	-1.306e-08	-1.6207e-08	-1.8543e-08	-1.9914e-08	-2.0472e-08	-2.0611e-08	-2.0688e-08	-2.0883e-08	-2.1192e-08	-2.1498e-08	-2.1685e-08	-2.1698e-08	-2.1583e-08	-2.1477e-08	-2.1572e-08	-2.1939e-08	-2.2545e-08	-2.3259e-08	-2.3908e-08	-2.4366e-08	-2.4513e-08	-2.4359e-08	-2.4039e-08	-2.3714e-08	-2.3428e-08	-2.3195e-08	-2.3246e-08	-2.3715e-08	-2.4354e-08	-2.4734e-08	-2.4647e-08	-2.4121e-08	-2.33e-08	-2.2463e-08	-2.1775e-08	-2.1233e-08	-2.0833e-08	-2.0531e-08	-2.0187e-08	-1.9805e-08	-1.9541e-08	-1.9484e-08	-1.952e-08	-1.958e-08	-1.9685e-08	-1.9762e-08	-1.9669e-08	-1.9401e-08	-1.9063e-08	-1.8853e-08	-1.8844e-08	-1.8998e-08	-1.9277e-08	-1.9598e-08	-1.98e-08	-1.9787e-08	-1.9614e-08	-1.9396e-08	-1.9181e-08	-1.9027e-08	-1.9004e-08	-1.9089e-08	-1.9244e-08	-1.9417e-08	-1.951e-08	-1.9498e-08	-1.9421e-08	-1.9299e-08	-1.9204e-08	-1.9289e-08	-1.9535e-08	-1.9679e-08	-1.9538e-08	-1.9214e-08	-1.8855e-08	-1.8599e-08	-1.8513e-08	-1.8641e-08	-1.8964e-08	-1.9371e-08	-1.9721e-08	-1.994e-08	-2.0036e-08	-2.0021e-08	-1.9888e-08	-1.9708e-08	-1.9574e-08	-1.9509e-08	-1.9488e-08	-1.9398e-08	-1.9094e-08
-2.6315e-08	-2.637e-08	-2.6355e-08	-2.6228e-08	-2.6002e-08	-2.5742e-08	-2.5582e-08	-2.5504e-08	-2.5427e-08	-2.5354e-08	-2.5279e-08	-2.5236e-08	-2.5273e-08	-2.5349e-08	-2.5386e-08	-2.5382e-08	-2.5348e-08	-2.5268e-08	-2.5068e-08	-2.4806e-08	-2.4556e-08	-2.4345e-08	-2.4215e-08	-2.4125e-08	-2.3996e-08	-2.3816e-08	-2.3582e-08	-2.3301e-08	-2.3093e-08	-2.316e-08	-2.3656e-08	-2.4465e-08	-2.5172e-08	-2.5487e-08	-2.532e-08	-2.474e-08	-2.381e-08	-2.2425e-08	-2.0679e-08	-1.8666e-08	-1.6519e-08	-1.4357e-08	-1.2097e-08	-9.6787e-09	-7.2055e-09	-4.7136e-09	-2.1028e-09	6.768e-10	3.5543e-09	6.4231e-09	9.2349e-09	1.2031e-08	1.491e-08	1.7937e-08	2.1049e-08	2.4252e-08	2.7598e-08	3.0998e-08	3.4387e-08	3.7801e-08	4.1102e-08	4.3979e-08	4.6428e-08	4.8665e-08	5.0841e-08	5.2723e-08	5.3997e-08	5.466e-08	5.4801e-08	5.4511e-08	5.3874e-08	5.2877e-08	5.1457e-08	4.9553e-08	4.7162e-08	4.4328e-08	4.113e-08	3.7653e-08	3.3967e-08	3.0149e-08	2.628e-08	2.2395e-08	1.8491e-08	1.4538e-08	1.0461e-08	6.1347e-09	1.4782e-09	-3.2886e-09	-7.7815e-09	-1.1775e-08	-1.5156e-08	-1.7741e-08	-1.9337e-08	-2.0068e-08	-2.032e-08	-2.0474e-08	-2.0723e-08	-2.1067e-08	-2.1401e-08	-2.1616e-08	-2.1659e-08	-2.1566e-08	-2.1467e-08	-2.1541e-08	-2.1862e-08	-2.2406e-08	-2.306e-08	-2.3659e-08	-2.4079e-08	-2.4205e-08	-2.4044e-08	-2.3719e-08	-2.3392e-08	-2.3118e-08	-2.2915e-08	-2.2971e-08	-2.3407e-08	-2.401e-08	-2.4372e-08	-2.4278e-08	-2.3771e-08	-2.3007e-08	-2.2232e-08	-2.158e-08	-2.1053e-08	-2.0676e-08	-2.0416e-08	-2.0122e-08	-1.9772e-08	-1.9519e-08	-1.9458e-08	-1.9487e-08	-1.9534e-08	-1.9628e-08	-1.9718e-08	-1.9666e-08	-1.9451e-08	-1.9162e-08	-1.8977e-08	-1.8963e-08	-1.9088e-08	-1.9323e-08	-1.9597e-08	-1.976e-08	-1.9722e-08	-1.9543e-08	-1.9338e-08	-1.9143e-08	-1.9004e-08	-1.899e-08	-1.9071e-08	-1.9204e-08	-1.9357e-08	-1.9447e-08	-1.945e-08	-1.9404e-08	-1.9323e-08	-1.9277e-08	-1.9402e-08	-1.9669e-08	-1.9824e-08	-1.9688e-08	-1.936e-08	-1.8993e-08	-1.8722e-08	-1.8618e-08	-1.8732e-08	-1.9053e-08	-1.9484e-08	-1.9893e-08	-2.0187e-08	-2.0351e-08	-2.0381e-08	-2.0255e-08	-2.004e-08	-1.984e-08	-1.9709e-08	-1.9638e-08	-1.9528e-08	-1.9231e-08
-2.6553e-08	-2.6549e-08	-2.6481e-08	-2.6327e-08	-2.61e-08	-2.586e-08	-2.5713e-08	-2.563e-08	-2.5537e-08	-2.5441e-08	-2.5333e-08	-2.5228e-08	-2.5177e-08	-2.5177e-08	-2.5172e-08	-2.5159e-08	-2.5144e-08	-2.5096e-08	-2.4925e-08	-2.4676e-08	-2.4435e-08	-2.4239e-08	-2.4126e-08	-2.4064e-08	-2.3973e-08	-2.382e-08	-2.3579e-08	-2.326e-08	-2.2997e-08	-2.3007e-08	-2.3465e-08	-2.4267e-08	-2.5003e-08	-2.5379e-08	-2.5315e-08	-2.4857e-08	-2.403e-08	-2.2712e-08	-2.1009e-08	-1.9028e-08	-1.6895e-08	-1.4731e-08	-1.2484e-08	-1.0117e-08	-7.714e-09	-5.2809e-09	-2.7002e-09	7.4239e-11	2.9605e-09	5.8551e-09	8.7193e-09	1.1581e-08	1.4514e-08	1.7586e-08	2.0745e-08	2.3989e-08	2.7353e-08	3.0762e-08	3.416e-08	3.7567e-08	4.0845e-08	4.369e-08	4.6095e-08	4.8295e-08	5.0482e-08	5.2456e-08	5.3891e-08	5.4737e-08	5.5056e-08	5.4929e-08	5.4436e-08	5.3581e-08	5.2302e-08	5.0519e-08	4.8219e-08	4.5453e-08	4.2306e-08	3.8863e-08	3.52e-08	3.1398e-08	2.7543e-08	2.3677e-08	1.9796e-08	1.5866e-08	1.1823e-08	7.551e-09	2.9538e-09	-1.7985e-09	-6.3636e-09	-1.0517e-08	-1.4115e-08	-1.6936e-08	-1.8751e-08	-1.9653e-08	-2.0024e-08	-2.0255e-08	-2.0558e-08	-2.0938e-08	-2.13e-08	-2.1544e-08	-2.1617e-08	-2.155e-08	-2.146e-08	-2.1513e-08	-2.1785e-08	-2.226e-08	-2.2844e-08	-2.3385e-08	-2.3762e-08	-2.3867e-08	-2.3701e-08	-2.3376e-08	-2.3047e-08	-2.2785e-08	-2.261e-08	-2.2675e-08	-2.3081e-08	-2.3646e-08	-2.3985e-08	-2.3882e-08	-2.3393e-08	-2.2687e-08	-2.198e-08	-2.137e-08	-2.0864e-08	-2.0511e-08	-2.0294e-08	-2.0053e-08	-1.974e-08	-1.9499e-08	-1.9434e-08	-1.9456e-08	-1.9491e-08	-1.9574e-08	-1.9675e-08	-1.9665e-08	-1.9508e-08	-1.9275e-08	-1.9122e-08	-1.9106e-08	-1.9198e-08	-1.9383e-08	-1.9605e-08	-1.9725e-08	-1.9661e-08	-1.9476e-08	-1.9282e-08	-1.9107e-08	-1.8987e-08	-1.8983e-08	-1.9059e-08	-1.917e-08	-1.9299e-08	-1.9384e-08	-1.94e-08	-1.9383e-08	-1.9343e-08	-1.9346e-08	-1.9513e-08	-1.9803e-08	-1.9971e-08	-1.9842e-08	-1.9512e-08	-1.9141e-08	-1.8856e-08	-1.8737e-08	-1.884e-08	-1.9158e-08	-1.9607e-08	-2.0066e-08	-2.0431e-08	-2.0661e-08	-2.0736e-08	-2.0622e-08	-2.0374e-08	-2.011e-08	-1.991e-08	-1.9785e-08	-1.965e-08	-1.936e-08
-2.681e-08	-2.6745e-08	-2.6619e-08	-2.6432e-08	-2.6203e-08	-2.5982e-08	-2.5852e-08	-2.5767e-08	-2.5658e-08	-2.554e-08	-2.5401e-08	-2.5235e-08	-2.5094e-08	-2.501e-08	-2.4954e-08	-2.4926e-08	-2.4925e-08	-2.4912e-08	-2.4775e-08	-2.4546e-08	-2.4317e-08	-2.4135e-08	-2.404e-08	-2.4007e-08	-2.3962e-08	-2.3848e-08	-2.3621e-08	-2.3285e-08	-2.2983e-08	-2.2951e-08	-2.3374e-08	-2.4166e-08	-2.4925e-08	-2.5359e-08	-2.5389e-08	-2.5045e-08	-2.4311e-08	-2.305e-08	-2.1375e-08	-1.9412e-08	-1.7283e-08	-1.5107e-08	-1.2867e-08	-1.0544e-08	-8.2032e-09	-5.8239e-09	-3.2705e-09	-4.9965e-10	2.3967e-09	5.3176e-09	8.2342e-09	1.1164e-08	1.4156e-08	1.7277e-08	2.0484e-08	2.3765e-08	2.7141e-08	3.0547e-08	3.394e-08	3.7328e-08	4.0573e-08	4.3384e-08	4.5748e-08	4.7913e-08	5.0102e-08	5.2154e-08	5.3736e-08	5.4752e-08	5.5241e-08	5.5269e-08	5.4912e-08	5.4188e-08	5.3041e-08	5.1372e-08	4.9159e-08	4.6459e-08	4.3359e-08	3.9947e-08	3.6305e-08	3.2516e-08	2.8671e-08	2.4822e-08	2.0962e-08	1.7054e-08	1.3045e-08	8.8317e-09	4.3049e-09	-4.1415e-10	-5.0285e-09	-9.3178e-09	-1.311e-08	-1.6148e-08	-1.817e-08	-1.9241e-08	-1.9729e-08	-2.0038e-08	-2.0394e-08	-2.0808e-08	-2.1197e-08	-2.147e-08	-2.1574e-08	-2.1534e-08	-2.1455e-08	-2.1489e-08	-2.1709e-08	-2.2111e-08	-2.2619e-08	-2.3097e-08	-2.3427e-08	-2.351e-08	-2.3342e-08	-2.302e-08	-2.2691e-08	-2.2438e-08	-2.2289e-08	-2.2366e-08	-2.2745e-08	-2.3272e-08	-2.3586e-08	-2.347e-08	-2.2998e-08	-2.235e-08	-2.1712e-08	-2.1149e-08	-2.0668e-08	-2.0342e-08	-2.0168e-08	-1.9981e-08	-1.9708e-08	-1.948e-08	-1.9413e-08	-1.9427e-08	-1.945e-08	-1.9521e-08	-1.9631e-08	-1.9662e-08	-1.9567e-08	-1.9396e-08	-1.9279e-08	-1.9263e-08	-1.9321e-08	-1.9453e-08	-1.9618e-08	-1.9695e-08	-1.9606e-08	-1.9413e-08	-1.9229e-08	-1.9076e-08	-1.8976e-08	-1.8983e-08	-1.9054e-08	-1.9142e-08	-1.9246e-08	-1.9323e-08	-1.9351e-08	-1.9361e-08	-1.9359e-08	-1.941e-08	-1.9619e-08	-1.9934e-08	-2.0116e-08	-1.9996e-08	-1.9666e-08	-1.929e-08	-1.8995e-08	-1.8863e-08	-1.8956e-08	-1.927e-08	-1.973e-08	-2.0228e-08	-2.0656e-08	-2.0947e-08	-2.1066e-08	-2.0967e-08	-2.0695e-08	-2.0371e-08	-2.0103e-08	-1.9921e-08	-1.9758e-08	-1.9474e-08
-2.7078e-08	-2.695e-08	-2.6763e-08	-2.6539e-08	-2.6306e-08	-2.6103e-08	-2.599e-08	-2.5907e-08	-2.5786e-08	-2.5647e-08	-2.548e-08	-2.5257e-08	-2.5027e-08	-2.4853e-08	-2.4739e-08	-2.4688e-08	-2.4698e-08	-2.472e-08	-2.4623e-08	-2.4417e-08	-2.4202e-08	-2.4036e-08	-2.3958e-08	-2.3956e-08	-2.3959e-08	-2.3895e-08	-2.3696e-08	-2.3362e-08	-2.304e-08	-2.2977e-08	-2.3371e-08	-2.4149e-08	-2.4928e-08	-2.5412e-08	-2.5529e-08	-2.5289e-08	-2.4638e-08	-2.3422e-08	-2.1763e-08	-1.9806e-08	-1.767e-08	-1.5475e-08	-1.3232e-08	-1.0945e-08	-8.6603e-09	-6.3291e-09	-3.8002e-09	-1.0309e-09	1.8772e-09	4.8247e-09	7.7926e-09	1.079e-08	1.3845e-08	1.7018e-08	2.0274e-08	2.3589e-08	2.6972e-08	3.0366e-08	3.3743e-08	3.7101e-08	4.0303e-08	4.3078e-08	4.5403e-08	4.7533e-08	4.9716e-08	5.1829e-08	5.3539e-08	5.471e-08	5.5354e-08	5.5524e-08	5.5292e-08	5.4685e-08	5.3655e-08	5.2092e-08	4.996e-08	4.732e-08	4.4263e-08	4.0878e-08	3.7253e-08	3.3475e-08	2.9637e-08	2.58e-08	2.1959e-08	1.8072e-08	1.4098e-08	9.9456e-09	5.4976e-09	8.2863e-10	-3.8111e-09	-8.2084e-09	-1.2167e-08	-1.5398e-08	-1.7612e-08	-1.8842e-08	-1.9445e-08	-1.9829e-08	-2.0235e-08	-2.0682e-08	-2.1095e-08	-2.1396e-08	-2.1532e-08	-2.1519e-08	-2.1453e-08	-2.147e-08	-2.1639e-08	-2.1966e-08	-2.2392e-08	-2.2802e-08	-2.3084e-08	-2.3145e-08	-2.2978e-08	-2.2661e-08	-2.2333e-08	-2.2087e-08	-2.1961e-08	-2.205e-08	-2.2406e-08	-2.2894e-08	-2.3183e-08	-2.3055e-08	-2.2598e-08	-2.2005e-08	-2.1436e-08	-2.0923e-08	-2.047e-08	-2.0171e-08	-2.004e-08	-1.9907e-08	-1.9676e-08	-1.9464e-08	-1.9393e-08	-1.9399e-08	-1.941e-08	-1.947e-08	-1.9585e-08	-1.9655e-08	-1.9623e-08	-1.9519e-08	-1.9442e-08	-1.9428e-08	-1.9452e-08	-1.9528e-08	-1.9634e-08	-1.9667e-08	-1.9554e-08	-1.9355e-08	-1.9181e-08	-1.905e-08	-1.8971e-08	-1.8989e-08	-1.9057e-08	-1.9122e-08	-1.92e-08	-1.9267e-08	-1.9305e-08	-1.9338e-08	-1.9371e-08	-1.9466e-08	-1.9716e-08	-2.0056e-08	-2.0254e-08	-2.0145e-08	-1.9816e-08	-1.9436e-08	-1.9131e-08	-1.8988e-08	-1.9073e-08	-1.9381e-08	-1.9844e-08	-2.0368e-08	-2.0846e-08	-2.1191e-08	-2.1354e-08	-2.1275e-08	-2.0985e-08	-2.0611e-08	-2.0279e-08	-2.0039e-08	-1.9845e-08	-1.9568e-08
-2.7348e-08	-2.7159e-08	-2.6908e-08	-2.6645e-08	-2.6403e-08	-2.6218e-08	-2.6124e-08	-2.6046e-08	-2.5916e-08	-2.5759e-08	-2.5567e-08	-2.5292e-08	-2.4976e-08	-2.471e-08	-2.4532e-08	-2.4453e-08	-2.447e-08	-2.4524e-08	-2.447e-08	-2.4293e-08	-2.4094e-08	-2.3943e-08	-2.3883e-08	-2.3908e-08	-2.3961e-08	-2.3954e-08	-2.3797e-08	-2.348e-08	-2.3155e-08	-2.3074e-08	-2.3443e-08	-2.4207e-08	-2.5e-08	-2.5528e-08	-2.572e-08	-2.5572e-08	-2.4994e-08	-2.3813e-08	-2.2157e-08	-2.0195e-08	-1.8044e-08	-1.5822e-08	-1.357e-08	-1.131e-08	-9.0728e-09	-6.7836e-09	-4.2756e-09	-1.5057e-09	1.416e-09	4.3906e-09	7.4076e-09	1.0471e-08	1.3589e-08	1.6816e-08	2.012e-08	2.3467e-08	2.6852e-08	3.0229e-08	3.3581e-08	3.6899e-08	4.0053e-08	4.2787e-08	4.5077e-08	4.7173e-08	4.934e-08	5.1494e-08	5.331e-08	5.4615e-08	5.5394e-08	5.5689e-08	5.5564e-08	5.5058e-08	5.4129e-08	5.2659e-08	5.0598e-08	4.8012e-08	4.4992e-08	4.1631e-08	3.8018e-08	3.4247e-08	3.0413e-08	2.6585e-08	2.2759e-08	1.8893e-08	1.4953e-08	1.0862e-08	6.4983e-09	1.8942e-09	-2.7464e-09	-7.221e-09	-1.1313e-08	-1.4707e-08	-1.7091e-08	-1.8469e-08	-1.918e-08	-1.9636e-08	-2.0087e-08	-2.0563e-08	-2.0999e-08	-2.1326e-08	-2.1492e-08	-2.1508e-08	-2.1455e-08	-2.1456e-08	-2.1577e-08	-2.1828e-08	-2.2172e-08	-2.251e-08	-2.2742e-08	-2.2782e-08	-2.2617e-08	-2.2309e-08	-2.1984e-08	-2.1742e-08	-2.1635e-08	-2.1735e-08	-2.2071e-08	-2.2523e-08	-2.2786e-08	-2.2648e-08	-2.2204e-08	-2.1662e-08	-2.1158e-08	-2.0695e-08	-2.0273e-08	-2.0002e-08	-1.9911e-08	-1.9832e-08	-1.9644e-08	-1.945e-08	-1.9374e-08	-1.9371e-08	-1.937e-08	-1.9417e-08	-1.9535e-08	-1.9641e-08	-1.9673e-08	-1.9637e-08	-1.9603e-08	-1.9592e-08	-1.9582e-08	-1.96e-08	-1.9648e-08	-1.9639e-08	-1.9505e-08	-1.9303e-08	-1.9139e-08	-1.903e-08	-1.8974e-08	-1.9003e-08	-1.9067e-08	-1.9111e-08	-1.9162e-08	-1.9219e-08	-1.9263e-08	-1.9316e-08	-1.938e-08	-1.9513e-08	-1.9801e-08	-2.0166e-08	-2.0379e-08	-2.0282e-08	-1.9956e-08	-1.9572e-08	-1.9257e-08	-1.9105e-08	-1.9182e-08	-1.9482e-08	-1.9939e-08	-2.0475e-08	-2.0988e-08	-2.1376e-08	-2.1578e-08	-2.1524e-08	-2.1228e-08	-2.0816e-08	-2.0426e-08	-2.0131e-08	-1.9905e-08	-1.9635e-08
-2.7611e-08	-2.7363e-08	-2.7049e-08	-2.6743e-08	-2.6491e-08	-2.6321e-08	-2.6246e-08	-2.6176e-08	-2.6041e-08	-2.5871e-08	-2.5659e-08	-2.534e-08	-2.4943e-08	-2.4586e-08	-2.434e-08	-2.4228e-08	-2.4245e-08	-2.433e-08	-2.432e-08	-2.4175e-08	-2.3994e-08	-2.3858e-08	-2.3814e-08	-2.3865e-08	-2.3967e-08	-2.402e-08	-2.3915e-08	-2.363e-08	-2.3316e-08	-2.3229e-08	-2.3579e-08	-2.4327e-08	-2.5129e-08	-2.5693e-08	-2.595e-08	-2.5881e-08	-2.5363e-08	-2.4206e-08	-2.2541e-08	-2.0564e-08	-1.839e-08	-1.6136e-08	-1.3867e-08	-1.1626e-08	-9.4279e-09	-7.1741e-09	-4.6831e-09	-1.9101e-09	1.0273e-09	4.0292e-09	7.0928e-09	1.022e-08	1.34e-08	1.6679e-08	2.003e-08	2.3407e-08	2.6792e-08	3.0146e-08	3.3466e-08	3.6739e-08	3.9838e-08	4.253e-08	4.4785e-08	4.6846e-08	4.8986e-08	5.1161e-08	5.3057e-08	5.4472e-08	5.5363e-08	5.576e-08	5.5721e-08	5.5294e-08	5.4446e-08	5.3053e-08	5.1052e-08	4.851e-08	4.5521e-08	4.2177e-08	3.8573e-08	3.4805e-08	3.0971e-08	2.7147e-08	2.3334e-08	1.9488e-08	1.5581e-08	1.155e-08	7.2738e-09	2.7472e-09	-1.8701e-09	-6.3887e-09	-1.0577e-08	-1.41e-08	-1.6626e-08	-1.8134e-08	-1.8944e-08	-1.9465e-08	-1.9956e-08	-2.0455e-08	-2.0909e-08	-2.126e-08	-2.1456e-08	-2.1499e-08	-2.1462e-08	-2.1449e-08	-2.1525e-08	-2.1704e-08	-2.1963e-08	-2.2229e-08	-2.2412e-08	-2.2432e-08	-2.2271e-08	-2.1975e-08	-2.1653e-08	-2.1413e-08	-2.1319e-08	-2.1428e-08	-2.1748e-08	-2.2166e-08	-2.2406e-08	-2.2259e-08	-2.1826e-08	-2.133e-08	-2.0885e-08	-2.0471e-08	-2.008e-08	-1.9836e-08	-1.9785e-08	-1.9758e-08	-1.9613e-08	-1.9437e-08	-1.9357e-08	-1.9343e-08	-1.933e-08	-1.9363e-08	-1.9481e-08	-1.9619e-08	-1.9712e-08	-1.9744e-08	-1.9754e-08	-1.9748e-08	-1.9704e-08	-1.9666e-08	-1.9656e-08	-1.9608e-08	-1.9459e-08	-1.9257e-08	-1.9104e-08	-1.9018e-08	-1.8983e-08	-1.9023e-08	-1.9086e-08	-1.9111e-08	-1.9136e-08	-1.918e-08	-1.9228e-08	-1.9297e-08	-1.9385e-08	-1.955e-08	-1.987e-08	-2.0258e-08	-2.0487e-08	-2.0403e-08	-2.008e-08	-1.9692e-08	-1.9367e-08	-1.9206e-08	-1.9276e-08	-1.9566e-08	-2.0007e-08	-2.0537e-08	-2.1066e-08	-2.1486e-08	-2.1721e-08	-2.1696e-08	-2.1406e-08	-2.0971e-08	-2.0536e-08	-2.019e-08	-1.9932e-08	-1.9669e-08
-2.7859e-08	-2.7557e-08	-2.7179e-08	-2.6829e-08	-2.6565e-08	-2.6407e-08	-2.635e-08	-2.6291e-08	-2.6157e-08	-2.5979e-08	-2.5753e-08	-2.5399e-08	-2.493e-08	-2.4483e-08	-2.4169e-08	-2.4019e-08	-2.4032e-08	-2.4143e-08	-2.4177e-08	-2.4067e-08	-2.3905e-08	-2.3784e-08	-2.3753e-08	-2.3828e-08	-2.3974e-08	-2.4088e-08	-2.4041e-08	-2.3799e-08	-2.3511e-08	-2.343e-08	-2.3767e-08	-2.4499e-08	-2.5305e-08	-2.5896e-08	-2.6204e-08	-2.6199e-08	-2.5729e-08	-2.4586e-08	-2.2901e-08	-2.09e-08	-1.8696e-08	-1.6405e-08	-1.4113e-08	-1.1881e-08	-9.7134e-09	-7.4877e-09	-5.0093e-09	-2.2302e-09	7.2521e-10	3.7548e-09	6.8616e-09	1.0047e-08	1.3286e-08	1.6615e-08	2.0011e-08	2.3416e-08	2.6799e-08	3.0128e-08	3.3411e-08	3.6636e-08	3.9676e-08	4.2322e-08	4.4544e-08	4.6569e-08	4.8672e-08	5.0844e-08	5.2792e-08	5.4286e-08	5.526e-08	5.5732e-08	5.5755e-08	5.5381e-08	5.4591e-08	5.3254e-08	5.1299e-08	4.879e-08	4.5825e-08	4.2491e-08	3.8891e-08	3.5122e-08	3.1284e-08	2.746e-08	2.3657e-08	1.9829e-08	1.5954e-08	1.1981e-08	7.7913e-09	3.3522e-09	-1.2178e-09	-5.7449e-09	-9.9887e-09	-1.3599e-08	-1.6234e-08	-1.785e-08	-1.8747e-08	-1.9325e-08	-1.9848e-08	-2.0364e-08	-2.083e-08	-2.1201e-08	-2.1425e-08	-2.1495e-08	-2.1473e-08	-2.1451e-08	-2.1485e-08	-2.1595e-08	-2.1774e-08	-2.1969e-08	-2.2102e-08	-2.2105e-08	-2.1951e-08	-2.1668e-08	-2.1351e-08	-2.111e-08	-2.1023e-08	-2.1138e-08	-2.1443e-08	-2.1832e-08	-2.2051e-08	-2.1899e-08	-2.1478e-08	-2.1019e-08	-2.0627e-08	-2.0256e-08	-1.9895e-08	-1.9678e-08	-1.9663e-08	-1.9684e-08	-1.9583e-08	-1.9425e-08	-1.9341e-08	-1.9314e-08	-1.9287e-08	-1.9306e-08	-1.942e-08	-1.9586e-08	-1.9736e-08	-1.9836e-08	-1.9888e-08	-1.9887e-08	-1.9812e-08	-1.9718e-08	-1.9652e-08	-1.9571e-08	-1.9414e-08	-1.9217e-08	-1.9078e-08	-1.9013e-08	-1.9001e-08	-1.9052e-08	-1.9112e-08	-1.9121e-08	-1.9123e-08	-1.9152e-08	-1.9202e-08	-1.9282e-08	-1.9388e-08	-1.9576e-08	-1.9921e-08	-2.0329e-08	-2.0572e-08	-2.0502e-08	-2.0184e-08	-1.9791e-08	-1.9454e-08	-1.9283e-08	-1.9347e-08	-1.9625e-08	-2.0041e-08	-2.0546e-08	-2.107e-08	-2.1503e-08	-2.1765e-08	-2.1773e-08	-2.1503e-08	-2.1063e-08	-2.0598e-08	-2.0209e-08	-1.992e-08	-1.9665e-08
-2.8082e-08	-2.7731e-08	-2.7294e-08	-2.6899e-08	-2.6619e-08	-2.6471e-08	-2.6432e-08	-2.6387e-08	-2.6258e-08	-2.6079e-08	-2.5846e-08	-2.5468e-08	-2.4936e-08	-2.4406e-08	-2.4023e-08	-2.3833e-08	-2.3837e-08	-2.3968e-08	-2.4044e-08	-2.397e-08	-2.383e-08	-2.3722e-08	-2.3703e-08	-2.3795e-08	-2.398e-08	-2.4154e-08	-2.4168e-08	-2.3978e-08	-2.3727e-08	-2.3664e-08	-2.3995e-08	-2.4712e-08	-2.5516e-08	-2.6125e-08	-2.647e-08	-2.6512e-08	-2.6075e-08	-2.4936e-08	-2.3221e-08	-2.1186e-08	-1.8947e-08	-1.6616e-08	-1.4296e-08	-1.2064e-08	-9.9169e-09	-7.7112e-09	-5.2404e-09	-2.452e-09	5.2376e-10	3.5815e-09	6.728e-09	9.9656e-09	1.3257e-08	1.6631e-08	2.007e-08	2.35e-08	2.688e-08	3.0183e-08	3.3428e-08	3.6602e-08	3.9581e-08	4.2181e-08	4.437e-08	4.6358e-08	4.8412e-08	5.0557e-08	5.2524e-08	5.4064e-08	5.5088e-08	5.5602e-08	5.5657e-08	5.5308e-08	5.4546e-08	5.3244e-08	5.1317e-08	4.8829e-08	4.5877e-08	4.2547e-08	3.8944e-08	3.5169e-08	3.1323e-08	2.7495e-08	2.3698e-08	1.9888e-08	1.6042e-08	1.2123e-08	8.0183e-09	3.674e-09	-8.2575e-10	-5.3239e-09	-9.5768e-09	-1.3228e-08	-1.5933e-08	-1.7631e-08	-1.8598e-08	-1.9222e-08	-1.9768e-08	-2.0293e-08	-2.0766e-08	-2.1152e-08	-2.1401e-08	-2.1496e-08	-2.149e-08	-2.1461e-08	-2.1459e-08	-2.1508e-08	-2.1611e-08	-2.1735e-08	-2.1824e-08	-2.1812e-08	-2.1666e-08	-2.1399e-08	-2.1088e-08	-2.0844e-08	-2.0757e-08	-2.0872e-08	-2.1163e-08	-2.1527e-08	-2.1732e-08	-2.1578e-08	-2.1169e-08	-2.0742e-08	-2.039e-08	-2.0055e-08	-1.9722e-08	-1.9531e-08	-1.9548e-08	-1.9614e-08	-1.9553e-08	-1.9415e-08	-1.9326e-08	-1.9284e-08	-1.9242e-08	-1.9245e-08	-1.9353e-08	-1.954e-08	-1.9743e-08	-1.9905e-08	-1.9999e-08	-2.0003e-08	-1.9898e-08	-1.975e-08	-1.9633e-08	-1.9525e-08	-1.9369e-08	-1.9185e-08	-1.9061e-08	-1.9018e-08	-1.9027e-08	-1.9088e-08	-1.9148e-08	-1.9143e-08	-1.9125e-08	-1.9139e-08	-1.9187e-08	-1.9273e-08	-1.939e-08	-1.959e-08	-1.9951e-08	-2.0374e-08	-2.0631e-08	-2.0576e-08	-2.0263e-08	-1.9862e-08	-1.9514e-08	-1.9332e-08	-1.939e-08	-1.9654e-08	-2.0035e-08	-2.0496e-08	-2.0994e-08	-2.1424e-08	-2.1704e-08	-2.1749e-08	-2.1513e-08	-2.1087e-08	-2.0607e-08	-2.0184e-08	-1.9867e-08	-1.9622e-08
-2.827e-08	-2.7878e-08	-2.7386e-08	-2.6947e-08	-2.665e-08	-2.6508e-08	-2.6484e-08	-2.6455e-08	-2.6338e-08	-2.6165e-08	-2.5935e-08	-2.5543e-08	-2.4962e-08	-2.4358e-08	-2.3907e-08	-2.3676e-08	-2.3665e-08	-2.381e-08	-2.3925e-08	-2.3889e-08	-2.377e-08	-2.3675e-08	-2.3664e-08	-2.3769e-08	-2.3986e-08	-2.4212e-08	-2.4287e-08	-2.4155e-08	-2.3954e-08	-2.392e-08	-2.4252e-08	-2.4953e-08	-2.5752e-08	-2.6369e-08	-2.6735e-08	-2.6806e-08	-2.6387e-08	-2.5239e-08	-2.3485e-08	-2.141e-08	-1.913e-08	-1.6757e-08	-1.4404e-08	-1.2163e-08	-1.0026e-08	-7.8319e-09	-5.3629e-09	-2.5617e-09	4.3702e-10	3.5237e-09	6.7059e-09	9.9878e-09	1.3324e-08	1.6737e-08	2.0214e-08	2.3668e-08	2.7045e-08	3.0322e-08	3.3529e-08	3.6653e-08	3.9571e-08	4.2123e-08	4.428e-08	4.623e-08	4.8223e-08	5.0314e-08	5.2264e-08	5.3813e-08	5.4849e-08	5.5368e-08	5.542e-08	5.5064e-08	5.4299e-08	5.3003e-08	5.1085e-08	4.8603e-08	4.5654e-08	4.2319e-08	3.8706e-08	3.492e-08	3.1062e-08	2.7224e-08	2.3429e-08	1.9635e-08	1.5817e-08	1.1947e-08	7.9226e-09	3.6775e-09	-7.3017e-10	-5.1607e-09	-9.3727e-09	-1.3013e-08	-1.5743e-08	-1.7491e-08	-1.8509e-08	-1.9165e-08	-1.9723e-08	-2.0247e-08	-2.0718e-08	-2.1115e-08	-2.1386e-08	-2.1504e-08	-2.1514e-08	-2.148e-08	-2.1449e-08	-2.1444e-08	-2.1478e-08	-2.1538e-08	-2.1585e-08	-2.1563e-08	-2.1428e-08	-2.1179e-08	-2.0874e-08	-2.0624e-08	-2.053e-08	-2.0638e-08	-2.0915e-08	-2.1259e-08	-2.1455e-08	-2.1308e-08	-2.0911e-08	-2.0507e-08	-2.0184e-08	-1.9875e-08	-1.9565e-08	-1.9397e-08	-1.9444e-08	-1.9548e-08	-1.9526e-08	-1.9406e-08	-1.9313e-08	-1.9253e-08	-1.9193e-08	-1.918e-08	-1.9277e-08	-1.9479e-08	-1.973e-08	-1.995e-08	-2.0081e-08	-2.0089e-08	-1.9955e-08	-1.9758e-08	-1.9595e-08	-1.9467e-08	-1.9321e-08	-1.9159e-08	-1.9053e-08	-1.9032e-08	-1.9062e-08	-1.9132e-08	-1.9191e-08	-1.9176e-08	-1.914e-08	-1.9141e-08	-1.9183e-08	-1.927e-08	-1.9391e-08	-1.9595e-08	-1.9962e-08	-2.0395e-08	-2.0664e-08	-2.0623e-08	-2.0317e-08	-1.9909e-08	-1.9547e-08	-1.9354e-08	-1.9406e-08	-1.9655e-08	-1.9994e-08	-2.0395e-08	-2.0846e-08	-2.1256e-08	-2.1545e-08	-2.1629e-08	-2.144e-08	-2.1045e-08	-2.0568e-08	-2.0121e-08	-1.978e-08	-1.9544e-08
-2.8414e-08	-2.7991e-08	-2.745e-08	-2.6968e-08	-2.6653e-08	-2.6514e-08	-2.6503e-08	-2.6491e-08	-2.6391e-08	-2.6233e-08	-2.6015e-08	-2.5623e-08	-2.5008e-08	-2.434e-08	-2.3828e-08	-2.3555e-08	-2.3524e-08	-2.3675e-08	-2.3824e-08	-2.3824e-08	-2.3729e-08	-2.3645e-08	-2.3639e-08	-2.375e-08	-2.3989e-08	-2.426e-08	-2.4393e-08	-2.4322e-08	-2.4178e-08	-2.4186e-08	-2.4526e-08	-2.5213e-08	-2.6e-08	-2.6616e-08	-2.6987e-08	-2.7067e-08	-2.6648e-08	-2.548e-08	-2.3677e-08	-2.1555e-08	-1.9231e-08	-1.6814e-08	-1.4425e-08	-1.2167e-08	-1.003e-08	-7.8368e-09	-5.3632e-09	-2.5455e-09	4.79e-10	3.5955e-09	6.8095e-09	1.0127e-08	1.3498e-08	1.6941e-08	2.045e-08	2.3925e-08	2.7299e-08	3.0553e-08	3.3726e-08	3.6802e-08	3.9661e-08	4.2163e-08	4.429e-08	4.62e-08	4.812e-08	5.0131e-08	5.2026e-08	5.3541e-08	5.4545e-08	5.5028e-08	5.5039e-08	5.4637e-08	5.3834e-08	5.2515e-08	5.0581e-08	4.8089e-08	4.513e-08	4.178e-08	3.8149e-08	3.4348e-08	3.0473e-08	2.662e-08	2.2823e-08	1.9043e-08	1.5251e-08	1.1425e-08	7.4731e-09	3.3291e-09	-9.6626e-10	-5.2891e-09	-9.4061e-09	-1.2978e-08	-1.5682e-08	-1.7443e-08	-1.8488e-08	-1.9161e-08	-1.9719e-08	-2.0231e-08	-2.0691e-08	-2.1093e-08	-2.1381e-08	-2.152e-08	-2.1544e-08	-2.1509e-08	-2.1455e-08	-2.1407e-08	-2.1381e-08	-2.1382e-08	-2.1394e-08	-2.1365e-08	-2.1244e-08	-2.1014e-08	-2.0717e-08	-2.0459e-08	-2.0348e-08	-2.0442e-08	-2.0704e-08	-2.1032e-08	-2.1227e-08	-2.1091e-08	-2.0709e-08	-2.032e-08	-2.0013e-08	-1.9718e-08	-1.9425e-08	-1.9279e-08	-1.9351e-08	-1.9487e-08	-1.95e-08	-1.9399e-08	-1.93e-08	-1.9222e-08	-1.9141e-08	-1.9111e-08	-1.9195e-08	-1.9406e-08	-1.9697e-08	-1.9971e-08	-2.0136e-08	-2.0147e-08	-1.9987e-08	-1.9743e-08	-1.9539e-08	-1.9399e-08	-1.9271e-08	-1.9138e-08	-1.9055e-08	-1.9054e-08	-1.9104e-08	-1.9184e-08	-1.9241e-08	-1.9219e-08	-1.9169e-08	-1.9156e-08	-1.9192e-08	-1.9276e-08	-1.9394e-08	-1.9593e-08	-1.9958e-08	-2.0394e-08	-2.0672e-08	-2.0645e-08	-2.0348e-08	-1.9933e-08	-1.9556e-08	-1.9351e-08	-1.9399e-08	-1.9632e-08	-1.9926e-08	-2.0253e-08	-2.064e-08	-2.1015e-08	-2.1304e-08	-2.1427e-08	-2.1293e-08	-2.0945e-08	-2.0485e-08	-2.0024e-08	-1.9661e-08	-1.9436e-08
-2.8504e-08	-2.8059e-08	-2.7478e-08	-2.6958e-08	-2.6623e-08	-2.6483e-08	-2.6482e-08	-2.6487e-08	-2.641e-08	-2.6278e-08	-2.6084e-08	-2.5706e-08	-2.5074e-08	-2.4355e-08	-2.3789e-08	-2.3476e-08	-2.3422e-08	-2.357e-08	-2.3744e-08	-2.3781e-08	-2.3709e-08	-2.3634e-08	-2.3629e-08	-2.3739e-08	-2.3989e-08	-2.4293e-08	-2.4478e-08	-2.4468e-08	-2.439e-08	-2.4449e-08	-2.4805e-08	-2.5479e-08	-2.6251e-08	-2.6855e-08	-2.7214e-08	-2.7281e-08	-2.6843e-08	-2.5641e-08	-2.3782e-08	-2.1606e-08	-1.9236e-08	-1.6775e-08	-1.4347e-08	-1.2064e-08	-9.9147e-09	-7.7131e-09	-5.2278e-09	-2.3894e-09	6.637e-10	3.8112e-09	7.0531e-09	1.0396e-08	1.3789e-08	1.7252e-08	2.0787e-08	2.4279e-08	2.7651e-08	3.0886e-08	3.4028e-08	3.7062e-08	3.9865e-08	4.2319e-08	4.4415e-08	4.6284e-08	4.812e-08	5.0021e-08	5.182e-08	5.3257e-08	5.4183e-08	5.4582e-08	5.4508e-08	5.4022e-08	5.3142e-08	5.1764e-08	4.9789e-08	4.7269e-08	4.4287e-08	4.0913e-08	3.7256e-08	3.3432e-08	2.9536e-08	2.5664e-08	2.1861e-08	1.8093e-08	1.4326e-08	1.0538e-08	6.6525e-09	2.6101e-09	-1.5532e-09	-5.7278e-09	-9.6937e-09	-1.3136e-08	-1.5761e-08	-1.7494e-08	-1.8541e-08	-1.9215e-08	-1.9759e-08	-2.0247e-08	-2.0686e-08	-2.1086e-08	-2.1388e-08	-2.1544e-08	-2.1581e-08	-2.1547e-08	-2.1477e-08	-2.1396e-08	-2.1319e-08	-2.1267e-08	-2.1247e-08	-2.1217e-08	-2.1113e-08	-2.0902e-08	-2.0614e-08	-2.0346e-08	-2.0212e-08	-2.0283e-08	-2.0528e-08	-2.0844e-08	-2.1043e-08	-2.0925e-08	-2.056e-08	-2.0181e-08	-1.9877e-08	-1.9585e-08	-1.9303e-08	-1.9177e-08	-1.9271e-08	-1.9433e-08	-1.9476e-08	-1.9393e-08	-1.929e-08	-1.919e-08	-1.9088e-08	-1.9039e-08	-1.9108e-08	-1.9321e-08	-1.9646e-08	-1.9969e-08	-2.0166e-08	-2.018e-08	-1.9996e-08	-1.9709e-08	-1.9469e-08	-1.932e-08	-1.9219e-08	-1.9123e-08	-1.9065e-08	-1.9084e-08	-1.9153e-08	-1.9241e-08	-1.9297e-08	-1.9269e-08	-1.921e-08	-1.9185e-08	-1.9212e-08	-1.9291e-08	-1.9401e-08	-1.9586e-08	-1.994e-08	-2.0374e-08	-2.0657e-08	-2.0645e-08	-2.0358e-08	-1.9936e-08	-1.9544e-08	-1.9327e-08	-1.9371e-08	-1.959e-08	-1.9835e-08	-2.0079e-08	-2.0386e-08	-2.0713e-08	-2.0992e-08	-2.1153e-08	-2.108e-08	-2.0791e-08	-2.0362e-08	-1.9897e-08	-1.9516e-08	-1.9301e-08
-2.853e-08	-2.8076e-08	-2.7465e-08	-2.691e-08	-2.6556e-08	-2.6412e-08	-2.6415e-08	-2.6438e-08	-2.639e-08	-2.6293e-08	-2.6136e-08	-2.5788e-08	-2.5158e-08	-2.4405e-08	-2.3794e-08	-2.3445e-08	-2.3364e-08	-2.35e-08	-2.3691e-08	-2.376e-08	-2.3712e-08	-2.3646e-08	-2.3637e-08	-2.3738e-08	-2.3987e-08	-2.4311e-08	-2.4535e-08	-2.4585e-08	-2.4577e-08	-2.4697e-08	-2.5078e-08	-2.574e-08	-2.6493e-08	-2.7076e-08	-2.7405e-08	-2.7435e-08	-2.6956e-08	-2.5707e-08	-2.3783e-08	-2.1548e-08	-1.9131e-08	-1.6627e-08	-1.416e-08	-1.1845e-08	-9.6721e-09	-7.4503e-09	-4.9455e-09	-2.0822e-09	1.0021e-09	4.1821e-09	7.4482e-09	1.0805e-08	1.4207e-08	1.7677e-08	2.1228e-08	2.4734e-08	2.8104e-08	3.1324e-08	3.4444e-08	3.7443e-08	4.0193e-08	4.26e-08	4.4665e-08	4.6492e-08	4.8231e-08	4.9993e-08	5.1657e-08	5.2969e-08	5.3769e-08	5.4038e-08	5.3837e-08	5.3226e-08	5.2233e-08	5.0764e-08	4.8723e-08	4.6156e-08	4.314e-08	3.9733e-08	3.6044e-08	3.2194e-08	2.8274e-08	2.4379e-08	2.0567e-08	1.6811e-08	1.307e-08	9.3175e-09	5.4923e-09	1.5511e-09	-2.4644e-09	-6.4559e-09	-1.0221e-08	-1.3478e-08	-1.5971e-08	-1.7638e-08	-1.8663e-08	-1.9321e-08	-1.9839e-08	-2.0292e-08	-2.0701e-08	-2.1093e-08	-2.1404e-08	-2.1575e-08	-2.1624e-08	-2.1594e-08	-2.1512e-08	-2.1406e-08	-2.1287e-08	-2.1187e-08	-2.114e-08	-2.1113e-08	-2.1028e-08	-2.0838e-08	-2.056e-08	-2.0281e-08	-2.012e-08	-2.0159e-08	-2.0384e-08	-2.0692e-08	-2.0899e-08	-2.0804e-08	-2.0459e-08	-2.0086e-08	-1.9776e-08	-1.9476e-08	-1.9199e-08	-1.909e-08	-1.9203e-08	-1.9385e-08	-1.9455e-08	-1.9389e-08	-1.9281e-08	-1.916e-08	-1.9035e-08	-1.8968e-08	-1.9018e-08	-1.9227e-08	-1.958e-08	-1.9947e-08	-2.0174e-08	-2.019e-08	-1.9984e-08	-1.966e-08	-1.9386e-08	-1.9234e-08	-1.9164e-08	-1.9111e-08	-1.9082e-08	-1.912e-08	-1.9208e-08	-1.9303e-08	-1.9358e-08	-1.9326e-08	-1.9261e-08	-1.9226e-08	-1.9245e-08	-1.9316e-08	-1.9413e-08	-1.9578e-08	-1.9913e-08	-2.0338e-08	-2.0623e-08	-2.0624e-08	-2.0348e-08	-1.9922e-08	-1.9514e-08	-1.9285e-08	-1.9325e-08	-1.9533e-08	-1.9727e-08	-1.9881e-08	-2.0097e-08	-2.0364e-08	-2.0624e-08	-2.0819e-08	-2.0812e-08	-2.0592e-08	-2.0205e-08	-1.9744e-08	-1.935e-08	-1.9146e-08
-2.8481e-08	-2.8031e-08	-2.7402e-08	-2.682e-08	-2.6447e-08	-2.6295e-08	-2.6298e-08	-2.6336e-08	-2.6324e-08	-2.6275e-08	-2.6168e-08	-2.5867e-08	-2.5259e-08	-2.4492e-08	-2.3849e-08	-2.3469e-08	-2.3357e-08	-2.3472e-08	-2.3668e-08	-2.3765e-08	-2.374e-08	-2.3681e-08	-2.3664e-08	-2.3748e-08	-2.3983e-08	-2.4309e-08	-2.4561e-08	-2.4663e-08	-2.4729e-08	-2.4921e-08	-2.5334e-08	-2.5988e-08	-2.6718e-08	-2.727e-08	-2.7552e-08	-2.7521e-08	-2.698e-08	-2.5669e-08	-2.3674e-08	-2.1377e-08	-1.8911e-08	-1.6367e-08	-1.3862e-08	-1.1509e-08	-9.3026e-09	-7.0503e-09	-4.5189e-09	-1.6272e-09	1.4899e-09	4.7031e-09	7.9895e-09	1.135e-08	1.4745e-08	1.8209e-08	2.1768e-08	2.5283e-08	2.865e-08	3.1859e-08	3.4963e-08	3.7932e-08	4.0635e-08	4.2994e-08	4.5029e-08	4.6813e-08	4.8447e-08	5.0047e-08	5.1537e-08	5.2683e-08	5.3316e-08	5.3413e-08	5.3046e-08	5.2276e-08	5.1137e-08	4.9548e-08	4.7417e-08	4.479e-08	4.1728e-08	3.8281e-08	3.4555e-08	3.0674e-08	2.6729e-08	2.2808e-08	1.8983e-08	1.524e-08	1.1525e-08	7.8075e-09	4.0377e-09	1.9593e-10	-3.6604e-09	-7.4412e-09	-1.0963e-08	-1.3987e-08	-1.6301e-08	-1.7868e-08	-1.8846e-08	-1.9475e-08	-1.9956e-08	-2.0365e-08	-2.0734e-08	-2.1112e-08	-2.143e-08	-2.1613e-08	-2.1672e-08	-2.1646e-08	-2.1559e-08	-2.1436e-08	-2.1283e-08	-2.114e-08	-2.1069e-08	-2.1047e-08	-2.0984e-08	-2.0816e-08	-2.0549e-08	-2.026e-08	-2.0068e-08	-2.007e-08	-2.0271e-08	-2.0573e-08	-2.0791e-08	-2.0722e-08	-2.0401e-08	-2.0032e-08	-1.9708e-08	-1.9391e-08	-1.9114e-08	-1.902e-08	-1.9149e-08	-1.9345e-08	-1.9436e-08	-1.9387e-08	-1.9275e-08	-1.9133e-08	-1.8982e-08	-1.8897e-08	-1.8928e-08	-1.9126e-08	-1.9501e-08	-1.9907e-08	-2.0163e-08	-2.018e-08	-1.9956e-08	-1.9597e-08	-1.9293e-08	-1.9141e-08	-1.9107e-08	-1.9101e-08	-1.9105e-08	-1.9162e-08	-1.9267e-08	-1.9369e-08	-1.9422e-08	-1.9387e-08	-1.932e-08	-1.9278e-08	-1.9288e-08	-1.935e-08	-1.9431e-08	-1.957e-08	-1.9878e-08	-2.0288e-08	-2.057e-08	-2.0583e-08	-2.0321e-08	-1.9891e-08	-1.9469e-08	-1.9227e-08	-1.9266e-08	-1.9463e-08	-1.9609e-08	-1.9667e-08	-1.9783e-08	-1.998e-08	-2.0213e-08	-2.0437e-08	-2.0498e-08	-2.0353e-08	-2.0019e-08	-1.9572e-08	-1.9169e-08	-1.8973e-08
-2.835e-08	-2.7918e-08	-2.7285e-08	-2.6685e-08	-2.6293e-08	-2.6131e-08	-2.6127e-08	-2.6179e-08	-2.6209e-08	-2.6218e-08	-2.6177e-08	-2.5938e-08	-2.5374e-08	-2.4613e-08	-2.3952e-08	-2.3547e-08	-2.3403e-08	-2.3487e-08	-2.3676e-08	-2.3796e-08	-2.3795e-08	-2.3739e-08	-2.371e-08	-2.3769e-08	-2.3978e-08	-2.4292e-08	-2.4557e-08	-2.4705e-08	-2.4846e-08	-2.5119e-08	-2.5572e-08	-2.622e-08	-2.6924e-08	-2.7439e-08	-2.7659e-08	-2.7546e-08	-2.6923e-08	-2.5538e-08	-2.3465e-08	-2.1102e-08	-1.8587e-08	-1.6006e-08	-1.3464e-08	-1.107e-08	-8.8204e-09	-6.528e-09	-3.9636e-09	-1.0407e-09	2.1102e-09	5.357e-09	8.6608e-09	1.2015e-08	1.539e-08	1.8836e-08	2.2392e-08	2.5913e-08	2.9276e-08	3.2476e-08	3.5569e-08	3.8514e-08	4.1175e-08	4.3488e-08	4.5492e-08	4.7234e-08	4.8756e-08	5.0175e-08	5.1461e-08	5.2407e-08	5.2836e-08	5.2725e-08	5.2159e-08	5.1202e-08	4.9888e-08	4.8152e-08	4.5912e-08	4.321e-08	4.0094e-08	3.66e-08	3.2831e-08	2.8917e-08	2.4943e-08	2.0995e-08	1.7154e-08	1.3422e-08	9.7348e-09	6.0521e-09	2.334e-09	-1.4111e-09	-5.1009e-09	-8.6501e-09	-1.1894e-08	-1.4645e-08	-1.6739e-08	-1.8173e-08	-1.9085e-08	-1.9671e-08	-2.0106e-08	-2.0462e-08	-2.0784e-08	-2.1142e-08	-2.1463e-08	-2.1655e-08	-2.1724e-08	-2.1704e-08	-2.1614e-08	-2.1481e-08	-2.1301e-08	-2.112e-08	-2.1026e-08	-2.1013e-08	-2.0974e-08	-2.083e-08	-2.0577e-08	-2.0279e-08	-2.0054e-08	-2.0012e-08	-2.0186e-08	-2.0483e-08	-2.0715e-08	-2.0676e-08	-2.038e-08	-2.0015e-08	-1.9672e-08	-1.933e-08	-1.9047e-08	-1.8966e-08	-1.9108e-08	-1.9313e-08	-1.942e-08	-1.9386e-08	-1.9272e-08	-1.9108e-08	-1.8932e-08	-1.8829e-08	-1.8838e-08	-1.902e-08	-1.9409e-08	-1.9851e-08	-2.0133e-08	-2.0154e-08	-1.9913e-08	-1.9524e-08	-1.9194e-08	-1.9044e-08	-1.9049e-08	-1.9095e-08	-1.9133e-08	-1.9208e-08	-1.933e-08	-1.9439e-08	-1.9488e-08	-1.9451e-08	-1.9386e-08	-1.934e-08	-1.9343e-08	-1.9396e-08	-1.9458e-08	-1.9565e-08	-1.9839e-08	-2.0226e-08	-2.0502e-08	-2.0525e-08	-2.0278e-08	-1.9847e-08	-1.9412e-08	-1.9157e-08	-1.9195e-08	-1.9385e-08	-1.9484e-08	-1.9447e-08	-1.9456e-08	-1.9575e-08	-1.9772e-08	-2.002e-08	-2.0147e-08	-2.0081e-08	-1.9809e-08	-1.9384e-08	-1.8976e-08	-1.8789e-08
-2.8141e-08	-2.7741e-08	-2.7119e-08	-2.6509e-08	-2.6103e-08	-2.5926e-08	-2.5911e-08	-2.5973e-08	-2.6048e-08	-2.6126e-08	-2.6162e-08	-2.6001e-08	-2.5499e-08	-2.4764e-08	-2.4098e-08	-2.3675e-08	-2.3498e-08	-2.3542e-08	-2.3712e-08	-2.385e-08	-2.3871e-08	-2.3819e-08	-2.3773e-08	-2.3802e-08	-2.3974e-08	-2.4262e-08	-2.4527e-08	-2.4713e-08	-2.493e-08	-2.529e-08	-2.5791e-08	-2.6437e-08	-2.7115e-08	-2.7587e-08	-2.7733e-08	-2.7521e-08	-2.6797e-08	-2.5325e-08	-2.317e-08	-2.0739e-08	-1.8174e-08	-1.5557e-08	-1.2982e-08	-1.0543e-08	-8.2422e-09	-5.9015e-09	-3.2981e-09	-3.4162e-10	2.8435e-09	6.1241e-09	9.4434e-09	1.2784e-08	1.6126e-08	1.9543e-08	2.3089e-08	2.6611e-08	2.9967e-08	3.316e-08	3.6247e-08	3.9174e-08	4.1797e-08	4.4064e-08	4.6038e-08	4.7738e-08	4.9147e-08	5.037e-08	5.1429e-08	5.2145e-08	5.234e-08	5.1991e-08	5.12e-08	5.003e-08	4.8519e-08	4.6615e-08	4.4248e-08	4.1458e-08	3.828e-08	3.4732e-08	3.0917e-08	2.6966e-08	2.2962e-08	1.8983e-08	1.5122e-08	1.1399e-08	7.7419e-09	4.0949e-09	4.2592e-10	-3.2255e-09	-6.745e-09	-1.0048e-08	-1.2988e-08	-1.5431e-08	-1.7272e-08	-1.8545e-08	-1.9372e-08	-1.9904e-08	-2.0286e-08	-2.0581e-08	-2.0848e-08	-2.1181e-08	-2.1502e-08	-2.1702e-08	-2.1778e-08	-2.1765e-08	-2.1676e-08	-2.1539e-08	-2.134e-08	-2.1123e-08	-2.1009e-08	-2.1006e-08	-2.0994e-08	-2.0873e-08	-2.0637e-08	-2.0333e-08	-2.0073e-08	-1.9984e-08	-2.0126e-08	-2.0419e-08	-2.0667e-08	-2.0659e-08	-2.0392e-08	-2.0031e-08	-1.9665e-08	-1.9293e-08	-1.8998e-08	-1.8928e-08	-1.9081e-08	-1.9289e-08	-1.9407e-08	-1.9386e-08	-1.9271e-08	-1.9086e-08	-1.8886e-08	-1.8766e-08	-1.8752e-08	-1.8912e-08	-1.9308e-08	-1.9781e-08	-2.0089e-08	-2.0113e-08	-1.9859e-08	-1.9444e-08	-1.9091e-08	-1.8945e-08	-1.8989e-08	-1.909e-08	-1.9165e-08	-1.9257e-08	-1.9395e-08	-1.951e-08	-1.9556e-08	-1.9518e-08	-1.9456e-08	-1.9411e-08	-1.9409e-08	-1.9453e-08	-1.9494e-08	-1.9566e-08	-1.9799e-08	-2.0157e-08	-2.0421e-08	-2.0452e-08	-2.022e-08	-1.9791e-08	-1.9345e-08	-1.9078e-08	-1.9117e-08	-1.9302e-08	-1.9358e-08	-1.9225e-08	-1.9124e-08	-1.916e-08	-1.9315e-08	-1.9581e-08	-1.9771e-08	-1.9786e-08	-1.958e-08	-1.9185e-08	-1.8777e-08	-1.8599e-08
-2.7868e-08	-2.7513e-08	-2.6915e-08	-2.6304e-08	-2.5885e-08	-2.5693e-08	-2.5659e-08	-2.5726e-08	-2.5848e-08	-2.6003e-08	-2.6126e-08	-2.6054e-08	-2.5629e-08	-2.4936e-08	-2.4278e-08	-2.3845e-08	-2.3636e-08	-2.3634e-08	-2.3774e-08	-2.3923e-08	-2.3965e-08	-2.3916e-08	-2.3852e-08	-2.3845e-08	-2.3974e-08	-2.4225e-08	-2.4478e-08	-2.4693e-08	-2.4984e-08	-2.5438e-08	-2.5993e-08	-2.664e-08	-2.7292e-08	-2.7717e-08	-2.7782e-08	-2.7455e-08	-2.6616e-08	-2.5046e-08	-2.2804e-08	-2.0302e-08	-1.7687e-08	-1.5036e-08	-1.2427e-08	-9.943e-09	-7.5846e-09	-5.1883e-09	-2.5407e-09	4.5132e-10	3.6705e-09	6.9851e-09	1.0318e-08	1.3639e-08	1.694e-08	2.0317e-08	2.3844e-08	2.7362e-08	3.071e-08	3.3895e-08	3.6981e-08	3.9895e-08	4.2485e-08	4.4707e-08	4.665e-08	4.8312e-08	4.9606e-08	5.0625e-08	5.1438e-08	5.1902e-08	5.1839e-08	5.1229e-08	5.0189e-08	4.879e-08	4.7064e-08	4.4972e-08	4.2462e-08	3.9575e-08	3.6328e-08	3.2722e-08	2.8857e-08	2.4866e-08	2.0829e-08	1.6816e-08	1.293e-08	9.214e-09	5.5887e-09	1.9796e-09	-1.6416e-09	-5.2028e-09	-8.5511e-09	-1.16e-08	-1.4217e-08	-1.6327e-08	-1.7886e-08	-1.8973e-08	-1.9698e-08	-2.0168e-08	-2.049e-08	-2.0719e-08	-2.0925e-08	-2.1227e-08	-2.1547e-08	-2.1752e-08	-2.1834e-08	-2.183e-08	-2.1744e-08	-2.1608e-08	-2.1395e-08	-2.1145e-08	-2.1011e-08	-2.1021e-08	-2.1036e-08	-2.0941e-08	-2.0724e-08	-2.0417e-08	-2.0124e-08	-1.9983e-08	-2.0091e-08	-2.0378e-08	-2.0642e-08	-2.0666e-08	-2.0432e-08	-2.0075e-08	-1.9686e-08	-1.9279e-08	-1.8968e-08	-1.8906e-08	-1.9068e-08	-1.9273e-08	-1.9397e-08	-1.9388e-08	-1.9273e-08	-1.9069e-08	-1.8844e-08	-1.8708e-08	-1.8672e-08	-1.8803e-08	-1.92e-08	-1.9698e-08	-2.0031e-08	-2.006e-08	-1.9796e-08	-1.936e-08	-1.8988e-08	-1.8846e-08	-1.893e-08	-1.9087e-08	-1.92e-08	-1.9308e-08	-1.9461e-08	-1.9582e-08	-1.9624e-08	-1.9584e-08	-1.953e-08	-1.9489e-08	-1.9485e-08	-1.9521e-08	-1.954e-08	-1.9574e-08	-1.9761e-08	-2.0083e-08	-2.0329e-08	-2.0364e-08	-2.015e-08	-1.9725e-08	-1.927e-08	-1.8993e-08	-1.9034e-08	-1.9217e-08	-1.9235e-08	-1.9011e-08	-1.8799e-08	-1.8748e-08	-1.8855e-08	-1.9132e-08	-1.9379e-08	-1.9475e-08	-1.9338e-08	-1.8979e-08	-1.8576e-08	-1.8407e-08
-2.7545e-08	-2.7245e-08	-2.6683e-08	-2.608e-08	-2.565e-08	-2.5441e-08	-2.5383e-08	-2.5449e-08	-2.5618e-08	-2.5853e-08	-2.607e-08	-2.6094e-08	-2.5759e-08	-2.5123e-08	-2.4485e-08	-2.4049e-08	-2.381e-08	-2.3757e-08	-2.3857e-08	-2.401e-08	-2.4074e-08	-2.4028e-08	-2.3944e-08	-2.3899e-08	-2.3979e-08	-2.4184e-08	-2.4414e-08	-2.465e-08	-2.5012e-08	-2.5562e-08	-2.6178e-08	-2.6831e-08	-2.7456e-08	-2.7833e-08	-2.7811e-08	-2.7358e-08	-2.639e-08	-2.4714e-08	-2.2382e-08	-1.9806e-08	-1.7139e-08	-1.4455e-08	-1.1816e-08	-9.2849e-09	-6.8639e-09	-4.4061e-09	-1.7098e-09	1.3193e-09	4.5721e-09	7.9204e-09	1.1267e-08	1.4564e-08	1.7814e-08	2.1144e-08	2.4645e-08	2.8155e-08	3.1491e-08	3.4669e-08	3.7757e-08	4.0662e-08	4.3223e-08	4.5402e-08	4.7315e-08	4.8941e-08	5.0123e-08	5.0932e-08	5.1485e-08	5.1681e-08	5.1343e-08	5.0453e-08	4.915e-08	4.7506e-08	4.5552e-08	4.326e-08	4.0596e-08	3.7602e-08	3.428e-08	3.0612e-08	2.6693e-08	2.266e-08	1.8588e-08	1.4538e-08	1.0623e-08	6.9106e-09	3.3179e-09	-2.5057e-10	-3.824e-09	-7.298e-09	-1.0477e-08	-1.3268e-08	-1.5552e-08	-1.7311e-08	-1.8565e-08	-1.9446e-08	-2.0056e-08	-2.0457e-08	-2.0714e-08	-2.0872e-08	-2.1011e-08	-2.1279e-08	-2.1594e-08	-2.1804e-08	-2.1892e-08	-2.1895e-08	-2.1815e-08	-2.1685e-08	-2.1462e-08	-2.1183e-08	-2.1029e-08	-2.1051e-08	-2.1097e-08	-2.1028e-08	-2.0832e-08	-2.0526e-08	-2.0203e-08	-2.0007e-08	-2.0077e-08	-2.0359e-08	-2.0638e-08	-2.0694e-08	-2.0493e-08	-2.0143e-08	-1.9731e-08	-1.9286e-08	-1.8956e-08	-1.8902e-08	-1.9069e-08	-1.9267e-08	-1.9391e-08	-1.9392e-08	-1.9277e-08	-1.9057e-08	-1.8808e-08	-1.8658e-08	-1.8598e-08	-1.8696e-08	-1.9086e-08	-1.9605e-08	-1.9962e-08	-1.9997e-08	-1.9728e-08	-1.9275e-08	-1.8887e-08	-1.8749e-08	-1.8872e-08	-1.9085e-08	-1.9237e-08	-1.9361e-08	-1.9527e-08	-1.9653e-08	-1.9691e-08	-1.965e-08	-1.9606e-08	-1.9573e-08	-1.9571e-08	-1.9601e-08	-1.9598e-08	-1.9592e-08	-1.9727e-08	-2.0006e-08	-2.0228e-08	-2.0265e-08	-2.0068e-08	-1.9652e-08	-1.9191e-08	-1.8905e-08	-1.8949e-08	-1.9134e-08	-1.9119e-08	-1.8809e-08	-1.849e-08	-1.8352e-08	-1.8407e-08	-1.8687e-08	-1.8985e-08	-1.9155e-08	-1.909e-08	-1.8772e-08	-1.838e-08	-1.822e-08
-2.7186e-08	-2.6949e-08	-2.6435e-08	-2.5847e-08	-2.5409e-08	-2.5181e-08	-2.5094e-08	-2.5152e-08	-2.5364e-08	-2.5682e-08	-2.5996e-08	-2.6122e-08	-2.5885e-08	-2.5319e-08	-2.4712e-08	-2.4281e-08	-2.4014e-08	-2.3906e-08	-2.3957e-08	-2.411e-08	-2.4193e-08	-2.4151e-08	-2.4045e-08	-2.3961e-08	-2.399e-08	-2.4142e-08	-2.4341e-08	-2.4589e-08	-2.5017e-08	-2.5667e-08	-2.6348e-08	-2.701e-08	-2.761e-08	-2.7939e-08	-2.7827e-08	-2.7238e-08	-2.6133e-08	-2.4342e-08	-2.1917e-08	-1.9266e-08	-1.6546e-08	-1.383e-08	-1.1163e-08	-8.5837e-09	-6.0961e-09	-3.572e-09	-8.2351e-10	2.2437e-09	5.5291e-09	8.9107e-09	1.2271e-08	1.5541e-08	1.8733e-08	2.201e-08	2.5477e-08	2.8975e-08	3.2296e-08	3.5467e-08	3.856e-08	4.1459e-08	4.3995e-08	4.6133e-08	4.8015e-08	4.9608e-08	5.0682e-08	5.1281e-08	5.1568e-08	5.1483e-08	5.0859e-08	4.9679e-08	4.8101e-08	4.6206e-08	4.4017e-08	4.1514e-08	3.8687e-08	3.5579e-08	3.2177e-08	2.8444e-08	2.4469e-08	2.0392e-08	1.6284e-08	1.2193e-08	8.2429e-09	4.5312e-09	9.7184e-10	-2.5524e-09	-6.0767e-09	-9.4663e-09	-1.248e-08	-1.5016e-08	-1.6962e-08	-1.836e-08	-1.9294e-08	-1.9954e-08	-2.0438e-08	-2.0763e-08	-2.0953e-08	-2.1037e-08	-2.1105e-08	-2.1335e-08	-2.1644e-08	-2.1857e-08	-2.1949e-08	-2.196e-08	-2.1888e-08	-2.1767e-08	-2.1539e-08	-2.1231e-08	-2.1057e-08	-2.1091e-08	-2.1168e-08	-2.1126e-08	-2.0956e-08	-2.0655e-08	-2.0305e-08	-2.0054e-08	-2.0083e-08	-2.0357e-08	-2.065e-08	-2.0738e-08	-2.0571e-08	-2.0231e-08	-1.9798e-08	-1.9316e-08	-1.8964e-08	-1.8914e-08	-1.9085e-08	-1.9271e-08	-1.9389e-08	-1.9397e-08	-1.9284e-08	-1.9049e-08	-1.8779e-08	-1.8617e-08	-1.8533e-08	-1.8594e-08	-1.8968e-08	-1.9503e-08	-1.9883e-08	-1.9928e-08	-1.9656e-08	-1.9192e-08	-1.8793e-08	-1.8659e-08	-1.8817e-08	-1.9085e-08	-1.9275e-08	-1.9413e-08	-1.9593e-08	-1.9723e-08	-1.9756e-08	-1.9713e-08	-1.9682e-08	-1.9661e-08	-1.9667e-08	-1.9693e-08	-1.9669e-08	-1.9622e-08	-1.97e-08	-1.9929e-08	-2.0121e-08	-2.0156e-08	-1.9977e-08	-1.9571e-08	-1.9109e-08	-1.8817e-08	-1.8866e-08	-1.9055e-08	-1.9014e-08	-1.8627e-08	-1.8205e-08	-1.7982e-08	-1.7982e-08	-1.8258e-08	-1.8598e-08	-1.8837e-08	-1.884e-08	-1.8567e-08	-1.8192e-08	-1.8042e-08
-2.6806e-08	-2.6639e-08	-2.6181e-08	-2.5615e-08	-2.5172e-08	-2.4925e-08	-2.4803e-08	-2.4844e-08	-2.5096e-08	-2.5495e-08	-2.5908e-08	-2.6137e-08	-2.6004e-08	-2.5518e-08	-2.495e-08	-2.4531e-08	-2.4242e-08	-2.4078e-08	-2.4071e-08	-2.4217e-08	-2.432e-08	-2.4281e-08	-2.4154e-08	-2.403e-08	-2.4008e-08	-2.4104e-08	-2.4264e-08	-2.4516e-08	-2.5004e-08	-2.5753e-08	-2.6503e-08	-2.7178e-08	-2.7755e-08	-2.8038e-08	-2.7834e-08	-2.7105e-08	-2.5854e-08	-2.3943e-08	-2.1425e-08	-1.8697e-08	-1.5923e-08	-1.3175e-08	-1.0481e-08	-7.8543e-09	-5.2972e-09	-2.7033e-09	1.0011e-10	3.2059e-09	6.5225e-09	9.9365e-09	1.3309e-08	1.6551e-08	1.9681e-08	2.2899e-08	2.6327e-08	2.981e-08	3.3111e-08	3.6273e-08	3.9373e-08	4.2269e-08	4.4785e-08	4.6885e-08	4.8736e-08	5.03e-08	5.127e-08	5.1663e-08	5.1681e-08	5.1311e-08	5.0396e-08	4.892e-08	4.7064e-08	4.4915e-08	4.2487e-08	3.977e-08	3.6773e-08	3.3548e-08	3.0063e-08	2.6261e-08	2.2229e-08	1.8106e-08	1.3959e-08	9.8241e-09	5.8344e-09	2.1188e-09	-1.4071e-09	-4.8831e-09	-8.3553e-09	-1.1662e-08	-1.4517e-08	-1.6804e-08	-1.8416e-08	-1.9451e-08	-2.0056e-08	-2.0485e-08	-2.0835e-08	-2.108e-08	-2.1202e-08	-2.1211e-08	-2.1204e-08	-2.1393e-08	-2.1694e-08	-2.191e-08	-2.2005e-08	-2.2025e-08	-2.1962e-08	-2.1851e-08	-2.1622e-08	-2.1287e-08	-2.1091e-08	-2.1137e-08	-2.1246e-08	-2.1232e-08	-2.1088e-08	-2.0799e-08	-2.0426e-08	-2.0121e-08	-2.0106e-08	-2.0372e-08	-2.0675e-08	-2.0792e-08	-2.0661e-08	-2.0334e-08	-1.9884e-08	-1.9365e-08	-1.8991e-08	-1.8944e-08	-1.9116e-08	-1.9284e-08	-1.9391e-08	-1.9403e-08	-1.9293e-08	-1.9046e-08	-1.8758e-08	-1.8586e-08	-1.848e-08	-1.8498e-08	-1.8849e-08	-1.9393e-08	-1.9797e-08	-1.9853e-08	-1.9584e-08	-1.9114e-08	-1.8708e-08	-1.8578e-08	-1.8767e-08	-1.9086e-08	-1.9314e-08	-1.9466e-08	-1.9656e-08	-1.9791e-08	-1.9817e-08	-1.9773e-08	-1.9755e-08	-1.9753e-08	-1.977e-08	-1.9797e-08	-1.9753e-08	-1.9665e-08	-1.9684e-08	-1.9855e-08	-2.0011e-08	-2.0039e-08	-1.9877e-08	-1.9486e-08	-1.9028e-08	-1.8732e-08	-1.8788e-08	-1.8984e-08	-1.8923e-08	-1.8469e-08	-1.7954e-08	-1.765e-08	-1.7596e-08	-1.7861e-08	-1.8231e-08	-1.8528e-08	-1.8595e-08	-1.837e-08	-1.8018e-08	-1.788e-08
-2.642e-08	-2.6328e-08	-2.5933e-08	-2.5397e-08	-2.4949e-08	-2.4682e-08	-2.452e-08	-2.4537e-08	-2.4822e-08	-2.5298e-08	-2.5808e-08	-2.614e-08	-2.6113e-08	-2.5713e-08	-2.5194e-08	-2.4794e-08	-2.4485e-08	-2.4265e-08	-2.4195e-08	-2.4329e-08	-2.4449e-08	-2.4416e-08	-2.4267e-08	-2.4105e-08	-2.4033e-08	-2.4071e-08	-2.4188e-08	-2.4437e-08	-2.4977e-08	-2.5823e-08	-2.6645e-08	-2.7335e-08	-2.7893e-08	-2.8131e-08	-2.7838e-08	-2.6966e-08	-2.5565e-08	-2.3531e-08	-2.0919e-08	-1.8114e-08	-1.5285e-08	-1.2505e-08	-9.7846e-09	-7.1111e-09	-4.4827e-09	-1.8169e-09	1.0431e-09	4.1873e-09	7.5335e-09	1.0979e-08	1.4364e-08	1.7576e-08	2.0642e-08	2.3797e-08	2.7182e-08	3.0644e-08	3.3924e-08	3.7075e-08	4.0182e-08	4.3078e-08	4.5578e-08	4.7641e-08	4.9463e-08	5.0999e-08	5.1874e-08	5.2067e-08	5.1819e-08	5.1165e-08	4.9958e-08	4.8188e-08	4.6055e-08	4.3655e-08	4.0992e-08	3.806e-08	3.4892e-08	3.1548e-08	2.7977e-08	2.4106e-08	2.0016e-08	1.5846e-08	1.1659e-08	7.4761e-09	3.4408e-09	-2.8378e-10	-3.7766e-09	-7.1998e-09	-1.0616e-08	-1.3841e-08	-1.6543e-08	-1.8593e-08	-1.9881e-08	-2.0559e-08	-2.0834e-08	-2.1028e-08	-2.1238e-08	-2.1402e-08	-2.1456e-08	-2.1389e-08	-2.1305e-08	-2.1451e-08	-2.1743e-08	-2.1961e-08	-2.2058e-08	-2.2087e-08	-2.2034e-08	-2.1937e-08	-2.1707e-08	-2.1347e-08	-2.1128e-08	-2.1183e-08	-2.1323e-08	-2.1337e-08	-2.1225e-08	-2.0953e-08	-2.0563e-08	-2.0205e-08	-2.0145e-08	-2.0399e-08	-2.0711e-08	-2.0854e-08	-2.0756e-08	-2.0445e-08	-1.9984e-08	-1.9433e-08	-1.9037e-08	-1.8991e-08	-1.9162e-08	-1.9308e-08	-1.9398e-08	-1.9411e-08	-1.9304e-08	-1.9049e-08	-1.8746e-08	-1.8568e-08	-1.8439e-08	-1.8411e-08	-1.8731e-08	-1.9278e-08	-1.9704e-08	-1.9775e-08	-1.9513e-08	-1.9044e-08	-1.8636e-08	-1.8509e-08	-1.8724e-08	-1.909e-08	-1.9352e-08	-1.9516e-08	-1.9716e-08	-1.9854e-08	-1.9875e-08	-1.9828e-08	-1.9824e-08	-1.9846e-08	-1.9881e-08	-1.9913e-08	-1.9852e-08	-1.9723e-08	-1.9679e-08	-1.9788e-08	-1.99e-08	-1.9916e-08	-1.977e-08	-1.9398e-08	-1.8948e-08	-1.8653e-08	-1.8717e-08	-1.8924e-08	-1.8848e-08	-1.8341e-08	-1.7746e-08	-1.737e-08	-1.7263e-08	-1.7508e-08	-1.7896e-08	-1.8238e-08	-1.8359e-08	-1.8184e-08	-1.7864e-08	-1.7742e-08
-2.6043e-08	-2.6027e-08	-2.5703e-08	-2.5201e-08	-2.4753e-08	-2.4464e-08	-2.4257e-08	-2.4241e-08	-2.455e-08	-2.5098e-08	-2.57e-08	-2.6129e-08	-2.6209e-08	-2.59e-08	-2.5436e-08	-2.5062e-08	-2.4739e-08	-2.4463e-08	-2.4325e-08	-2.4441e-08	-2.4578e-08	-2.455e-08	-2.4382e-08	-2.4183e-08	-2.4065e-08	-2.4047e-08	-2.4117e-08	-2.4356e-08	-2.4942e-08	-2.5879e-08	-2.6773e-08	-2.7483e-08	-2.8024e-08	-2.8223e-08	-2.7842e-08	-2.6828e-08	-2.5275e-08	-2.3118e-08	-2.0413e-08	-1.753e-08	-1.4645e-08	-1.1834e-08	-9.0886e-09	-6.3685e-09	-3.6681e-09	-9.2945e-10	1.9876e-09	5.1695e-09	8.5432e-09	1.2017e-08	1.5415e-08	1.8598e-08	2.1599e-08	2.469e-08	2.8027e-08	3.1466e-08	3.472e-08	3.7858e-08	4.0973e-08	4.3869e-08	4.6357e-08	4.8387e-08	5.0179e-08	5.169e-08	5.2477e-08	5.2481e-08	5.1976e-08	5.1044e-08	4.9553e-08	4.7496e-08	4.5094e-08	4.2452e-08	3.9562e-08	3.642e-08	3.3083e-08	2.9619e-08	2.5962e-08	2.2022e-08	1.7873e-08	1.3656e-08	9.4273e-09	5.1926e-09	1.106e-09	-2.6334e-09	-6.0946e-09	-9.4602e-09	-1.2814e-08	-1.5956e-08	-1.8514e-08	-2.0342e-08	-2.1323e-08	-2.1657e-08	-2.1611e-08	-2.1569e-08	-2.1637e-08	-2.172e-08	-2.1709e-08	-2.1568e-08	-2.1407e-08	-2.1508e-08	-2.179e-08	-2.2009e-08	-2.2109e-08	-2.2146e-08	-2.2104e-08	-2.2021e-08	-2.1793e-08	-2.1408e-08	-2.1162e-08	-2.1224e-08	-2.1394e-08	-2.1437e-08	-2.1358e-08	-2.111e-08	-2.0711e-08	-2.0305e-08	-2.0201e-08	-2.0439e-08	-2.0752e-08	-2.0916e-08	-2.085e-08	-2.0558e-08	-2.0094e-08	-1.9521e-08	-1.9108e-08	-1.9059e-08	-1.9223e-08	-1.9343e-08	-1.9408e-08	-1.9418e-08	-1.9315e-08	-1.9056e-08	-1.8746e-08	-1.8563e-08	-1.8415e-08	-1.8342e-08	-1.862e-08	-1.9156e-08	-1.96e-08	-1.969e-08	-1.9442e-08	-1.8987e-08	-1.8587e-08	-1.8465e-08	-1.8694e-08	-1.9092e-08	-1.9386e-08	-1.9565e-08	-1.977e-08	-1.9908e-08	-1.9924e-08	-1.9879e-08	-1.9889e-08	-1.9938e-08	-1.9998e-08	-2.0036e-08	-1.9963e-08	-1.98e-08	-1.9695e-08	-1.9729e-08	-1.9788e-08	-1.9785e-08	-1.965e-08	-1.9305e-08	-1.8879e-08	-1.8597e-08	-1.8663e-08	-1.8865e-08	-1.8777e-08	-1.8244e-08	-1.7596e-08	-1.716e-08	-1.7008e-08	-1.722e-08	-1.7605e-08	-1.797e-08	-1.8131e-08	-1.8011e-08	-1.7739e-08	-1.764e-08
-2.5691e-08	-2.5753e-08	-2.5503e-08	-2.504e-08	-2.4592e-08	-2.4281e-08	-2.4023e-08	-2.3966e-08	-2.4291e-08	-2.4901e-08	-2.5588e-08	-2.6108e-08	-2.6289e-08	-2.6073e-08	-2.5668e-08	-2.5326e-08	-2.4995e-08	-2.4666e-08	-2.4457e-08	-2.4551e-08	-2.4702e-08	-2.4681e-08	-2.4494e-08	-2.4263e-08	-2.4103e-08	-2.4034e-08	-2.4057e-08	-2.428e-08	-2.4902e-08	-2.5925e-08	-2.689e-08	-2.7622e-08	-2.8151e-08	-2.8314e-08	-2.7852e-08	-2.6699e-08	-2.4996e-08	-2.2717e-08	-1.9922e-08	-1.6962e-08	-1.402e-08	-1.1176e-08	-8.4071e-09	-5.6409e-09	-2.8684e-09	-5.7537e-11	2.916e-09	6.1342e-09	9.5329e-09	1.3034e-08	1.6442e-08	1.9597e-08	2.2535e-08	2.5563e-08	2.8851e-08	3.2261e-08	3.5485e-08	3.8609e-08	4.1728e-08	4.4624e-08	4.7101e-08	4.9105e-08	5.0867e-08	5.2348e-08	5.3055e-08	5.2887e-08	5.2139e-08	5.0939e-08	4.9176e-08	4.685e-08	4.4194e-08	4.1324e-08	3.822e-08	3.4879e-08	3.138e-08	2.7798e-08	2.4054e-08	2.0045e-08	1.5843e-08	1.158e-08	7.3078e-09	3.0211e-09	-1.1176e-09	-4.8794e-09	-8.3159e-09	-1.1622e-08	-1.49e-08	-1.7946e-08	-2.0363e-08	-2.1983e-08	-2.2688e-08	-2.271e-08	-2.2369e-08	-2.2101e-08	-2.2026e-08	-2.2026e-08	-2.195e-08	-2.1742e-08	-2.1515e-08	-2.1567e-08	-2.183e-08	-2.2049e-08	-2.2153e-08	-2.2198e-08	-2.2169e-08	-2.2097e-08	-2.1869e-08	-2.147e-08	-2.1202e-08	-2.126e-08	-2.1449e-08	-2.1521e-08	-2.1476e-08	-2.1259e-08	-2.0863e-08	-2.0427e-08	-2.028e-08	-2.049e-08	-2.0793e-08	-2.097e-08	-2.0932e-08	-2.0663e-08	-2.0206e-08	-1.9629e-08	-1.9208e-08	-1.915e-08	-1.9296e-08	-1.9387e-08	-1.9424e-08	-1.9424e-08	-1.9322e-08	-1.9067e-08	-1.876e-08	-1.8573e-08	-1.8407e-08	-1.8294e-08	-1.8521e-08	-1.9031e-08	-1.9485e-08	-1.96e-08	-1.9375e-08	-1.8944e-08	-1.8563e-08	-1.8445e-08	-1.8678e-08	-1.9096e-08	-1.9416e-08	-1.9611e-08	-1.9818e-08	-1.9954e-08	-1.9968e-08	-1.9925e-08	-1.9948e-08	-2.0028e-08	-2.0119e-08	-2.0168e-08	-2.0088e-08	-1.9894e-08	-1.9728e-08	-1.9684e-08	-1.9682e-08	-1.9654e-08	-1.9526e-08	-1.9212e-08	-1.8816e-08	-1.8552e-08	-1.8621e-08	-1.8819e-08	-1.8726e-08	-1.8184e-08	-1.7502e-08	-1.7021e-08	-1.683e-08	-1.7005e-08	-1.7372e-08	-1.7741e-08	-1.7929e-08	-1.7858e-08	-1.7641e-08	-1.7569e-08
-2.5378e-08	-2.5514e-08	-2.5342e-08	-2.4925e-08	-2.448e-08	-2.4143e-08	-2.3834e-08	-2.373e-08	-2.4058e-08	-2.4716e-08	-2.5473e-08	-2.6071e-08	-2.6345e-08	-2.6222e-08	-2.5885e-08	-2.5578e-08	-2.5245e-08	-2.487e-08	-2.4594e-08	-2.4655e-08	-2.4814e-08	-2.4799e-08	-2.46e-08	-2.4343e-08	-2.415e-08	-2.4036e-08	-2.4017e-08	-2.4226e-08	-2.4875e-08	-2.5962e-08	-2.6989e-08	-2.7746e-08	-2.8261e-08	-2.8387e-08	-2.7848e-08	-2.6567e-08	-2.4719e-08	-2.2324e-08	-1.9454e-08	-1.6425e-08	-1.3428e-08	-1.0551e-08	-7.7537e-09	-4.9412e-09	-2.0973e-09	7.8796e-10	3.8188e-09	7.0691e-09	1.0487e-08	1.4004e-08	1.7416e-08	2.0546e-08	2.3437e-08	2.641e-08	2.9642e-08	3.301e-08	3.6205e-08	3.9313e-08	4.2427e-08	4.5316e-08	4.7785e-08	4.9774e-08	5.1506e-08	5.2943e-08	5.3575e-08	5.3261e-08	5.2294e-08	5.0842e-08	4.8827e-08	4.6258e-08	4.3372e-08	4.0292e-08	3.6994e-08	3.3473e-08	2.9823e-08	2.6125e-08	2.2294e-08	1.8221e-08	1.3969e-08	9.6621e-09	5.3444e-09	1.005e-09	-3.1869e-09	-6.9787e-09	-1.0398e-08	-1.3641e-08	-1.6831e-08	-1.9771e-08	-2.2052e-08	-2.3486e-08	-2.395e-08	-2.3698e-08	-2.3093e-08	-2.2613e-08	-2.2396e-08	-2.2313e-08	-2.2178e-08	-2.1909e-08	-2.1621e-08	-2.1623e-08	-2.1865e-08	-2.2083e-08	-2.2191e-08	-2.2244e-08	-2.223e-08	-2.2166e-08	-2.1938e-08	-2.1526e-08	-2.1234e-08	-2.1281e-08	-2.1487e-08	-2.1588e-08	-2.1578e-08	-2.1399e-08	-2.1015e-08	-2.0557e-08	-2.0371e-08	-2.0549e-08	-2.0837e-08	-2.1021e-08	-2.1004e-08	-2.0758e-08	-2.032e-08	-1.9752e-08	-1.9329e-08	-1.9258e-08	-1.9384e-08	-1.9443e-08	-1.9448e-08	-1.9431e-08	-1.933e-08	-1.9083e-08	-1.8786e-08	-1.8598e-08	-1.8417e-08	-1.8263e-08	-1.843e-08	-1.8906e-08	-1.9369e-08	-1.9512e-08	-1.9317e-08	-1.8918e-08	-1.8561e-08	-1.8449e-08	-1.8678e-08	-1.9103e-08	-1.9443e-08	-1.9651e-08	-1.9858e-08	-1.9992e-08	-2.0004e-08	-1.9963e-08	-1.9998e-08	-2.0114e-08	-2.0242e-08	-2.0309e-08	-2.0226e-08	-2.0005e-08	-1.978e-08	-1.9654e-08	-1.9586e-08	-1.9526e-08	-1.9401e-08	-1.9119e-08	-1.8762e-08	-1.8521e-08	-1.8594e-08	-1.879e-08	-1.8698e-08	-1.816e-08	-1.7466e-08	-1.6955e-08	-1.6732e-08	-1.6865e-08	-1.72e-08	-1.7556e-08	-1.7754e-08	-1.7728e-08	-1.7568e-08	-1.7527e-08
-2.5118e-08	-2.5319e-08	-2.5227e-08	-2.4863e-08	-2.4426e-08	-2.4062e-08	-2.3702e-08	-2.3551e-08	-2.3866e-08	-2.4553e-08	-2.536e-08	-2.6019e-08	-2.6374e-08	-2.6342e-08	-2.6078e-08	-2.581e-08	-2.5479e-08	-2.5068e-08	-2.4732e-08	-2.4754e-08	-2.491e-08	-2.4903e-08	-2.4695e-08	-2.4419e-08	-2.4201e-08	-2.4053e-08	-2.4002e-08	-2.4197e-08	-2.4862e-08	-2.5992e-08	-2.7072e-08	-2.7857e-08	-2.8363e-08	-2.8455e-08	-2.7847e-08	-2.6451e-08	-2.447e-08	-2.1968e-08	-1.9029e-08	-1.5934e-08	-1.2883e-08	-9.9697e-09	-7.1418e-09	-4.2827e-09	-1.3707e-09	1.5845e-09	4.6687e-09	7.9487e-09	1.1384e-08	1.4912e-08	1.8324e-08	2.1433e-08	2.4283e-08	2.7206e-08	3.0383e-08	3.3705e-08	3.687e-08	3.9959e-08	4.3063e-08	4.5944e-08	4.8407e-08	5.0385e-08	5.2088e-08	5.3478e-08	5.4042e-08	5.3602e-08	5.2442e-08	5.0762e-08	4.8521e-08	4.5737e-08	4.2647e-08	3.9382e-08	3.5914e-08	3.2235e-08	2.845e-08	2.4643e-08	2.073e-08	1.6595e-08	1.2294e-08	7.9451e-09	3.581e-09	-8.1415e-10	-5.0634e-09	-8.8918e-09	-1.2298e-08	-1.5476e-08	-1.8567e-08	-2.1392e-08	-2.3545e-08	-2.4817e-08	-2.5078e-08	-2.4594e-08	-2.376e-08	-2.3088e-08	-2.2736e-08	-2.2574e-08	-2.2385e-08	-2.2063e-08	-2.1719e-08	-2.1672e-08	-2.1892e-08	-2.211e-08	-2.2224e-08	-2.2285e-08	-2.2284e-08	-2.2228e-08	-2.1997e-08	-2.1573e-08	-2.1253e-08	-2.1285e-08	-2.1502e-08	-2.1633e-08	-2.166e-08	-2.1523e-08	-2.1161e-08	-2.0692e-08	-2.0471e-08	-2.0614e-08	-2.0881e-08	-2.1064e-08	-2.1062e-08	-2.0841e-08	-2.0431e-08	-1.9887e-08	-1.9469e-08	-1.9384e-08	-1.9485e-08	-1.9511e-08	-1.9479e-08	-1.9441e-08	-1.934e-08	-1.9105e-08	-1.8822e-08	-1.8639e-08	-1.8444e-08	-1.8248e-08	-1.835e-08	-1.8784e-08	-1.9252e-08	-1.9429e-08	-1.927e-08	-1.8909e-08	-1.8583e-08	-1.8476e-08	-1.8692e-08	-1.9114e-08	-1.9467e-08	-1.9687e-08	-1.9892e-08	-2.0023e-08	-2.0033e-08	-1.9994e-08	-2.0041e-08	-2.0194e-08	-2.0365e-08	-2.0456e-08	-2.0375e-08	-2.0132e-08	-1.9849e-08	-1.964e-08	-1.9501e-08	-1.9403e-08	-1.9277e-08	-1.903e-08	-1.8714e-08	-1.8501e-08	-1.8581e-08	-1.8774e-08	-1.8689e-08	-1.817e-08	-1.7479e-08	-1.6952e-08	-1.6705e-08	-1.6794e-08	-1.7086e-08	-1.7412e-08	-1.7606e-08	-1.7618e-08	-1.7517e-08	-1.751e-08
-2.4931e-08	-2.5193e-08	-2.5177e-08	-2.4866e-08	-2.4439e-08	-2.4045e-08	-2.3635e-08	-2.3431e-08	-2.372e-08	-2.4417e-08	-2.5257e-08	-2.5963e-08	-2.6384e-08	-2.6434e-08	-2.624e-08	-2.6013e-08	-2.569e-08	-2.525e-08	-2.4861e-08	-2.484e-08	-2.4989e-08	-2.4989e-08	-2.4778e-08	-2.4489e-08	-2.4256e-08	-2.4087e-08	-2.4011e-08	-2.4193e-08	-2.4864e-08	-2.6022e-08	-2.7146e-08	-2.7958e-08	-2.846e-08	-2.8524e-08	-2.7857e-08	-2.636e-08	-2.426e-08	-2.1663e-08	-1.866e-08	-1.5502e-08	-1.2398e-08	-9.4472e-09	-6.5857e-09	-3.6797e-09	-7.0343e-10	2.3161e-09	5.4485e-09	8.755e-09	1.2204e-08	1.5738e-08	1.9147e-08	2.2239e-08	2.5056e-08	2.7934e-08	3.106e-08	3.4334e-08	3.7465e-08	4.0533e-08	4.3621e-08	4.6492e-08	4.895e-08	5.0923e-08	5.2597e-08	5.3938e-08	5.4441e-08	5.3898e-08	5.2573e-08	5.0696e-08	4.826e-08	4.5294e-08	4.2033e-08	3.8615e-08	3.5007e-08	3.1197e-08	2.7295e-08	2.3391e-08	1.94e-08	1.5208e-08	1.0863e-08	6.4728e-09	2.0615e-09	-2.3923e-09	-6.7034e-09	-1.0575e-08	-1.3975e-08	-1.7084e-08	-2.0066e-08	-2.2768e-08	-2.4798e-08	-2.5934e-08	-2.6038e-08	-2.5369e-08	-2.4349e-08	-2.351e-08	-2.3037e-08	-2.2803e-08	-2.2567e-08	-2.2201e-08	-2.1807e-08	-2.1713e-08	-2.1911e-08	-2.213e-08	-2.225e-08	-2.2318e-08	-2.2331e-08	-2.2281e-08	-2.2046e-08	-2.1607e-08	-2.1258e-08	-2.1268e-08	-2.1492e-08	-2.1651e-08	-2.1718e-08	-2.1629e-08	-2.1298e-08	-2.0829e-08	-2.0577e-08	-2.0683e-08	-2.0925e-08	-2.11e-08	-2.1105e-08	-2.0908e-08	-2.0536e-08	-2.003e-08	-1.9626e-08	-1.9528e-08	-1.9601e-08	-1.9593e-08	-1.952e-08	-1.9456e-08	-1.9352e-08	-1.9133e-08	-1.8871e-08	-1.8694e-08	-1.8489e-08	-1.8252e-08	-1.8284e-08	-1.8668e-08	-1.9137e-08	-1.9351e-08	-1.9232e-08	-1.8916e-08	-1.8625e-08	-1.8524e-08	-1.8722e-08	-1.913e-08	-1.9489e-08	-1.9719e-08	-1.992e-08	-2.0045e-08	-2.0054e-08	-2.0018e-08	-2.0075e-08	-2.0266e-08	-2.0486e-08	-2.0606e-08	-2.0533e-08	-2.0271e-08	-1.9934e-08	-1.9642e-08	-1.9429e-08	-1.9288e-08	-1.9158e-08	-1.8944e-08	-1.8675e-08	-1.8493e-08	-1.8579e-08	-1.8771e-08	-1.8696e-08	-1.8206e-08	-1.7534e-08	-1.7005e-08	-1.6741e-08	-1.6785e-08	-1.7024e-08	-1.7307e-08	-1.7484e-08	-1.7527e-08	-1.7484e-08	-1.7513e-08
-2.4835e-08	-2.515e-08	-2.5204e-08	-2.4946e-08	-2.4528e-08	-2.4103e-08	-2.3641e-08	-2.338e-08	-2.3629e-08	-2.4317e-08	-2.5171e-08	-2.5906e-08	-2.6375e-08	-2.6493e-08	-2.6365e-08	-2.6179e-08	-2.5871e-08	-2.5411e-08	-2.4976e-08	-2.4911e-08	-2.5049e-08	-2.5055e-08	-2.4843e-08	-2.4549e-08	-2.4311e-08	-2.4136e-08	-2.4049e-08	-2.4218e-08	-2.4886e-08	-2.6054e-08	-2.7212e-08	-2.8051e-08	-2.8553e-08	-2.8596e-08	-2.788e-08	-2.6299e-08	-2.4099e-08	-2.142e-08	-1.8361e-08	-1.5145e-08	-1.1988e-08	-8.9982e-09	-6.1e-09	-3.1464e-09	-1.1015e-10	2.9669e-09	6.141e-09	9.4699e-09	1.293e-08	1.6464e-08	1.9867e-08	2.2944e-08	2.5739e-08	2.858e-08	3.1657e-08	3.4882e-08	3.7979e-08	4.102e-08	4.4086e-08	4.6944e-08	4.94e-08	5.1372e-08	5.3018e-08	5.4308e-08	5.4757e-08	5.4134e-08	5.2678e-08	5.0639e-08	4.8044e-08	4.4935e-08	4.1541e-08	3.8004e-08	3.429e-08	3.038e-08	2.6384e-08	2.2395e-08	1.8334e-08	1.4089e-08	9.7032e-09	5.2742e-09	8.1479e-10	-3.7008e-09	-8.0786e-09	-1.2002e-08	-1.5401e-08	-1.8441e-08	-2.1305e-08	-2.3877e-08	-2.5792e-08	-2.682e-08	-2.681e-08	-2.601e-08	-2.4849e-08	-2.3874e-08	-2.3294e-08	-2.2996e-08	-2.2722e-08	-2.232e-08	-2.1884e-08	-2.1745e-08	-2.1921e-08	-2.2141e-08	-2.2268e-08	-2.2345e-08	-2.2371e-08	-2.2326e-08	-2.2085e-08	-2.1631e-08	-2.125e-08	-2.1233e-08	-2.146e-08	-2.1646e-08	-2.1753e-08	-2.1715e-08	-2.1425e-08	-2.0965e-08	-2.069e-08	-2.0757e-08	-2.0969e-08	-2.113e-08	-2.1137e-08	-2.0963e-08	-2.0637e-08	-2.0181e-08	-1.98e-08	-1.9688e-08	-1.9732e-08	-1.9688e-08	-1.9571e-08	-1.9477e-08	-1.9368e-08	-1.9167e-08	-1.893e-08	-1.8764e-08	-1.855e-08	-1.8275e-08	-1.8233e-08	-1.8559e-08	-1.9026e-08	-1.9276e-08	-1.9204e-08	-1.8936e-08	-1.8684e-08	-1.8591e-08	-1.8766e-08	-1.9152e-08	-1.951e-08	-1.9746e-08	-1.9943e-08	-2.0062e-08	-2.0069e-08	-2.0034e-08	-2.01e-08	-2.033e-08	-2.0602e-08	-2.0756e-08	-2.0696e-08	-2.0421e-08	-2.0034e-08	-1.9661e-08	-1.9371e-08	-1.9183e-08	-1.9045e-08	-1.8864e-08	-1.8643e-08	-1.8496e-08	-1.8589e-08	-1.878e-08	-1.8718e-08	-1.8265e-08	-1.7624e-08	-1.7104e-08	-1.683e-08	-1.683e-08	-1.7011e-08	-1.7239e-08	-1.7388e-08	-1.7453e-08	-1.7466e-08	-1.7533e-08
-2.4847e-08	-2.5205e-08	-2.5322e-08	-2.5113e-08	-2.4704e-08	-2.4247e-08	-2.3733e-08	-2.3409e-08	-2.3603e-08	-2.4261e-08	-2.5107e-08	-2.5849e-08	-2.6347e-08	-2.6517e-08	-2.6447e-08	-2.6302e-08	-2.6014e-08	-2.5542e-08	-2.5071e-08	-2.4963e-08	-2.5085e-08	-2.5096e-08	-2.4888e-08	-2.4595e-08	-2.4365e-08	-2.4201e-08	-2.4117e-08	-2.4279e-08	-2.4933e-08	-2.6095e-08	-2.7272e-08	-2.8135e-08	-2.8643e-08	-2.8673e-08	-2.7921e-08	-2.6274e-08	-2.3992e-08	-2.1248e-08	-1.8143e-08	-1.4875e-08	-1.1667e-08	-8.6354e-09	-5.6971e-09	-2.6949e-09	3.9719e-10	3.5245e-09	6.733e-09	1.008e-08	1.3546e-08	1.7075e-08	2.0468e-08	2.3535e-08	2.6316e-08	2.9131e-08	3.2166e-08	3.5341e-08	3.8401e-08	4.1413e-08	4.4452e-08	4.7294e-08	4.9747e-08	5.1723e-08	5.3344e-08	5.4583e-08	5.4985e-08	5.4305e-08	5.2752e-08	5.0586e-08	4.7869e-08	4.4656e-08	4.1168e-08	3.7546e-08	3.376e-08	2.978e-08	2.5712e-08	2.165e-08	1.7526e-08	1.3231e-08	8.8072e-09	4.3404e-09	-1.6824e-10	-4.749e-09	-9.199e-09	-1.3181e-08	-1.6589e-08	-1.9563e-08	-2.2304e-08	-2.4741e-08	-2.6547e-08	-2.7489e-08	-2.7406e-08	-2.6521e-08	-2.5263e-08	-2.418e-08	-2.351e-08	-2.3155e-08	-2.2851e-08	-2.2422e-08	-2.195e-08	-2.1769e-08	-2.1924e-08	-2.2145e-08	-2.228e-08	-2.2364e-08	-2.2403e-08	-2.2363e-08	-2.2114e-08	-2.1645e-08	-2.1233e-08	-2.1183e-08	-2.1408e-08	-2.1621e-08	-2.1767e-08	-2.1784e-08	-2.1541e-08	-2.11e-08	-2.0807e-08	-2.0836e-08	-2.1015e-08	-2.1157e-08	-2.1161e-08	-2.1009e-08	-2.0733e-08	-2.0338e-08	-1.9987e-08	-1.9866e-08	-1.988e-08	-1.9798e-08	-1.9636e-08	-1.9507e-08	-1.9391e-08	-1.9209e-08	-1.9e-08	-1.8848e-08	-1.8629e-08	-1.8316e-08	-1.8198e-08	-1.8461e-08	-1.8919e-08	-1.9206e-08	-1.9183e-08	-1.8967e-08	-1.8758e-08	-1.8675e-08	-1.8823e-08	-1.9179e-08	-1.953e-08	-1.9771e-08	-1.9961e-08	-2.0072e-08	-2.0077e-08	-2.0043e-08	-2.0116e-08	-2.0383e-08	-2.071e-08	-2.0904e-08	-2.0862e-08	-2.0578e-08	-2.0147e-08	-1.9696e-08	-1.9328e-08	-1.9091e-08	-1.8941e-08	-1.8791e-08	-1.862e-08	-1.8509e-08	-1.861e-08	-1.8799e-08	-1.8752e-08	-1.8341e-08	-1.7742e-08	-1.7241e-08	-1.6964e-08	-1.6922e-08	-1.7039e-08	-1.7204e-08	-1.7316e-08	-1.7393e-08	-1.7459e-08	-1.7566e-08
-2.4982e-08	-2.5374e-08	-2.5545e-08	-2.538e-08	-2.4978e-08	-2.4488e-08	-2.392e-08	-2.353e-08	-2.3654e-08	-2.4259e-08	-2.5072e-08	-2.5799e-08	-2.6302e-08	-2.6504e-08	-2.6481e-08	-2.6376e-08	-2.6112e-08	-2.564e-08	-2.5142e-08	-2.4992e-08	-2.5094e-08	-2.511e-08	-2.491e-08	-2.4626e-08	-2.4417e-08	-2.4281e-08	-2.4217e-08	-2.4377e-08	-2.5009e-08	-2.6147e-08	-2.733e-08	-2.8214e-08	-2.873e-08	-2.8755e-08	-2.7979e-08	-2.6285e-08	-2.3942e-08	-2.1151e-08	-1.801e-08	-1.4697e-08	-1.1438e-08	-8.3632e-09	-5.381e-09	-2.3287e-09	8.1578e-10	3.9867e-09	7.2228e-09	1.0582e-08	1.4052e-08	1.7572e-08	2.0952e-08	2.4012e-08	2.679e-08	2.9588e-08	3.2587e-08	3.5714e-08	3.8738e-08	4.1717e-08	4.4724e-08	4.7548e-08	4.9999e-08	5.1983e-08	5.3582e-08	5.4769e-08	5.513e-08	5.4411e-08	5.2791e-08	5.0533e-08	4.7727e-08	4.4446e-08	4.0898e-08	3.7225e-08	3.3396e-08	2.9374e-08	2.5255e-08	2.1133e-08	1.6951e-08	1.2612e-08	8.1516e-09	3.6485e-09	-9.095e-10	-5.5574e-09	-1.0084e-08	-1.4134e-08	-1.756e-08	-2.0473e-08	-2.3089e-08	-2.5387e-08	-2.7087e-08	-2.7963e-08	-2.784e-08	-2.6911e-08	-2.5594e-08	-2.4433e-08	-2.3687e-08	-2.3284e-08	-2.2956e-08	-2.2508e-08	-2.2008e-08	-2.1787e-08	-2.192e-08	-2.2142e-08	-2.2285e-08	-2.2378e-08	-2.2429e-08	-2.2392e-08	-2.2137e-08	-2.1653e-08	-2.1208e-08	-2.1123e-08	-2.1342e-08	-2.1578e-08	-2.1763e-08	-2.1836e-08	-2.1646e-08	-2.1232e-08	-2.0927e-08	-2.092e-08	-2.1064e-08	-2.1184e-08	-2.118e-08	-2.1048e-08	-2.0825e-08	-2.0498e-08	-2.0187e-08	-2.0059e-08	-2.0043e-08	-1.9924e-08	-1.9715e-08	-1.9548e-08	-1.9422e-08	-1.9259e-08	-1.908e-08	-1.8946e-08	-1.8724e-08	-1.8376e-08	-1.8182e-08	-1.8375e-08	-1.8818e-08	-1.9142e-08	-1.9169e-08	-1.9007e-08	-1.8843e-08	-1.8771e-08	-1.889e-08	-1.9211e-08	-1.955e-08	-1.9792e-08	-1.9975e-08	-2.0077e-08	-2.0078e-08	-2.0045e-08	-2.0123e-08	-2.0425e-08	-2.0808e-08	-2.1046e-08	-2.1026e-08	-2.074e-08	-2.0271e-08	-1.9748e-08	-1.9302e-08	-1.9013e-08	-1.8849e-08	-1.8727e-08	-1.8606e-08	-1.8532e-08	-1.864e-08	-1.8826e-08	-1.8795e-08	-1.843e-08	-1.7881e-08	-1.7409e-08	-1.7134e-08	-1.7054e-08	-1.7105e-08	-1.72e-08	-1.7266e-08	-1.7348e-08	-1.7462e-08	-1.7608e-08
-2.5252e-08	-2.5664e-08	-2.5877e-08	-2.5752e-08	-2.5355e-08	-2.4829e-08	-2.4207e-08	-2.3745e-08	-2.3785e-08	-2.4316e-08	-2.5069e-08	-2.5756e-08	-2.6241e-08	-2.6454e-08	-2.6468e-08	-2.64e-08	-2.6164e-08	-2.57e-08	-2.5187e-08	-2.4999e-08	-2.5079e-08	-2.5098e-08	-2.4909e-08	-2.4641e-08	-2.4464e-08	-2.4373e-08	-2.4345e-08	-2.4511e-08	-2.5117e-08	-2.6215e-08	-2.739e-08	-2.8289e-08	-2.8817e-08	-2.8843e-08	-2.8054e-08	-2.6329e-08	-2.3944e-08	-2.1122e-08	-1.7955e-08	-1.4602e-08	-1.1296e-08	-8.1752e-09	-5.1466e-09	-2.043e-09	1.1511e-09	4.3599e-09	7.6171e-09	1.0985e-08	1.4454e-08	1.7963e-08	2.1328e-08	2.4383e-08	2.7166e-08	2.9957e-08	3.2925e-08	3.6007e-08	3.8994e-08	4.1939e-08	4.4912e-08	4.7714e-08	5.0164e-08	5.2159e-08	5.374e-08	5.4875e-08	5.5199e-08	5.4458e-08	5.2797e-08	5.0475e-08	4.7612e-08	4.4294e-08	4.0717e-08	3.7021e-08	3.3177e-08	2.9138e-08	2.4986e-08	2.0817e-08	1.6586e-08	1.2205e-08	7.7114e-09	3.1741e-09	-1.4322e-09	-6.1478e-09	-1.0755e-08	-1.4877e-08	-1.8331e-08	-2.1191e-08	-2.3683e-08	-2.5841e-08	-2.7439e-08	-2.8263e-08	-2.8129e-08	-2.7191e-08	-2.585e-08	-2.4636e-08	-2.383e-08	-2.3386e-08	-2.304e-08	-2.258e-08	-2.2057e-08	-2.18e-08	-2.191e-08	-2.2133e-08	-2.2285e-08	-2.2385e-08	-2.2448e-08	-2.2415e-08	-2.2153e-08	-2.1655e-08	-2.1178e-08	-2.1056e-08	-2.1265e-08	-2.1523e-08	-2.1744e-08	-2.1872e-08	-2.1739e-08	-2.136e-08	-2.1049e-08	-2.1008e-08	-2.1117e-08	-2.1212e-08	-2.1198e-08	-2.1083e-08	-2.0914e-08	-2.0662e-08	-2.0398e-08	-2.0269e-08	-2.0223e-08	-2.0066e-08	-1.981e-08	-1.9602e-08	-1.9464e-08	-1.9319e-08	-1.9172e-08	-1.9056e-08	-1.8835e-08	-1.8455e-08	-1.8185e-08	-1.8304e-08	-1.8725e-08	-1.9083e-08	-1.9162e-08	-1.9054e-08	-1.8937e-08	-1.8879e-08	-1.8968e-08	-1.9247e-08	-1.9569e-08	-1.9811e-08	-1.9986e-08	-2.0077e-08	-2.0073e-08	-2.0039e-08	-2.012e-08	-2.0454e-08	-2.0895e-08	-2.118e-08	-2.1187e-08	-2.0903e-08	-2.0405e-08	-1.9815e-08	-1.9294e-08	-1.8951e-08	-1.8771e-08	-1.8674e-08	-1.8601e-08	-1.8565e-08	-1.8679e-08	-1.8861e-08	-1.8845e-08	-1.8527e-08	-1.8035e-08	-1.7598e-08	-1.7331e-08	-1.7217e-08	-1.7202e-08	-1.7223e-08	-1.7236e-08	-1.7313e-08	-1.747e-08	-1.7655e-08
-2.5644e-08	-2.6065e-08	-2.6309e-08	-2.6215e-08	-2.5821e-08	-2.5258e-08	-2.4581e-08	-2.4045e-08	-2.399e-08	-2.4426e-08	-2.5099e-08	-2.5724e-08	-2.6169e-08	-2.6375e-08	-2.6413e-08	-2.6378e-08	-2.6174e-08	-2.5728e-08	-2.5208e-08	-2.4986e-08	-2.5041e-08	-2.5062e-08	-2.4887e-08	-2.4641e-08	-2.4504e-08	-2.4472e-08	-2.4495e-08	-2.4676e-08	-2.5253e-08	-2.63e-08	-2.7455e-08	-2.8365e-08	-2.8906e-08	-2.8938e-08	-2.8146e-08	-2.6404e-08	-2.3992e-08	-2.1153e-08	-1.797e-08	-1.4584e-08	-1.1231e-08	-8.0639e-09	-4.9872e-09	-1.8317e-09	1.4097e-09	4.6513e-09	7.9238e-09	1.1296e-08	1.4762e-08	1.8257e-08	2.1605e-08	2.4657e-08	2.7452e-08	3.0242e-08	3.3188e-08	3.6228e-08	3.9178e-08	4.2088e-08	4.5023e-08	4.7803e-08	5.0251e-08	5.226e-08	5.3826e-08	5.491e-08	5.52e-08	5.4449e-08	5.2769e-08	5.0411e-08	4.7516e-08	4.4188e-08	4.061e-08	3.6917e-08	3.3081e-08	2.9047e-08	2.4881e-08	2.0677e-08	1.6402e-08	1.1985e-08	7.4614e-09	2.8927e-09	-1.7596e-09	-6.5421e-09	-1.1231e-08	-1.5432e-08	-1.8922e-08	-2.1739e-08	-2.4112e-08	-2.613e-08	-2.7629e-08	-2.8412e-08	-2.8288e-08	-2.7372e-08	-2.6037e-08	-2.4794e-08	-2.3942e-08	-2.3463e-08	-2.3105e-08	-2.2639e-08	-2.2099e-08	-2.1809e-08	-2.1896e-08	-2.2119e-08	-2.2279e-08	-2.2386e-08	-2.246e-08	-2.2432e-08	-2.2165e-08	-2.1654e-08	-2.1146e-08	-2.0986e-08	-2.1181e-08	-2.1457e-08	-2.1713e-08	-2.1894e-08	-2.1821e-08	-2.1482e-08	-2.1171e-08	-2.11e-08	-2.1175e-08	-2.1244e-08	-2.1218e-08	-2.1116e-08	-2.1001e-08	-2.0828e-08	-2.0619e-08	-2.0493e-08	-2.042e-08	-2.0226e-08	-1.9922e-08	-1.9671e-08	-1.9518e-08	-1.9391e-08	-1.9275e-08	-1.9179e-08	-1.8961e-08	-1.8552e-08	-1.8209e-08	-1.825e-08	-1.8643e-08	-1.903e-08	-1.916e-08	-1.9107e-08	-1.9037e-08	-1.8994e-08	-1.9053e-08	-1.9288e-08	-1.9589e-08	-1.9828e-08	-1.9994e-08	-2.0073e-08	-2.0063e-08	-2.0026e-08	-2.0109e-08	-2.047e-08	-2.0968e-08	-2.1304e-08	-2.1341e-08	-2.1066e-08	-2.0545e-08	-1.9897e-08	-1.9304e-08	-1.8907e-08	-1.8708e-08	-1.8634e-08	-1.8608e-08	-1.8607e-08	-1.8726e-08	-1.8903e-08	-1.8899e-08	-1.863e-08	-1.8198e-08	-1.7802e-08	-1.7547e-08	-1.7404e-08	-1.7323e-08	-1.7268e-08	-1.7224e-08	-1.7289e-08	-1.7481e-08	-1.7704e-08
-2.6141e-08	-2.6558e-08	-2.6821e-08	-2.6753e-08	-2.6359e-08	-2.5759e-08	-2.5029e-08	-2.4417e-08	-2.4259e-08	-2.4586e-08	-2.5159e-08	-2.5704e-08	-2.6089e-08	-2.627e-08	-2.6321e-08	-2.6316e-08	-2.6146e-08	-2.5724e-08	-2.5208e-08	-2.4956e-08	-2.4985e-08	-2.5006e-08	-2.4846e-08	-2.4626e-08	-2.4536e-08	-2.4575e-08	-2.4662e-08	-2.4868e-08	-2.5417e-08	-2.6406e-08	-2.7529e-08	-2.8444e-08	-2.9e-08	-2.9041e-08	-2.8253e-08	-2.6507e-08	-2.4081e-08	-2.1236e-08	-1.8046e-08	-1.4633e-08	-1.1236e-08	-8.0218e-09	-4.896e-09	-1.6886e-09	1.598e-09	4.8682e-09	8.1507e-09	1.1523e-08	1.4984e-08	1.8462e-08	2.1793e-08	2.4843e-08	2.7654e-08	3.0452e-08	3.3381e-08	3.6383e-08	3.9297e-08	4.217e-08	4.5067e-08	4.7822e-08	5.0269e-08	5.2294e-08	5.3849e-08	5.4884e-08	5.5139e-08	5.4387e-08	5.2708e-08	5.0336e-08	4.7434e-08	4.4118e-08	4.0563e-08	3.6895e-08	3.3088e-08	2.9078e-08	2.4914e-08	2.0686e-08	1.6376e-08	1.1927e-08	7.3765e-09	2.7798e-09	-1.9153e-09	-6.7622e-09	-1.1533e-08	-1.5818e-08	-1.9353e-08	-2.2138e-08	-2.4399e-08	-2.6279e-08	-2.7682e-08	-2.8432e-08	-2.8335e-08	-2.7464e-08	-2.6161e-08	-2.4911e-08	-2.4026e-08	-2.352e-08	-2.3154e-08	-2.2687e-08	-2.2136e-08	-2.1814e-08	-2.1878e-08	-2.2101e-08	-2.2268e-08	-2.2382e-08	-2.2466e-08	-2.2443e-08	-2.2173e-08	-2.1651e-08	-2.1115e-08	-2.0915e-08	-2.1094e-08	-2.1386e-08	-2.1672e-08	-2.1904e-08	-2.1892e-08	-2.1598e-08	-2.1294e-08	-2.1196e-08	-2.1238e-08	-2.1282e-08	-2.1242e-08	-2.1152e-08	-2.1088e-08	-2.0996e-08	-2.0847e-08	-2.0731e-08	-2.0634e-08	-2.0404e-08	-2.0052e-08	-1.9757e-08	-1.9587e-08	-1.9475e-08	-1.9389e-08	-1.9315e-08	-1.9102e-08	-1.8668e-08	-1.8255e-08	-1.8214e-08	-1.8573e-08	-1.8985e-08	-1.9165e-08	-1.9165e-08	-1.9141e-08	-1.9115e-08	-1.9145e-08	-1.9333e-08	-1.9609e-08	-1.9843e-08	-2.0001e-08	-2.0066e-08	-2.0047e-08	-2.0006e-08	-2.0087e-08	-2.0472e-08	-2.1025e-08	-2.1414e-08	-2.1485e-08	-2.1225e-08	-2.069e-08	-1.9993e-08	-1.9333e-08	-1.8882e-08	-1.8664e-08	-1.861e-08	-1.8626e-08	-1.8659e-08	-1.878e-08	-1.8949e-08	-1.8957e-08	-1.8733e-08	-1.8364e-08	-1.8013e-08	-1.7775e-08	-1.7607e-08	-1.7463e-08	-1.7333e-08	-1.7228e-08	-1.7273e-08	-1.7493e-08	-1.775e-08
-2.6723e-08	-2.7124e-08	-2.7397e-08	-2.7348e-08	-2.6954e-08	-2.6318e-08	-2.5534e-08	-2.4848e-08	-2.4582e-08	-2.4788e-08	-2.5248e-08	-2.5696e-08	-2.6005e-08	-2.6146e-08	-2.6198e-08	-2.6219e-08	-2.6086e-08	-2.5694e-08	-2.5189e-08	-2.4913e-08	-2.4915e-08	-2.4933e-08	-2.4789e-08	-2.4597e-08	-2.456e-08	-2.4677e-08	-2.4841e-08	-2.5082e-08	-2.5607e-08	-2.6533e-08	-2.7616e-08	-2.8529e-08	-2.9099e-08	-2.9154e-08	-2.8377e-08	-2.6634e-08	-2.4206e-08	-2.1365e-08	-1.8176e-08	-1.4741e-08	-1.1303e-08	-8.0413e-09	-4.8663e-09	-1.6074e-09	1.7226e-09	5.0178e-09	8.3054e-09	1.1673e-08	1.5126e-08	1.8587e-08	2.19e-08	2.495e-08	2.7781e-08	3.0591e-08	3.351e-08	3.6477e-08	3.9357e-08	4.2194e-08	4.5052e-08	4.7781e-08	5.0226e-08	5.2267e-08	5.3816e-08	5.4804e-08	5.5025e-08	5.4279e-08	5.2615e-08	5.0249e-08	4.7358e-08	4.4075e-08	4.0563e-08	3.6939e-08	3.3178e-08	2.9208e-08	2.506e-08	2.0819e-08	1.6482e-08	1.2005e-08	7.4317e-09	2.8107e-09	-1.9228e-09	-6.8306e-09	-1.1684e-08	-1.6053e-08	-1.9643e-08	-2.2408e-08	-2.4567e-08	-2.6315e-08	-2.7623e-08	-2.8346e-08	-2.8287e-08	-2.748e-08	-2.623e-08	-2.4993e-08	-2.4088e-08	-2.356e-08	-2.319e-08	-2.2726e-08	-2.2168e-08	-2.1819e-08	-2.1858e-08	-2.2079e-08	-2.2254e-08	-2.2373e-08	-2.2465e-08	-2.2449e-08	-2.2177e-08	-2.1647e-08	-2.1086e-08	-2.0847e-08	-2.1006e-08	-2.1311e-08	-2.1625e-08	-2.1902e-08	-2.1951e-08	-2.1706e-08	-2.1414e-08	-2.1296e-08	-2.1307e-08	-2.1327e-08	-2.1274e-08	-2.1192e-08	-2.1176e-08	-2.1165e-08	-2.1083e-08	-2.0982e-08	-2.0864e-08	-2.0601e-08	-2.0202e-08	-1.9862e-08	-1.9673e-08	-1.9573e-08	-1.9515e-08	-1.9464e-08	-1.9258e-08	-1.8802e-08	-1.8323e-08	-1.82e-08	-1.8517e-08	-1.8947e-08	-1.9176e-08	-1.9226e-08	-1.9246e-08	-1.9239e-08	-1.924e-08	-1.938e-08	-1.9629e-08	-1.9857e-08	-2.0006e-08	-2.0057e-08	-2.0027e-08	-1.9979e-08	-2.0057e-08	-2.0459e-08	-2.1065e-08	-2.1509e-08	-2.1616e-08	-2.1377e-08	-2.0838e-08	-2.0102e-08	-1.938e-08	-1.8879e-08	-1.8641e-08	-1.8602e-08	-1.8658e-08	-1.8721e-08	-1.8842e-08	-1.8999e-08	-1.9015e-08	-1.8833e-08	-1.8528e-08	-1.8223e-08	-1.8004e-08	-1.7817e-08	-1.7614e-08	-1.7411e-08	-1.7245e-08	-1.7263e-08	-1.7503e-08	-1.7791e-08
-2.7369e-08	-2.7746e-08	-2.8017e-08	-2.7983e-08	-2.7586e-08	-2.6917e-08	-2.6082e-08	-2.5323e-08	-2.4949e-08	-2.5027e-08	-2.5362e-08	-2.57e-08	-2.592e-08	-2.6007e-08	-2.605e-08	-2.6094e-08	-2.5997e-08	-2.5641e-08	-2.5153e-08	-2.4858e-08	-2.4833e-08	-2.4846e-08	-2.4719e-08	-2.4556e-08	-2.4573e-08	-2.4776e-08	-2.5027e-08	-2.5314e-08	-2.5821e-08	-2.6683e-08	-2.7718e-08	-2.8625e-08	-2.9208e-08	-2.9279e-08	-2.8516e-08	-2.6783e-08	-2.4361e-08	-2.1532e-08	-1.8351e-08	-1.4901e-08	-1.1423e-08	-8.1145e-09	-4.891e-09	-1.5816e-09	1.79e-09	5.107e-09	8.3957e-09	1.1755e-08	1.5198e-08	1.8641e-08	2.1936e-08	2.4987e-08	2.784e-08	3.0668e-08	3.358e-08	3.6519e-08	3.9365e-08	4.2166e-08	4.4985e-08	4.7689e-08	5.0131e-08	5.219e-08	5.3735e-08	5.4679e-08	5.4866e-08	5.4128e-08	5.2492e-08	5.0148e-08	4.7284e-08	4.4049e-08	4.0596e-08	3.7033e-08	3.3332e-08	2.9414e-08	2.5295e-08	2.1051e-08	1.6692e-08	1.2193e-08	7.6017e-09	2.9607e-09	-1.806e-09	-6.7698e-09	-1.1702e-08	-1.6159e-08	-1.9811e-08	-2.257e-08	-2.464e-08	-2.6263e-08	-2.7479e-08	-2.8178e-08	-2.8165e-08	-2.7433e-08	-2.6253e-08	-2.5044e-08	-2.4131e-08	-2.3587e-08	-2.3215e-08	-2.2758e-08	-2.2197e-08	-2.1822e-08	-2.1838e-08	-2.2055e-08	-2.2236e-08	-2.2359e-08	-2.2458e-08	-2.245e-08	-2.218e-08	-2.1644e-08	-2.1062e-08	-2.0785e-08	-2.0923e-08	-2.1238e-08	-2.1575e-08	-2.1892e-08	-2.2e-08	-2.1807e-08	-2.1532e-08	-2.1397e-08	-2.1383e-08	-2.1381e-08	-2.1316e-08	-2.124e-08	-2.1268e-08	-2.1336e-08	-2.1324e-08	-2.1246e-08	-2.1111e-08	-2.0816e-08	-2.0373e-08	-1.9987e-08	-1.9776e-08	-1.9686e-08	-1.9655e-08	-1.9624e-08	-1.9427e-08	-1.8954e-08	-1.8414e-08	-1.8207e-08	-1.8477e-08	-1.8919e-08	-1.9192e-08	-1.9289e-08	-1.9352e-08	-1.9362e-08	-1.9338e-08	-1.9429e-08	-1.9648e-08	-1.987e-08	-2.0011e-08	-2.0046e-08	-2.0002e-08	-1.9945e-08	-2.0017e-08	-2.0431e-08	-2.1087e-08	-2.1585e-08	-2.1731e-08	-2.1518e-08	-2.0984e-08	-2.0222e-08	-1.9447e-08	-1.8899e-08	-1.8641e-08	-1.8614e-08	-1.8705e-08	-1.8795e-08	-1.891e-08	-1.9052e-08	-1.9071e-08	-1.8928e-08	-1.8684e-08	-1.8427e-08	-1.8229e-08	-1.8027e-08	-1.7771e-08	-1.7498e-08	-1.7272e-08	-1.7259e-08	-1.751e-08	-1.7824e-08
-2.8059e-08	-2.8403e-08	-2.8664e-08	-2.8638e-08	-2.8239e-08	-2.754e-08	-2.6657e-08	-2.5831e-08	-2.535e-08	-2.5296e-08	-2.5497e-08	-2.5716e-08	-2.5837e-08	-2.5858e-08	-2.5882e-08	-2.5944e-08	-2.5886e-08	-2.5569e-08	-2.5104e-08	-2.4796e-08	-2.4744e-08	-2.4749e-08	-2.4638e-08	-2.4505e-08	-2.4577e-08	-2.4868e-08	-2.5215e-08	-2.5559e-08	-2.6056e-08	-2.6857e-08	-2.7839e-08	-2.8733e-08	-2.9329e-08	-2.9415e-08	-2.867e-08	-2.6952e-08	-2.4542e-08	-2.1732e-08	-1.8565e-08	-1.5103e-08	-1.1589e-08	-8.2339e-09	-4.9631e-09	-1.6047e-09	1.8067e-09	5.1428e-09	8.4288e-09	1.1777e-08	1.5207e-08	1.8633e-08	2.191e-08	2.4961e-08	2.7838e-08	3.0687e-08	3.3599e-08	3.6513e-08	3.9328e-08	4.2095e-08	4.4876e-08	4.7554e-08	4.9993e-08	5.207e-08	5.3616e-08	5.4518e-08	5.4669e-08	5.3942e-08	5.2341e-08	5.0032e-08	4.7208e-08	4.4032e-08	4.0651e-08	3.716e-08	3.3529e-08	2.9675e-08	2.5594e-08	2.1356e-08	1.6983e-08	1.2467e-08	7.8613e-09	3.2052e-09	-1.5889e-09	-6.6025e-09	-1.1611e-08	-1.6155e-08	-1.9876e-08	-2.2644e-08	-2.4639e-08	-2.6148e-08	-2.7275e-08	-2.7952e-08	-2.7986e-08	-2.7337e-08	-2.6239e-08	-2.5072e-08	-2.416e-08	-2.3604e-08	-2.3233e-08	-2.2785e-08	-2.2224e-08	-2.1827e-08	-2.1818e-08	-2.203e-08	-2.2215e-08	-2.2341e-08	-2.2446e-08	-2.2446e-08	-2.218e-08	-2.1642e-08	-2.1045e-08	-2.0732e-08	-2.0848e-08	-2.1169e-08	-2.1524e-08	-2.1876e-08	-2.2039e-08	-2.1898e-08	-2.1646e-08	-2.1501e-08	-2.1465e-08	-2.1445e-08	-2.137e-08	-2.1298e-08	-2.1365e-08	-2.1509e-08	-2.1569e-08	-2.152e-08	-2.1374e-08	-2.1051e-08	-2.0566e-08	-2.0134e-08	-1.9901e-08	-1.9817e-08	-1.9808e-08	-1.9798e-08	-1.9609e-08	-1.9123e-08	-1.8528e-08	-1.824e-08	-1.8455e-08	-1.8902e-08	-1.9214e-08	-1.9354e-08	-1.9455e-08	-1.9484e-08	-1.9435e-08	-1.9478e-08	-1.9668e-08	-1.9882e-08	-2.0015e-08	-2.0033e-08	-1.9974e-08	-1.9906e-08	-1.9967e-08	-2.0388e-08	-2.1088e-08	-2.1641e-08	-2.1828e-08	-2.1646e-08	-2.1128e-08	-2.0351e-08	-1.9534e-08	-1.8943e-08	-1.8665e-08	-1.8649e-08	-1.8769e-08	-1.8879e-08	-1.8985e-08	-1.9106e-08	-1.9125e-08	-1.9015e-08	-1.8828e-08	-1.8617e-08	-1.844e-08	-1.8227e-08	-1.7924e-08	-1.7589e-08	-1.7306e-08	-1.7257e-08	-1.7511e-08	-1.7844e-08
-2.8774e-08	-2.9076e-08	-2.9319e-08	-2.9296e-08	-2.8895e-08	-2.817e-08	-2.7245e-08	-2.6356e-08	-2.5773e-08	-2.5587e-08	-2.5651e-08	-2.5745e-08	-2.5757e-08	-2.5704e-08	-2.57e-08	-2.5777e-08	-2.5755e-08	-2.548e-08	-2.5044e-08	-2.4729e-08	-2.465e-08	-2.4646e-08	-2.4548e-08	-2.4444e-08	-2.457e-08	-2.4952e-08	-2.5401e-08	-2.5813e-08	-2.631e-08	-2.7054e-08	-2.7981e-08	-2.8858e-08	-2.9464e-08	-2.9566e-08	-2.884e-08	-2.714e-08	-2.4745e-08	-2.1957e-08	-1.8809e-08	-1.534e-08	-1.1792e-08	-8.3916e-09	-5.0753e-09	-1.67e-09	1.7792e-09	5.132e-09	8.4124e-09	1.1746e-08	1.5162e-08	1.857e-08	2.1831e-08	2.4883e-08	2.7785e-08	3.0658e-08	3.3573e-08	3.6466e-08	3.9254e-08	4.1988e-08	4.4733e-08	4.7385e-08	4.982e-08	5.1916e-08	5.3466e-08	5.4329e-08	5.4442e-08	5.3724e-08	5.2165e-08	4.9899e-08	4.7124e-08	4.4016e-08	4.0716e-08	3.7305e-08	3.3752e-08	2.9968e-08	2.5934e-08	2.1709e-08	1.7328e-08	1.2801e-08	8.1853e-09	3.5192e-09	-1.2956e-09	-6.3517e-09	-1.143e-08	-1.6061e-08	-1.9858e-08	-2.265e-08	-2.4588e-08	-2.5994e-08	-2.7038e-08	-2.7692e-08	-2.7771e-08	-2.7207e-08	-2.6197e-08	-2.5082e-08	-2.418e-08	-2.3615e-08	-2.3247e-08	-2.281e-08	-2.2252e-08	-2.1835e-08	-2.1801e-08	-2.2004e-08	-2.2192e-08	-2.232e-08	-2.2428e-08	-2.2437e-08	-2.218e-08	-2.1645e-08	-2.1036e-08	-2.0692e-08	-2.0784e-08	-2.1108e-08	-2.1478e-08	-2.1855e-08	-2.2068e-08	-2.198e-08	-2.1755e-08	-2.1605e-08	-2.1553e-08	-2.152e-08	-2.1439e-08	-2.1371e-08	-2.147e-08	-2.1684e-08	-2.1818e-08	-2.1804e-08	-2.1653e-08	-2.1306e-08	-2.0781e-08	-2.0305e-08	-2.0048e-08	-1.9968e-08	-1.9977e-08	-1.9984e-08	-1.9804e-08	-1.931e-08	-1.8667e-08	-1.8298e-08	-1.8454e-08	-1.8897e-08	-1.9242e-08	-1.942e-08	-1.9554e-08	-1.96e-08	-1.9528e-08	-1.9526e-08	-1.9686e-08	-1.9894e-08	-2.0019e-08	-2.002e-08	-1.9942e-08	-1.9861e-08	-1.9908e-08	-2.0329e-08	-2.1069e-08	-2.1674e-08	-2.1902e-08	-2.1757e-08	-2.1265e-08	-2.0489e-08	-1.9639e-08	-1.9012e-08	-1.8717e-08	-1.8707e-08	-1.8851e-08	-1.8976e-08	-1.9066e-08	-1.9162e-08	-1.9175e-08	-1.909e-08	-1.8955e-08	-1.8787e-08	-1.8629e-08	-1.841e-08	-1.8067e-08	-1.7677e-08	-1.7343e-08	-1.7257e-08	-1.7505e-08	-1.785e-08
-2.9492e-08	-2.9746e-08	-2.9963e-08	-2.9938e-08	-2.9537e-08	-2.8792e-08	-2.783e-08	-2.6885e-08	-2.6208e-08	-2.5892e-08	-2.5818e-08	-2.5783e-08	-2.5683e-08	-2.5547e-08	-2.5508e-08	-2.5597e-08	-2.5612e-08	-2.538e-08	-2.4977e-08	-2.466e-08	-2.4556e-08	-2.4539e-08	-2.4453e-08	-2.4376e-08	-2.4554e-08	-2.5024e-08	-2.558e-08	-2.607e-08	-2.6579e-08	-2.7275e-08	-2.8147e-08	-2.9003e-08	-2.9616e-08	-2.9734e-08	-2.9027e-08	-2.7345e-08	-2.4966e-08	-2.2202e-08	-1.9075e-08	-1.5604e-08	-1.2025e-08	-8.5798e-09	-5.2202e-09	-1.7707e-09	1.7141e-09	5.0815e-09	8.3537e-09	1.167e-08	1.5069e-08	1.8461e-08	2.1708e-08	2.4762e-08	2.7688e-08	3.0586e-08	3.3507e-08	3.6385e-08	3.9147e-08	4.1851e-08	4.4562e-08	4.719e-08	4.9622e-08	5.1735e-08	5.3294e-08	5.412e-08	5.4193e-08	5.3482e-08	5.1966e-08	4.975e-08	4.703e-08	4.3993e-08	4.078e-08	3.7454e-08	3.3983e-08	3.0272e-08	2.6289e-08	2.2085e-08	1.7702e-08	1.3168e-08	8.5483e-09	3.8779e-09	-9.5029e-10	-6.0406e-09	-1.1183e-08	-1.5897e-08	-1.9775e-08	-2.2607e-08	-2.4507e-08	-2.5826e-08	-2.6793e-08	-2.7422e-08	-2.7541e-08	-2.7059e-08	-2.6138e-08	-2.5081e-08	-2.4195e-08	-2.3625e-08	-2.3259e-08	-2.2834e-08	-2.2281e-08	-2.1847e-08	-2.1786e-08	-2.198e-08	-2.2167e-08	-2.2295e-08	-2.2406e-08	-2.2423e-08	-2.2179e-08	-2.1651e-08	-2.1038e-08	-2.0666e-08	-2.0735e-08	-2.106e-08	-2.1439e-08	-2.1833e-08	-2.2089e-08	-2.2052e-08	-2.1858e-08	-2.171e-08	-2.1647e-08	-2.1607e-08	-2.1525e-08	-2.146e-08	-2.1586e-08	-2.1863e-08	-2.2069e-08	-2.2097e-08	-2.1948e-08	-2.1581e-08	-2.1019e-08	-2.05e-08	-2.0219e-08	-2.014e-08	-2.0162e-08	-2.0182e-08	-2.0012e-08	-1.9512e-08	-1.8829e-08	-1.8384e-08	-1.8476e-08	-1.8906e-08	-1.9277e-08	-1.9486e-08	-1.9648e-08	-1.9708e-08	-1.9617e-08	-1.9571e-08	-1.9704e-08	-1.9905e-08	-2.0025e-08	-2.0007e-08	-1.9909e-08	-1.981e-08	-1.9841e-08	-2.0255e-08	-2.1027e-08	-2.1682e-08	-2.1953e-08	-2.1849e-08	-2.1393e-08	-2.0632e-08	-1.9763e-08	-1.9107e-08	-1.8798e-08	-1.8793e-08	-1.8955e-08	-1.9087e-08	-1.9153e-08	-1.9217e-08	-1.9217e-08	-1.9151e-08	-1.9062e-08	-1.893e-08	-1.8789e-08	-1.8567e-08	-1.8193e-08	-1.7758e-08	-1.738e-08	-1.7258e-08	-1.7491e-08	-1.7837e-08
-3.0193e-08	-3.0393e-08	-3.0578e-08	-3.0547e-08	-3.0146e-08	-2.9387e-08	-2.8396e-08	-2.7404e-08	-2.6641e-08	-2.6202e-08	-2.5994e-08	-2.5831e-08	-2.5617e-08	-2.5393e-08	-2.5312e-08	-2.5409e-08	-2.546e-08	-2.5273e-08	-2.4905e-08	-2.4591e-08	-2.4465e-08	-2.4433e-08	-2.4356e-08	-2.4304e-08	-2.4527e-08	-2.5084e-08	-2.5748e-08	-2.6325e-08	-2.6859e-08	-2.7519e-08	-2.8338e-08	-2.9171e-08	-2.9789e-08	-2.9919e-08	-2.923e-08	-2.7565e-08	-2.5203e-08	-2.2462e-08	-1.9358e-08	-1.5886e-08	-1.2278e-08	-8.7908e-09	-5.3903e-09	-1.8998e-09	1.6178e-09	4.9979e-09	8.2599e-09	1.1556e-08	1.4938e-08	1.8314e-08	2.1549e-08	2.4605e-08	2.7555e-08	3.0479e-08	3.3407e-08	3.6276e-08	3.9017e-08	4.1693e-08	4.4373e-08	4.6978e-08	4.9407e-08	5.1538e-08	5.3107e-08	5.3901e-08	5.3932e-08	5.3222e-08	5.1748e-08	4.9584e-08	4.6921e-08	4.3958e-08	4.0832e-08	3.7593e-08	3.4204e-08	3.0567e-08	2.6638e-08	2.2458e-08	1.8079e-08	1.3544e-08	8.9252e-09	4.2564e-09	-5.775e-10	-5.6926e-09	-1.089e-08	-1.5683e-08	-1.9646e-08	-2.2533e-08	-2.4418e-08	-2.5668e-08	-2.6567e-08	-2.7169e-08	-2.7318e-08	-2.6909e-08	-2.6073e-08	-2.5077e-08	-2.4211e-08	-2.3638e-08	-2.3275e-08	-2.286e-08	-2.2313e-08	-2.1864e-08	-2.1777e-08	-2.1957e-08	-2.2142e-08	-2.2268e-08	-2.2378e-08	-2.2405e-08	-2.2177e-08	-2.1663e-08	-2.1052e-08	-2.0657e-08	-2.0704e-08	-2.1028e-08	-2.1411e-08	-2.1813e-08	-2.2102e-08	-2.2113e-08	-2.1954e-08	-2.1813e-08	-2.1747e-08	-2.1708e-08	-2.1631e-08	-2.157e-08	-2.1716e-08	-2.2046e-08	-2.2321e-08	-2.2396e-08	-2.2257e-08	-2.1876e-08	-2.1282e-08	-2.0722e-08	-2.0417e-08	-2.0335e-08	-2.0365e-08	-2.0394e-08	-2.0231e-08	-1.973e-08	-1.9015e-08	-1.8498e-08	-1.8523e-08	-1.8931e-08	-1.932e-08	-1.9552e-08	-1.9735e-08	-1.9807e-08	-1.9697e-08	-1.9611e-08	-1.9719e-08	-1.9917e-08	-2.0032e-08	-1.9995e-08	-1.9873e-08	-1.9755e-08	-1.9764e-08	-2.0165e-08	-2.0963e-08	-2.1663e-08	-2.1975e-08	-2.1917e-08	-2.1509e-08	-2.0779e-08	-1.9906e-08	-1.9229e-08	-1.891e-08	-1.8909e-08	-1.9081e-08	-1.9212e-08	-1.9246e-08	-1.9271e-08	-1.9253e-08	-1.9198e-08	-1.9144e-08	-1.9043e-08	-1.8915e-08	-1.8691e-08	-1.8294e-08	-1.7826e-08	-1.7414e-08	-1.7257e-08	-1.7468e-08	-1.7805e-08
-3.0856e-08	-3.0998e-08	-3.1144e-08	-3.1104e-08	-3.0704e-08	-2.9938e-08	-2.8926e-08	-2.7897e-08	-2.7062e-08	-2.6509e-08	-2.6173e-08	-2.5886e-08	-2.5558e-08	-2.5244e-08	-2.5117e-08	-2.5219e-08	-2.5304e-08	-2.5162e-08	-2.4832e-08	-2.4527e-08	-2.4379e-08	-2.4331e-08	-2.426e-08	-2.4228e-08	-2.4493e-08	-2.5128e-08	-2.5901e-08	-2.6574e-08	-2.7148e-08	-2.7785e-08	-2.8557e-08	-2.9366e-08	-2.9984e-08	-3.0126e-08	-2.9451e-08	-2.7799e-08	-2.5451e-08	-2.2731e-08	-1.9649e-08	-1.6178e-08	-1.2545e-08	-9.0165e-09	-5.578e-09	-2.0504e-09	1.4969e-09	4.8877e-09	8.1381e-09	1.1412e-08	1.4774e-08	1.8137e-08	2.1363e-08	2.4423e-08	2.7397e-08	3.0344e-08	3.3282e-08	3.6143e-08	3.8868e-08	4.1521e-08	4.4172e-08	4.6757e-08	4.9184e-08	5.1333e-08	5.2915e-08	5.3679e-08	5.3665e-08	5.2952e-08	5.1515e-08	4.9403e-08	4.6796e-08	4.3903e-08	4.0862e-08	3.7708e-08	3.4397e-08	3.0832e-08	2.6957e-08	2.2804e-08	1.8434e-08	1.3903e-08	9.2904e-09	4.6295e-09	-2.018e-10	-5.3314e-09	-1.0574e-08	-1.544e-08	-1.9491e-08	-2.2449e-08	-2.4343e-08	-2.5545e-08	-2.6385e-08	-2.6958e-08	-2.7125e-08	-2.6773e-08	-2.6013e-08	-2.5077e-08	-2.4233e-08	-2.3657e-08	-2.3296e-08	-2.289e-08	-2.2351e-08	-2.1887e-08	-2.1775e-08	-2.1938e-08	-2.2118e-08	-2.224e-08	-2.2346e-08	-2.2382e-08	-2.2174e-08	-2.1681e-08	-2.108e-08	-2.0669e-08	-2.0696e-08	-2.1016e-08	-2.1397e-08	-2.1797e-08	-2.211e-08	-2.2164e-08	-2.2041e-08	-2.1913e-08	-2.1852e-08	-2.1823e-08	-2.1758e-08	-2.1702e-08	-2.1862e-08	-2.2235e-08	-2.2574e-08	-2.2701e-08	-2.258e-08	-2.2191e-08	-2.157e-08	-2.0972e-08	-2.0644e-08	-2.0556e-08	-2.0587e-08	-2.062e-08	-2.0462e-08	-1.9963e-08	-1.9224e-08	-1.8643e-08	-1.8598e-08	-1.8973e-08	-1.9371e-08	-1.9619e-08	-1.9814e-08	-1.9892e-08	-1.9766e-08	-1.9645e-08	-1.9732e-08	-1.9929e-08	-2.004e-08	-1.9985e-08	-1.9837e-08	-1.9695e-08	-1.9679e-08	-2.006e-08	-2.0876e-08	-2.1616e-08	-2.1969e-08	-2.1959e-08	-2.1609e-08	-2.0926e-08	-2.0064e-08	-1.9377e-08	-1.9052e-08	-1.9054e-08	-1.9231e-08	-1.9351e-08	-1.9345e-08	-1.9323e-08	-1.928e-08	-1.9228e-08	-1.9203e-08	-1.9123e-08	-1.9005e-08	-1.8781e-08	-1.8369e-08	-1.7879e-08	-1.7444e-08	-1.7256e-08	-1.7438e-08	-1.7756e-08
-3.1461e-08	-3.1541e-08	-3.1644e-08	-3.159e-08	-3.1193e-08	-3.0428e-08	-2.9405e-08	-2.8352e-08	-2.7457e-08	-2.6803e-08	-2.635e-08	-2.5946e-08	-2.5508e-08	-2.5104e-08	-2.4927e-08	-2.5033e-08	-2.5151e-08	-2.5053e-08	-2.4762e-08	-2.447e-08	-2.4303e-08	-2.4236e-08	-2.4168e-08	-2.4152e-08	-2.445e-08	-2.5157e-08	-2.6035e-08	-2.6811e-08	-2.7441e-08	-2.8071e-08	-2.8805e-08	-2.959e-08	-3.0207e-08	-3.0355e-08	-2.9692e-08	-2.8048e-08	-2.5709e-08	-2.3004e-08	-1.9943e-08	-1.6473e-08	-1.2817e-08	-9.249e-09	-5.7756e-09	-2.2152e-09	1.3578e-09	4.7575e-09	7.9955e-09	1.1247e-08	1.4588e-08	1.7937e-08	2.1158e-08	2.4225e-08	2.7221e-08	3.019e-08	3.3135e-08	3.5994e-08	3.8707e-08	4.1341e-08	4.3968e-08	4.6535e-08	4.8962e-08	5.1128e-08	5.2724e-08	5.3463e-08	5.3403e-08	5.2678e-08	5.1272e-08	4.9207e-08	4.6652e-08	4.3824e-08	4.086e-08	3.7786e-08	3.4548e-08	3.1048e-08	2.7222e-08	2.3097e-08	1.874e-08	1.4218e-08	9.6187e-09	4.9723e-09	1.5206e-10	-4.9807e-09	-1.0257e-08	-1.5188e-08	-1.9328e-08	-2.2373e-08	-2.43e-08	-2.5478e-08	-2.6273e-08	-2.6816e-08	-2.6984e-08	-2.6671e-08	-2.5972e-08	-2.5088e-08	-2.4267e-08	-2.3689e-08	-2.3327e-08	-2.2928e-08	-2.2395e-08	-2.192e-08	-2.178e-08	-2.1924e-08	-2.2094e-08	-2.221e-08	-2.2311e-08	-2.2355e-08	-2.2171e-08	-2.1706e-08	-2.1122e-08	-2.0704e-08	-2.0713e-08	-2.1027e-08	-2.1402e-08	-2.179e-08	-2.2112e-08	-2.2204e-08	-2.2119e-08	-2.2009e-08	-2.196e-08	-2.1951e-08	-2.1906e-08	-2.186e-08	-2.2028e-08	-2.243e-08	-2.2826e-08	-2.3009e-08	-2.2914e-08	-2.2524e-08	-2.188e-08	-2.1248e-08	-2.0898e-08	-2.0803e-08	-2.0828e-08	-2.0858e-08	-2.0702e-08	-2.0208e-08	-1.9454e-08	-1.8818e-08	-1.8701e-08	-1.9034e-08	-1.9429e-08	-1.9686e-08	-1.9885e-08	-1.9965e-08	-1.9823e-08	-1.9672e-08	-1.9741e-08	-1.9941e-08	-2.0051e-08	-1.9977e-08	-1.9803e-08	-1.9635e-08	-1.9589e-08	-1.9946e-08	-2.0771e-08	-2.1545e-08	-2.1937e-08	-2.1977e-08	-2.1692e-08	-2.107e-08	-2.0234e-08	-1.9545e-08	-1.9217e-08	-1.9222e-08	-1.9399e-08	-1.9502e-08	-1.9448e-08	-1.9373e-08	-1.93e-08	-1.9245e-08	-1.9239e-08	-1.9176e-08	-1.9061e-08	-1.8839e-08	-1.8419e-08	-1.7918e-08	-1.7469e-08	-1.7255e-08	-1.7403e-08	-1.7694e-08
-3.1986e-08	-3.2002e-08	-3.2057e-08	-3.1987e-08	-3.1595e-08	-3.084e-08	-2.9816e-08	-2.8751e-08	-2.7813e-08	-2.7075e-08	-2.6517e-08	-2.6007e-08	-2.5467e-08	-2.4976e-08	-2.4747e-08	-2.4855e-08	-2.5005e-08	-2.4949e-08	-2.4697e-08	-2.4422e-08	-2.424e-08	-2.4152e-08	-2.4082e-08	-2.4078e-08	-2.4402e-08	-2.517e-08	-2.6148e-08	-2.7032e-08	-2.7732e-08	-2.8376e-08	-2.9085e-08	-2.9847e-08	-3.0459e-08	-3.061e-08	-2.9952e-08	-2.831e-08	-2.5973e-08	-2.3278e-08	-2.0231e-08	-1.6763e-08	-1.3085e-08	-9.4804e-09	-5.9751e-09	-2.3869e-09	1.2071e-09	4.6136e-09	7.839e-09	1.1066e-08	1.4385e-08	1.7723e-08	2.0942e-08	2.402e-08	2.7036e-08	3.0024e-08	3.2975e-08	3.5835e-08	3.8542e-08	4.116e-08	4.3767e-08	4.6321e-08	4.875e-08	5.0933e-08	5.2545e-08	5.326e-08	5.3152e-08	5.2408e-08	5.1023e-08	4.8997e-08	4.6488e-08	4.3716e-08	4.0819e-08	3.7814e-08	3.464e-08	3.1195e-08	2.7412e-08	2.3314e-08	1.8972e-08	1.4466e-08	9.8849e-09	5.2597e-09	4.5946e-10	-4.6644e-09	-9.9614e-09	-1.4948e-08	-1.9177e-08	-2.2322e-08	-2.431e-08	-2.549e-08	-2.6255e-08	-2.6765e-08	-2.6917e-08	-2.6617e-08	-2.5959e-08	-2.5118e-08	-2.4316e-08	-2.3735e-08	-2.3371e-08	-2.2975e-08	-2.2448e-08	-2.1962e-08	-2.1795e-08	-2.1915e-08	-2.2072e-08	-2.218e-08	-2.2272e-08	-2.2322e-08	-2.2167e-08	-2.1737e-08	-2.118e-08	-2.0761e-08	-2.0757e-08	-2.1063e-08	-2.1428e-08	-2.1791e-08	-2.2111e-08	-2.2233e-08	-2.2186e-08	-2.21e-08	-2.207e-08	-2.2089e-08	-2.2073e-08	-2.204e-08	-2.221e-08	-2.263e-08	-2.3074e-08	-2.3314e-08	-2.3255e-08	-2.2871e-08	-2.2209e-08	-2.1545e-08	-2.1176e-08	-2.1071e-08	-2.1085e-08	-2.1105e-08	-2.0948e-08	-2.0462e-08	-1.9701e-08	-1.9018e-08	-1.883e-08	-1.9111e-08	-1.9496e-08	-1.9753e-08	-1.995e-08	-2.0026e-08	-1.987e-08	-1.9693e-08	-1.9749e-08	-1.9954e-08	-2.0065e-08	-1.9973e-08	-1.9772e-08	-1.9577e-08	-1.9499e-08	-1.9826e-08	-2.0653e-08	-2.1453e-08	-2.1881e-08	-2.1971e-08	-2.1758e-08	-2.1208e-08	-2.0409e-08	-1.9727e-08	-1.94e-08	-1.9408e-08	-1.9581e-08	-1.9661e-08	-1.9554e-08	-1.9421e-08	-1.9313e-08	-1.9248e-08	-1.9256e-08	-1.9202e-08	-1.9089e-08	-1.8868e-08	-1.8446e-08	-1.7943e-08	-1.7489e-08	-1.7254e-08	-1.7366e-08	-1.762e-08
-3.2411e-08	-3.236e-08	-3.2364e-08	-3.2275e-08	-3.189e-08	-3.1154e-08	-3.0143e-08	-2.908e-08	-2.8117e-08	-2.7312e-08	-2.6668e-08	-2.6066e-08	-2.5434e-08	-2.4861e-08	-2.4583e-08	-2.4692e-08	-2.4871e-08	-2.4856e-08	-2.4642e-08	-2.4387e-08	-2.4192e-08	-2.4083e-08	-2.4008e-08	-2.4008e-08	-2.4349e-08	-2.5165e-08	-2.6234e-08	-2.723e-08	-2.8018e-08	-2.8696e-08	-2.9396e-08	-3.014e-08	-3.0744e-08	-3.0893e-08	-3.0234e-08	-2.8586e-08	-2.6243e-08	-2.3547e-08	-2.0508e-08	-1.704e-08	-1.3343e-08	-9.7027e-09	-6.1686e-09	-2.5582e-09	1.0512e-09	4.4624e-09	7.6753e-09	1.0878e-08	1.4173e-08	1.7502e-08	2.0724e-08	2.3816e-08	2.6853e-08	2.9855e-08	3.2808e-08	3.567e-08	3.8377e-08	4.0986e-08	4.3577e-08	4.6123e-08	4.8556e-08	5.0756e-08	5.2383e-08	5.3078e-08	5.2922e-08	5.215e-08	5.0774e-08	4.8777e-08	4.6304e-08	4.3575e-08	4.0734e-08	3.7786e-08	3.4663e-08	3.1262e-08	2.7514e-08	2.344e-08	1.9116e-08	1.463e-08	1.0075e-08	5.4781e-09	7.0667e-10	-4.3959e-09	-9.6984e-09	-1.473e-08	-1.9044e-08	-2.2301e-08	-2.4376e-08	-2.5585e-08	-2.6336e-08	-2.6812e-08	-2.6929e-08	-2.6617e-08	-2.5978e-08	-2.5168e-08	-2.438e-08	-2.3796e-08	-2.3427e-08	-2.303e-08	-2.2507e-08	-2.2012e-08	-2.1818e-08	-2.1911e-08	-2.2053e-08	-2.2149e-08	-2.2229e-08	-2.2285e-08	-2.216e-08	-2.1773e-08	-2.1248e-08	-2.0838e-08	-2.0823e-08	-2.1121e-08	-2.147e-08	-2.1801e-08	-2.2105e-08	-2.2251e-08	-2.2242e-08	-2.2182e-08	-2.2177e-08	-2.2232e-08	-2.2252e-08	-2.2237e-08	-2.2406e-08	-2.2831e-08	-2.3315e-08	-2.3613e-08	-2.3595e-08	-2.3223e-08	-2.2548e-08	-2.1856e-08	-2.147e-08	-2.1354e-08	-2.1353e-08	-2.1358e-08	-2.1196e-08	-2.072e-08	-1.996e-08	-1.9238e-08	-1.898e-08	-1.9203e-08	-1.9569e-08	-1.9821e-08	-2.001e-08	-2.0077e-08	-1.9907e-08	-1.9707e-08	-1.9753e-08	-1.9968e-08	-2.0081e-08	-1.9975e-08	-1.9748e-08	-1.9524e-08	-1.9412e-08	-1.9705e-08	-2.0526e-08	-2.1346e-08	-2.1805e-08	-2.1943e-08	-2.1805e-08	-2.1337e-08	-2.0586e-08	-1.9917e-08	-1.9594e-08	-1.9606e-08	-1.9772e-08	-1.9825e-08	-1.9662e-08	-1.9466e-08	-1.9318e-08	-1.924e-08	-1.9255e-08	-1.9205e-08	-1.909e-08	-1.887e-08	-1.8451e-08	-1.7955e-08	-1.7504e-08	-1.7254e-08	-1.7328e-08	-1.754e-08
-3.2713e-08	-3.2596e-08	-3.2547e-08	-3.2436e-08	-3.2061e-08	-3.1353e-08	-3.0369e-08	-2.9324e-08	-2.8355e-08	-2.7505e-08	-2.6795e-08	-2.6119e-08	-2.541e-08	-2.4763e-08	-2.4437e-08	-2.4548e-08	-2.4754e-08	-2.4778e-08	-2.46e-08	-2.4368e-08	-2.4164e-08	-2.4032e-08	-2.3947e-08	-2.3947e-08	-2.4294e-08	-2.5144e-08	-2.6292e-08	-2.7402e-08	-2.8294e-08	-2.903e-08	-2.9739e-08	-3.0473e-08	-3.1066e-08	-3.1208e-08	-3.0539e-08	-2.8876e-08	-2.6517e-08	-2.3808e-08	-2.0767e-08	-1.7296e-08	-1.3582e-08	-9.9091e-09	-6.3494e-09	-2.7229e-09	8.9553e-10	4.3087e-09	7.51e-09	1.0688e-08	1.3959e-08	1.728e-08	2.0509e-08	2.362e-08	2.6677e-08	2.9687e-08	3.2637e-08	3.5504e-08	3.8218e-08	4.0823e-08	4.3401e-08	4.5943e-08	4.8386e-08	5.0602e-08	5.2243e-08	5.292e-08	5.2716e-08	5.1908e-08	5.0529e-08	4.855e-08	4.6104e-08	4.3407e-08	4.0606e-08	3.7705e-08	3.4621e-08	3.1251e-08	2.753e-08	2.3478e-08	1.9175e-08	1.4714e-08	1.0191e-08	5.6304e-09	8.9624e-10	-4.1732e-09	-9.4666e-09	-1.4531e-08	-1.8925e-08	-2.2303e-08	-2.4485e-08	-2.5745e-08	-2.6499e-08	-2.6943e-08	-2.7009e-08	-2.6663e-08	-2.6023e-08	-2.5233e-08	-2.4455e-08	-2.3867e-08	-2.3491e-08	-2.3091e-08	-2.2571e-08	-2.2069e-08	-2.185e-08	-2.1914e-08	-2.2035e-08	-2.2118e-08	-2.2185e-08	-2.2242e-08	-2.215e-08	-2.181e-08	-2.1325e-08	-2.0929e-08	-2.0907e-08	-2.1195e-08	-2.1527e-08	-2.1817e-08	-2.2094e-08	-2.2258e-08	-2.2285e-08	-2.2253e-08	-2.2278e-08	-2.2375e-08	-2.2437e-08	-2.2444e-08	-2.261e-08	-2.3031e-08	-2.3543e-08	-2.3899e-08	-2.3929e-08	-2.3575e-08	-2.2891e-08	-2.2176e-08	-2.1774e-08	-2.1647e-08	-2.1626e-08	-2.1612e-08	-2.1444e-08	-2.0979e-08	-2.0226e-08	-1.9475e-08	-1.915e-08	-1.9309e-08	-1.9648e-08	-1.989e-08	-2.0064e-08	-2.0118e-08	-1.9935e-08	-1.9717e-08	-1.9756e-08	-1.9982e-08	-2.0102e-08	-1.9983e-08	-1.9732e-08	-1.9481e-08	-1.9331e-08	-1.9588e-08	-2.0396e-08	-2.1227e-08	-2.1712e-08	-2.1894e-08	-2.1834e-08	-2.1454e-08	-2.0761e-08	-2.0111e-08	-1.9794e-08	-1.981e-08	-1.9968e-08	-1.9991e-08	-1.9769e-08	-1.9508e-08	-1.9318e-08	-1.9222e-08	-1.9238e-08	-1.9188e-08	-1.9069e-08	-1.8849e-08	-1.8437e-08	-1.7954e-08	-1.7515e-08	-1.7256e-08	-1.7292e-08	-1.7455e-08
-3.2871e-08	-3.269e-08	-3.2586e-08	-3.2451e-08	-3.2088e-08	-3.1419e-08	-3.0477e-08	-2.9468e-08	-2.8513e-08	-2.7643e-08	-2.6891e-08	-2.6163e-08	-2.5393e-08	-2.4682e-08	-2.4315e-08	-2.4427e-08	-2.466e-08	-2.4718e-08	-2.4574e-08	-2.4366e-08	-2.4156e-08	-2.4001e-08	-2.3902e-08	-2.3896e-08	-2.4238e-08	-2.5106e-08	-2.632e-08	-2.7542e-08	-2.8553e-08	-2.9371e-08	-3.0112e-08	-3.0843e-08	-3.1422e-08	-3.1552e-08	-3.0866e-08	-2.9178e-08	-2.6791e-08	-2.4059e-08	-2.1007e-08	-1.7529e-08	-1.38e-08	-1.0097e-08	-6.515e-09	-2.8782e-09	7.4249e-10	4.1548e-09	7.3454e-09	1.0499e-08	1.3745e-08	1.7058e-08	2.0298e-08	2.3433e-08	2.651e-08	2.9523e-08	3.2466e-08	3.5337e-08	3.8064e-08	4.0672e-08	4.3241e-08	4.5783e-08	4.8237e-08	5.0469e-08	5.2125e-08	5.2786e-08	5.2535e-08	5.1686e-08	5.0293e-08	4.8322e-08	4.5893e-08	4.3218e-08	4.0446e-08	3.7579e-08	3.4524e-08	3.1176e-08	2.7473e-08	2.344e-08	1.9159e-08	1.4728e-08	1.0244e-08	5.7249e-09	1.035e-09	-3.9911e-09	-9.2616e-09	-1.4347e-08	-1.8814e-08	-2.2316e-08	-2.4623e-08	-2.5956e-08	-2.6728e-08	-2.7143e-08	-2.7147e-08	-2.6747e-08	-2.6088e-08	-2.5308e-08	-2.4538e-08	-2.3946e-08	-2.3562e-08	-2.3155e-08	-2.2638e-08	-2.2131e-08	-2.1888e-08	-2.1921e-08	-2.2018e-08	-2.2087e-08	-2.2138e-08	-2.2195e-08	-2.2135e-08	-2.1847e-08	-2.1407e-08	-2.1032e-08	-2.1006e-08	-2.1283e-08	-2.1595e-08	-2.184e-08	-2.2079e-08	-2.2253e-08	-2.2315e-08	-2.2313e-08	-2.2368e-08	-2.2513e-08	-2.2623e-08	-2.2656e-08	-2.2816e-08	-2.3224e-08	-2.3755e-08	-2.4167e-08	-2.4249e-08	-2.3918e-08	-2.3232e-08	-2.2496e-08	-2.2081e-08	-2.1943e-08	-2.19e-08	-2.1862e-08	-2.1686e-08	-2.1234e-08	-2.0495e-08	-1.9723e-08	-1.9337e-08	-1.9427e-08	-1.9733e-08	-1.9959e-08	-2.0115e-08	-2.0151e-08	-1.9955e-08	-1.9721e-08	-1.9757e-08	-1.9998e-08	-2.0126e-08	-1.9998e-08	-1.9726e-08	-1.9448e-08	-1.9263e-08	-1.9479e-08	-2.0267e-08	-2.1102e-08	-2.1606e-08	-2.1828e-08	-2.1844e-08	-2.1556e-08	-2.0928e-08	-2.0302e-08	-1.9992e-08	-2.0014e-08	-2.0162e-08	-2.0154e-08	-1.9873e-08	-1.9546e-08	-1.9311e-08	-1.9194e-08	-1.9206e-08	-1.9154e-08	-1.9027e-08	-1.8807e-08	-1.8406e-08	-1.7942e-08	-1.7521e-08	-1.726e-08	-1.7257e-08	-1.7368e-08
-3.2879e-08	-3.2635e-08	-3.2477e-08	-3.2317e-08	-3.1969e-08	-3.1349e-08	-3.0463e-08	-2.9507e-08	-2.8588e-08	-2.7721e-08	-2.6953e-08	-2.6196e-08	-2.5383e-08	-2.462e-08	-2.4216e-08	-2.4332e-08	-2.459e-08	-2.4678e-08	-2.4564e-08	-2.4381e-08	-2.4169e-08	-2.3991e-08	-2.3874e-08	-2.3857e-08	-2.4185e-08	-2.5055e-08	-2.6319e-08	-2.765e-08	-2.8791e-08	-2.9713e-08	-3.0506e-08	-3.1243e-08	-3.1807e-08	-3.192e-08	-3.121e-08	-2.9488e-08	-2.7065e-08	-2.43e-08	-2.1226e-08	-1.7738e-08	-1.3997e-08	-1.0269e-08	-6.6662e-09	-3.0241e-09	5.9267e-10	4.0014e-09	7.1821e-09	1.0313e-08	1.3533e-08	1.6837e-08	2.0091e-08	2.3255e-08	2.6353e-08	2.9365e-08	3.2295e-08	3.517e-08	3.7917e-08	4.0532e-08	4.3096e-08	4.5642e-08	4.811e-08	5.0358e-08	5.2026e-08	5.2675e-08	5.2379e-08	5.1485e-08	5.0068e-08	4.8097e-08	4.5679e-08	4.3015e-08	4.0262e-08	3.7418e-08	3.4383e-08	3.1047e-08	2.7356e-08	2.3338e-08	1.908e-08	1.4683e-08	1.0242e-08	5.7701e-09	1.1302e-09	-3.844e-09	-9.079e-09	-1.4174e-08	-1.8704e-08	-2.2331e-08	-2.4776e-08	-2.62e-08	-2.7006e-08	-2.7397e-08	-2.733e-08	-2.6861e-08	-2.6169e-08	-2.5389e-08	-2.4623e-08	-2.4027e-08	-2.3635e-08	-2.322e-08	-2.2705e-08	-2.2195e-08	-2.1932e-08	-2.1932e-08	-2.2004e-08	-2.2056e-08	-2.2089e-08	-2.2143e-08	-2.2114e-08	-2.1882e-08	-2.149e-08	-2.1142e-08	-2.1115e-08	-2.138e-08	-2.1671e-08	-2.1866e-08	-2.2059e-08	-2.2236e-08	-2.2332e-08	-2.2357e-08	-2.2446e-08	-2.2641e-08	-2.2802e-08	-2.2866e-08	-2.3021e-08	-2.3407e-08	-2.3948e-08	-2.4412e-08	-2.4549e-08	-2.4247e-08	-2.3562e-08	-2.2811e-08	-2.2386e-08	-2.2237e-08	-2.2169e-08	-2.2106e-08	-2.1919e-08	-2.1482e-08	-2.0761e-08	-1.9979e-08	-1.9535e-08	-1.9555e-08	-1.9821e-08	-2.0028e-08	-2.0163e-08	-2.0177e-08	-1.9968e-08	-1.9722e-08	-1.9757e-08	-2.0015e-08	-2.0153e-08	-2.0021e-08	-1.9732e-08	-1.9431e-08	-1.9209e-08	-1.9385e-08	-2.0146e-08	-2.0974e-08	-2.149e-08	-2.1746e-08	-2.1836e-08	-2.1643e-08	-2.1084e-08	-2.0485e-08	-2.0184e-08	-2.0211e-08	-2.035e-08	-2.0311e-08	-1.9972e-08	-1.9579e-08	-1.9297e-08	-1.9158e-08	-1.9163e-08	-1.9103e-08	-1.8969e-08	-1.8747e-08	-1.8359e-08	-1.792e-08	-1.7523e-08	-1.7266e-08	-1.7227e-08	-1.7283e-08
-3.2748e-08	-3.2446e-08	-3.2236e-08	-3.205e-08	-3.172e-08	-3.1157e-08	-3.0343e-08	-2.9454e-08	-2.8587e-08	-2.7746e-08	-2.6983e-08	-2.6218e-08	-2.5378e-08	-2.4574e-08	-2.4141e-08	-2.4261e-08	-2.4541e-08	-2.4657e-08	-2.457e-08	-2.4412e-08	-2.42e-08	-2.4001e-08	-2.3863e-08	-2.3829e-08	-2.4134e-08	-2.4992e-08	-2.6292e-08	-2.7726e-08	-2.9005e-08	-3.0048e-08	-3.0911e-08	-3.1663e-08	-3.2212e-08	-3.2304e-08	-3.1564e-08	-2.9801e-08	-2.7335e-08	-2.4527e-08	-2.1424e-08	-1.7924e-08	-1.4175e-08	-1.0424e-08	-6.8042e-09	-3.1608e-09	4.464e-10	3.8487e-09	7.0206e-09	1.013e-08	1.3324e-08	1.6619e-08	1.9889e-08	2.3085e-08	2.6205e-08	2.9212e-08	3.2126e-08	3.5003e-08	3.7776e-08	4.0405e-08	4.2967e-08	4.5519e-08	4.8003e-08	5.0268e-08	5.1947e-08	5.2585e-08	5.2247e-08	5.1306e-08	4.986e-08	4.7881e-08	4.5466e-08	4.2807e-08	4.0061e-08	3.7233e-08	3.4209e-08	3.0877e-08	2.7189e-08	2.3183e-08	1.8949e-08	1.4589e-08	1.0196e-08	5.7748e-09	1.1892e-09	-3.726e-09	-8.9139e-09	-1.4006e-08	-1.859e-08	-2.2339e-08	-2.4932e-08	-2.6461e-08	-2.7314e-08	-2.7688e-08	-2.7546e-08	-2.6996e-08	-2.6257e-08	-2.547e-08	-2.4707e-08	-2.4108e-08	-2.3708e-08	-2.3283e-08	-2.277e-08	-2.2261e-08	-2.198e-08	-2.1948e-08	-2.1991e-08	-2.2024e-08	-2.2039e-08	-2.2086e-08	-2.2088e-08	-2.1912e-08	-2.1572e-08	-2.1256e-08	-2.1231e-08	-2.1483e-08	-2.1752e-08	-2.1894e-08	-2.2034e-08	-2.2208e-08	-2.2333e-08	-2.2387e-08	-2.2507e-08	-2.2755e-08	-2.297e-08	-2.3068e-08	-2.3219e-08	-2.3576e-08	-2.4117e-08	-2.463e-08	-2.4824e-08	-2.4554e-08	-2.3876e-08	-2.3113e-08	-2.2681e-08	-2.2522e-08	-2.2429e-08	-2.2338e-08	-2.214e-08	-2.1718e-08	-2.1022e-08	-2.0238e-08	-1.9743e-08	-1.969e-08	-1.9913e-08	-2.0097e-08	-2.0207e-08	-2.0197e-08	-1.9976e-08	-1.972e-08	-1.9756e-08	-2.0033e-08	-2.0185e-08	-2.0053e-08	-1.9752e-08	-1.9431e-08	-1.9174e-08	-1.9308e-08	-2.0036e-08	-2.085e-08	-2.1369e-08	-2.1652e-08	-2.181e-08	-2.1712e-08	-2.1226e-08	-2.0656e-08	-2.0363e-08	-2.0395e-08	-2.0525e-08	-2.0457e-08	-2.0063e-08	-1.9606e-08	-1.9278e-08	-1.9114e-08	-1.9108e-08	-1.904e-08	-1.8896e-08	-1.8673e-08	-1.83e-08	-1.789e-08	-1.7523e-08	-1.7275e-08	-1.7201e-08	-1.7202e-08
-3.2498e-08	-3.2145e-08	-3.1886e-08	-3.1673e-08	-3.1362e-08	-3.0862e-08	-3.013e-08	-2.9321e-08	-2.8519e-08	-2.7722e-08	-2.6985e-08	-2.623e-08	-2.5379e-08	-2.4543e-08	-2.4088e-08	-2.4214e-08	-2.4514e-08	-2.4653e-08	-2.4589e-08	-2.4455e-08	-2.4247e-08	-2.4028e-08	-2.3866e-08	-2.3812e-08	-2.4089e-08	-2.4921e-08	-2.6241e-08	-2.7769e-08	-2.9192e-08	-3.0368e-08	-3.1318e-08	-3.2094e-08	-3.2629e-08	-3.2699e-08	-3.1923e-08	-3.0113e-08	-2.7598e-08	-2.474e-08	-2.1601e-08	-1.8087e-08	-1.4333e-08	-1.0565e-08	-6.93e-09	-3.2887e-09	3.0397e-10	3.6971e-09	6.8613e-09	9.9516e-09	1.3118e-08	1.6404e-08	1.969e-08	2.2923e-08	2.6067e-08	2.9066e-08	3.1958e-08	3.4837e-08	3.764e-08	4.0291e-08	4.2853e-08	4.5414e-08	4.7916e-08	5.0197e-08	5.1886e-08	5.2515e-08	5.2141e-08	5.1153e-08	4.9671e-08	4.7677e-08	4.5262e-08	4.2601e-08	3.9853e-08	3.7032e-08	3.4012e-08	3.0675e-08	2.6986e-08	2.2989e-08	1.8778e-08	1.4457e-08	1.0115e-08	5.7478e-09	1.2197e-09	-3.631e-09	-8.7616e-09	-1.3839e-08	-1.8465e-08	-2.2331e-08	-2.5078e-08	-2.6723e-08	-2.7637e-08	-2.8e-08	-2.7782e-08	-2.7142e-08	-2.6348e-08	-2.5548e-08	-2.4785e-08	-2.4185e-08	-2.3776e-08	-2.3341e-08	-2.2831e-08	-2.2326e-08	-2.2031e-08	-2.1966e-08	-2.1979e-08	-2.1992e-08	-2.1987e-08	-2.2025e-08	-2.2055e-08	-2.1937e-08	-2.165e-08	-2.137e-08	-2.135e-08	-2.1588e-08	-2.1833e-08	-2.1922e-08	-2.2002e-08	-2.2168e-08	-2.232e-08	-2.2398e-08	-2.2549e-08	-2.2849e-08	-2.312e-08	-2.3257e-08	-2.3404e-08	-2.3727e-08	-2.4259e-08	-2.4815e-08	-2.5066e-08	-2.4832e-08	-2.4165e-08	-2.3396e-08	-2.296e-08	-2.2792e-08	-2.2673e-08	-2.2554e-08	-2.2344e-08	-2.1939e-08	-2.1271e-08	-2.0494e-08	-1.9956e-08	-1.983e-08	-2.0006e-08	-2.0165e-08	-2.0248e-08	-2.0212e-08	-1.9979e-08	-1.9717e-08	-1.9756e-08	-2.0052e-08	-2.022e-08	-2.0094e-08	-1.9788e-08	-1.9451e-08	-1.9161e-08	-1.9255e-08	-1.9944e-08	-2.0732e-08	-2.1246e-08	-2.1547e-08	-2.1769e-08	-2.1761e-08	-2.1349e-08	-2.0809e-08	-2.0523e-08	-2.0561e-08	-2.0682e-08	-2.0587e-08	-2.0143e-08	-1.9626e-08	-1.9253e-08	-1.9063e-08	-1.9043e-08	-1.8965e-08	-1.8813e-08	-1.8588e-08	-1.823e-08	-1.7853e-08	-1.752e-08	-1.7286e-08	-1.718e-08	-1.7126e-08
-3.2149e-08	-3.1751e-08	-3.1447e-08	-3.1208e-08	-3.0917e-08	-3.0483e-08	-2.9843e-08	-2.912e-08	-2.8395e-08	-2.7656e-08	-2.6962e-08	-2.6233e-08	-2.5385e-08	-2.4528e-08	-2.4056e-08	-2.4188e-08	-2.4506e-08	-2.4665e-08	-2.4621e-08	-2.4509e-08	-2.4309e-08	-2.4072e-08	-2.3885e-08	-2.3808e-08	-2.4049e-08	-2.4843e-08	-2.6168e-08	-2.778e-08	-2.9347e-08	-3.0667e-08	-3.1718e-08	-3.2527e-08	-3.305e-08	-3.3096e-08	-3.2281e-08	-3.042e-08	-2.7851e-08	-2.4938e-08	-2.1755e-08	-1.8226e-08	-1.4473e-08	-1.0694e-08	-7.0452e-09	-3.4085e-09	1.6553e-10	3.547e-09	6.7047e-09	9.7777e-09	1.2918e-08	1.6193e-08	1.9496e-08	2.2768e-08	2.5937e-08	2.8928e-08	3.1794e-08	3.4673e-08	3.7512e-08	4.0189e-08	4.2755e-08	4.5326e-08	4.7847e-08	5.0145e-08	5.1841e-08	5.2464e-08	5.2059e-08	5.1024e-08	4.9503e-08	4.7492e-08	4.5071e-08	4.2403e-08	3.9647e-08	3.6825e-08	3.3801e-08	3.0455e-08	2.6758e-08	2.2766e-08	1.8579e-08	1.4297e-08	1.0008e-08	5.6982e-09	1.2294e-09	-3.5528e-09	-8.6173e-09	-1.3669e-08	-1.8326e-08	-2.2301e-08	-2.5203e-08	-2.6972e-08	-2.7956e-08	-2.8317e-08	-2.8023e-08	-2.729e-08	-2.6433e-08	-2.5615e-08	-2.4853e-08	-2.4253e-08	-2.3837e-08	-2.339e-08	-2.2884e-08	-2.2388e-08	-2.2084e-08	-2.1988e-08	-2.1968e-08	-2.196e-08	-2.1934e-08	-2.196e-08	-2.2015e-08	-2.1953e-08	-2.1721e-08	-2.1481e-08	-2.1468e-08	-2.1691e-08	-2.1912e-08	-2.1947e-08	-2.1963e-08	-2.2116e-08	-2.2291e-08	-2.2392e-08	-2.257e-08	-2.2921e-08	-2.3247e-08	-2.3426e-08	-2.3571e-08	-2.3857e-08	-2.4371e-08	-2.4961e-08	-2.5268e-08	-2.5071e-08	-2.4422e-08	-2.3656e-08	-2.322e-08	-2.3041e-08	-2.2896e-08	-2.2748e-08	-2.2525e-08	-2.2139e-08	-2.1504e-08	-2.0747e-08	-2.0175e-08	-1.9978e-08	-2.0099e-08	-2.0231e-08	-2.0285e-08	-2.0219e-08	-1.9978e-08	-1.9718e-08	-1.9761e-08	-2.007e-08	-2.0252e-08	-2.014e-08	-1.9839e-08	-1.9494e-08	-1.9184e-08	-1.9243e-08	-1.9875e-08	-2.0621e-08	-2.1122e-08	-2.1434e-08	-2.1706e-08	-2.1779e-08	-2.1447e-08	-2.0947e-08	-2.0668e-08	-2.0702e-08	-2.0808e-08	-2.0686e-08	-2.0206e-08	-1.9643e-08	-1.9228e-08	-1.9012e-08	-1.8968e-08	-1.8879e-08	-1.8718e-08	-1.849e-08	-1.8154e-08	-1.7812e-08	-1.7518e-08	-1.7303e-08	-1.7166e-08	-1.7064e-08
-3.1721e-08	-3.1286e-08	-3.0942e-08	-3.0677e-08	-3.0404e-08	-3.004e-08	-2.9496e-08	-2.8866e-08	-2.8223e-08	-2.7556e-08	-2.6918e-08	-2.6229e-08	-2.5396e-08	-2.4527e-08	-2.4044e-08	-2.4183e-08	-2.4517e-08	-2.4691e-08	-2.4663e-08	-2.4573e-08	-2.4382e-08	-2.413e-08	-2.3917e-08	-2.3815e-08	-2.4017e-08	-2.4762e-08	-2.6076e-08	-2.7761e-08	-2.9469e-08	-3.0938e-08	-3.2102e-08	-3.2951e-08	-3.3465e-08	-3.3489e-08	-3.2633e-08	-3.0716e-08	-2.809e-08	-2.5117e-08	-2.1887e-08	-1.8342e-08	-1.4594e-08	-1.081e-08	-7.1509e-09	-3.5207e-09	3.1208e-11	3.3988e-09	6.551e-09	9.6095e-09	1.2725e-08	1.5987e-08	1.9306e-08	2.2619e-08	2.5816e-08	2.8796e-08	3.1634e-08	3.4512e-08	3.7389e-08	4.0101e-08	4.2673e-08	4.5256e-08	4.7797e-08	5.0108e-08	5.1807e-08	5.2425e-08	5.1996e-08	5.092e-08	4.9358e-08	4.7325e-08	4.4898e-08	4.222e-08	3.9448e-08	3.6618e-08	3.3585e-08	3.0223e-08	2.6514e-08	2.2526e-08	1.8363e-08	1.4121e-08	9.8871e-09	5.6327e-09	1.2216e-09	-3.4894e-09	-8.4764e-09	-1.3486e-08	-1.8155e-08	-2.222e-08	-2.5272e-08	-2.7175e-08	-2.8241e-08	-2.8607e-08	-2.8247e-08	-2.7426e-08	-2.6507e-08	-2.567e-08	-2.4909e-08	-2.4312e-08	-2.3886e-08	-2.3428e-08	-2.2929e-08	-2.245e-08	-2.2141e-08	-2.2013e-08	-2.1959e-08	-2.1926e-08	-2.1881e-08	-2.1894e-08	-2.1965e-08	-2.1954e-08	-2.1781e-08	-2.1593e-08	-2.1589e-08	-2.1787e-08	-2.1977e-08	-2.1965e-08	-2.1923e-08	-2.2054e-08	-2.2244e-08	-2.2369e-08	-2.2574e-08	-2.2964e-08	-2.3341e-08	-2.3566e-08	-2.3718e-08	-2.3969e-08	-2.4454e-08	-2.5058e-08	-2.5408e-08	-2.5252e-08	-2.4638e-08	-2.3894e-08	-2.3457e-08	-2.3262e-08	-2.3091e-08	-2.2914e-08	-2.2679e-08	-2.231e-08	-2.1715e-08	-2.099e-08	-2.0398e-08	-2.0134e-08	-2.0193e-08	-2.0292e-08	-2.0316e-08	-2.022e-08	-1.9975e-08	-1.9727e-08	-1.9774e-08	-2.0086e-08	-2.0282e-08	-2.0192e-08	-1.9907e-08	-1.9563e-08	-1.9242e-08	-1.9269e-08	-1.9836e-08	-2.0526e-08	-2.1004e-08	-2.132e-08	-2.163e-08	-2.1772e-08	-2.1516e-08	-2.1059e-08	-2.0786e-08	-2.0811e-08	-2.0899e-08	-2.0755e-08	-2.0252e-08	-1.9651e-08	-1.92e-08	-1.8955e-08	-1.8885e-08	-1.8785e-08	-1.8619e-08	-1.8388e-08	-1.8073e-08	-1.7769e-08	-1.7514e-08	-1.7318e-08	-1.7157e-08	-1.7014e-08
-3.1232e-08	-3.0771e-08	-3.0392e-08	-3.0101e-08	-2.9846e-08	-2.9551e-08	-2.9107e-08	-2.8573e-08	-2.8016e-08	-2.7427e-08	-2.6856e-08	-2.6219e-08	-2.5411e-08	-2.4544e-08	-2.4059e-08	-2.4201e-08	-2.4544e-08	-2.4728e-08	-2.4714e-08	-2.4642e-08	-2.4464e-08	-2.4201e-08	-2.3963e-08	-2.3839e-08	-2.4002e-08	-2.469e-08	-2.5976e-08	-2.7715e-08	-2.9552e-08	-3.1169e-08	-3.2452e-08	-3.335e-08	-3.3855e-08	-3.3849e-08	-3.2946e-08	-3.098e-08	-2.8302e-08	-2.5269e-08	-2.1987e-08	-1.843e-08	-1.4696e-08	-1.0919e-08	-7.2503e-09	-3.6292e-09	-1.0435e-10	3.2464e-09	6.3975e-09	9.4491e-09	1.2544e-08	1.5791e-08	1.9121e-08	2.2471e-08	2.5694e-08	2.8667e-08	3.1483e-08	3.4354e-08	3.7267e-08	4.002e-08	4.2609e-08	4.5202e-08	4.7755e-08	5.0066e-08	5.1751e-08	5.2368e-08	5.1935e-08	5.0828e-08	4.9227e-08	4.7174e-08	4.4742e-08	4.2056e-08	3.9266e-08	3.6417e-08	3.3366e-08	2.9984e-08	2.6262e-08	2.2279e-08	1.814e-08	1.3942e-08	9.7606e-09	5.559e-09	1.2029e-09	-3.4351e-09	-8.3351e-09	-1.3286e-08	-1.7951e-08	-2.2085e-08	-2.5276e-08	-2.7317e-08	-2.8472e-08	-2.8851e-08	-2.8439e-08	-2.7543e-08	-2.6566e-08	-2.5706e-08	-2.4949e-08	-2.4356e-08	-2.3918e-08	-2.3452e-08	-2.2963e-08	-2.2505e-08	-2.2196e-08	-2.2039e-08	-2.1951e-08	-2.1892e-08	-2.1829e-08	-2.1828e-08	-2.191e-08	-2.1945e-08	-2.183e-08	-2.1692e-08	-2.1699e-08	-2.1873e-08	-2.2028e-08	-2.1974e-08	-2.1877e-08	-2.1983e-08	-2.2181e-08	-2.2327e-08	-2.2554e-08	-2.2976e-08	-2.3399e-08	-2.3671e-08	-2.3832e-08	-2.405e-08	-2.4501e-08	-2.511e-08	-2.5498e-08	-2.5384e-08	-2.4808e-08	-2.4092e-08	-2.3657e-08	-2.3447e-08	-2.3252e-08	-2.305e-08	-2.2807e-08	-2.2456e-08	-2.1902e-08	-2.1214e-08	-2.0611e-08	-2.0288e-08	-2.0285e-08	-2.035e-08	-2.0344e-08	-2.022e-08	-1.9972e-08	-1.9737e-08	-1.9788e-08	-2.0104e-08	-2.0316e-08	-2.0253e-08	-1.9992e-08	-1.9657e-08	-1.9332e-08	-1.933e-08	-1.9827e-08	-2.0455e-08	-2.0899e-08	-2.1209e-08	-2.1543e-08	-2.1743e-08	-2.1557e-08	-2.1138e-08	-2.0867e-08	-2.088e-08	-2.0952e-08	-2.0793e-08	-2.0276e-08	-1.9649e-08	-1.9165e-08	-1.8893e-08	-1.8796e-08	-1.8686e-08	-1.8516e-08	-1.8286e-08	-1.7993e-08	-1.7725e-08	-1.7509e-08	-1.7332e-08	-1.7152e-08	-1.6978e-08
-3.0703e-08	-3.0228e-08	-2.9823e-08	-2.9507e-08	-2.9265e-08	-2.9033e-08	-2.869e-08	-2.8252e-08	-2.7781e-08	-2.7279e-08	-2.6779e-08	-2.6198e-08	-2.543e-08	-2.4585e-08	-2.411e-08	-2.4243e-08	-2.4583e-08	-2.4772e-08	-2.4771e-08	-2.4714e-08	-2.4551e-08	-2.4283e-08	-2.4024e-08	-2.388e-08	-2.4006e-08	-2.4632e-08	-2.5876e-08	-2.7646e-08	-2.9595e-08	-3.1355e-08	-3.2758e-08	-3.3712e-08	-3.4214e-08	-3.4175e-08	-3.3224e-08	-3.1214e-08	-2.8488e-08	-2.5396e-08	-2.2061e-08	-1.8493e-08	-1.478e-08	-1.1018e-08	-7.3448e-09	-3.7343e-09	-2.3661e-10	3.0964e-09	6.2469e-09	9.2952e-09	1.2374e-08	1.5604e-08	1.8944e-08	2.2328e-08	2.5575e-08	2.8545e-08	3.1339e-08	3.4204e-08	3.7151e-08	3.995e-08	4.2562e-08	4.5165e-08	4.7729e-08	5.0037e-08	5.1708e-08	5.2326e-08	5.1895e-08	5.0762e-08	4.9127e-08	4.7054e-08	4.4617e-08	4.192e-08	3.9107e-08	3.6236e-08	3.3163e-08	2.976e-08	2.6024e-08	2.2043e-08	1.7927e-08	1.3769e-08	9.64e-09	5.4903e-09	1.189e-09	-3.3761e-09	-8.1878e-09	-1.3073e-08	-1.7722e-08	-2.191e-08	-2.5225e-08	-2.7399e-08	-2.8642e-08	-2.9043e-08	-2.8592e-08	-2.763e-08	-2.6599e-08	-2.5718e-08	-2.4965e-08	-2.4377e-08	-2.3932e-08	-2.346e-08	-2.2983e-08	-2.2549e-08	-2.2246e-08	-2.2065e-08	-2.1945e-08	-2.1858e-08	-2.1776e-08	-2.1761e-08	-2.1851e-08	-2.1924e-08	-2.1864e-08	-2.1777e-08	-2.1795e-08	-2.1943e-08	-2.2064e-08	-2.197e-08	-2.1824e-08	-2.1902e-08	-2.2102e-08	-2.2264e-08	-2.2508e-08	-2.2955e-08	-2.3419e-08	-2.3735e-08	-2.3908e-08	-2.4096e-08	-2.451e-08	-2.5114e-08	-2.5532e-08	-2.5459e-08	-2.4926e-08	-2.4243e-08	-2.3814e-08	-2.359e-08	-2.3374e-08	-2.3151e-08	-2.2903e-08	-2.2573e-08	-2.2061e-08	-2.1414e-08	-2.0809e-08	-2.0436e-08	-2.0374e-08	-2.0403e-08	-2.0368e-08	-2.022e-08	-1.9971e-08	-1.975e-08	-1.9806e-08	-2.0123e-08	-2.0353e-08	-2.0325e-08	-2.0097e-08	-1.9781e-08	-1.9459e-08	-1.9429e-08	-1.9855e-08	-2.0413e-08	-2.0814e-08	-2.1105e-08	-2.145e-08	-2.1694e-08	-2.1566e-08	-2.1181e-08	-2.0908e-08	-2.0904e-08	-2.0961e-08	-2.0793e-08	-2.0274e-08	-1.9633e-08	-1.9124e-08	-1.8826e-08	-1.8702e-08	-1.8583e-08	-1.8413e-08	-1.8187e-08	-1.7915e-08	-1.7682e-08	-1.7503e-08	-1.7346e-08	-1.7152e-08	-1.6956e-08
-3.0151e-08	-2.9675e-08	-2.9251e-08	-2.8915e-08	-2.8685e-08	-2.8514e-08	-2.8267e-08	-2.7922e-08	-2.7533e-08	-2.7117e-08	-2.6694e-08	-2.6176e-08	-2.5454e-08	-2.4639e-08	-2.4178e-08	-2.4303e-08	-2.4636e-08	-2.4827e-08	-2.4835e-08	-2.479e-08	-2.4641e-08	-2.4372e-08	-2.4095e-08	-2.3931e-08	-2.4018e-08	-2.4578e-08	-2.5771e-08	-2.7558e-08	-2.9603e-08	-3.1495e-08	-3.3017e-08	-3.4032e-08	-3.4538e-08	-3.4471e-08	-3.3476e-08	-3.1422e-08	-2.8648e-08	-2.5498e-08	-2.2112e-08	-1.8535e-08	-1.4845e-08	-1.1107e-08	-7.4356e-09	-3.8364e-09	-3.6433e-10	2.9505e-09	6.1002e-09	9.148e-09	1.2214e-08	1.5429e-08	1.8775e-08	2.2188e-08	2.5461e-08	2.843e-08	3.1204e-08	3.4062e-08	3.7042e-08	3.9893e-08	4.2534e-08	4.5147e-08	4.7717e-08	5.002e-08	5.1676e-08	5.2297e-08	5.1874e-08	5.0725e-08	4.906e-08	4.6969e-08	4.4526e-08	4.1818e-08	3.8982e-08	3.6083e-08	3.2986e-08	2.956e-08	2.5809e-08	2.183e-08	1.7735e-08	1.3616e-08	9.5356e-09	5.4363e-09	1.1888e-09	-3.3052e-09	-8.0288e-09	-1.2843e-08	-1.7465e-08	-2.169e-08	-2.5111e-08	-2.7408e-08	-2.8737e-08	-2.9166e-08	-2.869e-08	-2.7675e-08	-2.6598e-08	-2.5699e-08	-2.4951e-08	-2.4372e-08	-2.3922e-08	-2.3449e-08	-2.2987e-08	-2.258e-08	-2.2287e-08	-2.2089e-08	-2.1938e-08	-2.1822e-08	-2.1722e-08	-2.1694e-08	-2.1787e-08	-2.1892e-08	-2.1882e-08	-2.1842e-08	-2.1872e-08	-2.1993e-08	-2.2079e-08	-2.1951e-08	-2.1763e-08	-2.181e-08	-2.2007e-08	-2.218e-08	-2.2433e-08	-2.2896e-08	-2.3396e-08	-2.3751e-08	-2.3938e-08	-2.4102e-08	-2.4477e-08	-2.5067e-08	-2.5505e-08	-2.5471e-08	-2.4985e-08	-2.4341e-08	-2.392e-08	-2.3684e-08	-2.345e-08	-2.3212e-08	-2.2965e-08	-2.2657e-08	-2.2189e-08	-2.1586e-08	-2.0987e-08	-2.0574e-08	-2.0458e-08	-2.045e-08	-2.0388e-08	-2.0219e-08	-1.9972e-08	-1.9767e-08	-1.9828e-08	-2.0145e-08	-2.0394e-08	-2.0405e-08	-2.0222e-08	-1.9934e-08	-1.9623e-08	-1.9569e-08	-1.9924e-08	-2.0406e-08	-2.0751e-08	-2.1011e-08	-2.1352e-08	-2.1624e-08	-2.1543e-08	-2.1183e-08	-2.0901e-08	-2.0876e-08	-2.0919e-08	-2.0751e-08	-2.0243e-08	-1.9601e-08	-1.9076e-08	-1.8753e-08	-1.8603e-08	-1.8478e-08	-1.8312e-08	-1.8094e-08	-1.7843e-08	-1.7643e-08	-1.75e-08	-1.736e-08	-1.7157e-08	-1.6949e-08
-2.9596e-08	-2.913e-08	-2.87e-08	-2.8348e-08	-2.813e-08	-2.8013e-08	-2.7855e-08	-2.7595e-08	-2.7285e-08	-2.6952e-08	-2.6606e-08	-2.6154e-08	-2.5484e-08	-2.4706e-08	-2.4261e-08	-2.4378e-08	-2.4704e-08	-2.4891e-08	-2.4905e-08	-2.4868e-08	-2.4734e-08	-2.4467e-08	-2.4176e-08	-2.3992e-08	-2.4038e-08	-2.453e-08	-2.5663e-08	-2.7451e-08	-2.9576e-08	-3.1588e-08	-3.3222e-08	-3.4302e-08	-3.482e-08	-3.473e-08	-3.3694e-08	-3.16e-08	-2.8778e-08	-2.5571e-08	-2.2139e-08	-1.8554e-08	-1.4893e-08	-1.1187e-08	-7.524e-09	-3.9366e-09	-4.8784e-10	2.809e-09	5.9578e-09	9.0079e-09	1.2065e-08	1.5265e-08	1.8615e-08	2.2053e-08	2.535e-08	2.8321e-08	3.108e-08	3.3929e-08	3.6941e-08	3.9848e-08	4.2523e-08	4.5146e-08	4.7721e-08	5.0016e-08	5.1656e-08	5.2282e-08	5.1872e-08	5.0715e-08	4.9028e-08	4.6924e-08	4.4476e-08	4.1757e-08	3.8895e-08	3.5968e-08	3.2845e-08	2.9396e-08	2.5631e-08	2.1653e-08	1.7577e-08	1.3493e-08	9.4583e-09	5.4068e-09	1.2108e-09	-3.2148e-09	-7.8522e-09	-1.259e-08	-1.7174e-08	-2.1418e-08	-2.4924e-08	-2.7331e-08	-2.874e-08	-2.9203e-08	-2.8718e-08	-2.7666e-08	-2.6554e-08	-2.5643e-08	-2.4904e-08	-2.4335e-08	-2.3885e-08	-2.3416e-08	-2.2971e-08	-2.2596e-08	-2.2318e-08	-2.2109e-08	-2.1931e-08	-2.1786e-08	-2.1668e-08	-2.1628e-08	-2.172e-08	-2.1847e-08	-2.1881e-08	-2.1886e-08	-2.1928e-08	-2.2022e-08	-2.207e-08	-2.1912e-08	-2.1689e-08	-2.1707e-08	-2.1897e-08	-2.2075e-08	-2.2329e-08	-2.2797e-08	-2.3324e-08	-2.3716e-08	-2.3917e-08	-2.4061e-08	-2.4397e-08	-2.4964e-08	-2.5414e-08	-2.5415e-08	-2.4978e-08	-2.4378e-08	-2.3969e-08	-2.3723e-08	-2.3474e-08	-2.3226e-08	-2.2986e-08	-2.2706e-08	-2.2282e-08	-2.1724e-08	-2.1141e-08	-2.07e-08	-2.0534e-08	-2.0491e-08	-2.0404e-08	-2.0218e-08	-1.9977e-08	-1.9789e-08	-1.9855e-08	-2.017e-08	-2.0438e-08	-2.0496e-08	-2.0366e-08	-2.0119e-08	-1.9829e-08	-1.9755e-08	-2.0039e-08	-2.0438e-08	-2.0717e-08	-2.0932e-08	-2.1253e-08	-2.1535e-08	-2.1485e-08	-2.1141e-08	-2.0844e-08	-2.0791e-08	-2.0821e-08	-2.0661e-08	-2.0179e-08	-1.9551e-08	-1.9019e-08	-1.8676e-08	-1.8502e-08	-1.8372e-08	-1.8215e-08	-1.8008e-08	-1.7778e-08	-1.761e-08	-1.7499e-08	-1.7375e-08	-1.7168e-08	-1.6958e-08
-2.9056e-08	-2.8614e-08	-2.8188e-08	-2.7827e-08	-2.762e-08	-2.7552e-08	-2.7473e-08	-2.729e-08	-2.7048e-08	-2.6793e-08	-2.6521e-08	-2.6135e-08	-2.5521e-08	-2.4784e-08	-2.436e-08	-2.447e-08	-2.4784e-08	-2.4965e-08	-2.4978e-08	-2.4947e-08	-2.4826e-08	-2.4566e-08	-2.4264e-08	-2.406e-08	-2.4066e-08	-2.4488e-08	-2.5555e-08	-2.7329e-08	-2.9513e-08	-3.1629e-08	-3.3366e-08	-3.4512e-08	-3.5049e-08	-3.4942e-08	-3.3873e-08	-3.1741e-08	-2.8872e-08	-2.5613e-08	-2.2138e-08	-1.855e-08	-1.4923e-08	-1.1258e-08	-7.6114e-09	-4.0362e-09	-6.0763e-10	2.6722e-09	5.82e-09	8.8754e-09	1.1928e-08	1.5115e-08	1.8464e-08	2.1921e-08	2.5242e-08	2.822e-08	3.0966e-08	3.3806e-08	3.6849e-08	3.9814e-08	4.253e-08	4.5164e-08	4.7738e-08	5.0022e-08	5.1646e-08	5.2278e-08	5.1887e-08	5.0731e-08	4.9033e-08	4.692e-08	4.4469e-08	4.1741e-08	3.8856e-08	3.5897e-08	3.2747e-08	2.9277e-08	2.5499e-08	2.1522e-08	1.7464e-08	1.3412e-08	9.4188e-09	5.4118e-09	1.2642e-09	-3.0972e-09	-7.6518e-09	-1.231e-08	-1.6845e-08	-2.1089e-08	-2.4658e-08	-2.7155e-08	-2.8636e-08	-2.9136e-08	-2.8658e-08	-2.7589e-08	-2.6457e-08	-2.5542e-08	-2.4818e-08	-2.4263e-08	-2.3818e-08	-2.3356e-08	-2.2934e-08	-2.2593e-08	-2.2337e-08	-2.2125e-08	-2.1923e-08	-2.1748e-08	-2.1613e-08	-2.1562e-08	-2.1649e-08	-2.179e-08	-2.1861e-08	-2.1906e-08	-2.1957e-08	-2.2023e-08	-2.2033e-08	-2.1851e-08	-2.1602e-08	-2.1593e-08	-2.1771e-08	-2.1947e-08	-2.2194e-08	-2.2656e-08	-2.32e-08	-2.3622e-08	-2.384e-08	-2.397e-08	-2.4267e-08	-2.4803e-08	-2.5252e-08	-2.5284e-08	-2.4898e-08	-2.4348e-08	-2.3955e-08	-2.3701e-08	-2.3441e-08	-2.319e-08	-2.2963e-08	-2.2714e-08	-2.2336e-08	-2.1826e-08	-2.1266e-08	-2.0809e-08	-2.0601e-08	-2.0524e-08	-2.0416e-08	-2.0218e-08	-1.9985e-08	-1.9817e-08	-1.9888e-08	-2.0198e-08	-2.0486e-08	-2.0595e-08	-2.0529e-08	-2.0334e-08	-2.0075e-08	-1.9986e-08	-2.0199e-08	-2.0511e-08	-2.0713e-08	-2.0871e-08	-2.1155e-08	-2.143e-08	-2.1397e-08	-2.106e-08	-2.0741e-08	-2.0655e-08	-2.0671e-08	-2.0527e-08	-2.0083e-08	-1.9485e-08	-1.8956e-08	-1.8597e-08	-1.84e-08	-1.8268e-08	-1.8124e-08	-1.7933e-08	-1.7724e-08	-1.7583e-08	-1.7501e-08	-1.7391e-08	-1.7183e-08	-1.698e-08
-2.8551e-08	-2.8147e-08	-2.7738e-08	-2.7375e-08	-2.7178e-08	-2.7152e-08	-2.7141e-08	-2.7021e-08	-2.6836e-08	-2.6649e-08	-2.6446e-08	-2.6124e-08	-2.5566e-08	-2.4875e-08	-2.4474e-08	-2.4575e-08	-2.4876e-08	-2.5046e-08	-2.5055e-08	-2.5024e-08	-2.4917e-08	-2.4666e-08	-2.4358e-08	-2.4137e-08	-2.4102e-08	-2.4454e-08	-2.5449e-08	-2.7195e-08	-2.9417e-08	-3.1615e-08	-3.3442e-08	-3.4654e-08	-3.5217e-08	-3.5101e-08	-3.4004e-08	-3.1838e-08	-2.8927e-08	-2.5621e-08	-2.211e-08	-1.8522e-08	-1.4935e-08	-1.132e-08	-7.699e-09	-4.1366e-09	-7.2434e-10	2.5402e-09	5.6873e-09	8.7508e-09	1.1804e-08	1.498e-08	1.8324e-08	2.1794e-08	2.5136e-08	2.8124e-08	3.0863e-08	3.3695e-08	3.6765e-08	3.9793e-08	4.2556e-08	4.5201e-08	4.777e-08	5.0039e-08	5.1646e-08	5.2284e-08	5.1918e-08	5.0775e-08	4.9075e-08	4.6962e-08	4.4512e-08	4.1778e-08	3.887e-08	3.5881e-08	3.2704e-08	2.9214e-08	2.5426e-08	2.1451e-08	1.7408e-08	1.3385e-08	9.4282e-09	5.4612e-09	1.3578e-09	-2.9447e-09	-7.4211e-09	-1.1997e-08	-1.6474e-08	-2.0699e-08	-2.4304e-08	-2.687e-08	-2.841e-08	-2.8949e-08	-2.8494e-08	-2.743e-08	-2.6297e-08	-2.5391e-08	-2.4687e-08	-2.4151e-08	-2.3715e-08	-2.3267e-08	-2.2871e-08	-2.257e-08	-2.2343e-08	-2.2134e-08	-2.1913e-08	-2.1709e-08	-2.1557e-08	-2.1497e-08	-2.1575e-08	-2.172e-08	-2.1819e-08	-2.1899e-08	-2.1959e-08	-2.1995e-08	-2.1965e-08	-2.1763e-08	-2.15e-08	-2.1468e-08	-2.163e-08	-2.1799e-08	-2.2029e-08	-2.2473e-08	-2.3023e-08	-2.347e-08	-2.3705e-08	-2.3826e-08	-2.4087e-08	-2.4584e-08	-2.5023e-08	-2.5079e-08	-2.4745e-08	-2.425e-08	-2.3878e-08	-2.3618e-08	-2.3349e-08	-2.3102e-08	-2.2897e-08	-2.2682e-08	-2.2352e-08	-2.1891e-08	-2.1362e-08	-2.09e-08	-2.0658e-08	-2.0551e-08	-2.0424e-08	-2.022e-08	-1.9998e-08	-1.9852e-08	-1.9927e-08	-2.023e-08	-2.0537e-08	-2.0701e-08	-2.0707e-08	-2.0574e-08	-2.0354e-08	-2.0256e-08	-2.0402e-08	-2.0624e-08	-2.0741e-08	-2.083e-08	-2.1063e-08	-2.1317e-08	-2.1287e-08	-2.0949e-08	-2.0603e-08	-2.0479e-08	-2.0481e-08	-2.0357e-08	-1.9962e-08	-1.9406e-08	-1.8891e-08	-1.8519e-08	-1.8301e-08	-1.8168e-08	-1.804e-08	-1.7867e-08	-1.7679e-08	-1.7564e-08	-1.7508e-08	-1.741e-08	-1.7203e-08	-1.7012e-08
-2.8099e-08	-2.7748e-08	-2.7369e-08	-2.7013e-08	-2.6826e-08	-2.6834e-08	-2.6877e-08	-2.6807e-08	-2.6663e-08	-2.653e-08	-2.6388e-08	-2.6124e-08	-2.5621e-08	-2.4978e-08	-2.4601e-08	-2.4695e-08	-2.4979e-08	-2.5134e-08	-2.5133e-08	-2.51e-08	-2.5004e-08	-2.4765e-08	-2.4456e-08	-2.422e-08	-2.4147e-08	-2.443e-08	-2.5348e-08	-2.705e-08	-2.9288e-08	-3.1546e-08	-3.3445e-08	-3.4717e-08	-3.5313e-08	-3.5197e-08	-3.4081e-08	-3.1887e-08	-2.8937e-08	-2.5589e-08	-2.205e-08	-1.847e-08	-1.4929e-08	-1.1375e-08	-7.7879e-09	-4.2392e-09	-8.3879e-10	2.4131e-09	5.5598e-09	8.6345e-09	1.1694e-08	1.486e-08	1.8196e-08	2.1671e-08	2.5031e-08	2.8034e-08	3.0771e-08	3.3596e-08	3.6691e-08	3.9785e-08	4.2602e-08	4.5257e-08	4.7816e-08	5.0066e-08	5.1654e-08	5.23e-08	5.1964e-08	5.0843e-08	4.9155e-08	4.7051e-08	4.4608e-08	4.1871e-08	3.8945e-08	3.5925e-08	3.2722e-08	2.9216e-08	2.5421e-08	2.145e-08	1.7422e-08	1.3423e-08	9.497e-09	5.5646e-09	1.5005e-09	-2.7496e-09	-7.1543e-09	-1.1649e-08	-1.6058e-08	-2.0242e-08	-2.3857e-08	-2.6467e-08	-2.805e-08	-2.8629e-08	-2.8214e-08	-2.7179e-08	-2.6067e-08	-2.5184e-08	-2.4509e-08	-2.3997e-08	-2.3576e-08	-2.3147e-08	-2.2783e-08	-2.2526e-08	-2.2333e-08	-2.2136e-08	-2.1902e-08	-2.167e-08	-2.1501e-08	-2.1434e-08	-2.1501e-08	-2.1641e-08	-2.1759e-08	-2.1868e-08	-2.1935e-08	-2.194e-08	-2.187e-08	-2.1653e-08	-2.1385e-08	-2.1335e-08	-2.148e-08	-2.1636e-08	-2.1843e-08	-2.2257e-08	-2.2801e-08	-2.3266e-08	-2.3518e-08	-2.3636e-08	-2.3864e-08	-2.4317e-08	-2.4735e-08	-2.4809e-08	-2.4527e-08	-2.4091e-08	-2.3745e-08	-2.3482e-08	-2.3208e-08	-2.2969e-08	-2.2791e-08	-2.2616e-08	-2.2334e-08	-2.1924e-08	-2.1433e-08	-2.0977e-08	-2.0708e-08	-2.0573e-08	-2.043e-08	-2.0223e-08	-2.0016e-08	-1.9893e-08	-1.9975e-08	-2.0269e-08	-2.0591e-08	-2.0812e-08	-2.0896e-08	-2.0833e-08	-2.066e-08	-2.0559e-08	-2.0642e-08	-2.0773e-08	-2.08e-08	-2.0811e-08	-2.0983e-08	-2.1201e-08	-2.1164e-08	-2.0817e-08	-2.044e-08	-2.0276e-08	-2.0262e-08	-2.0163e-08	-1.9824e-08	-1.932e-08	-1.8826e-08	-1.8446e-08	-1.8208e-08	-1.8075e-08	-1.7965e-08	-1.7814e-08	-1.7647e-08	-1.7554e-08	-1.752e-08	-1.7432e-08	-1.7228e-08	-1.7051e-08
-2.7719e-08	-2.7436e-08	-2.7103e-08	-2.6762e-08	-2.6585e-08	-2.662e-08	-2.6702e-08	-2.6663e-08	-2.6543e-08	-2.6448e-08	-2.6355e-08	-2.614e-08	-2.5688e-08	-2.5092e-08	-2.4741e-08	-2.4828e-08	-2.5092e-08	-2.5226e-08	-2.5211e-08	-2.5172e-08	-2.5085e-08	-2.4862e-08	-2.4557e-08	-2.4308e-08	-2.42e-08	-2.4415e-08	-2.5254e-08	-2.6898e-08	-2.9127e-08	-3.1419e-08	-3.3369e-08	-3.4695e-08	-3.5328e-08	-3.5221e-08	-3.4096e-08	-3.188e-08	-2.8897e-08	-2.5516e-08	-2.1957e-08	-1.8391e-08	-1.4904e-08	-1.1422e-08	-7.8792e-09	-4.3456e-09	-9.519e-10	2.2908e-09	5.438e-09	8.5266e-09	1.1598e-08	1.4758e-08	1.8082e-08	2.1554e-08	2.4929e-08	2.795e-08	3.069e-08	3.351e-08	3.6627e-08	3.9789e-08	4.2666e-08	4.5333e-08	4.7877e-08	5.0102e-08	5.1669e-08	5.2323e-08	5.2022e-08	5.0936e-08	4.9273e-08	4.7187e-08	4.4758e-08	4.2024e-08	3.9081e-08	3.6033e-08	3.2806e-08	2.9286e-08	2.5488e-08	2.1523e-08	1.7508e-08	1.353e-08	9.6274e-09	5.7237e-09	1.6929e-09	-2.5119e-09	-6.8522e-09	-1.1266e-08	-1.56e-08	-1.9727e-08	-2.3324e-08	-2.5955e-08	-2.7565e-08	-2.8183e-08	-2.7822e-08	-2.6839e-08	-2.577e-08	-2.4924e-08	-2.4288e-08	-2.3805e-08	-2.3403e-08	-2.2999e-08	-2.267e-08	-2.2462e-08	-2.231e-08	-2.2132e-08	-2.189e-08	-2.1633e-08	-2.1448e-08	-2.1375e-08	-2.143e-08	-2.1558e-08	-2.1687e-08	-2.1819e-08	-2.1892e-08	-2.1868e-08	-2.1758e-08	-2.1529e-08	-2.1265e-08	-2.1203e-08	-2.1329e-08	-2.1468e-08	-2.1645e-08	-2.2019e-08	-2.2548e-08	-2.3023e-08	-2.3291e-08	-2.341e-08	-2.3608e-08	-2.4012e-08	-2.4402e-08	-2.4487e-08	-2.4255e-08	-2.3881e-08	-2.3564e-08	-2.3301e-08	-2.3024e-08	-2.2797e-08	-2.2651e-08	-2.2519e-08	-2.2287e-08	-2.1929e-08	-2.148e-08	-2.1039e-08	-2.0753e-08	-2.0594e-08	-2.0436e-08	-2.0231e-08	-2.004e-08	-1.9942e-08	-2.003e-08	-2.0314e-08	-2.0649e-08	-2.0925e-08	-2.1091e-08	-2.1105e-08	-2.0984e-08	-2.0886e-08	-2.0912e-08	-2.0954e-08	-2.0889e-08	-2.0817e-08	-2.0917e-08	-2.1089e-08	-2.1034e-08	-2.0674e-08	-2.0264e-08	-2.0056e-08	-2.0025e-08	-1.9953e-08	-1.9675e-08	-1.9231e-08	-1.8767e-08	-1.8382e-08	-1.8125e-08	-1.7991e-08	-1.7901e-08	-1.7774e-08	-1.7627e-08	-1.7553e-08	-1.7539e-08	-1.7459e-08	-1.7257e-08	-1.7097e-08
-2.7427e-08	-2.723e-08	-2.6959e-08	-2.6645e-08	-2.6478e-08	-2.6531e-08	-2.6637e-08	-2.6608e-08	-2.6491e-08	-2.6414e-08	-2.6354e-08	-2.6177e-08	-2.5769e-08	-2.522e-08	-2.4894e-08	-2.4973e-08	-2.5214e-08	-2.5323e-08	-2.5288e-08	-2.5239e-08	-2.5158e-08	-2.4953e-08	-2.4657e-08	-2.4402e-08	-2.4261e-08	-2.4411e-08	-2.5168e-08	-2.6742e-08	-2.8937e-08	-3.1234e-08	-3.3209e-08	-3.4578e-08	-3.5254e-08	-3.5166e-08	-3.4041e-08	-3.1812e-08	-2.8803e-08	-2.5396e-08	-2.1829e-08	-1.8286e-08	-1.4859e-08	-1.146e-08	-7.9728e-09	-4.456e-09	-1.0639e-09	2.174e-09	5.3227e-09	8.4277e-09	1.1516e-08	1.4673e-08	1.7982e-08	2.1443e-08	2.4827e-08	2.787e-08	3.062e-08	3.3437e-08	3.6573e-08	3.9803e-08	4.2747e-08	4.5427e-08	4.795e-08	5.0145e-08	5.169e-08	5.2352e-08	5.2091e-08	5.1049e-08	4.9422e-08	4.7366e-08	4.4957e-08	4.2229e-08	3.9275e-08	3.62e-08	3.2949e-08	2.9418e-08	2.562e-08	2.1663e-08	1.766e-08	1.3697e-08	9.8131e-09	5.9318e-09	1.9285e-09	-2.2382e-09	-6.5217e-09	-1.0858e-08	-1.5112e-08	-1.9167e-08	-2.2725e-08	-2.5353e-08	-2.6975e-08	-2.7629e-08	-2.7333e-08	-2.6422e-08	-2.5414e-08	-2.462e-08	-2.403e-08	-2.358e-08	-2.3203e-08	-2.2827e-08	-2.2538e-08	-2.2382e-08	-2.2276e-08	-2.2123e-08	-2.188e-08	-2.16e-08	-2.1399e-08	-2.1324e-08	-2.1366e-08	-2.1477e-08	-2.1609e-08	-2.176e-08	-2.1839e-08	-2.1787e-08	-2.1637e-08	-2.1399e-08	-2.1147e-08	-2.1079e-08	-2.1187e-08	-2.1305e-08	-2.1446e-08	-2.1772e-08	-2.2275e-08	-2.2754e-08	-2.3036e-08	-2.3158e-08	-2.3329e-08	-2.3682e-08	-2.4034e-08	-2.4123e-08	-2.3938e-08	-2.3627e-08	-2.3345e-08	-2.3084e-08	-2.2805e-08	-2.2594e-08	-2.2483e-08	-2.2396e-08	-2.2216e-08	-2.191e-08	-2.1508e-08	-2.1091e-08	-2.0794e-08	-2.0614e-08	-2.0445e-08	-2.0243e-08	-2.007e-08	-1.9998e-08	-2.0094e-08	-2.0366e-08	-2.071e-08	-2.1039e-08	-2.1287e-08	-2.1383e-08	-2.132e-08	-2.1231e-08	-2.1207e-08	-2.1164e-08	-2.1007e-08	-2.0848e-08	-2.087e-08	-2.0987e-08	-2.0906e-08	-2.0529e-08	-2.0085e-08	-1.9833e-08	-1.9783e-08	-1.9737e-08	-1.9523e-08	-1.9145e-08	-1.8716e-08	-1.8331e-08	-1.8056e-08	-1.7919e-08	-1.785e-08	-1.7748e-08	-1.762e-08	-1.7563e-08	-1.7565e-08	-1.749e-08	-1.729e-08	-1.7147e-08
-2.7243e-08	-2.7149e-08	-2.6958e-08	-2.6682e-08	-2.6526e-08	-2.6588e-08	-2.6699e-08	-2.6659e-08	-2.652e-08	-2.6437e-08	-2.6392e-08	-2.6239e-08	-2.5866e-08	-2.536e-08	-2.5059e-08	-2.513e-08	-2.5344e-08	-2.5423e-08	-2.5363e-08	-2.5299e-08	-2.5224e-08	-2.5037e-08	-2.4757e-08	-2.4498e-08	-2.4329e-08	-2.4417e-08	-2.5092e-08	-2.6584e-08	-2.8723e-08	-3.0995e-08	-3.297e-08	-3.4369e-08	-3.5089e-08	-3.5031e-08	-3.3917e-08	-3.1682e-08	-2.8655e-08	-2.523e-08	-2.1664e-08	-1.8152e-08	-1.4794e-08	-1.1486e-08	-8.0655e-09	-4.5684e-09	-1.1732e-09	2.0642e-09	5.2154e-09	8.3383e-09	1.1448e-08	1.4606e-08	1.7897e-08	2.134e-08	2.4729e-08	2.7794e-08	3.056e-08	3.3376e-08	3.6528e-08	3.9825e-08	4.284e-08	4.5534e-08	4.8033e-08	5.0194e-08	5.1713e-08	5.2383e-08	5.2164e-08	5.1175e-08	4.9595e-08	4.7578e-08	4.5195e-08	4.2478e-08	3.9515e-08	3.6417e-08	3.3143e-08	2.9602e-08	2.5807e-08	2.1859e-08	1.7867e-08	1.3916e-08	1.0045e-08	6.1808e-09	2.1994e-09	-1.936e-09	-6.1703e-09	-1.0434e-08	-1.4605e-08	-1.8577e-08	-2.2076e-08	-2.4682e-08	-2.6301e-08	-2.6986e-08	-2.6763e-08	-2.5939e-08	-2.501e-08	-2.4278e-08	-2.3741e-08	-2.3329e-08	-2.298e-08	-2.2637e-08	-2.239e-08	-2.2289e-08	-2.2232e-08	-2.211e-08	-2.1871e-08	-2.1572e-08	-2.1357e-08	-2.1282e-08	-2.1313e-08	-2.1404e-08	-2.1532e-08	-2.1697e-08	-2.1783e-08	-2.1705e-08	-2.1517e-08	-2.1271e-08	-2.1038e-08	-2.097e-08	-2.106e-08	-2.1155e-08	-2.1257e-08	-2.1528e-08	-2.1996e-08	-2.2471e-08	-2.2764e-08	-2.289e-08	-2.3036e-08	-2.3336e-08	-2.3646e-08	-2.3731e-08	-2.3587e-08	-2.334e-08	-2.3095e-08	-2.2839e-08	-2.2561e-08	-2.2365e-08	-2.2293e-08	-2.2253e-08	-2.2124e-08	-2.187e-08	-2.1518e-08	-2.1132e-08	-2.0833e-08	-2.0637e-08	-2.0458e-08	-2.0261e-08	-2.0108e-08	-2.0063e-08	-2.0167e-08	-2.0427e-08	-2.0776e-08	-2.1152e-08	-2.1483e-08	-2.1661e-08	-2.166e-08	-2.1586e-08	-2.152e-08	-2.1399e-08	-2.1153e-08	-2.0905e-08	-2.0845e-08	-2.09e-08	-2.0787e-08	-2.0391e-08	-1.9914e-08	-1.9618e-08	-1.9547e-08	-1.9526e-08	-1.9375e-08	-1.9067e-08	-1.8677e-08	-1.8295e-08	-1.8003e-08	-1.7862e-08	-1.7813e-08	-1.7737e-08	-1.7629e-08	-1.7585e-08	-1.7598e-08	-1.7528e-08	-1.7328e-08	-1.7199e-08
-2.7166e-08	-2.7192e-08	-2.7096e-08	-2.6869e-08	-2.6726e-08	-2.6789e-08	-2.6889e-08	-2.6816e-08	-2.663e-08	-2.6519e-08	-2.647e-08	-2.6326e-08	-2.5978e-08	-2.5511e-08	-2.5233e-08	-2.5296e-08	-2.5481e-08	-2.5525e-08	-2.5436e-08	-2.5354e-08	-2.528e-08	-2.5114e-08	-2.4853e-08	-2.4596e-08	-2.4403e-08	-2.4433e-08	-2.5026e-08	-2.6427e-08	-2.8489e-08	-3.0712e-08	-3.2662e-08	-3.4076e-08	-3.4841e-08	-3.482e-08	-3.3726e-08	-3.1494e-08	-2.8455e-08	-2.5021e-08	-2.1465e-08	-1.7991e-08	-1.4706e-08	-1.1498e-08	-8.1531e-09	-4.6793e-09	-1.2778e-09	1.9633e-09	5.1178e-09	8.2594e-09	1.1394e-08	1.4556e-08	1.7828e-08	2.1247e-08	2.4635e-08	2.7722e-08	3.0508e-08	3.3325e-08	3.6491e-08	3.9852e-08	4.2941e-08	4.5652e-08	4.8122e-08	5.0245e-08	5.1738e-08	5.2414e-08	5.224e-08	5.1309e-08	4.9786e-08	4.7814e-08	4.5463e-08	4.2761e-08	3.9794e-08	3.6674e-08	3.3379e-08	2.9829e-08	2.6039e-08	2.2102e-08	1.8121e-08	1.4178e-08	1.0315e-08	6.4621e-09	2.4973e-09	-1.613e-09	-5.8057e-09	-1.0002e-08	-1.409e-08	-1.797e-08	-2.1395e-08	-2.396e-08	-2.5563e-08	-2.6274e-08	-2.6128e-08	-2.5404e-08	-2.4566e-08	-2.3907e-08	-2.3428e-08	-2.3058e-08	-2.274e-08	-2.2432e-08	-2.223e-08	-2.2185e-08	-2.2181e-08	-2.2095e-08	-2.1866e-08	-2.1553e-08	-2.1326e-08	-2.1252e-08	-2.1275e-08	-2.1343e-08	-2.1462e-08	-2.1638e-08	-2.1731e-08	-2.163e-08	-2.1407e-08	-2.1155e-08	-2.0945e-08	-2.0884e-08	-2.0958e-08	-2.1028e-08	-2.1087e-08	-2.1298e-08	-2.1722e-08	-2.2186e-08	-2.2486e-08	-2.2617e-08	-2.2741e-08	-2.2987e-08	-2.3247e-08	-2.3322e-08	-2.3215e-08	-2.3029e-08	-2.2824e-08	-2.2576e-08	-2.2298e-08	-2.2119e-08	-2.2085e-08	-2.2095e-08	-2.2017e-08	-2.1814e-08	-2.1515e-08	-2.1166e-08	-2.0873e-08	-2.0664e-08	-2.0478e-08	-2.0288e-08	-2.0154e-08	-2.0137e-08	-2.0251e-08	-2.0497e-08	-2.0845e-08	-2.1264e-08	-2.1674e-08	-2.1936e-08	-2.1998e-08	-2.1944e-08	-2.1844e-08	-2.1654e-08	-2.1326e-08	-2.0991e-08	-2.0846e-08	-2.0834e-08	-2.0685e-08	-2.0268e-08	-1.976e-08	-1.9422e-08	-1.9328e-08	-1.933e-08	-1.9241e-08	-1.9003e-08	-1.8657e-08	-1.828e-08	-1.7971e-08	-1.7823e-08	-1.7794e-08	-1.7745e-08	-1.7653e-08	-1.7619e-08	-1.7641e-08	-1.7572e-08	-1.737e-08	-1.7254e-08
-2.7185e-08	-2.7342e-08	-2.7357e-08	-2.7187e-08	-2.7059e-08	-2.7115e-08	-2.7189e-08	-2.7065e-08	-2.6812e-08	-2.6652e-08	-2.6583e-08	-2.6435e-08	-2.6103e-08	-2.5669e-08	-2.5415e-08	-2.5469e-08	-2.5623e-08	-2.563e-08	-2.5507e-08	-2.5404e-08	-2.5329e-08	-2.5183e-08	-2.4945e-08	-2.4695e-08	-2.4481e-08	-2.4458e-08	-2.497e-08	-2.6274e-08	-2.8243e-08	-3.0394e-08	-3.2297e-08	-3.3711e-08	-3.4517e-08	-3.454e-08	-3.3473e-08	-3.125e-08	-2.8206e-08	-2.477e-08	-2.1231e-08	-1.7801e-08	-1.4594e-08	-1.1491e-08	-8.2313e-09	-4.7851e-09	-1.375e-09	1.8736e-09	5.0321e-09	8.1921e-09	1.1354e-08	1.4524e-08	1.7775e-08	2.1164e-08	2.4546e-08	2.7655e-08	3.0463e-08	3.3285e-08	3.646e-08	3.9881e-08	4.3046e-08	4.5775e-08	4.8215e-08	5.0297e-08	5.176e-08	5.2441e-08	5.2314e-08	5.1447e-08	4.9986e-08	4.8067e-08	4.5753e-08	4.307e-08	4.0102e-08	3.6962e-08	3.3646e-08	3.0088e-08	2.6305e-08	2.238e-08	1.8409e-08	1.4473e-08	1.0613e-08	6.7673e-09	2.8142e-09	-1.2771e-09	-5.4355e-09	-9.5706e-09	-1.3577e-08	-1.736e-08	-2.0697e-08	-2.3206e-08	-2.4781e-08	-2.5511e-08	-2.5443e-08	-2.4828e-08	-2.4093e-08	-2.3516e-08	-2.31e-08	-2.2772e-08	-2.2488e-08	-2.2219e-08	-2.2062e-08	-2.2074e-08	-2.2125e-08	-2.2078e-08	-2.1866e-08	-2.1544e-08	-2.1306e-08	-2.1237e-08	-2.1256e-08	-2.1301e-08	-2.1405e-08	-2.1588e-08	-2.1689e-08	-2.1571e-08	-2.1315e-08	-2.1059e-08	-2.0876e-08	-2.0828e-08	-2.0887e-08	-2.0932e-08	-2.0949e-08	-2.1094e-08	-2.1465e-08	-2.1911e-08	-2.2214e-08	-2.2349e-08	-2.2453e-08	-2.2645e-08	-2.2851e-08	-2.2909e-08	-2.2831e-08	-2.2704e-08	-2.2541e-08	-2.2304e-08	-2.2026e-08	-2.1863e-08	-2.1867e-08	-2.1926e-08	-2.1899e-08	-2.1747e-08	-2.1501e-08	-2.1196e-08	-2.0914e-08	-2.0698e-08	-2.0506e-08	-2.0324e-08	-2.0211e-08	-2.022e-08	-2.0345e-08	-2.0577e-08	-2.0918e-08	-2.1373e-08	-2.1857e-08	-2.2201e-08	-2.2326e-08	-2.2297e-08	-2.2173e-08	-2.1924e-08	-2.1522e-08	-2.1104e-08	-2.0875e-08	-2.0793e-08	-2.0605e-08	-2.017e-08	-1.9635e-08	-1.9257e-08	-1.9139e-08	-1.9161e-08	-1.9129e-08	-1.8959e-08	-1.8657e-08	-1.8288e-08	-1.7963e-08	-1.7806e-08	-1.7795e-08	-1.7771e-08	-1.7696e-08	-1.7667e-08	-1.7694e-08	-1.7624e-08	-1.7417e-08	-1.7308e-08
-2.7284e-08	-2.7581e-08	-2.7716e-08	-2.7613e-08	-2.75e-08	-2.7546e-08	-2.7584e-08	-2.7393e-08	-2.7057e-08	-2.683e-08	-2.6727e-08	-2.6564e-08	-2.6238e-08	-2.5833e-08	-2.56e-08	-2.5647e-08	-2.5768e-08	-2.5736e-08	-2.5577e-08	-2.545e-08	-2.5371e-08	-2.5243e-08	-2.5032e-08	-2.4792e-08	-2.4563e-08	-2.449e-08	-2.4923e-08	-2.6126e-08	-2.7989e-08	-3.0048e-08	-3.1885e-08	-3.3284e-08	-3.4124e-08	-3.4195e-08	-3.3161e-08	-3.0955e-08	-2.7912e-08	-2.4479e-08	-2.0965e-08	-1.7584e-08	-1.4457e-08	-1.1462e-08	-8.2959e-09	-4.8823e-09	-1.4624e-09	1.7971e-09	4.96e-09	8.1374e-09	1.1328e-08	1.4508e-08	1.7739e-08	2.1095e-08	2.4463e-08	2.7592e-08	3.0426e-08	3.3253e-08	3.6435e-08	3.9909e-08	4.3152e-08	4.5901e-08	4.8308e-08	5.0346e-08	5.1778e-08	5.2464e-08	5.2382e-08	5.1582e-08	5.0189e-08	4.8327e-08	4.6055e-08	4.3395e-08	4.0429e-08	3.7272e-08	3.3937e-08	3.0371e-08	2.6595e-08	2.2684e-08	1.8724e-08	1.4791e-08	1.0932e-08	7.0878e-09	3.1418e-09	-9.3598e-10	-5.0672e-09	-9.1488e-09	-1.3076e-08	-1.676e-08	-2e-08	-2.244e-08	-2.3975e-08	-2.4716e-08	-2.4727e-08	-2.4226e-08	-2.3602e-08	-2.3112e-08	-2.2762e-08	-2.248e-08	-2.2231e-08	-2.2001e-08	-2.1891e-08	-2.196e-08	-2.2067e-08	-2.2062e-08	-2.1872e-08	-2.1546e-08	-2.13e-08	-2.1239e-08	-2.1258e-08	-2.1282e-08	-2.1368e-08	-2.1554e-08	-2.1665e-08	-2.1534e-08	-2.125e-08	-2.0991e-08	-2.0839e-08	-2.0809e-08	-2.0857e-08	-2.0876e-08	-2.085e-08	-2.0927e-08	-2.1239e-08	-2.1659e-08	-2.1961e-08	-2.2097e-08	-2.2182e-08	-2.2321e-08	-2.2469e-08	-2.2502e-08	-2.2447e-08	-2.2375e-08	-2.2255e-08	-2.2029e-08	-2.1753e-08	-2.1604e-08	-2.1646e-08	-2.1752e-08	-2.1775e-08	-2.1673e-08	-2.148e-08	-2.1222e-08	-2.096e-08	-2.0741e-08	-2.0545e-08	-2.0371e-08	-2.0278e-08	-2.0313e-08	-2.045e-08	-2.0668e-08	-2.0998e-08	-2.1479e-08	-2.2029e-08	-2.2451e-08	-2.2638e-08	-2.2638e-08	-2.2499e-08	-2.2203e-08	-2.1739e-08	-2.1245e-08	-2.0935e-08	-2.0782e-08	-2.0554e-08	-2.0103e-08	-1.9547e-08	-1.9134e-08	-1.8991e-08	-1.9028e-08	-1.9048e-08	-1.8942e-08	-1.8685e-08	-1.8324e-08	-1.7982e-08	-1.7813e-08	-1.7817e-08	-1.7818e-08	-1.7757e-08	-1.773e-08	-1.7757e-08	-1.7684e-08	-1.7469e-08	-1.7363e-08
-2.7448e-08	-2.789e-08	-2.8154e-08	-2.8124e-08	-2.8029e-08	-2.806e-08	-2.8055e-08	-2.7787e-08	-2.7354e-08	-2.7046e-08	-2.6897e-08	-2.6709e-08	-2.6382e-08	-2.6e-08	-2.5786e-08	-2.5825e-08	-2.5915e-08	-2.5842e-08	-2.5644e-08	-2.5491e-08	-2.5407e-08	-2.5296e-08	-2.5112e-08	-2.4887e-08	-2.4647e-08	-2.4529e-08	-2.4885e-08	-2.5985e-08	-2.7732e-08	-2.9685e-08	-3.1437e-08	-3.2803e-08	-3.3671e-08	-3.3791e-08	-3.2796e-08	-3.061e-08	-2.7575e-08	-2.4152e-08	-2.0668e-08	-1.734e-08	-1.4294e-08	-1.1409e-08	-8.3428e-09	-4.967e-09	-1.5373e-09	1.736e-09	4.9037e-09	8.0967e-09	1.1317e-08	1.451e-08	1.7721e-08	2.1038e-08	2.4388e-08	2.7533e-08	3.0393e-08	3.3229e-08	3.6415e-08	3.9936e-08	4.3254e-08	4.6025e-08	4.8397e-08	5.039e-08	5.1789e-08	5.2477e-08	5.2442e-08	5.1711e-08	5.0388e-08	4.8588e-08	4.6361e-08	4.3726e-08	4.0766e-08	3.7595e-08	3.4241e-08	3.0667e-08	2.6899e-08	2.3004e-08	1.9054e-08	1.5124e-08	1.1261e-08	7.415e-09	3.4719e-09	-5.9749e-10	-4.7084e-09	-8.7445e-09	-1.2598e-08	-1.6183e-08	-1.932e-08	-2.1679e-08	-2.3164e-08	-2.391e-08	-2.3995e-08	-2.3612e-08	-2.3104e-08	-2.2706e-08	-2.2423e-08	-2.2186e-08	-2.1974e-08	-2.1784e-08	-2.1721e-08	-2.1847e-08	-2.201e-08	-2.2048e-08	-2.1884e-08	-2.1562e-08	-2.1311e-08	-2.1261e-08	-2.1285e-08	-2.129e-08	-2.1356e-08	-2.1543e-08	-2.1666e-08	-2.1527e-08	-2.1222e-08	-2.096e-08	-2.0841e-08	-2.0835e-08	-2.0876e-08	-2.087e-08	-2.0801e-08	-2.0809e-08	-2.1055e-08	-2.1443e-08	-2.1737e-08	-2.1871e-08	-2.1938e-08	-2.2025e-08	-2.2113e-08	-2.2115e-08	-2.2075e-08	-2.2052e-08	-2.1974e-08	-2.1763e-08	-2.1487e-08	-2.1351e-08	-2.1426e-08	-2.1578e-08	-2.1649e-08	-2.1595e-08	-2.1457e-08	-2.1249e-08	-2.1012e-08	-2.0795e-08	-2.0597e-08	-2.0432e-08	-2.0358e-08	-2.0418e-08	-2.0567e-08	-2.0771e-08	-2.1083e-08	-2.1582e-08	-2.219e-08	-2.2683e-08	-2.2929e-08	-2.2958e-08	-2.2815e-08	-2.2486e-08	-2.1973e-08	-2.1414e-08	-2.1029e-08	-2.0806e-08	-2.0538e-08	-2.0075e-08	-1.9507e-08	-1.9064e-08	-1.8896e-08	-1.8944e-08	-1.9008e-08	-1.8959e-08	-1.8744e-08	-1.8392e-08	-1.8033e-08	-1.7848e-08	-1.7864e-08	-1.7888e-08	-1.7839e-08	-1.781e-08	-1.7833e-08	-1.7753e-08	-1.7527e-08	-1.7417e-08
-2.7661e-08	-2.825e-08	-2.8649e-08	-2.8697e-08	-2.8622e-08	-2.8636e-08	-2.8585e-08	-2.8232e-08	-2.7692e-08	-2.7291e-08	-2.7087e-08	-2.6867e-08	-2.6531e-08	-2.6166e-08	-2.5971e-08	-2.6003e-08	-2.6061e-08	-2.5947e-08	-2.571e-08	-2.5529e-08	-2.5436e-08	-2.534e-08	-2.5185e-08	-2.4978e-08	-2.4732e-08	-2.4574e-08	-2.4856e-08	-2.5853e-08	-2.7477e-08	-2.9311e-08	-3.0962e-08	-3.2281e-08	-3.3167e-08	-3.3335e-08	-3.238e-08	-3.022e-08	-2.7198e-08	-2.3789e-08	-2.034e-08	-1.707e-08	-1.4105e-08	-1.133e-08	-8.3681e-09	-5.0355e-09	-1.5968e-09	1.6926e-09	4.8652e-09	8.0715e-09	1.132e-08	1.4528e-08	1.7719e-08	2.0997e-08	2.4323e-08	2.7479e-08	3.0366e-08	3.3212e-08	3.6398e-08	3.9959e-08	4.3349e-08	4.6143e-08	4.848e-08	5.0425e-08	5.1791e-08	5.248e-08	5.249e-08	5.1829e-08	5.0578e-08	4.8841e-08	4.6661e-08	4.4055e-08	4.1103e-08	3.7922e-08	3.455e-08	3.0967e-08	2.7208e-08	2.3328e-08	1.9389e-08	1.546e-08	1.1591e-08	7.7402e-09	3.7962e-09	-2.6953e-10	-4.3667e-09	-8.3659e-09	-1.2151e-08	-1.564e-08	-1.867e-08	-2.0942e-08	-2.2368e-08	-2.3111e-08	-2.3266e-08	-2.3e-08	-2.261e-08	-2.2306e-08	-2.209e-08	-2.1898e-08	-2.1722e-08	-2.1573e-08	-2.1556e-08	-2.1737e-08	-2.1956e-08	-2.2038e-08	-2.1905e-08	-2.1593e-08	-2.1341e-08	-2.1306e-08	-2.1339e-08	-2.1331e-08	-2.1376e-08	-2.1562e-08	-2.1698e-08	-2.1558e-08	-2.1237e-08	-2.0976e-08	-2.0892e-08	-2.0914e-08	-2.095e-08	-2.092e-08	-2.0811e-08	-2.0751e-08	-2.0926e-08	-2.1274e-08	-2.1554e-08	-2.1684e-08	-2.1732e-08	-2.1768e-08	-2.1793e-08	-2.1759e-08	-2.1726e-08	-2.1746e-08	-2.1709e-08	-2.1512e-08	-2.1237e-08	-2.1111e-08	-2.1216e-08	-2.1411e-08	-2.1528e-08	-2.1519e-08	-2.1433e-08	-2.1278e-08	-2.1072e-08	-2.0861e-08	-2.0664e-08	-2.0508e-08	-2.0451e-08	-2.0535e-08	-2.0697e-08	-2.0886e-08	-2.1175e-08	-2.1681e-08	-2.2335e-08	-2.2892e-08	-2.319e-08	-2.3252e-08	-2.3114e-08	-2.2767e-08	-2.2223e-08	-2.1611e-08	-2.1158e-08	-2.0869e-08	-2.0564e-08	-2.0095e-08	-1.9523e-08	-1.9058e-08	-1.8866e-08	-1.8919e-08	-1.9019e-08	-1.9018e-08	-1.8839e-08	-1.8495e-08	-1.8119e-08	-1.7915e-08	-1.7938e-08	-1.7982e-08	-1.7942e-08	-1.7908e-08	-1.7921e-08	-1.7832e-08	-1.759e-08	-1.7471e-08
-2.791e-08	-2.8644e-08	-2.918e-08	-2.931e-08	-2.9257e-08	-2.9253e-08	-2.9153e-08	-2.8712e-08	-2.806e-08	-2.7558e-08	-2.7292e-08	-2.7034e-08	-2.6683e-08	-2.6331e-08	-2.615e-08	-2.6176e-08	-2.6204e-08	-2.605e-08	-2.5773e-08	-2.5564e-08	-2.546e-08	-2.5376e-08	-2.525e-08	-2.5063e-08	-2.4816e-08	-2.4623e-08	-2.4836e-08	-2.5731e-08	-2.7228e-08	-2.8933e-08	-3.0471e-08	-3.1727e-08	-3.2618e-08	-3.2832e-08	-3.1918e-08	-2.9787e-08	-2.6784e-08	-2.3395e-08	-1.9985e-08	-1.6773e-08	-1.3888e-08	-1.1221e-08	-8.368e-09	-5.0838e-09	-1.6379e-09	1.6693e-09	4.8467e-09	8.0635e-09	1.1339e-08	1.4563e-08	1.7736e-08	2.0971e-08	2.4268e-08	2.7431e-08	3.0344e-08	3.32e-08	3.6385e-08	3.9976e-08	4.3435e-08	4.6251e-08	4.8552e-08	5.0449e-08	5.178e-08	5.2469e-08	5.2523e-08	5.1931e-08	5.0751e-08	4.9079e-08	4.6948e-08	4.4372e-08	4.1432e-08	3.8243e-08	3.4854e-08	3.1263e-08	2.7511e-08	2.3648e-08	1.9719e-08	1.5791e-08	1.1914e-08	8.0545e-09	4.1062e-09	3.9957e-11	-4.0497e-09	-8.0209e-09	-1.1747e-08	-1.5145e-08	-1.8068e-08	-2.0245e-08	-2.1606e-08	-2.2338e-08	-2.2557e-08	-2.2405e-08	-2.2133e-08	-2.1923e-08	-2.1771e-08	-2.1622e-08	-2.1482e-08	-2.1374e-08	-2.1403e-08	-2.1636e-08	-2.1908e-08	-2.2033e-08	-2.1935e-08	-2.1639e-08	-2.1392e-08	-2.1375e-08	-2.1425e-08	-2.1408e-08	-2.1432e-08	-2.1617e-08	-2.1768e-08	-2.1633e-08	-2.1304e-08	-2.1047e-08	-2.0999e-08	-2.1052e-08	-2.1087e-08	-2.1037e-08	-2.0891e-08	-2.0763e-08	-2.0863e-08	-2.1166e-08	-2.1425e-08	-2.1545e-08	-2.1575e-08	-2.1559e-08	-2.1522e-08	-2.1446e-08	-2.1413e-08	-2.1468e-08	-2.1467e-08	-2.1285e-08	-2.1011e-08	-2.0893e-08	-2.1022e-08	-2.1255e-08	-2.1414e-08	-2.1449e-08	-2.1414e-08	-2.1312e-08	-2.1142e-08	-2.0943e-08	-2.0748e-08	-2.0601e-08	-2.056e-08	-2.0665e-08	-2.084e-08	-2.1014e-08	-2.1274e-08	-2.1777e-08	-2.2465e-08	-2.3074e-08	-2.3418e-08	-2.351e-08	-2.3386e-08	-2.3039e-08	-2.2483e-08	-2.1835e-08	-2.1324e-08	-2.0974e-08	-2.0636e-08	-2.0169e-08	-1.9604e-08	-1.9126e-08	-1.8913e-08	-1.8967e-08	-1.9091e-08	-1.9126e-08	-1.8975e-08	-1.8637e-08	-1.8244e-08	-1.8016e-08	-1.8043e-08	-1.8104e-08	-1.8069e-08	-1.8024e-08	-1.8024e-08	-1.792e-08	-1.766e-08	-1.7525e-08
-2.818e-08	-2.9055e-08	-2.9727e-08	-2.994e-08	-2.991e-08	-2.989e-08	-2.9741e-08	-2.9212e-08	-2.8445e-08	-2.7839e-08	-2.7505e-08	-2.7205e-08	-2.6834e-08	-2.649e-08	-2.6323e-08	-2.6341e-08	-2.6341e-08	-2.615e-08	-2.5833e-08	-2.5596e-08	-2.548e-08	-2.5405e-08	-2.5306e-08	-2.5142e-08	-2.4897e-08	-2.4674e-08	-2.4824e-08	-2.562e-08	-2.6989e-08	-2.8559e-08	-2.9972e-08	-3.1151e-08	-3.2036e-08	-3.229e-08	-3.1416e-08	-2.9316e-08	-2.6336e-08	-2.2972e-08	-1.9604e-08	-1.6453e-08	-1.3644e-08	-1.1081e-08	-8.3389e-09	-5.108e-09	-1.6575e-09	1.6683e-09	4.8505e-09	8.0743e-09	1.1374e-08	1.4614e-08	1.777e-08	2.0962e-08	2.4225e-08	2.739e-08	3.0325e-08	3.3193e-08	3.6373e-08	3.9987e-08	4.3507e-08	4.6345e-08	4.861e-08	5.0459e-08	5.1755e-08	5.2442e-08	5.2538e-08	5.2014e-08	5.0904e-08	4.9295e-08	4.7213e-08	4.4669e-08	4.1744e-08	3.855e-08	3.5144e-08	3.1543e-08	2.7798e-08	2.3952e-08	2.0035e-08	1.6106e-08	1.222e-08	8.3493e-09	4.3936e-09	3.23e-10	-3.7651e-09	-7.7175e-09	-1.1394e-08	-1.4708e-08	-1.7526e-08	-1.9606e-08	-2.0898e-08	-2.1612e-08	-2.1886e-08	-2.1843e-08	-2.1685e-08	-2.1565e-08	-2.1476e-08	-2.1366e-08	-2.126e-08	-2.1191e-08	-2.1265e-08	-2.1547e-08	-2.1869e-08	-2.2036e-08	-2.1975e-08	-2.1703e-08	-2.1466e-08	-2.1472e-08	-2.1544e-08	-2.1525e-08	-2.1532e-08	-2.1715e-08	-2.1882e-08	-2.176e-08	-2.1432e-08	-2.1183e-08	-2.1172e-08	-2.1259e-08	-2.1295e-08	-2.1228e-08	-2.1049e-08	-2.0856e-08	-2.0879e-08	-2.113e-08	-2.1362e-08	-2.1466e-08	-2.1475e-08	-2.1411e-08	-2.131e-08	-2.1189e-08	-2.1147e-08	-2.1228e-08	-2.1259e-08	-2.1091e-08	-2.0818e-08	-2.0705e-08	-2.0852e-08	-2.1117e-08	-2.1315e-08	-2.1389e-08	-2.1402e-08	-2.1355e-08	-2.1225e-08	-2.1042e-08	-2.0852e-08	-2.0713e-08	-2.0685e-08	-2.0809e-08	-2.0997e-08	-2.1156e-08	-2.1383e-08	-2.1871e-08	-2.2577e-08	-2.3225e-08	-2.3605e-08	-2.3726e-08	-2.3624e-08	-2.3296e-08	-2.275e-08	-2.2084e-08	-2.1529e-08	-2.1124e-08	-2.0759e-08	-2.0305e-08	-1.9759e-08	-1.928e-08	-1.9049e-08	-1.9098e-08	-1.9234e-08	-1.9292e-08	-1.9159e-08	-1.8823e-08	-1.8411e-08	-1.8157e-08	-1.8181e-08	-1.8254e-08	-1.8222e-08	-1.8161e-08	-1.8142e-08	-1.802e-08	-1.7738e-08	-1.7579e-08
-2.8458e-08	-2.9465e-08	-3.0268e-08	-3.0565e-08	-3.056e-08	-3.0524e-08	-3.033e-08	-2.9715e-08	-2.8836e-08	-2.8124e-08	-2.7721e-08	-2.7377e-08	-2.6983e-08	-2.6642e-08	-2.6485e-08	-2.6497e-08	-2.6469e-08	-2.6244e-08	-2.5891e-08	-2.5626e-08	-2.5496e-08	-2.5426e-08	-2.5352e-08	-2.5213e-08	-2.4974e-08	-2.4728e-08	-2.4819e-08	-2.5521e-08	-2.6763e-08	-2.8194e-08	-2.9476e-08	-3.0563e-08	-3.1429e-08	-3.1715e-08	-3.0877e-08	-2.881e-08	-2.5857e-08	-2.2522e-08	-1.92e-08	-1.6109e-08	-1.3374e-08	-1.0909e-08	-8.277e-09	-5.104e-09	-1.6524e-09	1.692e-09	4.8787e-09	8.1058e-09	1.1425e-08	1.4682e-08	1.7822e-08	2.0971e-08	2.4196e-08	2.7355e-08	3.0311e-08	3.319e-08	3.6364e-08	3.9989e-08	4.3563e-08	4.6421e-08	4.865e-08	5.0451e-08	5.1711e-08	5.2396e-08	5.2532e-08	5.2073e-08	5.1029e-08	4.948e-08	4.7446e-08	4.4935e-08	4.2028e-08	3.8832e-08	3.5412e-08	3.18e-08	2.8061e-08	2.4231e-08	2.0325e-08	1.6396e-08	1.2499e-08	8.6156e-09	4.6498e-09	5.7158e-10	-3.5202e-09	-7.4633e-09	-1.1101e-08	-1.434e-08	-1.7059e-08	-1.9042e-08	-2.0262e-08	-2.0952e-08	-2.1273e-08	-2.133e-08	-2.128e-08	-2.1244e-08	-2.1211e-08	-2.1136e-08	-2.1061e-08	-2.1031e-08	-2.1147e-08	-2.1475e-08	-2.1842e-08	-2.2048e-08	-2.2027e-08	-2.1786e-08	-2.1566e-08	-2.1599e-08	-2.1699e-08	-2.1687e-08	-2.168e-08	-2.1861e-08	-2.2047e-08	-2.1945e-08	-2.1629e-08	-2.1393e-08	-2.1418e-08	-2.1541e-08	-2.1582e-08	-2.1501e-08	-2.1294e-08	-2.104e-08	-2.0985e-08	-2.1178e-08	-2.1377e-08	-2.1459e-08	-2.1444e-08	-2.1331e-08	-2.1168e-08	-2.0999e-08	-2.0941e-08	-2.1037e-08	-2.1093e-08	-2.0939e-08	-2.0668e-08	-2.0556e-08	-2.0713e-08	-2.1003e-08	-2.1234e-08	-2.1344e-08	-2.1403e-08	-2.1409e-08	-2.1322e-08	-2.116e-08	-2.0979e-08	-2.0847e-08	-2.083e-08	-2.0969e-08	-2.1168e-08	-2.1313e-08	-2.1502e-08	-2.1963e-08	-2.2671e-08	-2.3341e-08	-2.3746e-08	-2.3891e-08	-2.382e-08	-2.3529e-08	-2.3018e-08	-2.2358e-08	-2.1775e-08	-2.1324e-08	-2.0938e-08	-2.0508e-08	-1.9997e-08	-1.953e-08	-1.9286e-08	-1.9325e-08	-1.946e-08	-1.9522e-08	-1.9395e-08	-1.9055e-08	-1.8624e-08	-1.834e-08	-1.8354e-08	-1.8435e-08	-1.8401e-08	-1.832e-08	-1.8276e-08	-1.8132e-08	-1.7824e-08	-1.7635e-08
-2.8731e-08	-2.9859e-08	-3.0786e-08	-3.1162e-08	-3.1183e-08	-3.1133e-08	-3.0898e-08	-3.0205e-08	-2.922e-08	-2.8403e-08	-2.7932e-08	-2.7545e-08	-2.7126e-08	-2.6785e-08	-2.6635e-08	-2.6639e-08	-2.6587e-08	-2.633e-08	-2.5944e-08	-2.5655e-08	-2.5509e-08	-2.5439e-08	-2.5389e-08	-2.5274e-08	-2.5046e-08	-2.4782e-08	-2.4821e-08	-2.5435e-08	-2.6552e-08	-2.7845e-08	-2.8991e-08	-2.9976e-08	-3.0807e-08	-3.1114e-08	-3.0306e-08	-2.8272e-08	-2.535e-08	-2.2048e-08	-1.8774e-08	-1.5744e-08	-1.3077e-08	-1.0703e-08	-8.1789e-09	-5.0676e-09	-1.6193e-09	1.743e-09	4.9338e-09	8.1603e-09	1.1495e-08	1.4767e-08	1.7892e-08	2.0998e-08	2.4181e-08	2.7329e-08	3.0299e-08	3.3189e-08	3.6355e-08	3.9984e-08	4.3601e-08	4.6475e-08	4.8668e-08	5.0421e-08	5.1647e-08	5.2329e-08	5.2504e-08	5.2105e-08	5.1122e-08	4.9629e-08	4.7641e-08	4.5163e-08	4.2276e-08	3.9081e-08	3.5647e-08	3.2024e-08	2.8289e-08	2.4475e-08	2.0581e-08	1.6651e-08	1.2743e-08	8.8445e-09	4.8662e-09	7.776e-10	-3.3228e-09	-7.2658e-09	-1.0876e-08	-1.4054e-08	-1.6681e-08	-1.8569e-08	-1.9716e-08	-2.0378e-08	-2.0736e-08	-2.0882e-08	-2.0929e-08	-2.097e-08	-2.0985e-08	-2.0939e-08	-2.0891e-08	-2.0899e-08	-2.1055e-08	-2.1425e-08	-2.1831e-08	-2.2072e-08	-2.209e-08	-2.1887e-08	-2.1694e-08	-2.1759e-08	-2.1893e-08	-2.1896e-08	-2.1882e-08	-2.2062e-08	-2.2268e-08	-2.2194e-08	-2.1901e-08	-2.1685e-08	-2.1748e-08	-2.1906e-08	-2.1955e-08	-2.1864e-08	-2.1635e-08	-2.1327e-08	-2.1193e-08	-2.1324e-08	-2.1482e-08	-2.1534e-08	-2.1491e-08	-2.1331e-08	-2.1107e-08	-2.0889e-08	-2.0807e-08	-2.0907e-08	-2.098e-08	-2.0836e-08	-2.0568e-08	-2.0454e-08	-2.0613e-08	-2.0918e-08	-2.1177e-08	-2.1319e-08	-2.142e-08	-2.1478e-08	-2.1435e-08	-2.1299e-08	-2.113e-08	-2.1004e-08	-2.0995e-08	-2.1145e-08	-2.1354e-08	-2.1485e-08	-2.1633e-08	-2.2054e-08	-2.2747e-08	-2.3422e-08	-2.3837e-08	-2.3999e-08	-2.3965e-08	-2.3732e-08	-2.3284e-08	-2.2655e-08	-2.2061e-08	-2.1574e-08	-2.1177e-08	-2.0783e-08	-2.0324e-08	-1.9883e-08	-1.9633e-08	-1.9657e-08	-1.9776e-08	-1.9824e-08	-1.9687e-08	-1.9337e-08	-1.8884e-08	-1.8566e-08	-1.8565e-08	-1.8647e-08	-1.8607e-08	-1.8502e-08	-1.8427e-08	-1.8257e-08	-1.7922e-08	-1.7697e-08
-2.8987e-08	-3.0222e-08	-3.126e-08	-3.1711e-08	-3.1757e-08	-3.1696e-08	-3.1426e-08	-3.0663e-08	-2.9581e-08	-2.8668e-08	-2.8132e-08	-2.7704e-08	-2.726e-08	-2.6915e-08	-2.677e-08	-2.6765e-08	-2.6689e-08	-2.6407e-08	-2.5993e-08	-2.5681e-08	-2.5519e-08	-2.5446e-08	-2.5416e-08	-2.5325e-08	-2.511e-08	-2.4834e-08	-2.4829e-08	-2.5361e-08	-2.6359e-08	-2.7517e-08	-2.8526e-08	-2.9398e-08	-3.0179e-08	-3.0495e-08	-2.9709e-08	-2.7705e-08	-2.4818e-08	-2.1553e-08	-1.8329e-08	-1.5359e-08	-1.2755e-08	-1.0463e-08	-8.0413e-09	-4.9946e-09	-1.5545e-09	1.8237e-09	5.018e-09	8.2398e-09	1.1584e-08	1.4869e-08	1.7979e-08	2.1044e-08	2.4182e-08	2.7312e-08	3.0292e-08	3.319e-08	3.6347e-08	3.9969e-08	4.3617e-08	4.6502e-08	4.8659e-08	5.0366e-08	5.1558e-08	5.2238e-08	5.245e-08	5.2107e-08	5.1179e-08	4.9735e-08	4.7788e-08	4.5343e-08	4.2478e-08	3.9288e-08	3.5842e-08	3.2206e-08	2.8472e-08	2.4673e-08	2.0791e-08	1.6861e-08	1.2942e-08	9.0269e-09	5.0344e-09	9.3297e-10	-3.1804e-09	-7.1324e-09	-1.0729e-08	-1.3859e-08	-1.6405e-08	-1.8204e-08	-1.9279e-08	-1.991e-08	-2.0295e-08	-2.0517e-08	-2.0648e-08	-2.0754e-08	-2.0808e-08	-2.0782e-08	-2.0757e-08	-2.0801e-08	-2.0995e-08	-2.14e-08	-2.1839e-08	-2.211e-08	-2.2167e-08	-2.201e-08	-2.1851e-08	-2.1954e-08	-2.2128e-08	-2.2156e-08	-2.2143e-08	-2.2325e-08	-2.2552e-08	-2.2515e-08	-2.2257e-08	-2.207e-08	-2.2169e-08	-2.2361e-08	-2.242e-08	-2.2325e-08	-2.2081e-08	-2.1724e-08	-2.1515e-08	-2.1579e-08	-2.1689e-08	-2.1704e-08	-2.1627e-08	-2.1419e-08	-2.1137e-08	-2.0869e-08	-2.0757e-08	-2.0848e-08	-2.0926e-08	-2.079e-08	-2.0526e-08	-2.0408e-08	-2.0558e-08	-2.0869e-08	-2.1148e-08	-2.1317e-08	-2.1457e-08	-2.1563e-08	-2.1566e-08	-2.146e-08	-2.1305e-08	-2.1186e-08	-2.1182e-08	-2.1338e-08	-2.1554e-08	-2.1671e-08	-2.1775e-08	-2.2146e-08	-2.2805e-08	-2.3466e-08	-2.3877e-08	-2.4049e-08	-2.4057e-08	-2.3901e-08	-2.354e-08	-2.2968e-08	-2.2381e-08	-2.1868e-08	-2.1468e-08	-2.1123e-08	-2.073e-08	-2.0329e-08	-2.0079e-08	-2.0084e-08	-2.0175e-08	-2.0191e-08	-2.0029e-08	-1.9662e-08	-1.9185e-08	-1.8832e-08	-1.8809e-08	-1.8888e-08	-1.8839e-08	-1.8706e-08	-1.8598e-08	-1.8399e-08	-1.8036e-08	-1.7773e-08
-2.9214e-08	-3.0538e-08	-3.1671e-08	-3.2188e-08	-3.2258e-08	-3.2188e-08	-3.1892e-08	-3.1071e-08	-2.9907e-08	-2.8907e-08	-2.8314e-08	-2.7849e-08	-2.7382e-08	-2.7032e-08	-2.6887e-08	-2.687e-08	-2.6775e-08	-2.6473e-08	-2.6037e-08	-2.5706e-08	-2.5528e-08	-2.5448e-08	-2.5432e-08	-2.5364e-08	-2.5165e-08	-2.4884e-08	-2.4843e-08	-2.53e-08	-2.6186e-08	-2.7215e-08	-2.8089e-08	-2.8841e-08	-2.9557e-08	-2.9865e-08	-2.9091e-08	-2.7115e-08	-2.4265e-08	-2.104e-08	-1.7867e-08	-1.4956e-08	-1.2409e-08	-1.0187e-08	-7.8608e-09	-4.8805e-09	-1.4545e-09	1.9368e-09	5.1338e-09	8.3466e-09	1.1694e-08	1.4987e-08	1.8084e-08	2.1109e-08	2.42e-08	2.7306e-08	3.0288e-08	3.3193e-08	3.6339e-08	3.9946e-08	4.361e-08	4.6498e-08	4.862e-08	5.0283e-08	5.1443e-08	5.2122e-08	5.2369e-08	5.2076e-08	5.1194e-08	4.9791e-08	4.7879e-08	4.5466e-08	4.2625e-08	3.9443e-08	3.5986e-08	3.2336e-08	2.8602e-08	2.4816e-08	2.0945e-08	1.7016e-08	1.3086e-08	9.1538e-09	5.1456e-09	1.0295e-09	-3.1006e-09	-7.0703e-09	-1.0668e-08	-1.3766e-08	-1.6243e-08	-1.7962e-08	-1.897e-08	-1.9566e-08	-1.9969e-08	-2.0252e-08	-2.0451e-08	-2.0607e-08	-2.0687e-08	-2.0673e-08	-2.0664e-08	-2.0742e-08	-2.0971e-08	-2.1405e-08	-2.187e-08	-2.2164e-08	-2.2257e-08	-2.2152e-08	-2.204e-08	-2.2185e-08	-2.2405e-08	-2.2469e-08	-2.2467e-08	-2.2653e-08	-2.2902e-08	-2.291e-08	-2.2702e-08	-2.2552e-08	-2.2687e-08	-2.2909e-08	-2.2979e-08	-2.2885e-08	-2.2631e-08	-2.2234e-08	-2.1952e-08	-2.1944e-08	-2.1999e-08	-2.1969e-08	-2.1852e-08	-2.1595e-08	-2.1257e-08	-2.0939e-08	-2.0791e-08	-2.0861e-08	-2.0932e-08	-2.0801e-08	-2.0542e-08	-2.0417e-08	-2.0548e-08	-2.0853e-08	-2.1147e-08	-2.1338e-08	-2.1512e-08	-2.1663e-08	-2.171e-08	-2.1638e-08	-2.1503e-08	-2.1389e-08	-2.1386e-08	-2.1544e-08	-2.1764e-08	-2.1869e-08	-2.1927e-08	-2.2239e-08	-2.2848e-08	-2.3478e-08	-2.3872e-08	-2.4044e-08	-2.4097e-08	-2.4033e-08	-2.3783e-08	-2.329e-08	-2.2727e-08	-2.2197e-08	-2.1799e-08	-2.1513e-08	-2.1198e-08	-2.0851e-08	-2.0609e-08	-2.0593e-08	-2.0646e-08	-2.0613e-08	-2.0412e-08	-2.0023e-08	-1.9522e-08	-1.9131e-08	-1.908e-08	-1.9153e-08	-1.9092e-08	-1.8932e-08	-1.8789e-08	-1.8561e-08	-1.8172e-08	-1.7872e-08
-2.9401e-08	-3.0793e-08	-3.2e-08	-3.2573e-08	-3.2665e-08	-3.2589e-08	-3.2274e-08	-3.1411e-08	-3.0182e-08	-2.9111e-08	-2.8468e-08	-2.7974e-08	-2.7487e-08	-2.7132e-08	-2.6984e-08	-2.6953e-08	-2.6839e-08	-2.6525e-08	-2.6074e-08	-2.5729e-08	-2.5536e-08	-2.5444e-08	-2.5439e-08	-2.5391e-08	-2.5209e-08	-2.493e-08	-2.4861e-08	-2.5251e-08	-2.6035e-08	-2.6943e-08	-2.7687e-08	-2.8316e-08	-2.8951e-08	-2.9232e-08	-2.8456e-08	-2.6503e-08	-2.3694e-08	-2.0513e-08	-1.7393e-08	-1.4538e-08	-1.2039e-08	-9.8745e-09	-7.6345e-09	-4.7211e-09	-1.3154e-09	2.0848e-09	5.2838e-09	8.4834e-09	1.1825e-08	1.5122e-08	1.8206e-08	2.1194e-08	2.4238e-08	2.7312e-08	3.0287e-08	3.3196e-08	3.6331e-08	3.9913e-08	4.3578e-08	4.6459e-08	4.8545e-08	5.0167e-08	5.1297e-08	5.1977e-08	5.2257e-08	5.2009e-08	5.1164e-08	4.9791e-08	4.7908e-08	4.5523e-08	4.2709e-08	3.9538e-08	3.6072e-08	3.2407e-08	2.867e-08	2.4895e-08	2.1035e-08	1.7107e-08	1.3167e-08	9.2176e-09	5.1927e-09	1.0606e-09	-3.0892e-09	-7.0848e-09	-1.0698e-08	-1.3781e-08	-1.6206e-08	-1.7853e-08	-1.88e-08	-1.936e-08	-1.977e-08	-2.0097e-08	-2.0344e-08	-2.0534e-08	-2.0627e-08	-2.0614e-08	-2.0614e-08	-2.0723e-08	-2.0986e-08	-2.1442e-08	-2.1923e-08	-2.2233e-08	-2.2359e-08	-2.2312e-08	-2.2256e-08	-2.245e-08	-2.2718e-08	-2.2828e-08	-2.2848e-08	-2.304e-08	-2.3312e-08	-2.337e-08	-2.3224e-08	-2.312e-08	-2.329e-08	-2.3538e-08	-2.3619e-08	-2.353e-08	-2.3272e-08	-2.2841e-08	-2.249e-08	-2.2408e-08	-2.2401e-08	-2.2319e-08	-2.2155e-08	-2.1848e-08	-2.1457e-08	-2.109e-08	-2.0902e-08	-2.094e-08	-2.0993e-08	-2.086e-08	-2.0608e-08	-2.0476e-08	-2.058e-08	-2.0869e-08	-2.1169e-08	-2.1378e-08	-2.1581e-08	-2.1774e-08	-2.1865e-08	-2.183e-08	-2.1716e-08	-2.1609e-08	-2.1603e-08	-2.1758e-08	-2.1981e-08	-2.2073e-08	-2.2087e-08	-2.2334e-08	-2.2879e-08	-2.3463e-08	-2.3827e-08	-2.3991e-08	-2.4088e-08	-2.4128e-08	-2.4006e-08	-2.3613e-08	-2.3089e-08	-2.255e-08	-2.2159e-08	-2.1938e-08	-2.1714e-08	-2.1431e-08	-2.1205e-08	-2.1167e-08	-2.1173e-08	-2.108e-08	-2.0829e-08	-2.0412e-08	-1.9888e-08	-1.9457e-08	-1.9375e-08	-1.9437e-08	-1.9365e-08	-1.9178e-08	-1.9001e-08	-1.8746e-08	-1.8335e-08	-1.8001e-08
-2.9537e-08	-3.0973e-08	-3.2229e-08	-3.2843e-08	-3.2953e-08	-3.2874e-08	-3.255e-08	-3.1662e-08	-3.0392e-08	-2.9268e-08	-2.8589e-08	-2.8073e-08	-2.7574e-08	-2.7214e-08	-2.7059e-08	-2.7008e-08	-2.6879e-08	-2.656e-08	-2.6103e-08	-2.5751e-08	-2.5543e-08	-2.5435e-08	-2.5435e-08	-2.5403e-08	-2.524e-08	-2.4971e-08	-2.4883e-08	-2.5215e-08	-2.5906e-08	-2.6706e-08	-2.7328e-08	-2.7833e-08	-2.8372e-08	-2.8605e-08	-2.7811e-08	-2.5875e-08	-2.3106e-08	-1.9975e-08	-1.6908e-08	-1.4107e-08	-1.1649e-08	-9.5267e-09	-7.3596e-09	-4.5122e-09	-1.1338e-09	2.2699e-09	5.47e-09	8.6523e-09	1.198e-08	1.5274e-08	1.8344e-08	2.1299e-08	2.4296e-08	2.7332e-08	3.0291e-08	3.3198e-08	3.6323e-08	3.9872e-08	4.3519e-08	4.6382e-08	4.8433e-08	5.0017e-08	5.112e-08	5.1803e-08	5.2116e-08	5.1907e-08	5.1088e-08	4.9734e-08	4.7871e-08	4.5513e-08	4.2728e-08	3.9571e-08	3.6098e-08	3.2418e-08	2.8676e-08	2.4911e-08	2.1061e-08	1.7136e-08	1.3186e-08	9.22e-09	5.1783e-09	1.0297e-09	-3.1415e-09	-7.1694e-09	-1.0812e-08	-1.3896e-08	-1.6282e-08	-1.7869e-08	-1.8761e-08	-1.9285e-08	-1.9693e-08	-2.0047e-08	-2.0325e-08	-2.0533e-08	-2.0626e-08	-2.0602e-08	-2.0605e-08	-2.0743e-08	-2.1035e-08	-2.1508e-08	-2.1997e-08	-2.2316e-08	-2.2468e-08	-2.2485e-08	-2.2495e-08	-2.274e-08	-2.306e-08	-2.3223e-08	-2.3275e-08	-2.3475e-08	-2.3767e-08	-2.388e-08	-2.3806e-08	-2.3757e-08	-2.3961e-08	-2.423e-08	-2.4321e-08	-2.424e-08	-2.3984e-08	-2.3526e-08	-2.3112e-08	-2.2952e-08	-2.288e-08	-2.274e-08	-2.2524e-08	-2.2165e-08	-2.1724e-08	-2.1311e-08	-2.1079e-08	-2.1075e-08	-2.1099e-08	-2.0963e-08	-2.0718e-08	-2.0578e-08	-2.0648e-08	-2.0911e-08	-2.1213e-08	-2.1434e-08	-2.1663e-08	-2.1893e-08	-2.2026e-08	-2.2028e-08	-2.194e-08	-2.1839e-08	-2.183e-08	-2.1979e-08	-2.22e-08	-2.2281e-08	-2.2252e-08	-2.2429e-08	-2.29e-08	-2.3426e-08	-2.375e-08	-2.3895e-08	-2.4033e-08	-2.4185e-08	-2.4206e-08	-2.393e-08	-2.3459e-08	-2.2917e-08	-2.2535e-08	-2.2386e-08	-2.2261e-08	-2.2053e-08	-2.1849e-08	-2.179e-08	-2.1745e-08	-2.1581e-08	-2.1271e-08	-2.0822e-08	-2.0274e-08	-1.9805e-08	-1.9688e-08	-1.9737e-08	-1.9653e-08	-1.9442e-08	-1.9236e-08	-1.8956e-08	-1.853e-08	-1.8168e-08
-2.9612e-08	-3.1065e-08	-3.2341e-08	-3.2978e-08	-3.3101e-08	-3.3021e-08	-3.2697e-08	-3.1805e-08	-3.0519e-08	-2.9367e-08	-2.8666e-08	-2.8141e-08	-2.7637e-08	-2.7276e-08	-2.7108e-08	-2.7034e-08	-2.689e-08	-2.6575e-08	-2.6124e-08	-2.5772e-08	-2.5552e-08	-2.5424e-08	-2.5421e-08	-2.54e-08	-2.5256e-08	-2.5004e-08	-2.4907e-08	-2.519e-08	-2.58e-08	-2.6506e-08	-2.702e-08	-2.7402e-08	-2.7831e-08	-2.7991e-08	-2.7162e-08	-2.5235e-08	-2.2508e-08	-1.9429e-08	-1.6417e-08	-1.3667e-08	-1.124e-08	-9.1462e-09	-7.0372e-09	-4.2535e-09	-9.098e-10	2.4913e-09	5.6915e-09	8.8529e-09	1.2158e-08	1.5441e-08	1.8496e-08	2.1422e-08	2.4373e-08	2.7365e-08	3.0299e-08	3.32e-08	3.6314e-08	3.9824e-08	4.3435e-08	4.6268e-08	4.8285e-08	4.9835e-08	5.0915e-08	5.1605e-08	5.1952e-08	5.1775e-08	5.0974e-08	4.9629e-08	4.7778e-08	4.5444e-08	4.2689e-08	3.9549e-08	3.6072e-08	3.2377e-08	2.8627e-08	2.487e-08	2.103e-08	1.7109e-08	1.3153e-08	9.1695e-09	5.1107e-09	9.457e-10	-3.2478e-09	-7.3126e-09	-1.0996e-08	-1.4097e-08	-1.6458e-08	-1.7994e-08	-1.8837e-08	-1.9325e-08	-1.9724e-08	-2.0092e-08	-2.0383e-08	-2.0594e-08	-2.0676e-08	-2.0633e-08	-2.0632e-08	-2.0795e-08	-2.1115e-08	-2.1599e-08	-2.2089e-08	-2.2409e-08	-2.2583e-08	-2.2664e-08	-2.2748e-08	-2.305e-08	-2.3422e-08	-2.3644e-08	-2.3736e-08	-2.3946e-08	-2.4256e-08	-2.4425e-08	-2.4431e-08	-2.4444e-08	-2.4681e-08	-2.4966e-08	-2.5067e-08	-2.4997e-08	-2.4747e-08	-2.4269e-08	-2.3797e-08	-2.356e-08	-2.342e-08	-2.3217e-08	-2.2944e-08	-2.2535e-08	-2.2046e-08	-2.1589e-08	-2.1312e-08	-2.1259e-08	-2.1245e-08	-2.11e-08	-2.0864e-08	-2.0717e-08	-2.0746e-08	-2.0977e-08	-2.1274e-08	-2.1503e-08	-2.1753e-08	-2.2016e-08	-2.2187e-08	-2.223e-08	-2.2169e-08	-2.2075e-08	-2.2061e-08	-2.22e-08	-2.2418e-08	-2.2487e-08	-2.2418e-08	-2.2525e-08	-2.2914e-08	-2.3371e-08	-2.3645e-08	-2.3763e-08	-2.3938e-08	-2.4205e-08	-2.4378e-08	-2.4234e-08	-2.3826e-08	-2.3288e-08	-2.2917e-08	-2.2842e-08	-2.2824e-08	-2.27e-08	-2.2526e-08	-2.2446e-08	-2.2347e-08	-2.2106e-08	-2.1729e-08	-2.1245e-08	-2.0674e-08	-2.0167e-08	-2.0012e-08	-2.0048e-08	-1.9953e-08	-1.9724e-08	-1.9493e-08	-1.9195e-08	-1.8761e-08	-1.8379e-08
-2.9618e-08	-3.1058e-08	-3.232e-08	-3.296e-08	-3.3088e-08	-3.301e-08	-3.2696e-08	-3.1823e-08	-3.0552e-08	-2.9398e-08	-2.8694e-08	-2.8173e-08	-2.7676e-08	-2.7316e-08	-2.7133e-08	-2.7029e-08	-2.6872e-08	-2.6571e-08	-2.6135e-08	-2.5791e-08	-2.5561e-08	-2.541e-08	-2.5398e-08	-2.5383e-08	-2.5257e-08	-2.5029e-08	-2.4934e-08	-2.5175e-08	-2.5717e-08	-2.6343e-08	-2.6763e-08	-2.7028e-08	-2.7336e-08	-2.7399e-08	-2.6517e-08	-2.459e-08	-2.1905e-08	-1.8882e-08	-1.5927e-08	-1.3224e-08	-1.0821e-08	-8.7408e-09	-6.6745e-09	-3.9511e-09	-6.4843e-10	2.7437e-09	5.9434e-09	9.0816e-09	1.2355e-08	1.5623e-08	1.8661e-08	2.156e-08	2.4468e-08	2.7412e-08	3.0312e-08	3.3202e-08	3.6307e-08	3.9771e-08	4.3331e-08	4.6124e-08	4.8107e-08	4.9627e-08	5.0689e-08	5.1389e-08	5.1771e-08	5.1624e-08	5.0833e-08	4.9486e-08	4.7639e-08	4.5325e-08	4.2601e-08	3.9482e-08	3.6003e-08	3.2293e-08	2.8534e-08	2.4783e-08	2.0953e-08	1.7036e-08	1.3074e-08	9.0751e-09	4.9993e-09	8.1806e-10	-3.3979e-09	-7.5028e-09	-1.1237e-08	-1.4368e-08	-1.6717e-08	-1.8213e-08	-1.9012e-08	-1.9465e-08	-1.985e-08	-2.0219e-08	-2.0509e-08	-2.0712e-08	-2.0773e-08	-2.0702e-08	-2.069e-08	-2.0876e-08	-2.1221e-08	-2.1712e-08	-2.2195e-08	-2.2509e-08	-2.2697e-08	-2.2844e-08	-2.301e-08	-2.3371e-08	-2.3795e-08	-2.408e-08	-2.4219e-08	-2.4441e-08	-2.4766e-08	-2.4992e-08	-2.5083e-08	-2.5165e-08	-2.5433e-08	-2.5729e-08	-2.5838e-08	-2.5781e-08	-2.5541e-08	-2.5051e-08	-2.4527e-08	-2.4214e-08	-2.4003e-08	-2.3737e-08	-2.3404e-08	-2.2942e-08	-2.2409e-08	-2.1913e-08	-2.1591e-08	-2.1483e-08	-2.1422e-08	-2.1264e-08	-2.104e-08	-2.0887e-08	-2.0872e-08	-2.1063e-08	-2.1349e-08	-2.1582e-08	-2.1849e-08	-2.2139e-08	-2.2345e-08	-2.2428e-08	-2.2397e-08	-2.2313e-08	-2.2295e-08	-2.2419e-08	-2.2627e-08	-2.2687e-08	-2.2586e-08	-2.2624e-08	-2.2922e-08	-2.3299e-08	-2.3516e-08	-2.3603e-08	-2.381e-08	-2.4187e-08	-2.4514e-08	-2.451e-08	-2.4179e-08	-2.3656e-08	-2.33e-08	-2.3296e-08	-2.3384e-08	-2.3353e-08	-2.3218e-08	-2.3118e-08	-2.296e-08	-2.2639e-08	-2.2193e-08	-2.1672e-08	-2.1082e-08	-2.0547e-08	-2.0349e-08	-2.036e-08	-2.0257e-08	-2.0019e-08	-1.977e-08	-1.9459e-08	-1.9034e-08	-1.865e-08
-2.9558e-08	-3.0957e-08	-3.2173e-08	-3.2794e-08	-3.2923e-08	-3.2847e-08	-3.2553e-08	-3.1719e-08	-3.0493e-08	-2.9364e-08	-2.8674e-08	-2.817e-08	-2.769e-08	-2.7337e-08	-2.7134e-08	-2.6995e-08	-2.6826e-08	-2.6545e-08	-2.6136e-08	-2.5809e-08	-2.5572e-08	-2.5394e-08	-2.5368e-08	-2.5353e-08	-2.5244e-08	-2.5047e-08	-2.4962e-08	-2.5171e-08	-2.5655e-08	-2.6217e-08	-2.6556e-08	-2.6712e-08	-2.689e-08	-2.6839e-08	-2.5886e-08	-2.3951e-08	-2.1307e-08	-1.8342e-08	-1.5443e-08	-1.2785e-08	-1.0399e-08	-8.3197e-09	-6.2805e-09	-3.6127e-09	-3.5646e-10	3.0207e-09	6.2199e-09	9.3337e-09	1.257e-08	1.5814e-08	1.8836e-08	2.1712e-08	2.4579e-08	2.7472e-08	3.033e-08	3.3205e-08	3.6301e-08	3.9716e-08	4.3209e-08	4.5951e-08	4.7904e-08	4.9398e-08	5.0447e-08	5.1163e-08	5.158e-08	5.146e-08	5.0672e-08	4.9316e-08	4.7464e-08	4.5167e-08	4.2475e-08	3.9377e-08	3.5899e-08	3.2176e-08	2.8407e-08	2.4659e-08	2.0838e-08	1.6927e-08	1.2961e-08	8.9456e-09	4.8526e-09	6.5595e-10	-3.5806e-09	-7.7244e-09	-1.1514e-08	-1.4685e-08	-1.7033e-08	-1.8499e-08	-1.9266e-08	-1.9691e-08	-2.0057e-08	-2.0416e-08	-2.0692e-08	-2.0875e-08	-2.0907e-08	-2.0805e-08	-2.0779e-08	-2.0984e-08	-2.1352e-08	-2.1843e-08	-2.2309e-08	-2.2612e-08	-2.281e-08	-2.3022e-08	-2.3278e-08	-2.3696e-08	-2.4167e-08	-2.4517e-08	-2.4714e-08	-2.495e-08	-2.5284e-08	-2.5564e-08	-2.5745e-08	-2.5905e-08	-2.6198e-08	-2.6496e-08	-2.6611e-08	-2.6568e-08	-2.6339e-08	-2.5849e-08	-2.5289e-08	-2.4899e-08	-2.4613e-08	-2.4281e-08	-2.3885e-08	-2.3374e-08	-2.2804e-08	-2.2276e-08	-2.1912e-08	-2.1739e-08	-2.1621e-08	-2.1448e-08	-2.124e-08	-2.1084e-08	-2.1026e-08	-2.1168e-08	-2.1434e-08	-2.167e-08	-2.1949e-08	-2.2256e-08	-2.2493e-08	-2.2614e-08	-2.2618e-08	-2.2548e-08	-2.2527e-08	-2.2633e-08	-2.2823e-08	-2.2872e-08	-2.2751e-08	-2.2727e-08	-2.2928e-08	-2.3213e-08	-2.337e-08	-2.3426e-08	-2.3659e-08	-2.4136e-08	-2.4608e-08	-2.4751e-08	-2.4506e-08	-2.4012e-08	-2.3675e-08	-2.3734e-08	-2.3927e-08	-2.3992e-08	-2.3904e-08	-2.3786e-08	-2.3571e-08	-2.3171e-08	-2.2655e-08	-2.2096e-08	-2.149e-08	-2.0932e-08	-2.069e-08	-2.0673e-08	-2.0565e-08	-2.0326e-08	-2.0068e-08	-1.9757e-08	-1.935e-08	-1.8977e-08
-2.944e-08	-3.0775e-08	-3.1914e-08	-3.2499e-08	-3.2623e-08	-3.2551e-08	-3.2283e-08	-3.1505e-08	-3.0351e-08	-2.9271e-08	-2.861e-08	-2.8134e-08	-2.7681e-08	-2.734e-08	-2.7116e-08	-2.6935e-08	-2.6753e-08	-2.65e-08	-2.6129e-08	-2.5825e-08	-2.5584e-08	-2.538e-08	-2.5332e-08	-2.531e-08	-2.5217e-08	-2.5057e-08	-2.4995e-08	-2.5179e-08	-2.5615e-08	-2.6122e-08	-2.6395e-08	-2.6455e-08	-2.6496e-08	-2.6301e-08	-2.5262e-08	-2.3316e-08	-2.0716e-08	-1.7817e-08	-1.4978e-08	-1.2363e-08	-9.9889e-09	-7.8931e-09	-5.8509e-09	-3.2326e-09	-3.719e-11	3.3121e-09	6.5122e-09	9.6073e-09	1.2799e-08	1.6008e-08	1.9013e-08	2.1872e-08	2.4702e-08	2.7542e-08	3.0355e-08	3.3216e-08	3.6306e-08	3.966e-08	4.3048e-08	4.5731e-08	4.7665e-08	4.9141e-08	5.0185e-08	5.0921e-08	5.1367e-08	5.1267e-08	5.0481e-08	4.9111e-08	4.725e-08	4.4968e-08	4.2306e-08	3.9231e-08	3.5762e-08	3.2034e-08	2.8256e-08	2.4506e-08	2.0694e-08	1.6789e-08	1.282e-08	8.7884e-09	4.6778e-09	4.6807e-10	-3.7847e-09	-7.9609e-09	-1.1804e-08	-1.502e-08	-1.7378e-08	-1.883e-08	-1.958e-08	-1.9985e-08	-2.0331e-08	-2.0669e-08	-2.0922e-08	-2.1075e-08	-2.1071e-08	-2.0938e-08	-2.0897e-08	-2.1115e-08	-2.1501e-08	-2.1986e-08	-2.2429e-08	-2.2715e-08	-2.292e-08	-2.3194e-08	-2.3542e-08	-2.4019e-08	-2.4532e-08	-2.4947e-08	-2.5206e-08	-2.5461e-08	-2.58e-08	-2.6132e-08	-2.6402e-08	-2.664e-08	-2.6958e-08	-2.7252e-08	-2.7373e-08	-2.7343e-08	-2.7126e-08	-2.6643e-08	-2.6055e-08	-2.5593e-08	-2.5235e-08	-2.4838e-08	-2.4377e-08	-2.3819e-08	-2.3216e-08	-2.266e-08	-2.2253e-08	-2.2016e-08	-2.1839e-08	-2.1648e-08	-2.1453e-08	-2.1294e-08	-2.1194e-08	-2.1286e-08	-2.1527e-08	-2.1762e-08	-2.2048e-08	-2.2368e-08	-2.263e-08	-2.2789e-08	-2.2826e-08	-2.2772e-08	-2.2748e-08	-2.2836e-08	-2.3004e-08	-2.3043e-08	-2.2906e-08	-2.2823e-08	-2.293e-08	-2.3123e-08	-2.3215e-08	-2.3237e-08	-2.3488e-08	-2.4056e-08	-2.4667e-08	-2.4953e-08	-2.4801e-08	-2.4343e-08	-2.4027e-08	-2.4146e-08	-2.4439e-08	-2.4602e-08	-2.4566e-08	-2.4434e-08	-2.4165e-08	-2.3691e-08	-2.3108e-08	-2.2512e-08	-2.189e-08	-2.1311e-08	-2.1026e-08	-2.0981e-08	-2.0872e-08	-2.0642e-08	-2.0388e-08	-2.0089e-08	-1.9714e-08	-1.9362e-08
-2.929e-08	-3.0519e-08	-3.1545e-08	-3.2079e-08	-3.2201e-08	-3.2134e-08	-3.1886e-08	-3.1183e-08	-3.0136e-08	-2.9139e-08	-2.8513e-08	-2.8069e-08	-2.7655e-08	-2.7331e-08	-2.7081e-08	-2.6854e-08	-2.6657e-08	-2.6434e-08	-2.6113e-08	-2.5838e-08	-2.5596e-08	-2.5369e-08	-2.5294e-08	-2.5257e-08	-2.5177e-08	-2.5063e-08	-2.5032e-08	-2.5201e-08	-2.5595e-08	-2.6053e-08	-2.6276e-08	-2.6254e-08	-2.6155e-08	-2.5795e-08	-2.4658e-08	-2.2696e-08	-2.0143e-08	-1.7316e-08	-1.4538e-08	-1.1961e-08	-9.594e-09	-7.4693e-09	-5.4023e-09	-2.8258e-09	3.0195e-10	3.6146e-09	6.8144e-09	9.8943e-09	1.3039e-08	1.6207e-08	1.9193e-08	2.2039e-08	2.4835e-08	2.7622e-08	3.0388e-08	3.3231e-08	3.631e-08	3.9601e-08	4.2874e-08	4.5491e-08	4.741e-08	4.8873e-08	4.9921e-08	5.0682e-08	5.1157e-08	5.1076e-08	5.0289e-08	4.8901e-08	4.7026e-08	4.4753e-08	4.2118e-08	3.9068e-08	3.561e-08	3.1878e-08	2.8091e-08	2.4338e-08	2.0531e-08	1.6634e-08	1.2661e-08	8.6151e-09	4.4873e-09	2.6485e-10	-4.0035e-09	-8.2115e-09	-1.211e-08	-1.5378e-08	-1.7758e-08	-1.9208e-08	-1.9948e-08	-2.0335e-08	-2.0658e-08	-2.0969e-08	-2.1189e-08	-2.1305e-08	-2.1263e-08	-2.1096e-08	-2.1036e-08	-2.126e-08	-2.1661e-08	-2.2137e-08	-2.2554e-08	-2.282e-08	-2.3026e-08	-2.3355e-08	-2.3793e-08	-2.4329e-08	-2.4886e-08	-2.5362e-08	-2.5684e-08	-2.596e-08	-2.6305e-08	-2.6683e-08	-2.7038e-08	-2.7352e-08	-2.7693e-08	-2.7982e-08	-2.8106e-08	-2.8089e-08	-2.7886e-08	-2.7413e-08	-2.6805e-08	-2.6279e-08	-2.5851e-08	-2.5391e-08	-2.4869e-08	-2.4265e-08	-2.3633e-08	-2.3051e-08	-2.2605e-08	-2.2304e-08	-2.2068e-08	-2.1857e-08	-2.1672e-08	-2.151e-08	-2.1371e-08	-2.1412e-08	-2.1626e-08	-2.1856e-08	-2.2143e-08	-2.2472e-08	-2.2754e-08	-2.2947e-08	-2.3017e-08	-2.298e-08	-2.2955e-08	-2.3023e-08	-2.3166e-08	-2.3195e-08	-2.3046e-08	-2.2911e-08	-2.2928e-08	-2.3029e-08	-2.3056e-08	-2.3042e-08	-2.3303e-08	-2.3949e-08	-2.4688e-08	-2.5114e-08	-2.5056e-08	-2.464e-08	-2.4344e-08	-2.4516e-08	-2.4906e-08	-2.5166e-08	-2.5186e-08	-2.5046e-08	-2.4728e-08	-2.4187e-08	-2.3542e-08	-2.291e-08	-2.2273e-08	-2.1676e-08	-2.1353e-08	-2.1281e-08	-2.1175e-08	-2.0963e-08	-2.0728e-08	-2.0457e-08	-2.0128e-08	-1.9813e-08
-2.9099e-08	-3.0208e-08	-3.1103e-08	-3.1572e-08	-3.1685e-08	-3.1624e-08	-3.1399e-08	-3.0781e-08	-2.9856e-08	-2.8958e-08	-2.838e-08	-2.7977e-08	-2.7608e-08	-2.7304e-08	-2.703e-08	-2.6758e-08	-2.6545e-08	-2.6354e-08	-2.6087e-08	-2.5846e-08	-2.5607e-08	-2.5359e-08	-2.5253e-08	-2.5199e-08	-2.513e-08	-2.506e-08	-2.5067e-08	-2.523e-08	-2.5592e-08	-2.6015e-08	-2.6201e-08	-2.6108e-08	-2.5873e-08	-2.5346e-08	-2.4103e-08	-2.2117e-08	-1.9604e-08	-1.6844e-08	-1.4125e-08	-1.1583e-08	-9.2169e-09	-7.0563e-09	-4.954e-09	-2.41e-09	6.5189e-10	3.9245e-09	7.1216e-09	1.0187e-08	1.3285e-08	1.6409e-08	1.9376e-08	2.2208e-08	2.4974e-08	2.7711e-08	3.0429e-08	3.325e-08	3.6313e-08	3.9537e-08	4.2692e-08	4.5241e-08	4.7145e-08	4.8604e-08	4.9661e-08	5.0451e-08	5.0957e-08	5.0895e-08	5.0105e-08	4.8696e-08	4.6802e-08	4.4534e-08	4.1923e-08	3.8897e-08	3.5451e-08	3.1718e-08	2.7921e-08	2.4163e-08	2.0361e-08	1.647e-08	1.2495e-08	8.435e-09	4.2905e-09	5.5662e-11	-4.2274e-09	-8.4657e-09	-1.242e-08	-1.5746e-08	-1.8159e-08	-1.9616e-08	-2.0352e-08	-2.0725e-08	-2.1024e-08	-2.1302e-08	-2.1484e-08	-2.1558e-08	-2.1475e-08	-2.1273e-08	-2.119e-08	-2.1417e-08	-2.1828e-08	-2.2293e-08	-2.2681e-08	-2.2922e-08	-2.3125e-08	-2.3502e-08	-2.4024e-08	-2.4621e-08	-2.522e-08	-2.5753e-08	-2.6136e-08	-2.6434e-08	-2.6786e-08	-2.7206e-08	-2.7639e-08	-2.8024e-08	-2.8385e-08	-2.8668e-08	-2.8793e-08	-2.8786e-08	-2.8598e-08	-2.814e-08	-2.7519e-08	-2.6937e-08	-2.6444e-08	-2.5926e-08	-2.5346e-08	-2.47e-08	-2.4041e-08	-2.3437e-08	-2.2954e-08	-2.2593e-08	-2.2299e-08	-2.2066e-08	-2.1889e-08	-2.1726e-08	-2.1552e-08	-2.1542e-08	-2.1725e-08	-2.1948e-08	-2.2232e-08	-2.2563e-08	-2.2861e-08	-2.3083e-08	-2.3186e-08	-2.3168e-08	-2.3142e-08	-2.3189e-08	-2.3307e-08	-2.3325e-08	-2.3167e-08	-2.2988e-08	-2.2923e-08	-2.2936e-08	-2.2899e-08	-2.2847e-08	-2.311e-08	-2.3819e-08	-2.4671e-08	-2.5227e-08	-2.5264e-08	-2.4893e-08	-2.4618e-08	-2.4835e-08	-2.5314e-08	-2.567e-08	-2.5747e-08	-2.5603e-08	-2.5244e-08	-2.4645e-08	-2.3946e-08	-2.3282e-08	-2.2634e-08	-2.2022e-08	-2.1663e-08	-2.1567e-08	-2.147e-08	-2.1287e-08	-2.1087e-08	-2.0861e-08	-2.0595e-08	-2.0333e-08
-2.8874e-08	-2.9854e-08	-3.0608e-08	-3.0998e-08	-3.1095e-08	-3.1039e-08	-3.0842e-08	-3.0314e-08	-2.9521e-08	-2.8735e-08	-2.8216e-08	-2.7861e-08	-2.7542e-08	-2.7262e-08	-2.6967e-08	-2.6649e-08	-2.642e-08	-2.6261e-08	-2.6051e-08	-2.5849e-08	-2.5616e-08	-2.5349e-08	-2.5211e-08	-2.5137e-08	-2.5076e-08	-2.505e-08	-2.5098e-08	-2.5265e-08	-2.5607e-08	-2.6006e-08	-2.6167e-08	-2.6015e-08	-2.5654e-08	-2.4961e-08	-2.3606e-08	-2.1588e-08	-1.9107e-08	-1.6411e-08	-1.3746e-08	-1.1234e-08	-8.8647e-09	-6.6623e-09	-4.5158e-09	-1.9944e-09	1.0052e-09	4.2352e-09	7.4273e-09	1.0481e-08	1.3534e-08	1.6612e-08	1.9558e-08	2.2377e-08	2.5115e-08	2.7806e-08	3.0478e-08	3.3273e-08	3.6315e-08	3.9471e-08	4.2507e-08	4.4983e-08	4.6875e-08	4.8337e-08	4.9412e-08	5.0234e-08	5.0774e-08	5.0731e-08	4.9939e-08	4.8506e-08	4.659e-08	4.4322e-08	4.173e-08	3.8727e-08	3.5295e-08	3.1563e-08	2.7757e-08	2.3992e-08	2.0193e-08	1.6308e-08	1.2331e-08	8.2573e-09	4.0967e-09	-1.5014e-10	-4.4466e-09	-8.713e-09	-1.2722e-08	-1.6111e-08	-1.8565e-08	-2.0039e-08	-2.0777e-08	-2.1138e-08	-2.1412e-08	-2.1655e-08	-2.1794e-08	-2.1824e-08	-2.1701e-08	-2.1462e-08	-2.1356e-08	-2.1579e-08	-2.1997e-08	-2.2449e-08	-2.2806e-08	-2.3019e-08	-2.3213e-08	-2.363e-08	-2.4231e-08	-2.4888e-08	-2.5527e-08	-2.6111e-08	-2.6551e-08	-2.6873e-08	-2.7231e-08	-2.7687e-08	-2.8188e-08	-2.8638e-08	-2.9018e-08	-2.9292e-08	-2.9416e-08	-2.9418e-08	-2.9244e-08	-2.8805e-08	-2.8177e-08	-2.7548e-08	-2.6997e-08	-2.6426e-08	-2.5793e-08	-2.5108e-08	-2.4427e-08	-2.3805e-08	-2.3289e-08	-2.2873e-08	-2.2525e-08	-2.227e-08	-2.2098e-08	-2.1934e-08	-2.1728e-08	-2.167e-08	-2.1823e-08	-2.2035e-08	-2.2312e-08	-2.264e-08	-2.2947e-08	-2.3194e-08	-2.3327e-08	-2.3329e-08	-2.3304e-08	-2.3331e-08	-2.3421e-08	-2.3428e-08	-2.3266e-08	-2.3052e-08	-2.2913e-08	-2.2845e-08	-2.2747e-08	-2.2658e-08	-2.2916e-08	-2.3671e-08	-2.4616e-08	-2.5288e-08	-2.5418e-08	-2.5094e-08	-2.4836e-08	-2.509e-08	-2.5649e-08	-2.6097e-08	-2.6232e-08	-2.6089e-08	-2.5696e-08	-2.5051e-08	-2.4309e-08	-2.362e-08	-2.2963e-08	-2.234e-08	-2.195e-08	-2.1833e-08	-2.1751e-08	-2.161e-08	-2.1463e-08	-2.1303e-08	-2.1117e-08	-2.0927e-08
-2.8622e-08	-2.9471e-08	-3.0074e-08	-3.0376e-08	-3.0451e-08	-3.04e-08	-3.0232e-08	-2.9798e-08	-2.9141e-08	-2.8477e-08	-2.8026e-08	-2.7724e-08	-2.7459e-08	-2.7206e-08	-2.6893e-08	-2.6532e-08	-2.6285e-08	-2.6157e-08	-2.6006e-08	-2.5845e-08	-2.5623e-08	-2.5339e-08	-2.5168e-08	-2.5074e-08	-2.5019e-08	-2.5034e-08	-2.5127e-08	-2.5305e-08	-2.5637e-08	-2.6025e-08	-2.6173e-08	-2.5976e-08	-2.5498e-08	-2.4646e-08	-2.3176e-08	-2.1119e-08	-1.8663e-08	-1.6023e-08	-1.3408e-08	-1.0922e-08	-8.5447e-09	-6.2958e-09	-4.097e-09	-1.5878e-09	1.3541e-09	4.5402e-09	7.7252e-09	1.077e-08	1.3781e-08	1.6814e-08	1.9737e-08	2.2543e-08	2.5257e-08	2.7905e-08	3.0534e-08	3.3301e-08	3.6316e-08	3.9401e-08	4.2319e-08	4.4723e-08	4.6605e-08	4.8078e-08	4.9179e-08	5.0039e-08	5.0614e-08	5.0593e-08	4.9798e-08	4.8341e-08	4.64e-08	4.4128e-08	4.1551e-08	3.8568e-08	3.5151e-08	3.1423e-08	2.7608e-08	2.3834e-08	2.0037e-08	1.6157e-08	1.2178e-08	8.0914e-09	3.9151e-09	-3.4324e-10	-4.6516e-09	-8.9431e-09	-1.3004e-08	-1.6457e-08	-1.8961e-08	-2.0462e-08	-2.1207e-08	-2.1559e-08	-2.1809e-08	-2.2014e-08	-2.211e-08	-2.2095e-08	-2.1931e-08	-2.1659e-08	-2.1527e-08	-2.1743e-08	-2.2162e-08	-2.2601e-08	-2.2926e-08	-2.3108e-08	-2.3289e-08	-2.3736e-08	-2.4408e-08	-2.5122e-08	-2.5799e-08	-2.6428e-08	-2.6919e-08	-2.7266e-08	-2.7629e-08	-2.8114e-08	-2.8674e-08	-2.9179e-08	-2.9573e-08	-2.9837e-08	-2.9957e-08	-2.9964e-08	-2.9805e-08	-2.9386e-08	-2.8759e-08	-2.8094e-08	-2.7493e-08	-2.6876e-08	-2.6196e-08	-2.5478e-08	-2.4779e-08	-2.4143e-08	-2.3599e-08	-2.3133e-08	-2.2737e-08	-2.2459e-08	-2.229e-08	-2.2126e-08	-2.1895e-08	-2.1793e-08	-2.1913e-08	-2.2113e-08	-2.2379e-08	-2.2698e-08	-2.3009e-08	-2.3275e-08	-2.3435e-08	-2.3457e-08	-2.3436e-08	-2.3444e-08	-2.3504e-08	-2.3499e-08	-2.3339e-08	-2.3099e-08	-2.2899e-08	-2.2758e-08	-2.2605e-08	-2.2481e-08	-2.2726e-08	-2.3508e-08	-2.4524e-08	-2.5295e-08	-2.5509e-08	-2.5233e-08	-2.499e-08	-2.5271e-08	-2.5898e-08	-2.6431e-08	-2.6624e-08	-2.6488e-08	-2.6069e-08	-2.5392e-08	-2.462e-08	-2.3914e-08	-2.3253e-08	-2.2624e-08	-2.2208e-08	-2.2074e-08	-2.2014e-08	-2.1928e-08	-2.1855e-08	-2.1783e-08	-2.1697e-08	-2.16e-08
-2.8353e-08	-2.9069e-08	-2.952e-08	-2.9726e-08	-2.9774e-08	-2.9727e-08	-2.9588e-08	-2.9247e-08	-2.8729e-08	-2.8191e-08	-2.7816e-08	-2.7571e-08	-2.7361e-08	-2.7138e-08	-2.681e-08	-2.6409e-08	-2.6144e-08	-2.6046e-08	-2.5953e-08	-2.5835e-08	-2.5626e-08	-2.5329e-08	-2.5127e-08	-2.501e-08	-2.4959e-08	-2.5013e-08	-2.5152e-08	-2.5351e-08	-2.5683e-08	-2.607e-08	-2.6218e-08	-2.5988e-08	-2.5408e-08	-2.4406e-08	-2.2822e-08	-2.0719e-08	-1.828e-08	-1.569e-08	-1.312e-08	-1.0653e-08	-8.264e-09	-5.9647e-09	-3.7071e-09	-1.1996e-09	1.6911e-09	4.8328e-09	8.009e-09	1.1048e-08	1.4023e-08	1.701e-08	1.991e-08	2.2704e-08	2.5396e-08	2.8007e-08	3.0596e-08	3.3333e-08	3.6316e-08	3.933e-08	4.2132e-08	4.4463e-08	4.6338e-08	4.7831e-08	4.8968e-08	4.9869e-08	5.0484e-08	5.0487e-08	4.9692e-08	4.8211e-08	4.6244e-08	4.3963e-08	4.1395e-08	3.8431e-08	3.5029e-08	3.1306e-08	2.7483e-08	2.37e-08	1.9903e-08	1.6026e-08	1.2045e-08	7.9466e-09	3.7549e-09	-5.1432e-10	-4.8328e-09	-9.1459e-09	-1.3255e-08	-1.6773e-08	-1.9334e-08	-2.0869e-08	-2.1627e-08	-2.1972e-08	-2.2199e-08	-2.2368e-08	-2.2419e-08	-2.236e-08	-2.216e-08	-2.1858e-08	-2.17e-08	-2.1903e-08	-2.2321e-08	-2.2744e-08	-2.3037e-08	-2.3186e-08	-2.3349e-08	-2.3817e-08	-2.4549e-08	-2.5318e-08	-2.6029e-08	-2.6694e-08	-2.7229e-08	-2.7599e-08	-2.7968e-08	-2.8474e-08	-2.908e-08	-2.9629e-08	-3.0033e-08	-3.0285e-08	-3.0398e-08	-3.0408e-08	-3.0262e-08	-2.9865e-08	-2.9246e-08	-2.8554e-08	-2.7913e-08	-2.7259e-08	-2.654e-08	-2.5796e-08	-2.5084e-08	-2.4437e-08	-2.387e-08	-2.3363e-08	-2.2925e-08	-2.2627e-08	-2.246e-08	-2.2296e-08	-2.2045e-08	-2.1903e-08	-2.1993e-08	-2.2179e-08	-2.243e-08	-2.2734e-08	-2.3043e-08	-2.3323e-08	-2.3506e-08	-2.3549e-08	-2.3532e-08	-2.3524e-08	-2.3553e-08	-2.3536e-08	-2.3381e-08	-2.3126e-08	-2.2878e-08	-2.2677e-08	-2.2476e-08	-2.2321e-08	-2.2546e-08	-2.3335e-08	-2.4397e-08	-2.5244e-08	-2.5532e-08	-2.5302e-08	-2.507e-08	-2.5365e-08	-2.6049e-08	-2.6658e-08	-2.6907e-08	-2.678e-08	-2.6345e-08	-2.5652e-08	-2.4867e-08	-2.4155e-08	-2.3497e-08	-2.2866e-08	-2.243e-08	-2.2284e-08	-2.2255e-08	-2.2236e-08	-2.2258e-08	-2.2299e-08	-2.2336e-08	-2.2355e-08
-2.8074e-08	-2.8661e-08	-2.896e-08	-2.9065e-08	-2.9082e-08	-2.9039e-08	-2.893e-08	-2.8677e-08	-2.8296e-08	-2.7887e-08	-2.7592e-08	-2.7405e-08	-2.725e-08	-2.706e-08	-2.6722e-08	-2.6285e-08	-2.6e-08	-2.5929e-08	-2.5893e-08	-2.5818e-08	-2.5627e-08	-2.5319e-08	-2.5088e-08	-2.4948e-08	-2.4898e-08	-2.4988e-08	-2.5174e-08	-2.5402e-08	-2.5745e-08	-2.6141e-08	-2.63e-08	-2.605e-08	-2.5385e-08	-2.4246e-08	-2.2552e-08	-2.0399e-08	-1.7968e-08	-1.5419e-08	-1.2887e-08	-1.0435e-08	-8.0297e-09	-5.6771e-09	-3.355e-09	-8.3879e-10	2.008e-09	5.1063e-09	8.2723e-09	1.1309e-08	1.4253e-08	1.7199e-08	2.0076e-08	2.2857e-08	2.553e-08	2.8108e-08	3.0663e-08	3.337e-08	3.6317e-08	3.9258e-08	4.1946e-08	4.4207e-08	4.608e-08	4.7603e-08	4.8783e-08	4.9733e-08	5.039e-08	5.0421e-08	4.9629e-08	4.8125e-08	4.6131e-08	4.3837e-08	4.1275e-08	3.8326e-08	3.4939e-08	3.1222e-08	2.7392e-08	2.3599e-08	1.9801e-08	1.5927e-08	1.1942e-08	7.8322e-09	3.6255e-09	-6.5409e-10	-4.9809e-09	-9.3111e-09	-1.3462e-08	-1.7045e-08	-1.9668e-08	-2.1244e-08	-2.202e-08	-2.2362e-08	-2.2567e-08	-2.2701e-08	-2.271e-08	-2.261e-08	-2.2378e-08	-2.205e-08	-2.1869e-08	-2.2056e-08	-2.2468e-08	-2.2875e-08	-2.3136e-08	-2.3249e-08	-2.339e-08	-2.3868e-08	-2.465e-08	-2.5469e-08	-2.6209e-08	-2.6902e-08	-2.7471e-08	-2.7863e-08	-2.8235e-08	-2.8755e-08	-2.9394e-08	-2.9974e-08	-3.0381e-08	-3.0617e-08	-3.0721e-08	-3.073e-08	-3.0595e-08	-3.0222e-08	-2.9618e-08	-2.8911e-08	-2.8239e-08	-2.7558e-08	-2.6812e-08	-2.6047e-08	-2.5328e-08	-2.4676e-08	-2.4091e-08	-2.3551e-08	-2.308e-08	-2.2766e-08	-2.2599e-08	-2.2436e-08	-2.2171e-08	-2.1996e-08	-2.2059e-08	-2.223e-08	-2.2462e-08	-2.2747e-08	-2.3046e-08	-2.3332e-08	-2.3534e-08	-2.3598e-08	-2.3588e-08	-2.3565e-08	-2.3564e-08	-2.3532e-08	-2.3387e-08	-2.3131e-08	-2.285e-08	-2.2602e-08	-2.2365e-08	-2.2184e-08	-2.2384e-08	-2.3158e-08	-2.4237e-08	-2.5133e-08	-2.5481e-08	-2.5292e-08	-2.5066e-08	-2.5362e-08	-2.6087e-08	-2.6763e-08	-2.7063e-08	-2.695e-08	-2.6509e-08	-2.5817e-08	-2.5038e-08	-2.4335e-08	-2.3687e-08	-2.306e-08	-2.2611e-08	-2.2459e-08	-2.2467e-08	-2.2532e-08	-2.267e-08	-2.285e-08	-2.3035e-08	-2.3193e-08
-2.7794e-08	-2.8256e-08	-2.8408e-08	-2.841e-08	-2.8395e-08	-2.8356e-08	-2.8275e-08	-2.8105e-08	-2.7855e-08	-2.7573e-08	-2.7359e-08	-2.723e-08	-2.7129e-08	-2.6972e-08	-2.6631e-08	-2.6161e-08	-2.5857e-08	-2.5808e-08	-2.5827e-08	-2.5796e-08	-2.5623e-08	-2.5309e-08	-2.5051e-08	-2.4889e-08	-2.4838e-08	-2.4959e-08	-2.5194e-08	-2.5457e-08	-2.582e-08	-2.6236e-08	-2.6417e-08	-2.6162e-08	-2.5429e-08	-2.4171e-08	-2.2374e-08	-2.0169e-08	-1.7737e-08	-1.522e-08	-1.2719e-08	-1.0275e-08	-7.8489e-09	-5.4407e-09	-3.0499e-09	-5.1453e-10	2.2969e-09	5.3537e-09	8.5084e-09	1.1547e-08	1.4468e-08	1.7376e-08	2.023e-08	2.2999e-08	2.5655e-08	2.8207e-08	3.0734e-08	3.3413e-08	3.6319e-08	3.9185e-08	4.1763e-08	4.3957e-08	4.5833e-08	4.7398e-08	4.8632e-08	4.9635e-08	5.0339e-08	5.0402e-08	4.9616e-08	4.8093e-08	4.6073e-08	4.3763e-08	4.12e-08	3.8262e-08	3.489e-08	3.118e-08	2.7345e-08	2.3541e-08	1.974e-08	1.5867e-08	1.1879e-08	7.7576e-09	3.5362e-09	-7.5327e-10	-5.0863e-09	-9.429e-09	-1.3615e-08	-1.726e-08	-1.9949e-08	-2.1572e-08	-2.2371e-08	-2.2712e-08	-2.2899e-08	-2.2999e-08	-2.2971e-08	-2.2834e-08	-2.2578e-08	-2.2231e-08	-2.2029e-08	-2.2197e-08	-2.2599e-08	-2.2988e-08	-2.3218e-08	-2.3294e-08	-2.3409e-08	-2.3887e-08	-2.4707e-08	-2.5568e-08	-2.6334e-08	-2.7044e-08	-2.7637e-08	-2.8045e-08	-2.842e-08	-2.8946e-08	-2.9603e-08	-3.0198e-08	-3.0598e-08	-3.0816e-08	-3.0908e-08	-3.0913e-08	-3.0786e-08	-3.0438e-08	-2.9854e-08	-2.9144e-08	-2.8454e-08	-2.7757e-08	-2.6994e-08	-2.6219e-08	-2.5499e-08	-2.4847e-08	-2.4249e-08	-2.3686e-08	-2.3193e-08	-2.2867e-08	-2.27e-08	-2.2539e-08	-2.2266e-08	-2.2067e-08	-2.2105e-08	-2.2263e-08	-2.2472e-08	-2.2731e-08	-2.3015e-08	-2.3301e-08	-2.3516e-08	-2.3599e-08	-2.3599e-08	-2.3564e-08	-2.3532e-08	-2.3486e-08	-2.3354e-08	-2.3108e-08	-2.2812e-08	-2.2534e-08	-2.2272e-08	-2.2075e-08	-2.2244e-08	-2.2983e-08	-2.4046e-08	-2.4961e-08	-2.5352e-08	-2.5198e-08	-2.4973e-08	-2.5257e-08	-2.6007e-08	-2.6737e-08	-2.7084e-08	-2.6988e-08	-2.6551e-08	-2.5878e-08	-2.5127e-08	-2.4448e-08	-2.3818e-08	-2.3202e-08	-2.2747e-08	-2.2594e-08	-2.2647e-08	-2.2809e-08	-2.3084e-08	-2.3426e-08	-2.3781e-08	-2.4101e-08
-2.7519e-08	-2.7866e-08	-2.7878e-08	-2.7781e-08	-2.7732e-08	-2.7698e-08	-2.7644e-08	-2.7548e-08	-2.7419e-08	-2.7259e-08	-2.7125e-08	-2.7051e-08	-2.7001e-08	-2.6878e-08	-2.6538e-08	-2.6042e-08	-2.5717e-08	-2.5688e-08	-2.5757e-08	-2.5768e-08	-2.5616e-08	-2.5299e-08	-2.5016e-08	-2.4835e-08	-2.4782e-08	-2.4929e-08	-2.521e-08	-2.5517e-08	-2.5909e-08	-2.6354e-08	-2.6568e-08	-2.6321e-08	-2.5541e-08	-2.4185e-08	-2.2294e-08	-2.0036e-08	-1.7597e-08	-1.5101e-08	-1.2622e-08	-1.0181e-08	-7.7286e-09	-5.2632e-09	-2.8005e-09	-2.3603e-10	2.5495e-09	5.5679e-09	8.7111e-09	1.1756e-08	1.4662e-08	1.7538e-08	2.0371e-08	2.3127e-08	2.5769e-08	2.83e-08	3.0807e-08	3.3461e-08	3.6322e-08	3.9112e-08	4.1584e-08	4.3716e-08	4.5603e-08	4.7219e-08	4.8518e-08	4.9583e-08	5.0338e-08	5.0437e-08	4.9662e-08	4.8125e-08	4.6079e-08	4.375e-08	4.1182e-08	3.8251e-08	3.4891e-08	3.119e-08	2.7351e-08	2.3537e-08	1.9731e-08	1.5858e-08	1.1866e-08	7.7322e-09	3.4961e-09	-8.0261e-10	-5.1396e-09	-9.4898e-09	-1.3703e-08	-1.7405e-08	-2.0162e-08	-2.1838e-08	-2.2664e-08	-2.3008e-08	-2.3177e-08	-2.3249e-08	-2.3188e-08	-2.3023e-08	-2.275e-08	-2.2394e-08	-2.2175e-08	-2.2322e-08	-2.2709e-08	-2.3079e-08	-2.3279e-08	-2.3318e-08	-2.3403e-08	-2.387e-08	-2.4714e-08	-2.5611e-08	-2.6395e-08	-2.7112e-08	-2.7715e-08	-2.8134e-08	-2.8509e-08	-2.9034e-08	-2.9693e-08	-3.0286e-08	-3.0668e-08	-3.0865e-08	-3.0943e-08	-3.0939e-08	-3.0818e-08	-3.0495e-08	-2.9938e-08	-2.9236e-08	-2.8541e-08	-2.7842e-08	-2.7075e-08	-2.6299e-08	-2.5586e-08	-2.4939e-08	-2.4336e-08	-2.3759e-08	-2.3255e-08	-2.2926e-08	-2.276e-08	-2.26e-08	-2.2326e-08	-2.211e-08	-2.2129e-08	-2.2274e-08	-2.2459e-08	-2.2687e-08	-2.2949e-08	-2.3227e-08	-2.3451e-08	-2.3552e-08	-2.3564e-08	-2.3519e-08	-2.3458e-08	-2.3396e-08	-2.3282e-08	-2.3059e-08	-2.2764e-08	-2.2472e-08	-2.2199e-08	-2.1993e-08	-2.213e-08	-2.2815e-08	-2.3834e-08	-2.4738e-08	-2.5152e-08	-2.5026e-08	-2.4797e-08	-2.5059e-08	-2.5819e-08	-2.6591e-08	-2.698e-08	-2.6904e-08	-2.648e-08	-2.5841e-08	-2.5137e-08	-2.4497e-08	-2.3895e-08	-2.3295e-08	-2.284e-08	-2.2693e-08	-2.2796e-08	-2.3064e-08	-2.3491e-08	-2.4015e-08	-2.4558e-08	-2.5056e-08
-2.7257e-08	-2.75e-08	-2.7385e-08	-2.7192e-08	-2.7112e-08	-2.7084e-08	-2.7054e-08	-2.7024e-08	-2.7002e-08	-2.6955e-08	-2.6897e-08	-2.6873e-08	-2.687e-08	-2.678e-08	-2.6445e-08	-2.5929e-08	-2.5586e-08	-2.5571e-08	-2.5684e-08	-2.5735e-08	-2.5604e-08	-2.5287e-08	-2.4985e-08	-2.4787e-08	-2.473e-08	-2.4899e-08	-2.5225e-08	-2.5581e-08	-2.6012e-08	-2.6495e-08	-2.6751e-08	-2.6526e-08	-2.572e-08	-2.429e-08	-2.232e-08	-2.0012e-08	-1.7557e-08	-1.5071e-08	-1.2606e-08	-1.0158e-08	-7.6759e-09	-5.1519e-09	-2.6153e-09	-1.2499e-11	2.7574e-09	5.7418e-09	8.8735e-09	1.1929e-08	1.483e-08	1.7681e-08	2.0495e-08	2.3239e-08	2.5868e-08	2.8385e-08	3.0881e-08	3.3514e-08	3.6328e-08	3.904e-08	4.141e-08	4.3486e-08	4.5391e-08	4.7073e-08	4.8448e-08	4.9581e-08	5.0393e-08	5.0532e-08	4.9774e-08	4.8228e-08	4.6161e-08	4.381e-08	4.1231e-08	3.8302e-08	3.4952e-08	3.1261e-08	2.742e-08	2.3595e-08	1.9783e-08	1.5908e-08	1.1911e-08	7.7652e-09	3.5145e-09	-7.9286e-10	-5.1317e-09	-9.4836e-09	-1.3715e-08	-1.7467e-08	-2.0294e-08	-2.2028e-08	-2.2886e-08	-2.3234e-08	-2.3389e-08	-2.3438e-08	-2.335e-08	-2.3165e-08	-2.2887e-08	-2.2531e-08	-2.2301e-08	-2.2426e-08	-2.2795e-08	-2.3145e-08	-2.3316e-08	-2.3319e-08	-2.3371e-08	-2.3817e-08	-2.467e-08	-2.5592e-08	-2.6388e-08	-2.71e-08	-2.7701e-08	-2.8123e-08	-2.8497e-08	-2.9013e-08	-2.9658e-08	-3.023e-08	-3.0585e-08	-3.0756e-08	-3.0819e-08	-3.0805e-08	-3.0686e-08	-3.0388e-08	-2.9864e-08	-2.9183e-08	-2.8497e-08	-2.7809e-08	-2.7053e-08	-2.6287e-08	-2.5588e-08	-2.4952e-08	-2.4351e-08	-2.377e-08	-2.3267e-08	-2.2943e-08	-2.2779e-08	-2.2621e-08	-2.2352e-08	-2.2128e-08	-2.2133e-08	-2.2267e-08	-2.2425e-08	-2.2619e-08	-2.2853e-08	-2.3116e-08	-2.3343e-08	-2.346e-08	-2.3485e-08	-2.3436e-08	-2.3346e-08	-2.3268e-08	-2.3174e-08	-2.2984e-08	-2.2706e-08	-2.2416e-08	-2.2144e-08	-2.1937e-08	-2.2041e-08	-2.266e-08	-2.3608e-08	-2.4474e-08	-2.4893e-08	-2.4787e-08	-2.4551e-08	-2.478e-08	-2.5536e-08	-2.634e-08	-2.6766e-08	-2.671e-08	-2.6306e-08	-2.5714e-08	-2.5073e-08	-2.4486e-08	-2.3921e-08	-2.3343e-08	-2.2894e-08	-2.2755e-08	-2.2911e-08	-2.3291e-08	-2.3881e-08	-2.46e-08	-2.5345e-08	-2.6035e-08
-2.7016e-08	-2.7166e-08	-2.6939e-08	-2.6661e-08	-2.6554e-08	-2.6535e-08	-2.6527e-08	-2.6549e-08	-2.6619e-08	-2.6672e-08	-2.6682e-08	-2.6701e-08	-2.6737e-08	-2.6678e-08	-2.6354e-08	-2.5826e-08	-2.5465e-08	-2.546e-08	-2.5611e-08	-2.5698e-08	-2.5587e-08	-2.5275e-08	-2.4958e-08	-2.4745e-08	-2.4685e-08	-2.487e-08	-2.5238e-08	-2.5648e-08	-2.6127e-08	-2.6658e-08	-2.6966e-08	-2.6776e-08	-2.5966e-08	-2.449e-08	-2.2459e-08	-2.0104e-08	-1.7628e-08	-1.5141e-08	-1.2677e-08	-1.0215e-08	-7.6977e-09	-5.1141e-09	-2.503e-09	1.4681e-10	2.9121e-09	5.8681e-09	8.9892e-09	1.206e-08	1.4965e-08	1.7801e-08	2.06e-08	2.3333e-08	2.595e-08	2.8459e-08	3.0954e-08	3.3573e-08	3.6338e-08	3.8968e-08	4.1241e-08	4.3269e-08	4.5203e-08	4.6963e-08	4.8427e-08	4.9636e-08	5.051e-08	5.0695e-08	4.9959e-08	4.8411e-08	4.6325e-08	4.3953e-08	4.1357e-08	3.8423e-08	3.5081e-08	3.14e-08	2.7559e-08	2.3723e-08	1.9904e-08	1.6026e-08	1.2022e-08	7.8633e-09	3.5977e-09	-7.1788e-10	-5.0565e-09	-9.4048e-09	-1.3645e-08	-1.744e-08	-2.0335e-08	-2.2132e-08	-2.3026e-08	-2.3382e-08	-2.3526e-08	-2.3557e-08	-2.3451e-08	-2.3256e-08	-2.2984e-08	-2.2639e-08	-2.2406e-08	-2.2509e-08	-2.2857e-08	-2.3185e-08	-2.3329e-08	-2.3296e-08	-2.3312e-08	-2.3729e-08	-2.4578e-08	-2.5515e-08	-2.6317e-08	-2.7016e-08	-2.7601e-08	-2.8018e-08	-2.8388e-08	-2.8891e-08	-2.9509e-08	-3.0045e-08	-3.0359e-08	-3.0501e-08	-3.0551e-08	-3.0525e-08	-3.0405e-08	-3.0132e-08	-2.9647e-08	-2.8997e-08	-2.8333e-08	-2.7669e-08	-2.6935e-08	-2.619e-08	-2.5514e-08	-2.4896e-08	-2.4301e-08	-2.3725e-08	-2.3234e-08	-2.2923e-08	-2.2765e-08	-2.261e-08	-2.235e-08	-2.2124e-08	-2.212e-08	-2.2243e-08	-2.2376e-08	-2.2531e-08	-2.2733e-08	-2.2976e-08	-2.32e-08	-2.333e-08	-2.337e-08	-2.3318e-08	-2.3202e-08	-2.3106e-08	-2.3034e-08	-2.2886e-08	-2.2638e-08	-2.2363e-08	-2.2104e-08	-2.1904e-08	-2.1979e-08	-2.252e-08	-2.3377e-08	-2.4181e-08	-2.4587e-08	-2.4492e-08	-2.4245e-08	-2.4434e-08	-2.5174e-08	-2.5999e-08	-2.6456e-08	-2.6422e-08	-2.6042e-08	-2.5505e-08	-2.4942e-08	-2.4419e-08	-2.3899e-08	-2.3348e-08	-2.2911e-08	-2.2784e-08	-2.2994e-08	-2.3487e-08	-2.4245e-08	-2.5168e-08	-2.6124e-08	-2.7015e-08
-2.6803e-08	-2.6873e-08	-2.6554e-08	-2.6203e-08	-2.6077e-08	-2.607e-08	-2.608e-08	-2.6142e-08	-2.6284e-08	-2.6421e-08	-2.6488e-08	-2.6541e-08	-2.6608e-08	-2.6577e-08	-2.6267e-08	-2.5734e-08	-2.5359e-08	-2.5358e-08	-2.554e-08	-2.5657e-08	-2.5566e-08	-2.526e-08	-2.4934e-08	-2.4712e-08	-2.4648e-08	-2.4844e-08	-2.525e-08	-2.5717e-08	-2.6253e-08	-2.6842e-08	-2.721e-08	-2.7069e-08	-2.6279e-08	-2.4787e-08	-2.2716e-08	-2.0322e-08	-1.7818e-08	-1.5318e-08	-1.2844e-08	-1.0359e-08	-7.8e-09	-5.156e-09	-2.4704e-09	2.3391e-10	3.0061e-09	5.9406e-09	9.0527e-09	1.2144e-08	1.5065e-08	1.7895e-08	2.0684e-08	2.3406e-08	2.6013e-08	2.8519e-08	3.1023e-08	3.3637e-08	3.6352e-08	3.8897e-08	4.1078e-08	4.3065e-08	4.504e-08	4.6892e-08	4.8456e-08	4.975e-08	5.069e-08	5.0926e-08	5.0218e-08	4.8673e-08	4.6574e-08	4.4179e-08	4.1561e-08	3.8616e-08	3.5277e-08	3.1606e-08	2.7766e-08	2.3919e-08	2.0091e-08	1.6207e-08	1.2195e-08	8.0232e-09	3.7424e-09	-5.814e-10	-4.9186e-09	-9.2592e-09	-1.3501e-08	-1.7331e-08	-2.0295e-08	-2.2157e-08	-2.3091e-08	-2.3459e-08	-2.3595e-08	-2.3614e-08	-2.3497e-08	-2.33e-08	-2.3044e-08	-2.2721e-08	-2.2491e-08	-2.2574e-08	-2.2896e-08	-2.3201e-08	-2.332e-08	-2.3253e-08	-2.3231e-08	-2.3612e-08	-2.4444e-08	-2.5386e-08	-2.6189e-08	-2.6866e-08	-2.7424e-08	-2.7828e-08	-2.8192e-08	-2.8677e-08	-2.926e-08	-2.9745e-08	-3.001e-08	-3.0119e-08	-3.0154e-08	-3.0116e-08	-2.9994e-08	-2.9745e-08	-2.9302e-08	-2.8693e-08	-2.8061e-08	-2.7432e-08	-2.6732e-08	-2.6017e-08	-2.5371e-08	-2.4777e-08	-2.4195e-08	-2.3632e-08	-2.3161e-08	-2.2872e-08	-2.2724e-08	-2.2573e-08	-2.2323e-08	-2.2103e-08	-2.2093e-08	-2.2208e-08	-2.2313e-08	-2.2429e-08	-2.2594e-08	-2.2813e-08	-2.3029e-08	-2.3168e-08	-2.3223e-08	-2.3172e-08	-2.3031e-08	-2.2917e-08	-2.2867e-08	-2.2767e-08	-2.2561e-08	-2.2314e-08	-2.2079e-08	-2.1894e-08	-2.1942e-08	-2.24e-08	-2.3149e-08	-2.387e-08	-2.4245e-08	-2.4153e-08	-2.3891e-08	-2.4034e-08	-2.4746e-08	-2.5582e-08	-2.6066e-08	-2.6053e-08	-2.57e-08	-2.5225e-08	-2.4748e-08	-2.4301e-08	-2.3833e-08	-2.3315e-08	-2.2894e-08	-2.2782e-08	-2.3045e-08	-2.365e-08	-2.4576e-08	-2.5706e-08	-2.6878e-08	-2.7976e-08
-2.6625e-08	-2.663e-08	-2.6239e-08	-2.5835e-08	-2.57e-08	-2.5708e-08	-2.5735e-08	-2.5822e-08	-2.6014e-08	-2.6212e-08	-2.6322e-08	-2.6397e-08	-2.6485e-08	-2.6476e-08	-2.6185e-08	-2.5656e-08	-2.527e-08	-2.527e-08	-2.5474e-08	-2.5614e-08	-2.5539e-08	-2.5243e-08	-2.4913e-08	-2.4687e-08	-2.4621e-08	-2.4823e-08	-2.5262e-08	-2.5789e-08	-2.6391e-08	-2.7045e-08	-2.7483e-08	-2.7403e-08	-2.6654e-08	-2.5177e-08	-2.3093e-08	-2.067e-08	-1.8133e-08	-1.5606e-08	-1.3108e-08	-1.059e-08	-7.9836e-09	-5.2781e-09	-2.5188e-09	2.4674e-10	3.0374e-09	5.9581e-09	9.0635e-09	1.2179e-08	1.5126e-08	1.7961e-08	2.0745e-08	2.3458e-08	2.6056e-08	2.8563e-08	3.1086e-08	3.3704e-08	3.6371e-08	3.883e-08	4.0922e-08	4.2875e-08	4.4901e-08	4.6855e-08	4.853e-08	4.9915e-08	5.0926e-08	5.1216e-08	5.0541e-08	4.9005e-08	4.6897e-08	4.4478e-08	4.1833e-08	3.8872e-08	3.5532e-08	3.187e-08	2.8032e-08	2.4175e-08	2.0336e-08	1.6445e-08	1.2424e-08	8.2375e-09	3.9412e-09	-3.9086e-10	-4.726e-09	-9.056e-09	-1.3293e-08	-1.7152e-08	-2.0183e-08	-2.2114e-08	-2.3092e-08	-2.3473e-08	-2.3603e-08	-2.3614e-08	-2.3492e-08	-2.3302e-08	-2.3069e-08	-2.2776e-08	-2.2558e-08	-2.2621e-08	-2.2916e-08	-2.3197e-08	-2.3292e-08	-2.3192e-08	-2.3131e-08	-2.347e-08	-2.4275e-08	-2.5213e-08	-2.6011e-08	-2.6659e-08	-2.7181e-08	-2.7564e-08	-2.7918e-08	-2.8384e-08	-2.8922e-08	-2.9347e-08	-2.9554e-08	-2.9626e-08	-2.9647e-08	-2.9598e-08	-2.9471e-08	-2.9244e-08	-2.8847e-08	-2.8286e-08	-2.7695e-08	-2.7111e-08	-2.6454e-08	-2.5778e-08	-2.517e-08	-2.4605e-08	-2.4042e-08	-2.3496e-08	-2.3054e-08	-2.2794e-08	-2.2661e-08	-2.2516e-08	-2.2279e-08	-2.2068e-08	-2.2056e-08	-2.2162e-08	-2.2242e-08	-2.2316e-08	-2.2443e-08	-2.2634e-08	-2.2836e-08	-2.2981e-08	-2.3049e-08	-2.3001e-08	-2.2839e-08	-2.2705e-08	-2.2678e-08	-2.2631e-08	-2.2475e-08	-2.2267e-08	-2.2065e-08	-2.1903e-08	-2.193e-08	-2.2304e-08	-2.2933e-08	-2.3551e-08	-2.3879e-08	-2.3781e-08	-2.3502e-08	-2.3593e-08	-2.4269e-08	-2.5105e-08	-2.5609e-08	-2.5616e-08	-2.5292e-08	-2.4882e-08	-2.45e-08	-2.4138e-08	-2.3728e-08	-2.3247e-08	-2.2846e-08	-2.2751e-08	-2.3064e-08	-2.3776e-08	-2.4867e-08	-2.6203e-08	-2.759e-08	-2.8894e-08
-2.6486e-08	-2.644e-08	-2.6002e-08	-2.5566e-08	-2.5433e-08	-2.5463e-08	-2.5504e-08	-2.5601e-08	-2.5819e-08	-2.6055e-08	-2.6191e-08	-2.6274e-08	-2.6371e-08	-2.6379e-08	-2.6108e-08	-2.559e-08	-2.5199e-08	-2.5196e-08	-2.5413e-08	-2.5569e-08	-2.5508e-08	-2.5223e-08	-2.4896e-08	-2.467e-08	-2.4604e-08	-2.4808e-08	-2.5274e-08	-2.5861e-08	-2.6537e-08	-2.7265e-08	-2.7781e-08	-2.7772e-08	-2.7085e-08	-2.5651e-08	-2.3577e-08	-2.1133e-08	-1.856e-08	-1.5995e-08	-1.3462e-08	-1.0901e-08	-8.241e-09	-5.4729e-09	-2.6411e-09	1.906e-10	3.0101e-09	5.9245e-09	9.0254e-09	1.2168e-08	1.515e-08	1.8e-08	2.0785e-08	2.3491e-08	2.6082e-08	2.8592e-08	3.1141e-08	3.3772e-08	3.6396e-08	3.8767e-08	4.0774e-08	4.2699e-08	4.4783e-08	4.6849e-08	4.8644e-08	5.0126e-08	5.121e-08	5.1557e-08	5.0917e-08	4.9395e-08	4.7281e-08	4.484e-08	4.2165e-08	3.918e-08	3.5835e-08	3.2182e-08	2.8348e-08	2.4482e-08	2.063e-08	1.673e-08	1.2698e-08	8.4976e-09	4.1861e-09	-1.5406e-10	-4.4867e-09	-8.8045e-09	-1.3033e-08	-1.6913e-08	-2.001e-08	-2.2013e-08	-2.3038e-08	-2.3435e-08	-2.356e-08	-2.3567e-08	-2.3445e-08	-2.3265e-08	-2.3064e-08	-2.2808e-08	-2.2607e-08	-2.2654e-08	-2.2921e-08	-2.3175e-08	-2.3247e-08	-2.3116e-08	-2.3015e-08	-2.3309e-08	-2.4078e-08	-2.5002e-08	-2.579e-08	-2.6405e-08	-2.6881e-08	-2.7234e-08	-2.7577e-08	-2.802e-08	-2.851e-08	-2.8865e-08	-2.9006e-08	-2.9038e-08	-2.9047e-08	-2.8988e-08	-2.8855e-08	-2.8649e-08	-2.8298e-08	-2.7791e-08	-2.725e-08	-2.6717e-08	-2.6112e-08	-2.5482e-08	-2.4918e-08	-2.4389e-08	-2.3849e-08	-2.3326e-08	-2.2919e-08	-2.2696e-08	-2.2584e-08	-2.2445e-08	-2.2222e-08	-2.2024e-08	-2.2012e-08	-2.211e-08	-2.2165e-08	-2.2197e-08	-2.2284e-08	-2.2444e-08	-2.2629e-08	-2.2774e-08	-2.2854e-08	-2.2812e-08	-2.263e-08	-2.2477e-08	-2.247e-08	-2.2481e-08	-2.2382e-08	-2.2222e-08	-2.2061e-08	-2.193e-08	-2.1943e-08	-2.2233e-08	-2.2733e-08	-2.3235e-08	-2.35e-08	-2.3386e-08	-2.3087e-08	-2.3123e-08	-2.3754e-08	-2.4582e-08	-2.51e-08	-2.5126e-08	-2.4831e-08	-2.4487e-08	-2.4205e-08	-2.3934e-08	-2.3588e-08	-2.3148e-08	-2.2771e-08	-2.2694e-08	-2.3052e-08	-2.3864e-08	-2.5111e-08	-2.6647e-08	-2.8244e-08	-2.9751e-08
-2.6385e-08	-2.63e-08	-2.5837e-08	-2.5387e-08	-2.5269e-08	-2.5325e-08	-2.5378e-08	-2.5473e-08	-2.5693e-08	-2.5945e-08	-2.609e-08	-2.6169e-08	-2.6265e-08	-2.6283e-08	-2.6033e-08	-2.5536e-08	-2.5144e-08	-2.5135e-08	-2.5357e-08	-2.5522e-08	-2.5472e-08	-2.52e-08	-2.488e-08	-2.4661e-08	-2.4597e-08	-2.4799e-08	-2.5286e-08	-2.5934e-08	-2.6689e-08	-2.75e-08	-2.81e-08	-2.8173e-08	-2.7562e-08	-2.6196e-08	-2.4152e-08	-2.1699e-08	-1.9087e-08	-1.6474e-08	-1.3894e-08	-1.1282e-08	-8.5631e-09	-5.7314e-09	-2.8291e-09	7.2178e-11	2.9295e-09	5.8448e-09	8.9434e-09	1.2115e-08	1.5139e-08	1.8013e-08	2.0805e-08	2.3507e-08	2.6091e-08	2.8606e-08	3.1186e-08	3.3839e-08	3.6425e-08	3.8712e-08	4.0636e-08	4.2538e-08	4.4687e-08	4.687e-08	4.8791e-08	5.0374e-08	5.1532e-08	5.1937e-08	5.1336e-08	4.9832e-08	4.7714e-08	4.5252e-08	4.2545e-08	3.9532e-08	3.6179e-08	3.2533e-08	2.8704e-08	2.4828e-08	2.0963e-08	1.7053e-08	1.3011e-08	8.7954e-09	4.469e-09	1.2119e-10	-4.2089e-09	-8.5136e-09	-1.2731e-08	-1.6627e-08	-1.9788e-08	-2.1864e-08	-2.2938e-08	-2.3352e-08	-2.3474e-08	-2.348e-08	-2.336e-08	-2.3197e-08	-2.3032e-08	-2.282e-08	-2.2641e-08	-2.2676e-08	-2.2912e-08	-2.3139e-08	-2.3189e-08	-2.3029e-08	-2.2887e-08	-2.3133e-08	-2.3858e-08	-2.476e-08	-2.5534e-08	-2.6111e-08	-2.6533e-08	-2.6849e-08	-2.7176e-08	-2.7597e-08	-2.8035e-08	-2.8315e-08	-2.8384e-08	-2.8374e-08	-2.8372e-08	-2.8303e-08	-2.8163e-08	-2.7976e-08	-2.7673e-08	-2.7223e-08	-2.6738e-08	-2.6264e-08	-2.5717e-08	-2.5139e-08	-2.4626e-08	-2.4137e-08	-2.3626e-08	-2.313e-08	-2.2761e-08	-2.2583e-08	-2.2497e-08	-2.2366e-08	-2.2159e-08	-2.1975e-08	-2.1964e-08	-2.2055e-08	-2.2085e-08	-2.2077e-08	-2.2123e-08	-2.2251e-08	-2.2414e-08	-2.2554e-08	-2.2643e-08	-2.2608e-08	-2.241e-08	-2.2236e-08	-2.225e-08	-2.232e-08	-2.2283e-08	-2.2179e-08	-2.2066e-08	-2.1973e-08	-2.198e-08	-2.219e-08	-2.2558e-08	-2.2931e-08	-2.312e-08	-2.2981e-08	-2.2659e-08	-2.2638e-08	-2.3217e-08	-2.4028e-08	-2.4554e-08	-2.4597e-08	-2.433e-08	-2.405e-08	-2.387e-08	-2.3694e-08	-2.3416e-08	-2.3021e-08	-2.2672e-08	-2.2614e-08	-2.3011e-08	-2.3913e-08	-2.5304e-08	-2.7026e-08	-2.8825e-08	-3.0524e-08
-2.6319e-08	-2.6203e-08	-2.5731e-08	-2.5286e-08	-2.5193e-08	-2.5279e-08	-2.5344e-08	-2.5426e-08	-2.563e-08	-2.5877e-08	-2.6016e-08	-2.6079e-08	-2.6166e-08	-2.6188e-08	-2.596e-08	-2.5488e-08	-2.5102e-08	-2.5086e-08	-2.5307e-08	-2.5475e-08	-2.5433e-08	-2.5174e-08	-2.4866e-08	-2.4657e-08	-2.4598e-08	-2.4798e-08	-2.53e-08	-2.6006e-08	-2.6847e-08	-2.7745e-08	-2.8437e-08	-2.8598e-08	-2.8077e-08	-2.6798e-08	-2.4805e-08	-2.2353e-08	-1.97e-08	-1.7029e-08	-1.4393e-08	-1.1723e-08	-8.9405e-09	-6.0448e-09	-3.0744e-09	-1.0165e-10	2.801e-09	5.7239e-09	8.8223e-09	1.2023e-08	1.5096e-08	1.8001e-08	2.0805e-08	2.3507e-08	2.6085e-08	2.8605e-08	3.122e-08	3.3904e-08	3.6458e-08	3.8663e-08	4.051e-08	4.2392e-08	4.461e-08	4.6914e-08	4.8965e-08	5.0652e-08	5.1886e-08	5.2347e-08	5.1786e-08	5.0303e-08	4.8186e-08	4.5703e-08	4.2962e-08	3.9918e-08	3.6552e-08	3.2913e-08	2.909e-08	2.5206e-08	2.1326e-08	1.7405e-08	1.3351e-08	9.1223e-09	4.7821e-09	4.271e-10	-3.9006e-09	-8.1922e-09	-1.2397e-08	-1.6305e-08	-1.9527e-08	-2.1677e-08	-2.2803e-08	-2.3235e-08	-2.3354e-08	-2.336e-08	-2.3247e-08	-2.3103e-08	-2.2977e-08	-2.2812e-08	-2.2661e-08	-2.2687e-08	-2.2893e-08	-2.309e-08	-2.3119e-08	-2.2932e-08	-2.2751e-08	-2.2946e-08	-2.3621e-08	-2.4494e-08	-2.5248e-08	-2.5786e-08	-2.6148e-08	-2.6419e-08	-2.6727e-08	-2.7125e-08	-2.751e-08	-2.7711e-08	-2.7703e-08	-2.7648e-08	-2.7637e-08	-2.7563e-08	-2.7415e-08	-2.7244e-08	-2.6988e-08	-2.6599e-08	-2.6175e-08	-2.5763e-08	-2.5278e-08	-2.4758e-08	-2.4301e-08	-2.3859e-08	-2.338e-08	-2.2913e-08	-2.2587e-08	-2.246e-08	-2.2406e-08	-2.2287e-08	-2.2094e-08	-2.1927e-08	-2.1917e-08	-2.2e-08	-2.2006e-08	-2.1959e-08	-2.1966e-08	-2.206e-08	-2.2198e-08	-2.2327e-08	-2.2423e-08	-2.2395e-08	-2.2184e-08	-2.199e-08	-2.2022e-08	-2.2151e-08	-2.2181e-08	-2.2137e-08	-2.208e-08	-2.203e-08	-2.2038e-08	-2.2176e-08	-2.2412e-08	-2.2648e-08	-2.2749e-08	-2.2576e-08	-2.2228e-08	-2.215e-08	-2.2671e-08	-2.3458e-08	-2.3985e-08	-2.4042e-08	-2.3801e-08	-2.3583e-08	-2.3504e-08	-2.3425e-08	-2.3217e-08	-2.2871e-08	-2.2553e-08	-2.2513e-08	-2.2943e-08	-2.3922e-08	-2.544e-08	-2.7333e-08	-2.9316e-08	-3.1197e-08
-2.6281e-08	-2.614e-08	-2.5674e-08	-2.525e-08	-2.519e-08	-2.5311e-08	-2.5386e-08	-2.5448e-08	-2.562e-08	-2.5845e-08	-2.5964e-08	-2.6002e-08	-2.607e-08	-2.6092e-08	-2.5884e-08	-2.5443e-08	-2.5069e-08	-2.5047e-08	-2.5262e-08	-2.5428e-08	-2.5389e-08	-2.5145e-08	-2.4852e-08	-2.4659e-08	-2.4607e-08	-2.4803e-08	-2.5316e-08	-2.6077e-08	-2.7006e-08	-2.7999e-08	-2.8787e-08	-2.9045e-08	-2.8622e-08	-2.7447e-08	-2.5521e-08	-2.3079e-08	-2.0386e-08	-1.765e-08	-1.4948e-08	-1.2213e-08	-9.3637e-09	-6.4038e-09	-3.3684e-09	-3.2382e-10	2.6304e-09	5.5668e-09	8.6669e-09	1.1898e-08	1.5021e-08	1.7965e-08	2.0787e-08	2.3492e-08	2.6066e-08	2.8591e-08	3.1241e-08	3.3963e-08	3.6495e-08	3.8623e-08	4.0397e-08	4.2263e-08	4.4554e-08	4.698e-08	4.9161e-08	5.0953e-08	5.2261e-08	5.2779e-08	5.2258e-08	5.0797e-08	4.8683e-08	4.6182e-08	4.3406e-08	4.0327e-08	3.6946e-08	3.3313e-08	2.9496e-08	2.5605e-08	2.171e-08	1.7776e-08	1.3712e-08	9.4698e-09	5.1171e-09	7.5585e-10	-3.5697e-09	-7.8491e-09	-1.2041e-08	-1.5957e-08	-1.9239e-08	-2.1464e-08	-2.2641e-08	-2.3092e-08	-2.3208e-08	-2.3216e-08	-2.3111e-08	-2.2988e-08	-2.2903e-08	-2.2789e-08	-2.267e-08	-2.269e-08	-2.2867e-08	-2.3033e-08	-2.3041e-08	-2.283e-08	-2.2608e-08	-2.2754e-08	-2.3374e-08	-2.4209e-08	-2.4941e-08	-2.5437e-08	-2.5735e-08	-2.5953e-08	-2.6238e-08	-2.6613e-08	-2.6945e-08	-2.7067e-08	-2.6979e-08	-2.6878e-08	-2.686e-08	-2.6784e-08	-2.6628e-08	-2.6471e-08	-2.6261e-08	-2.5934e-08	-2.5574e-08	-2.5228e-08	-2.4809e-08	-2.4349e-08	-2.3954e-08	-2.3563e-08	-2.312e-08	-2.2686e-08	-2.2403e-08	-2.2333e-08	-2.2319e-08	-2.2214e-08	-2.2035e-08	-2.1884e-08	-2.1875e-08	-2.1948e-08	-2.1931e-08	-2.1847e-08	-2.1817e-08	-2.1878e-08	-2.1988e-08	-2.2101e-08	-2.2199e-08	-2.2177e-08	-2.1956e-08	-2.1743e-08	-2.1791e-08	-2.1979e-08	-2.2076e-08	-2.2097e-08	-2.21e-08	-2.2099e-08	-2.2118e-08	-2.2193e-08	-2.23e-08	-2.2397e-08	-2.2399e-08	-2.2183e-08	-2.1806e-08	-2.167e-08	-2.213e-08	-2.2885e-08	-2.3408e-08	-2.3475e-08	-2.3258e-08	-2.3097e-08	-2.3115e-08	-2.3133e-08	-2.2996e-08	-2.2701e-08	-2.2416e-08	-2.2394e-08	-2.285e-08	-2.3891e-08	-2.5516e-08	-2.7557e-08	-2.9706e-08	-3.1748e-08
-2.6267e-08	-2.6105e-08	-2.5655e-08	-2.5264e-08	-2.5246e-08	-2.5405e-08	-2.5492e-08	-2.5528e-08	-2.5654e-08	-2.5842e-08	-2.5929e-08	-2.5933e-08	-2.5977e-08	-2.5994e-08	-2.5806e-08	-2.54e-08	-2.5043e-08	-2.5016e-08	-2.5221e-08	-2.5381e-08	-2.5343e-08	-2.5112e-08	-2.4838e-08	-2.4663e-08	-2.4623e-08	-2.4815e-08	-2.5335e-08	-2.6147e-08	-2.7167e-08	-2.8259e-08	-2.9148e-08	-2.9507e-08	-2.9191e-08	-2.8131e-08	-2.6287e-08	-2.3863e-08	-2.113e-08	-1.8323e-08	-1.5547e-08	-1.2743e-08	-9.8232e-09	-6.7995e-09	-3.7025e-09	-5.8706e-10	2.4232e-09	5.3786e-09	8.4823e-09	1.1742e-08	1.4919e-08	1.7907e-08	2.0752e-08	2.3465e-08	2.6035e-08	2.8562e-08	3.1249e-08	3.4015e-08	3.6534e-08	3.8591e-08	4.0298e-08	4.2152e-08	4.4517e-08	4.7064e-08	4.9376e-08	5.1271e-08	5.2652e-08	5.3222e-08	5.274e-08	5.1303e-08	4.9195e-08	4.6677e-08	4.3867e-08	4.075e-08	3.735e-08	3.3722e-08	2.9913e-08	2.6016e-08	2.2105e-08	1.8159e-08	1.4084e-08	9.8293e-09	5.4659e-09	1.0996e-09	-3.224e-09	-7.4928e-09	-1.1673e-08	-1.5595e-08	-1.8935e-08	-2.1234e-08	-2.2464e-08	-2.2934e-08	-2.3045e-08	-2.3056e-08	-2.2959e-08	-2.2858e-08	-2.2816e-08	-2.2754e-08	-2.2669e-08	-2.2688e-08	-2.2836e-08	-2.2971e-08	-2.2958e-08	-2.2723e-08	-2.2463e-08	-2.256e-08	-2.3122e-08	-2.3914e-08	-2.4619e-08	-2.5072e-08	-2.5302e-08	-2.546e-08	-2.572e-08	-2.6073e-08	-2.6354e-08	-2.6396e-08	-2.6229e-08	-2.6082e-08	-2.6059e-08	-2.5984e-08	-2.5821e-08	-2.5676e-08	-2.5509e-08	-2.5245e-08	-2.4952e-08	-2.4672e-08	-2.4319e-08	-2.3924e-08	-2.3593e-08	-2.3259e-08	-2.2856e-08	-2.2454e-08	-2.2217e-08	-2.2208e-08	-2.2239e-08	-2.2152e-08	-2.1988e-08	-2.1851e-08	-2.1842e-08	-2.1902e-08	-2.1863e-08	-2.1746e-08	-2.1682e-08	-2.1711e-08	-2.179e-08	-2.1881e-08	-2.1977e-08	-2.1961e-08	-2.1732e-08	-2.1501e-08	-2.1563e-08	-2.1807e-08	-2.1972e-08	-2.2059e-08	-2.2125e-08	-2.2179e-08	-2.2217e-08	-2.224e-08	-2.2227e-08	-2.2184e-08	-2.2081e-08	-2.1813e-08	-2.1403e-08	-2.121e-08	-2.1608e-08	-2.2325e-08	-2.2837e-08	-2.2911e-08	-2.2715e-08	-2.2604e-08	-2.2712e-08	-2.2822e-08	-2.2757e-08	-2.2514e-08	-2.2266e-08	-2.2262e-08	-2.2734e-08	-2.3821e-08	-2.5529e-08	-2.769e-08	-2.9979e-08	-3.2161e-08
-2.6273e-08	-2.6091e-08	-2.5663e-08	-2.5316e-08	-2.5346e-08	-2.5546e-08	-2.5645e-08	-2.5653e-08	-2.5724e-08	-2.5861e-08	-2.5907e-08	-2.587e-08	-2.5883e-08	-2.5892e-08	-2.5721e-08	-2.5354e-08	-2.5022e-08	-2.4991e-08	-2.5184e-08	-2.5334e-08	-2.5293e-08	-2.5075e-08	-2.4823e-08	-2.4671e-08	-2.4645e-08	-2.4835e-08	-2.5357e-08	-2.6215e-08	-2.7327e-08	-2.8522e-08	-2.9517e-08	-2.9981e-08	-2.9775e-08	-2.884e-08	-2.709e-08	-2.4692e-08	-2.1919e-08	-1.9036e-08	-1.618e-08	-1.3301e-08	-1.0309e-08	-7.2226e-09	-4.0681e-09	-8.8393e-10	2.1855e-09	5.1644e-09	8.2735e-09	1.156e-08	1.4791e-08	1.7828e-08	2.0701e-08	2.3425e-08	2.5993e-08	2.8521e-08	3.1244e-08	3.4058e-08	3.6573e-08	3.8568e-08	4.0215e-08	4.206e-08	4.45e-08	4.7165e-08	4.9603e-08	5.1599e-08	5.3049e-08	5.3668e-08	5.3223e-08	5.181e-08	4.9709e-08	4.7176e-08	4.4332e-08	4.1175e-08	3.7755e-08	3.413e-08	3.0331e-08	2.6429e-08	2.2502e-08	1.8542e-08	1.4457e-08	1.0192e-08	5.8203e-09	1.4507e-09	-2.8714e-09	-7.1317e-09	-1.1303e-08	-1.523e-08	-1.8626e-08	-2.0999e-08	-2.2281e-08	-2.2769e-08	-2.2875e-08	-2.2888e-08	-2.28e-08	-2.272e-08	-2.2719e-08	-2.2708e-08	-2.2661e-08	-2.2681e-08	-2.2802e-08	-2.2905e-08	-2.2872e-08	-2.2616e-08	-2.2319e-08	-2.2368e-08	-2.287e-08	-2.3613e-08	-2.4289e-08	-2.4699e-08	-2.4857e-08	-2.4951e-08	-2.5182e-08	-2.5512e-08	-2.5745e-08	-2.5711e-08	-2.5466e-08	-2.5274e-08	-2.525e-08	-2.5181e-08	-2.5013e-08	-2.4878e-08	-2.475e-08	-2.4547e-08	-2.4321e-08	-2.4108e-08	-2.3822e-08	-2.3491e-08	-2.3229e-08	-2.2954e-08	-2.2595e-08	-2.2228e-08	-2.2035e-08	-2.2089e-08	-2.2173e-08	-2.2109e-08	-2.1958e-08	-2.1835e-08	-2.1822e-08	-2.1866e-08	-2.1805e-08	-2.1658e-08	-2.1565e-08	-2.1565e-08	-2.1611e-08	-2.1676e-08	-2.1762e-08	-2.175e-08	-2.1517e-08	-2.1269e-08	-2.1343e-08	-2.164e-08	-2.187e-08	-2.2023e-08	-2.2156e-08	-2.2267e-08	-2.2334e-08	-2.2317e-08	-2.2197e-08	-2.2019e-08	-2.1806e-08	-2.1477e-08	-2.103e-08	-2.0783e-08	-2.1119e-08	-2.1793e-08	-2.2287e-08	-2.2364e-08	-2.2185e-08	-2.2117e-08	-2.2305e-08	-2.2501e-08	-2.2504e-08	-2.2316e-08	-2.2106e-08	-2.2119e-08	-2.2599e-08	-2.3713e-08	-2.5476e-08	-2.7726e-08	-3.0123e-08	-3.2418e-08
-2.6293e-08	-2.609e-08	-2.5691e-08	-2.5395e-08	-2.5477e-08	-2.5719e-08	-2.5833e-08	-2.581e-08	-2.5819e-08	-2.5895e-08	-2.5891e-08	-2.5808e-08	-2.5787e-08	-2.5784e-08	-2.5629e-08	-2.5303e-08	-2.5e-08	-2.4969e-08	-2.5149e-08	-2.5286e-08	-2.5241e-08	-2.5036e-08	-2.4808e-08	-2.468e-08	-2.4672e-08	-2.4861e-08	-2.5382e-08	-2.628e-08	-2.7484e-08	-2.8785e-08	-2.9889e-08	-3.0462e-08	-3.0369e-08	-2.9564e-08	-2.7915e-08	-2.555e-08	-2.2738e-08	-1.9776e-08	-1.6834e-08	-1.3877e-08	-1.0812e-08	-7.6637e-09	-4.4562e-09	-1.2068e-09	1.9233e-09	4.9294e-09	8.0455e-09	1.1356e-08	1.4641e-08	1.7729e-08	2.0635e-08	2.3374e-08	2.5943e-08	2.847e-08	3.1224e-08	3.409e-08	3.661e-08	3.8552e-08	4.0149e-08	4.1989e-08	4.4504e-08	4.7281e-08	4.9839e-08	5.1931e-08	5.3445e-08	5.4108e-08	5.3696e-08	5.2306e-08	5.0213e-08	4.7668e-08	4.4791e-08	4.1594e-08	3.815e-08	3.4529e-08	3.074e-08	2.6834e-08	2.2892e-08	1.8918e-08	1.4823e-08	1.0549e-08	6.1721e-09	1.8012e-09	-2.5194e-09	-6.7738e-09	-1.0941e-08	-1.4872e-08	-1.8323e-08	-2.0769e-08	-2.2102e-08	-2.2607e-08	-2.2705e-08	-2.272e-08	-2.2641e-08	-2.2581e-08	-2.2618e-08	-2.2657e-08	-2.2647e-08	-2.2673e-08	-2.2769e-08	-2.2839e-08	-2.2786e-08	-2.2511e-08	-2.218e-08	-2.2183e-08	-2.2624e-08	-2.3313e-08	-2.3958e-08	-2.4324e-08	-2.4411e-08	-2.4435e-08	-2.4633e-08	-2.4941e-08	-2.513e-08	-2.5026e-08	-2.4707e-08	-2.4472e-08	-2.445e-08	-2.4392e-08	-2.4221e-08	-2.4094e-08	-2.4002e-08	-2.3858e-08	-2.3699e-08	-2.3549e-08	-2.3327e-08	-2.3062e-08	-2.287e-08	-2.2659e-08	-2.2346e-08	-2.2014e-08	-2.1864e-08	-2.1984e-08	-2.2126e-08	-2.209e-08	-2.1954e-08	-2.184e-08	-2.182e-08	-2.1842e-08	-2.1759e-08	-2.1587e-08	-2.1471e-08	-2.1446e-08	-2.1459e-08	-2.1491e-08	-2.1562e-08	-2.155e-08	-2.1314e-08	-2.1052e-08	-2.1137e-08	-2.1483e-08	-2.1774e-08	-2.1991e-08	-2.2191e-08	-2.2363e-08	-2.2466e-08	-2.2425e-08	-2.2213e-08	-2.1909e-08	-2.1584e-08	-2.1188e-08	-2.0699e-08	-2.04e-08	-2.0674e-08	-2.1301e-08	-2.1772e-08	-2.1848e-08	-2.1683e-08	-2.1647e-08	-2.1904e-08	-2.2175e-08	-2.2241e-08	-2.2109e-08	-2.1941e-08	-2.1969e-08	-2.2447e-08	-2.3569e-08	-2.5355e-08	-2.7657e-08	-3.0127e-08	-3.2501e-08
-2.6323e-08	-2.6097e-08	-2.5727e-08	-2.5487e-08	-2.5624e-08	-2.5909e-08	-2.6038e-08	-2.5987e-08	-2.5929e-08	-2.5937e-08	-2.5876e-08	-2.5744e-08	-2.5686e-08	-2.5668e-08	-2.5528e-08	-2.5245e-08	-2.4977e-08	-2.4949e-08	-2.5115e-08	-2.5238e-08	-2.5187e-08	-2.4993e-08	-2.479e-08	-2.469e-08	-2.4703e-08	-2.4894e-08	-2.5412e-08	-2.6345e-08	-2.7638e-08	-2.9047e-08	-3.0263e-08	-3.0946e-08	-3.0967e-08	-3.0293e-08	-2.8752e-08	-2.6424e-08	-2.3574e-08	-2.0529e-08	-1.7497e-08	-1.446e-08	-1.132e-08	-8.1135e-09	-4.8581e-09	-1.5478e-09	1.6428e-09	4.6789e-09	7.8036e-09	1.1137e-08	1.4472e-08	1.7612e-08	2.0555e-08	2.3315e-08	2.5886e-08	2.8408e-08	3.1189e-08	3.4109e-08	3.6642e-08	3.8544e-08	4.0101e-08	4.1942e-08	4.4531e-08	4.7411e-08	5.008e-08	5.2262e-08	5.3832e-08	5.4532e-08	5.4149e-08	5.2781e-08	5.0697e-08	4.8141e-08	4.5232e-08	4.1994e-08	3.8528e-08	3.4909e-08	3.1131e-08	2.7223e-08	2.3264e-08	1.9276e-08	1.5173e-08	1.0892e-08	6.5129e-09	2.1433e-09	-2.1757e-09	-6.4274e-09	-1.0594e-08	-1.4533e-08	-1.8037e-08	-2.0555e-08	-2.1938e-08	-2.2458e-08	-2.2546e-08	-2.256e-08	-2.2489e-08	-2.2447e-08	-2.2518e-08	-2.2603e-08	-2.2629e-08	-2.2664e-08	-2.2738e-08	-2.2776e-08	-2.2702e-08	-2.2411e-08	-2.2047e-08	-2.2008e-08	-2.2388e-08	-2.3021e-08	-2.3631e-08	-2.3956e-08	-2.3971e-08	-2.3923e-08	-2.4083e-08	-2.437e-08	-2.4519e-08	-2.4353e-08	-2.3966e-08	-2.3693e-08	-2.3675e-08	-2.3634e-08	-2.3464e-08	-2.3343e-08	-2.3282e-08	-2.3194e-08	-2.31e-08	-2.3011e-08	-2.2848e-08	-2.2646e-08	-2.2526e-08	-2.2382e-08	-2.2119e-08	-2.1823e-08	-2.1711e-08	-2.1897e-08	-2.2104e-08	-2.2103e-08	-2.1981e-08	-2.1874e-08	-2.1839e-08	-2.1835e-08	-2.1728e-08	-2.1536e-08	-2.1404e-08	-2.136e-08	-2.1339e-08	-2.1333e-08	-2.1382e-08	-2.1365e-08	-2.1129e-08	-2.0857e-08	-2.0952e-08	-2.1341e-08	-2.1686e-08	-2.1964e-08	-2.223e-08	-2.2465e-08	-2.2611e-08	-2.2562e-08	-2.2277e-08	-2.1861e-08	-2.1426e-08	-2.0955e-08	-2.0419e-08	-2.0071e-08	-2.0288e-08	-2.0866e-08	-2.1307e-08	-2.1377e-08	-2.1222e-08	-2.121e-08	-2.1519e-08	-2.1852e-08	-2.1975e-08	-2.1898e-08	-2.1773e-08	-2.1816e-08	-2.2283e-08	-2.339e-08	-2.5167e-08	-2.7478e-08	-2.9979e-08	-3.2396e-08
-2.6357e-08	-2.6106e-08	-2.5764e-08	-2.5583e-08	-2.5774e-08	-2.6101e-08	-2.6248e-08	-2.617e-08	-2.6044e-08	-2.5978e-08	-2.5857e-08	-2.5673e-08	-2.5576e-08	-2.5543e-08	-2.5416e-08	-2.5176e-08	-2.4949e-08	-2.4928e-08	-2.5081e-08	-2.5189e-08	-2.513e-08	-2.4947e-08	-2.4771e-08	-2.47e-08	-2.4736e-08	-2.4933e-08	-2.5446e-08	-2.6408e-08	-2.7787e-08	-2.9304e-08	-3.0634e-08	-3.143e-08	-3.1564e-08	-3.102e-08	-2.9587e-08	-2.7299e-08	-2.4413e-08	-2.1283e-08	-1.8157e-08	-1.5038e-08	-1.1825e-08	-8.5626e-09	-5.2647e-09	-1.8989e-09	1.3503e-09	4.4181e-09	7.5528e-09	1.0905e-08	1.4287e-08	1.748e-08	2.0461e-08	2.3247e-08	2.5823e-08	2.8338e-08	3.1141e-08	3.4114e-08	3.6668e-08	3.8542e-08	4.0072e-08	4.1922e-08	4.4581e-08	4.7554e-08	5.0323e-08	5.2585e-08	5.4204e-08	5.4932e-08	5.4572e-08	5.3224e-08	5.1148e-08	4.8582e-08	4.5644e-08	4.2367e-08	3.8876e-08	3.5259e-08	3.1493e-08	2.7584e-08	2.361e-08	1.9608e-08	1.5497e-08	1.1212e-08	6.8344e-09	2.4693e-09	-1.8478e-09	-6.1002e-09	-1.0274e-08	-1.4222e-08	-1.7781e-08	-2.0369e-08	-2.1798e-08	-2.2331e-08	-2.2406e-08	-2.2418e-08	-2.2353e-08	-2.2325e-08	-2.2426e-08	-2.2551e-08	-2.261e-08	-2.2656e-08	-2.2711e-08	-2.2719e-08	-2.2624e-08	-2.2317e-08	-2.1924e-08	-2.1847e-08	-2.2167e-08	-2.2743e-08	-2.3317e-08	-2.36e-08	-2.3545e-08	-2.3423e-08	-2.3543e-08	-2.3807e-08	-2.3922e-08	-2.3703e-08	-2.3258e-08	-2.2953e-08	-2.2943e-08	-2.2923e-08	-2.2761e-08	-2.2645e-08	-2.2608e-08	-2.2572e-08	-2.2541e-08	-2.2506e-08	-2.2397e-08	-2.2255e-08	-2.2207e-08	-2.2132e-08	-2.1921e-08	-2.1662e-08	-2.1585e-08	-2.1834e-08	-2.2111e-08	-2.2152e-08	-2.2047e-08	-2.1941e-08	-2.1886e-08	-2.1847e-08	-2.1714e-08	-2.1508e-08	-2.1369e-08	-2.1311e-08	-2.1259e-08	-2.1211e-08	-2.1228e-08	-2.1201e-08	-2.0965e-08	-2.0689e-08	-2.0792e-08	-2.1217e-08	-2.161e-08	-2.1942e-08	-2.2273e-08	-2.2572e-08	-2.2768e-08	-2.2726e-08	-2.2392e-08	-2.1882e-08	-2.1343e-08	-2.0791e-08	-2.0201e-08	-1.9808e-08	-1.9974e-08	-2.0499e-08	-2.0905e-08	-2.0966e-08	-2.0817e-08	-2.0818e-08	-2.116e-08	-2.1538e-08	-2.1707e-08	-2.1687e-08	-2.1608e-08	-2.1663e-08	-2.2111e-08	-2.3181e-08	-2.4913e-08	-2.7188e-08	-2.9675e-08	-3.2095e-08
-2.6392e-08	-2.6111e-08	-2.5794e-08	-2.567e-08	-2.5913e-08	-2.628e-08	-2.6446e-08	-2.6345e-08	-2.6152e-08	-2.601e-08	-2.5826e-08	-2.559e-08	-2.5455e-08	-2.5407e-08	-2.5291e-08	-2.5095e-08	-2.4912e-08	-2.4904e-08	-2.5046e-08	-2.5139e-08	-2.5072e-08	-2.4899e-08	-2.4751e-08	-2.4709e-08	-2.4772e-08	-2.4978e-08	-2.5485e-08	-2.647e-08	-2.7931e-08	-2.9555e-08	-3.1e-08	-3.1909e-08	-3.2154e-08	-3.1735e-08	-3.0409e-08	-2.8161e-08	-2.524e-08	-2.2024e-08	-1.8803e-08	-1.56e-08	-1.2316e-08	-9.0013e-09	-5.667e-09	-2.252e-09	1.0524e-09	4.1525e-09	7.2985e-09	1.0667e-08	1.4091e-08	1.7333e-08	2.0356e-08	2.3172e-08	2.5757e-08	2.8263e-08	3.1079e-08	3.4101e-08	3.6684e-08	3.8545e-08	4.0063e-08	4.1931e-08	4.4657e-08	4.771e-08	5.0564e-08	5.2895e-08	5.4553e-08	5.5299e-08	5.4955e-08	5.3624e-08	5.1555e-08	4.8981e-08	4.6015e-08	4.2701e-08	3.9187e-08	3.5571e-08	3.1817e-08	2.7908e-08	2.392e-08	1.9904e-08	1.5786e-08	1.1499e-08	7.1282e-09	2.7713e-09	-1.5432e-09	-5.7999e-09	-9.9873e-09	-1.3952e-08	-1.7564e-08	-2.0222e-08	-2.1694e-08	-2.2236e-08	-2.2294e-08	-2.2301e-08	-2.2241e-08	-2.2222e-08	-2.2345e-08	-2.2504e-08	-2.2593e-08	-2.2651e-08	-2.2692e-08	-2.2671e-08	-2.2554e-08	-2.2233e-08	-2.1815e-08	-2.1703e-08	-2.1967e-08	-2.2484e-08	-2.3021e-08	-2.3264e-08	-2.3142e-08	-2.2946e-08	-2.3021e-08	-2.3261e-08	-2.3348e-08	-2.3088e-08	-2.2597e-08	-2.2268e-08	-2.2271e-08	-2.2278e-08	-2.2129e-08	-2.2018e-08	-2.1998e-08	-2.201e-08	-2.2036e-08	-2.2049e-08	-2.1985e-08	-2.1899e-08	-2.1922e-08	-2.1918e-08	-2.1763e-08	-2.154e-08	-2.1492e-08	-2.1801e-08	-2.2154e-08	-2.2244e-08	-2.2158e-08	-2.2048e-08	-2.1964e-08	-2.1882e-08	-2.1719e-08	-2.1506e-08	-2.1371e-08	-2.1307e-08	-2.1224e-08	-2.113e-08	-2.1106e-08	-2.1061e-08	-2.0828e-08	-2.0552e-08	-2.0663e-08	-2.1117e-08	-2.1548e-08	-2.1926e-08	-2.2319e-08	-2.2681e-08	-2.2932e-08	-2.2913e-08	-2.2556e-08	-2.1975e-08	-2.1338e-08	-2.0702e-08	-2.005e-08	-1.9617e-08	-1.9737e-08	-2.021e-08	-2.0574e-08	-2.062e-08	-2.0474e-08	-2.0477e-08	-2.0835e-08	-2.1238e-08	-2.1443e-08	-2.1478e-08	-2.1446e-08	-2.1514e-08	-2.1933e-08	-2.2948e-08	-2.4601e-08	-2.6798e-08	-2.9227e-08	-3.1611e-08
-2.6423e-08	-2.6107e-08	-2.5809e-08	-2.5738e-08	-2.6028e-08	-2.6431e-08	-2.6618e-08	-2.6499e-08	-2.6242e-08	-2.6025e-08	-2.5777e-08	-2.5491e-08	-2.532e-08	-2.5257e-08	-2.5152e-08	-2.5e-08	-2.4864e-08	-2.4873e-08	-2.5007e-08	-2.5087e-08	-2.5011e-08	-2.4848e-08	-2.4728e-08	-2.4716e-08	-2.4808e-08	-2.5027e-08	-2.553e-08	-2.6532e-08	-2.8068e-08	-2.9797e-08	-3.1358e-08	-3.2381e-08	-3.2733e-08	-3.2431e-08	-3.1206e-08	-2.8997e-08	-2.604e-08	-2.2739e-08	-1.9421e-08	-1.6135e-08	-1.2781e-08	-9.4202e-09	-6.0556e-09	-2.5985e-09	7.5572e-10	3.8874e-09	7.0459e-09	1.0427e-08	1.3886e-08	1.7175e-08	2.0239e-08	2.309e-08	2.5688e-08	2.8183e-08	3.1005e-08	3.407e-08	3.6686e-08	3.855e-08	4.0077e-08	4.1971e-08	4.4761e-08	4.7878e-08	5.0801e-08	5.3188e-08	5.4871e-08	5.5624e-08	5.5289e-08	5.3969e-08	5.1906e-08	4.9324e-08	4.6334e-08	4.2985e-08	3.9448e-08	3.5834e-08	3.2093e-08	2.8186e-08	2.4184e-08	2.0154e-08	1.603e-08	1.1745e-08	7.3859e-09	3.0416e-09	-1.2691e-09	-5.534e-09	-9.7438e-09	-1.3731e-08	-1.74e-08	-2.0125e-08	-2.1636e-08	-2.2182e-08	-2.222e-08	-2.2218e-08	-2.216e-08	-2.2147e-08	-2.2284e-08	-2.2467e-08	-2.2578e-08	-2.2651e-08	-2.2682e-08	-2.2634e-08	-2.2495e-08	-2.2161e-08	-2.1722e-08	-2.1579e-08	-2.1792e-08	-2.2252e-08	-2.2749e-08	-2.2954e-08	-2.2768e-08	-2.25e-08	-2.2529e-08	-2.2742e-08	-2.2806e-08	-2.2519e-08	-2.1997e-08	-2.1655e-08	-2.1672e-08	-2.1714e-08	-2.1585e-08	-2.1478e-08	-2.1469e-08	-2.1521e-08	-2.1601e-08	-2.1653e-08	-2.1624e-08	-2.1588e-08	-2.1679e-08	-2.1748e-08	-2.165e-08	-2.1464e-08	-2.1438e-08	-2.1801e-08	-2.2233e-08	-2.2383e-08	-2.2319e-08	-2.2198e-08	-2.2077e-08	-2.1942e-08	-2.1745e-08	-2.153e-08	-2.1409e-08	-2.1347e-08	-2.1237e-08	-2.1092e-08	-2.1019e-08	-2.0948e-08	-2.0717e-08	-2.0447e-08	-2.0567e-08	-2.1042e-08	-2.1502e-08	-2.1917e-08	-2.2366e-08	-2.279e-08	-2.3099e-08	-2.3117e-08	-2.2761e-08	-2.2132e-08	-2.1408e-08	-2.0684e-08	-1.9963e-08	-1.9492e-08	-1.9574e-08	-1.9993e-08	-2.031e-08	-2.0338e-08	-2.0192e-08	-2.0188e-08	-2.0542e-08	-2.0954e-08	-2.1184e-08	-2.1272e-08	-2.129e-08	-2.1369e-08	-2.1755e-08	-2.2698e-08	-2.4244e-08	-2.6324e-08	-2.8657e-08	-3.0971e-08
-2.6444e-08	-2.6089e-08	-2.5803e-08	-2.5778e-08	-2.6107e-08	-2.654e-08	-2.6747e-08	-2.6616e-08	-2.6302e-08	-2.6012e-08	-2.5703e-08	-2.5371e-08	-2.5167e-08	-2.5091e-08	-2.4997e-08	-2.4887e-08	-2.4802e-08	-2.4833e-08	-2.4963e-08	-2.5032e-08	-2.4949e-08	-2.4796e-08	-2.4703e-08	-2.4722e-08	-2.4843e-08	-2.5081e-08	-2.5581e-08	-2.6595e-08	-2.8199e-08	-3.0029e-08	-3.1705e-08	-3.2842e-08	-3.3298e-08	-3.3102e-08	-3.1967e-08	-2.9792e-08	-2.6799e-08	-2.3413e-08	-1.9998e-08	-1.663e-08	-1.3211e-08	-9.8096e-09	-6.4215e-09	-2.93e-09	4.6712e-10	3.6285e-09	6.8006e-09	1.0192e-08	1.3678e-08	1.7006e-08	2.0112e-08	2.3004e-08	2.5619e-08	2.8102e-08	3.092e-08	3.4018e-08	3.667e-08	3.8555e-08	4.0113e-08	4.2048e-08	4.4895e-08	4.8061e-08	5.1032e-08	5.3457e-08	5.5153e-08	5.59e-08	5.5564e-08	5.4251e-08	5.219e-08	4.9601e-08	4.6589e-08	4.3208e-08	3.9652e-08	3.604e-08	3.2312e-08	2.8408e-08	2.4393e-08	2.0349e-08	1.6219e-08	1.194e-08	7.599e-09	3.2724e-09	-1.0329e-09	-5.3099e-09	-9.5514e-09	-1.3572e-08	-1.73e-08	-2.009e-08	-2.1634e-08	-2.218e-08	-2.2193e-08	-2.2177e-08	-2.2118e-08	-2.2104e-08	-2.2247e-08	-2.2444e-08	-2.257e-08	-2.2656e-08	-2.2682e-08	-2.2611e-08	-2.2449e-08	-2.2103e-08	-2.1648e-08	-2.1479e-08	-2.1644e-08	-2.205e-08	-2.2507e-08	-2.2676e-08	-2.2431e-08	-2.2095e-08	-2.2073e-08	-2.2257e-08	-2.2303e-08	-2.2003e-08	-2.1467e-08	-2.112e-08	-2.1156e-08	-2.1236e-08	-2.1134e-08	-2.1032e-08	-2.1025e-08	-2.1112e-08	-2.1238e-08	-2.132e-08	-2.1316e-08	-2.1322e-08	-2.1478e-08	-2.162e-08	-2.1583e-08	-2.1434e-08	-2.1424e-08	-2.1834e-08	-2.2346e-08	-2.2563e-08	-2.2525e-08	-2.2389e-08	-2.2221e-08	-2.2025e-08	-2.1788e-08	-2.1577e-08	-2.1478e-08	-2.1425e-08	-2.1291e-08	-2.1095e-08	-2.0965e-08	-2.0859e-08	-2.063e-08	-2.0374e-08	-2.0503e-08	-2.099e-08	-2.1468e-08	-2.1914e-08	-2.2413e-08	-2.2895e-08	-2.3261e-08	-2.3326e-08	-2.2994e-08	-2.2342e-08	-2.1544e-08	-2.073e-08	-1.9938e-08	-1.9436e-08	-1.9481e-08	-1.9841e-08	-2.0103e-08	-2.011e-08	-1.9968e-08	-1.9955e-08	-2.0284e-08	-2.0683e-08	-2.0929e-08	-2.1069e-08	-2.114e-08	-2.1237e-08	-2.1591e-08	-2.2451e-08	-2.3867e-08	-2.5791e-08	-2.7987e-08	-3.0195e-08
-2.6452e-08	-2.6053e-08	-2.5769e-08	-2.5779e-08	-2.6136e-08	-2.6591e-08	-2.6818e-08	-2.6683e-08	-2.632e-08	-2.5964e-08	-2.5597e-08	-2.5223e-08	-2.4992e-08	-2.4907e-08	-2.4825e-08	-2.4756e-08	-2.4723e-08	-2.478e-08	-2.4912e-08	-2.4973e-08	-2.4885e-08	-2.4742e-08	-2.4676e-08	-2.4724e-08	-2.4877e-08	-2.5137e-08	-2.5638e-08	-2.666e-08	-2.8323e-08	-3.0249e-08	-3.2038e-08	-3.3289e-08	-3.3844e-08	-3.374e-08	-3.2681e-08	-3.0533e-08	-2.7502e-08	-2.4032e-08	-2.0523e-08	-1.7073e-08	-1.3595e-08	-1.016e-08	-6.7551e-09	-3.2376e-09	1.9353e-10	3.3812e-09	6.5678e-09	9.9663e-09	1.347e-08	1.6829e-08	1.9976e-08	2.2914e-08	2.5551e-08	2.8021e-08	3.0825e-08	3.3944e-08	3.6633e-08	3.8559e-08	4.0172e-08	4.2164e-08	4.5064e-08	4.8258e-08	5.1255e-08	5.3699e-08	5.5392e-08	5.6119e-08	5.5771e-08	5.4459e-08	5.2398e-08	4.9801e-08	4.6769e-08	4.3362e-08	3.9791e-08	3.6181e-08	3.2467e-08	2.8567e-08	2.454e-08	2.0483e-08	1.6349e-08	1.2079e-08	7.7625e-09	3.4592e-09	-8.3839e-10	-5.1309e-09	-9.4123e-09	-1.3476e-08	-1.7261e-08	-2.0111e-08	-2.1684e-08	-2.2228e-08	-2.2214e-08	-2.2181e-08	-2.2118e-08	-2.2099e-08	-2.2237e-08	-2.2435e-08	-2.2567e-08	-2.2665e-08	-2.2691e-08	-2.2601e-08	-2.2415e-08	-2.2059e-08	-2.1598e-08	-2.1409e-08	-2.1531e-08	-2.1882e-08	-2.2293e-08	-2.2423e-08	-2.2131e-08	-2.174e-08	-2.1665e-08	-2.1808e-08	-2.1835e-08	-2.1536e-08	-2.101e-08	-2.0674e-08	-2.0722e-08	-2.0837e-08	-2.0773e-08	-2.0678e-08	-2.0667e-08	-2.0779e-08	-2.0943e-08	-2.1046e-08	-2.106e-08	-2.1106e-08	-2.1318e-08	-2.1528e-08	-2.1555e-08	-2.1452e-08	-2.1462e-08	-2.19e-08	-2.2476e-08	-2.2768e-08	-2.2765e-08	-2.2614e-08	-2.2394e-08	-2.2129e-08	-2.1851e-08	-2.1648e-08	-2.1574e-08	-2.1532e-08	-2.1379e-08	-2.1137e-08	-2.0942e-08	-2.0791e-08	-2.0565e-08	-2.034e-08	-2.0477e-08	-2.0959e-08	-2.1447e-08	-2.1916e-08	-2.2458e-08	-2.2991e-08	-2.3408e-08	-2.3526e-08	-2.3239e-08	-2.2589e-08	-2.1734e-08	-2.0835e-08	-1.9974e-08	-1.9445e-08	-1.9452e-08	-1.9746e-08	-1.9949e-08	-1.9934e-08	-1.9797e-08	-1.9773e-08	-2.0061e-08	-2.043e-08	-2.0682e-08	-2.087e-08	-2.0995e-08	-2.1113e-08	-2.1437e-08	-2.2204e-08	-2.3471e-08	-2.5212e-08	-2.7239e-08	-2.9311e-08
-2.6442e-08	-2.5995e-08	-2.5702e-08	-2.5732e-08	-2.6104e-08	-2.657e-08	-2.6817e-08	-2.6684e-08	-2.6283e-08	-2.5869e-08	-2.5453e-08	-2.5044e-08	-2.4791e-08	-2.4703e-08	-2.4636e-08	-2.4604e-08	-2.4623e-08	-2.4713e-08	-2.4851e-08	-2.491e-08	-2.482e-08	-2.4687e-08	-2.4648e-08	-2.4724e-08	-2.4908e-08	-2.5196e-08	-2.5706e-08	-2.6733e-08	-2.8442e-08	-3.0453e-08	-3.2351e-08	-3.3713e-08	-3.4362e-08	-3.433e-08	-3.3325e-08	-3.1195e-08	-2.813e-08	-2.4583e-08	-2.0984e-08	-1.7454e-08	-1.3923e-08	-1.0463e-08	-7.0467e-09	-3.5153e-09	-6.3525e-11	3.1499e-09	6.3557e-09	9.7572e-09	1.3264e-08	1.6643e-08	1.9828e-08	2.2813e-08	2.5481e-08	2.7952e-08	3.0731e-08	3.3837e-08	3.6553e-08	3.8549e-08	4.0263e-08	4.2342e-08	4.5273e-08	4.8462e-08	5.145e-08	5.3888e-08	5.5555e-08	5.6246e-08	5.588e-08	5.4568e-08	5.251e-08	4.9908e-08	4.6862e-08	4.3442e-08	3.9863e-08	3.6255e-08	3.2552e-08	2.866e-08	2.4627e-08	2.0556e-08	1.6418e-08	1.2163e-08	7.8783e-09	3.6029e-09	-6.8494e-10	-4.995e-09	-9.3164e-09	-1.343e-08	-1.7254e-08	-2.0152e-08	-2.1757e-08	-2.2309e-08	-2.2281e-08	-2.2225e-08	-2.2157e-08	-2.2132e-08	-2.2253e-08	-2.244e-08	-2.257e-08	-2.2676e-08	-2.2706e-08	-2.2601e-08	-2.2391e-08	-2.2028e-08	-2.1574e-08	-2.137e-08	-2.1454e-08	-2.1752e-08	-2.211e-08	-2.2199e-08	-2.1871e-08	-2.1439e-08	-2.1307e-08	-2.1402e-08	-2.1409e-08	-2.1122e-08	-2.0625e-08	-2.0311e-08	-2.0367e-08	-2.0514e-08	-2.0493e-08	-2.0408e-08	-2.0388e-08	-2.0518e-08	-2.0711e-08	-2.0828e-08	-2.0855e-08	-2.0934e-08	-2.1196e-08	-2.1471e-08	-2.1564e-08	-2.151e-08	-2.1538e-08	-2.1994e-08	-2.263e-08	-2.2998e-08	-2.3035e-08	-2.2868e-08	-2.2593e-08	-2.2255e-08	-2.1932e-08	-2.1736e-08	-2.169e-08	-2.1664e-08	-2.1497e-08	-2.121e-08	-2.0949e-08	-2.0748e-08	-2.0524e-08	-2.033e-08	-2.0476e-08	-2.0948e-08	-2.1438e-08	-2.1922e-08	-2.2498e-08	-2.3078e-08	-2.3545e-08	-2.3721e-08	-2.3493e-08	-2.2865e-08	-2.1969e-08	-2.099e-08	-2.0059e-08	-1.95e-08	-1.9472e-08	-1.9703e-08	-1.9849e-08	-1.9809e-08	-1.9673e-08	-1.9632e-08	-1.987e-08	-2.0199e-08	-2.0449e-08	-2.068e-08	-2.0855e-08	-2.0995e-08	-2.1286e-08	-2.1954e-08	-2.3059e-08	-2.4599e-08	-2.6434e-08	-2.8347e-08
-2.6406e-08	-2.5917e-08	-2.5607e-08	-2.5638e-08	-2.6e-08	-2.6455e-08	-2.6713e-08	-2.6593e-08	-2.6177e-08	-2.5719e-08	-2.5263e-08	-2.4834e-08	-2.4568e-08	-2.4479e-08	-2.4429e-08	-2.4434e-08	-2.4503e-08	-2.4628e-08	-2.4776e-08	-2.4836e-08	-2.4752e-08	-2.4637e-08	-2.4623e-08	-2.4724e-08	-2.4938e-08	-2.5262e-08	-2.5796e-08	-2.6833e-08	-2.8563e-08	-3.0639e-08	-3.2629e-08	-3.4096e-08	-3.4835e-08	-3.4851e-08	-3.3876e-08	-3.1756e-08	-2.8667e-08	-2.5059e-08	-2.1377e-08	-1.777e-08	-1.4194e-08	-1.0717e-08	-7.2927e-09	-3.7605e-09	-3.0166e-10	2.9365e-09	6.1646e-09	9.5656e-09	1.3062e-08	1.645e-08	1.967e-08	2.2702e-08	2.5409e-08	2.789e-08	3.0636e-08	3.3707e-08	3.6443e-08	3.8531e-08	4.0373e-08	4.2556e-08	4.5507e-08	4.8672e-08	5.1628e-08	5.404e-08	5.5667e-08	5.631e-08	5.5919e-08	5.4604e-08	5.2547e-08	4.994e-08	4.6884e-08	4.3458e-08	3.9877e-08	3.6271e-08	3.258e-08	2.8697e-08	2.4661e-08	2.0577e-08	1.6435e-08	1.2199e-08	7.9497e-09	3.7055e-09	-5.71e-10	-4.9e-09	-9.2659e-09	-1.3436e-08	-1.7302e-08	-2.0246e-08	-2.1879e-08	-2.2435e-08	-2.2391e-08	-2.2307e-08	-2.2231e-08	-2.2194e-08	-2.2293e-08	-2.246e-08	-2.2581e-08	-2.2691e-08	-2.2727e-08	-2.2613e-08	-2.2382e-08	-2.2014e-08	-2.1571e-08	-2.1356e-08	-2.1408e-08	-2.1659e-08	-2.1964e-08	-2.2014e-08	-2.1656e-08	-2.1189e-08	-2.1002e-08	-2.1047e-08	-2.1035e-08	-2.0768e-08	-2.0309e-08	-2.0022e-08	-2.0088e-08	-2.0267e-08	-2.029e-08	-2.0216e-08	-2.0184e-08	-2.0323e-08	-2.0539e-08	-2.0666e-08	-2.0698e-08	-2.0804e-08	-2.1111e-08	-2.1449e-08	-2.161e-08	-2.1604e-08	-2.1649e-08	-2.2115e-08	-2.2803e-08	-2.3248e-08	-2.3329e-08	-2.3146e-08	-2.2815e-08	-2.2403e-08	-2.203e-08	-2.1838e-08	-2.1821e-08	-2.1814e-08	-2.1638e-08	-2.1309e-08	-2.0983e-08	-2.0729e-08	-2.0503e-08	-2.0341e-08	-2.0496e-08	-2.0954e-08	-2.1439e-08	-2.1931e-08	-2.2534e-08	-2.3154e-08	-2.3667e-08	-2.3905e-08	-2.3748e-08	-2.3159e-08	-2.2238e-08	-2.1188e-08	-2.0186e-08	-1.9595e-08	-1.9533e-08	-1.9707e-08	-1.9796e-08	-1.973e-08	-1.9591e-08	-1.953e-08	-1.971e-08	-1.999e-08	-2.0232e-08	-2.0498e-08	-2.0722e-08	-2.0882e-08	-2.1139e-08	-2.1704e-08	-2.264e-08	-2.3967e-08	-2.5593e-08	-2.7328e-08
-2.6347e-08	-2.5816e-08	-2.5479e-08	-2.5491e-08	-2.5822e-08	-2.6252e-08	-2.6516e-08	-2.6417e-08	-2.6001e-08	-2.5514e-08	-2.5031e-08	-2.4592e-08	-2.4322e-08	-2.4238e-08	-2.4211e-08	-2.4248e-08	-2.4363e-08	-2.4526e-08	-2.469e-08	-2.4758e-08	-2.4685e-08	-2.4588e-08	-2.4597e-08	-2.4721e-08	-2.4963e-08	-2.5327e-08	-2.5892e-08	-2.6936e-08	-2.8678e-08	-3.0807e-08	-3.2884e-08	-3.4451e-08	-3.5275e-08	-3.5325e-08	-3.4362e-08	-3.2244e-08	-2.9129e-08	-2.5465e-08	-2.1705e-08	-1.8026e-08	-1.4412e-08	-1.0924e-08	-7.4982e-09	-3.973e-09	-5.1617e-10	2.7406e-09	5.9893e-09	9.3888e-09	1.2869e-08	1.6257e-08	1.9506e-08	2.2586e-08	2.5337e-08	2.7831e-08	3.0539e-08	3.3563e-08	3.6315e-08	3.8504e-08	4.049e-08	4.2787e-08	4.5754e-08	4.8885e-08	5.1791e-08	5.416e-08	5.5735e-08	5.6324e-08	5.5901e-08	5.4577e-08	5.2518e-08	4.9906e-08	4.6844e-08	4.3417e-08	3.9837e-08	3.6237e-08	3.2556e-08	2.8685e-08	2.4647e-08	2.0553e-08	1.6408e-08	1.2193e-08	7.9807e-09	3.77e-09	-4.9388e-10	-4.8425e-09	-9.2559e-09	-1.3488e-08	-1.7398e-08	-2.0385e-08	-2.2044e-08	-2.2602e-08	-2.2538e-08	-2.2424e-08	-2.2335e-08	-2.2283e-08	-2.2354e-08	-2.2494e-08	-2.2599e-08	-2.271e-08	-2.2753e-08	-2.2636e-08	-2.2388e-08	-2.2018e-08	-2.1588e-08	-2.1367e-08	-2.1394e-08	-2.1604e-08	-2.186e-08	-2.1871e-08	-2.1488e-08	-2.0991e-08	-2.0752e-08	-2.0747e-08	-2.0717e-08	-2.0475e-08	-2.0061e-08	-1.9807e-08	-1.9884e-08	-2.0091e-08	-2.0158e-08	-2.0096e-08	-2.005e-08	-2.0191e-08	-2.0422e-08	-2.0555e-08	-2.0588e-08	-2.0712e-08	-2.1059e-08	-2.1459e-08	-2.1688e-08	-2.1733e-08	-2.1791e-08	-2.2259e-08	-2.2991e-08	-2.3512e-08	-2.3639e-08	-2.3443e-08	-2.3056e-08	-2.2569e-08	-2.2144e-08	-2.1951e-08	-2.1962e-08	-2.1977e-08	-2.1797e-08	-2.1431e-08	-2.1041e-08	-2.0732e-08	-2.0501e-08	-2.037e-08	-2.0534e-08	-2.0976e-08	-2.1449e-08	-2.1942e-08	-2.2563e-08	-2.3217e-08	-2.3773e-08	-2.4073e-08	-2.3995e-08	-2.346e-08	-2.2531e-08	-2.142e-08	-2.0351e-08	-1.9724e-08	-1.9629e-08	-1.975e-08	-1.9786e-08	-1.9691e-08	-1.9547e-08	-1.9461e-08	-1.9581e-08	-1.9806e-08	-2.0032e-08	-2.0326e-08	-2.0595e-08	-2.0775e-08	-2.0999e-08	-2.146e-08	-2.2223e-08	-2.3329e-08	-2.4734e-08	-2.6276e-08
-2.6269e-08	-2.5699e-08	-2.5325e-08	-2.53e-08	-2.5586e-08	-2.5981e-08	-2.6247e-08	-2.6173e-08	-2.5772e-08	-2.5271e-08	-2.4772e-08	-2.4333e-08	-2.4066e-08	-2.3992e-08	-2.399e-08	-2.4056e-08	-2.4212e-08	-2.4413e-08	-2.4599e-08	-2.468e-08	-2.4621e-08	-2.4542e-08	-2.4572e-08	-2.4717e-08	-2.4986e-08	-2.539e-08	-2.5989e-08	-2.7042e-08	-2.8786e-08	-3.0957e-08	-3.3112e-08	-3.4774e-08	-3.5677e-08	-3.5751e-08	-3.4786e-08	-3.2659e-08	-2.9519e-08	-2.5803e-08	-2.1973e-08	-1.8228e-08	-1.4581e-08	-1.1087e-08	-7.666e-09	-4.1548e-09	-7.0782e-10	2.5615e-09	5.8286e-09	9.2258e-09	1.2685e-08	1.6066e-08	1.9339e-08	2.2466e-08	2.5264e-08	2.7775e-08	3.0443e-08	3.341e-08	3.6172e-08	3.8467e-08	4.0606e-08	4.3023e-08	4.6008e-08	4.9095e-08	5.1937e-08	5.4248e-08	5.5762e-08	5.629e-08	5.5829e-08	5.4493e-08	5.243e-08	4.9813e-08	4.6747e-08	4.3324e-08	3.9751e-08	3.6156e-08	3.2488e-08	2.8629e-08	2.4592e-08	2.0488e-08	1.6343e-08	1.2149e-08	7.9753e-09	3.7998e-09	-4.5078e-10	-4.8193e-09	-9.2818e-09	-1.358e-08	-1.7535e-08	-2.0564e-08	-2.2247e-08	-2.2804e-08	-2.2719e-08	-2.2571e-08	-2.2465e-08	-2.2394e-08	-2.2433e-08	-2.2541e-08	-2.2624e-08	-2.2732e-08	-2.2784e-08	-2.2668e-08	-2.2409e-08	-2.2038e-08	-2.1627e-08	-2.1405e-08	-2.1414e-08	-2.1589e-08	-2.1798e-08	-2.1774e-08	-2.137e-08	-2.0849e-08	-2.0563e-08	-2.0509e-08	-2.0461e-08	-2.0245e-08	-1.9882e-08	-1.9664e-08	-1.9752e-08	-1.9984e-08	-2.0092e-08	-2.0042e-08	-1.998e-08	-2.0115e-08	-2.0357e-08	-2.0491e-08	-2.052e-08	-2.0658e-08	-2.1039e-08	-2.1498e-08	-2.1795e-08	-2.1891e-08	-2.1962e-08	-2.2425e-08	-2.3192e-08	-2.3785e-08	-2.396e-08	-2.3755e-08	-2.3314e-08	-2.2752e-08	-2.2272e-08	-2.2073e-08	-2.211e-08	-2.2147e-08	-2.1967e-08	-2.157e-08	-2.1119e-08	-2.0756e-08	-2.0517e-08	-2.0415e-08	-2.0588e-08	-2.1011e-08	-2.1467e-08	-2.1952e-08	-2.2584e-08	-2.3265e-08	-2.3858e-08	-2.422e-08	-2.4225e-08	-2.3758e-08	-2.2837e-08	-2.1677e-08	-2.0545e-08	-1.988e-08	-1.9753e-08	-1.9826e-08	-1.9812e-08	-1.9688e-08	-1.9534e-08	-1.9423e-08	-1.948e-08	-1.9645e-08	-1.985e-08	-2.0166e-08	-2.0477e-08	-2.0676e-08	-2.0868e-08	-2.1224e-08	-2.1815e-08	-2.2699e-08	-2.3875e-08	-2.5214e-08
-2.6181e-08	-2.5575e-08	-2.5159e-08	-2.5085e-08	-2.5313e-08	-2.5665e-08	-2.593e-08	-2.5885e-08	-2.5509e-08	-2.5008e-08	-2.4503e-08	-2.407e-08	-2.3813e-08	-2.3753e-08	-2.3776e-08	-2.3867e-08	-2.4058e-08	-2.4297e-08	-2.4506e-08	-2.4603e-08	-2.4562e-08	-2.4501e-08	-2.4549e-08	-2.4712e-08	-2.5005e-08	-2.5449e-08	-2.6087e-08	-2.7148e-08	-2.8885e-08	-3.1086e-08	-3.3309e-08	-3.5061e-08	-3.6036e-08	-3.6125e-08	-3.5148e-08	-3.3006e-08	-2.9841e-08	-2.608e-08	-2.2185e-08	-1.838e-08	-1.4705e-08	-1.1211e-08	-7.7994e-09	-4.3081e-09	-8.7756e-10	2.3984e-09	5.6813e-09	9.0757e-09	1.2511e-08	1.5878e-08	1.9169e-08	2.2342e-08	2.5189e-08	2.7721e-08	3.0348e-08	3.3251e-08	3.6017e-08	3.8418e-08	4.0715e-08	4.3258e-08	4.6259e-08	4.9296e-08	5.2063e-08	5.4303e-08	5.5749e-08	5.6212e-08	5.5709e-08	5.4356e-08	5.2288e-08	4.9667e-08	4.66e-08	4.3186e-08	3.9622e-08	3.6036e-08	3.2382e-08	2.8536e-08	2.4502e-08	2.039e-08	1.6244e-08	1.2073e-08	7.9381e-09	3.7982e-09	-4.3879e-10	-4.8271e-09	-9.339e-09	-1.3704e-08	-1.7705e-08	-2.0775e-08	-2.2482e-08	-2.3036e-08	-2.2929e-08	-2.2744e-08	-2.2617e-08	-2.2525e-08	-2.2529e-08	-2.26e-08	-2.2656e-08	-2.2756e-08	-2.2817e-08	-2.2708e-08	-2.2442e-08	-2.2076e-08	-2.1686e-08	-2.147e-08	-2.1468e-08	-2.1615e-08	-2.1782e-08	-2.1724e-08	-2.1304e-08	-2.0765e-08	-2.0437e-08	-2.0337e-08	-2.0272e-08	-2.0082e-08	-1.9771e-08	-1.9591e-08	-1.969e-08	-1.9941e-08	-2.0087e-08	-2.005e-08	-1.9969e-08	-2.0092e-08	-2.0337e-08	-2.0471e-08	-2.0493e-08	-2.0638e-08	-2.1049e-08	-2.1564e-08	-2.1929e-08	-2.2077e-08	-2.216e-08	-2.2611e-08	-2.3402e-08	-2.406e-08	-2.4284e-08	-2.4074e-08	-2.3583e-08	-2.295e-08	-2.2412e-08	-2.2201e-08	-2.2259e-08	-2.2319e-08	-2.2144e-08	-2.1721e-08	-2.1214e-08	-2.0798e-08	-2.0549e-08	-2.0473e-08	-2.0655e-08	-2.1056e-08	-2.149e-08	-2.1961e-08	-2.2595e-08	-2.3295e-08	-2.3919e-08	-2.4339e-08	-2.4431e-08	-2.4043e-08	-2.3146e-08	-2.1951e-08	-2.0762e-08	-2.0057e-08	-1.9897e-08	-1.9927e-08	-1.9868e-08	-1.9716e-08	-1.955e-08	-1.9411e-08	-1.9405e-08	-1.9509e-08	-1.9689e-08	-2.0021e-08	-2.0367e-08	-2.0586e-08	-2.0746e-08	-2.1e-08	-2.1423e-08	-2.2088e-08	-2.3034e-08	-2.4165e-08
-2.6089e-08	-2.5453e-08	-2.4993e-08	-2.4863e-08	-2.5026e-08	-2.5327e-08	-2.5586e-08	-2.5574e-08	-2.5233e-08	-2.4742e-08	-2.4242e-08	-2.3821e-08	-2.3577e-08	-2.3533e-08	-2.3581e-08	-2.3692e-08	-2.3911e-08	-2.4183e-08	-2.4417e-08	-2.4532e-08	-2.4509e-08	-2.4466e-08	-2.453e-08	-2.4708e-08	-2.5021e-08	-2.5504e-08	-2.6182e-08	-2.7252e-08	-2.8975e-08	-3.1193e-08	-3.3474e-08	-3.5305e-08	-3.6347e-08	-3.6446e-08	-3.5448e-08	-3.3286e-08	-3.0098e-08	-2.6297e-08	-2.2346e-08	-1.8486e-08	-1.4789e-08	-1.1299e-08	-7.9013e-09	-4.435e-09	-1.0265e-09	2.2504e-09	5.5461e-09	8.9375e-09	1.2347e-08	1.5695e-08	1.8998e-08	2.2213e-08	2.5112e-08	2.7669e-08	3.0257e-08	3.3092e-08	3.5854e-08	3.8356e-08	4.081e-08	4.348e-08	4.65e-08	4.9482e-08	5.2164e-08	5.4325e-08	5.5697e-08	5.6093e-08	5.5544e-08	5.4172e-08	5.2098e-08	4.9474e-08	4.6409e-08	4.3008e-08	3.9457e-08	3.5883e-08	3.2243e-08	2.8412e-08	2.4384e-08	2.0265e-08	1.612e-08	1.197e-08	7.8734e-09	3.7688e-09	-4.549e-10	-4.8628e-09	-9.4234e-09	-1.3856e-08	-1.7904e-08	-2.1013e-08	-2.2742e-08	-2.3294e-08	-2.3163e-08	-2.2938e-08	-2.2787e-08	-2.2672e-08	-2.2639e-08	-2.2669e-08	-2.2696e-08	-2.2784e-08	-2.2854e-08	-2.2754e-08	-2.2489e-08	-2.2132e-08	-2.1768e-08	-2.1563e-08	-2.1558e-08	-2.1685e-08	-2.1814e-08	-2.1724e-08	-2.1292e-08	-2.0742e-08	-2.0379e-08	-2.0236e-08	-2.0153e-08	-1.9989e-08	-1.9731e-08	-1.9589e-08	-1.9696e-08	-1.9961e-08	-2.0138e-08	-2.0113e-08	-2.0013e-08	-2.0117e-08	-2.036e-08	-2.0491e-08	-2.0504e-08	-2.065e-08	-2.1085e-08	-2.1654e-08	-2.2086e-08	-2.2287e-08	-2.2382e-08	-2.2814e-08	-2.3617e-08	-2.4332e-08	-2.4607e-08	-2.4396e-08	-2.386e-08	-2.3161e-08	-2.2564e-08	-2.2334e-08	-2.2406e-08	-2.2488e-08	-2.2321e-08	-2.1878e-08	-2.1323e-08	-2.0856e-08	-2.0595e-08	-2.0542e-08	-2.0733e-08	-2.1111e-08	-2.1517e-08	-2.1968e-08	-2.2595e-08	-2.3306e-08	-2.3955e-08	-2.4428e-08	-2.4606e-08	-2.4305e-08	-2.3448e-08	-2.2232e-08	-2.0995e-08	-2.0248e-08	-2.0056e-08	-2.0047e-08	-1.9948e-08	-1.9768e-08	-1.9588e-08	-1.9422e-08	-1.9354e-08	-1.9397e-08	-1.9549e-08	-1.989e-08	-2.0268e-08	-2.0504e-08	-2.0634e-08	-2.0792e-08	-2.1053e-08	-2.1508e-08	-2.2228e-08	-2.315e-08
-2.6e-08	-2.5342e-08	-2.4842e-08	-2.4651e-08	-2.4743e-08	-2.4989e-08	-2.5239e-08	-2.5261e-08	-2.4962e-08	-2.4493e-08	-2.4004e-08	-2.36e-08	-2.3373e-08	-2.3346e-08	-2.3416e-08	-2.3541e-08	-2.3779e-08	-2.4079e-08	-2.4337e-08	-2.4471e-08	-2.4466e-08	-2.4439e-08	-2.4515e-08	-2.4705e-08	-2.5036e-08	-2.5555e-08	-2.6274e-08	-2.7353e-08	-2.9054e-08	-3.1277e-08	-3.3602e-08	-3.5503e-08	-3.6604e-08	-3.6708e-08	-3.5685e-08	-3.3501e-08	-3.0294e-08	-2.6459e-08	-2.246e-08	-1.8553e-08	-1.4838e-08	-1.1354e-08	-7.9752e-09	-4.5379e-09	-1.1559e-09	2.1165e-09	5.4219e-09	8.8103e-09	1.2193e-08	1.5518e-08	1.8828e-08	2.2081e-08	2.5033e-08	2.7619e-08	3.0171e-08	3.2935e-08	3.5685e-08	3.828e-08	4.0888e-08	4.3684e-08	4.6721e-08	4.9647e-08	5.2238e-08	5.4312e-08	5.5607e-08	5.5935e-08	5.534e-08	5.3947e-08	5.1867e-08	4.9241e-08	4.6181e-08	4.2795e-08	3.9263e-08	3.5702e-08	3.2078e-08	2.8264e-08	2.4242e-08	2.0119e-08	1.5974e-08	1.1846e-08	7.7859e-09	3.7155e-09	-4.9601e-10	-4.9233e-09	-9.5308e-09	-1.403e-08	-1.8124e-08	-2.127e-08	-2.3023e-08	-2.3571e-08	-2.3417e-08	-2.3151e-08	-2.2971e-08	-2.2831e-08	-2.276e-08	-2.2748e-08	-2.2741e-08	-2.2814e-08	-2.2891e-08	-2.2806e-08	-2.2548e-08	-2.2205e-08	-2.1871e-08	-2.1685e-08	-2.1685e-08	-2.1799e-08	-2.1896e-08	-2.1777e-08	-2.1336e-08	-2.0782e-08	-2.0393e-08	-2.0211e-08	-2.011e-08	-1.9969e-08	-1.9761e-08	-1.9656e-08	-1.977e-08	-2.0041e-08	-2.0242e-08	-2.0226e-08	-2.0105e-08	-2.0184e-08	-2.042e-08	-2.0546e-08	-2.0548e-08	-2.0691e-08	-2.1146e-08	-2.1765e-08	-2.2265e-08	-2.2518e-08	-2.2625e-08	-2.3031e-08	-2.3835e-08	-2.4598e-08	-2.492e-08	-2.4716e-08	-2.4141e-08	-2.338e-08	-2.2725e-08	-2.2469e-08	-2.2548e-08	-2.2648e-08	-2.2492e-08	-2.2037e-08	-2.1441e-08	-2.0929e-08	-2.0653e-08	-2.0621e-08	-2.0818e-08	-2.1172e-08	-2.1547e-08	-2.1971e-08	-2.2583e-08	-2.3295e-08	-2.3961e-08	-2.4481e-08	-2.4742e-08	-2.4534e-08	-2.3732e-08	-2.2511e-08	-2.1236e-08	-2.0448e-08	-2.0222e-08	-2.0178e-08	-2.0045e-08	-1.9841e-08	-1.9645e-08	-1.9451e-08	-1.9324e-08	-1.9309e-08	-1.9432e-08	-1.9776e-08	-2.0181e-08	-2.0432e-08	-2.0535e-08	-2.0601e-08	-2.0712e-08	-2.0969e-08	-2.1472e-08	-2.2189e-08
-2.5921e-08	-2.525e-08	-2.4717e-08	-2.4466e-08	-2.4486e-08	-2.4674e-08	-2.4911e-08	-2.4967e-08	-2.4717e-08	-2.4279e-08	-2.3808e-08	-2.3425e-08	-2.3217e-08	-2.3205e-08	-2.3291e-08	-2.3424e-08	-2.3671e-08	-2.3993e-08	-2.4272e-08	-2.4422e-08	-2.4434e-08	-2.4421e-08	-2.4507e-08	-2.4706e-08	-2.505e-08	-2.5601e-08	-2.6361e-08	-2.7448e-08	-2.9121e-08	-3.1335e-08	-3.3691e-08	-3.565e-08	-3.6802e-08	-3.691e-08	-3.5858e-08	-3.3652e-08	-3.0429e-08	-2.657e-08	-2.2531e-08	-1.8585e-08	-1.4855e-08	-1.1382e-08	-8.0244e-09	-4.6194e-09	-1.2673e-09	1.9957e-09	5.3074e-09	8.6928e-09	1.205e-08	1.5348e-08	1.8659e-08	2.1946e-08	2.4951e-08	2.757e-08	3.0092e-08	3.2784e-08	3.5513e-08	3.819e-08	4.0942e-08	4.386e-08	4.6915e-08	4.9784e-08	5.228e-08	5.4263e-08	5.5479e-08	5.574e-08	5.5098e-08	5.3685e-08	5.16e-08	4.8975e-08	4.5922e-08	4.2555e-08	3.9043e-08	3.55e-08	3.1893e-08	2.8097e-08	2.4085e-08	1.9959e-08	1.5815e-08	1.1707e-08	7.6806e-09	3.642e-09	-5.5892e-10	-5.0055e-09	-9.6576e-09	-1.4219e-08	-1.8359e-08	-2.1542e-08	-2.3317e-08	-2.3862e-08	-2.3685e-08	-2.3376e-08	-2.3165e-08	-2.2998e-08	-2.2889e-08	-2.2834e-08	-2.2793e-08	-2.2846e-08	-2.2929e-08	-2.2862e-08	-2.2618e-08	-2.2296e-08	-2.1996e-08	-2.1836e-08	-2.1849e-08	-2.1958e-08	-2.2029e-08	-2.1886e-08	-2.144e-08	-2.0887e-08	-2.0481e-08	-2.0267e-08	-2.0148e-08	-2.0026e-08	-1.9863e-08	-1.9793e-08	-1.991e-08	-2.0178e-08	-2.0393e-08	-2.0384e-08	-2.0242e-08	-2.029e-08	-2.0513e-08	-2.0634e-08	-2.0624e-08	-2.076e-08	-2.1229e-08	-2.1895e-08	-2.2461e-08	-2.2768e-08	-2.2888e-08	-2.3262e-08	-2.4052e-08	-2.4851e-08	-2.5219e-08	-2.5026e-08	-2.4421e-08	-2.3606e-08	-2.2894e-08	-2.2604e-08	-2.2682e-08	-2.2795e-08	-2.2651e-08	-2.2192e-08	-2.1565e-08	-2.1012e-08	-2.0723e-08	-2.0707e-08	-2.0909e-08	-2.1238e-08	-2.1577e-08	-2.1968e-08	-2.2557e-08	-2.3262e-08	-2.3935e-08	-2.4493e-08	-2.4832e-08	-2.4721e-08	-2.3987e-08	-2.2779e-08	-2.1479e-08	-2.065e-08	-2.0388e-08	-2.0314e-08	-2.0153e-08	-1.9927e-08	-1.9715e-08	-1.9494e-08	-1.9313e-08	-1.9243e-08	-1.9338e-08	-1.9681e-08	-2.0107e-08	-2.0371e-08	-2.0448e-08	-2.0431e-08	-2.0404e-08	-2.048e-08	-2.0783e-08	-2.1303e-08
-2.5859e-08	-2.5187e-08	-2.4629e-08	-2.4323e-08	-2.4274e-08	-2.4403e-08	-2.4624e-08	-2.4715e-08	-2.4519e-08	-2.4118e-08	-2.3671e-08	-2.3311e-08	-2.3122e-08	-2.3122e-08	-2.3219e-08	-2.3352e-08	-2.3598e-08	-2.3933e-08	-2.4227e-08	-2.439e-08	-2.4416e-08	-2.4415e-08	-2.4508e-08	-2.471e-08	-2.5063e-08	-2.5641e-08	-2.644e-08	-2.7537e-08	-2.9176e-08	-3.1368e-08	-3.3738e-08	-3.5742e-08	-3.6936e-08	-3.7046e-08	-3.5967e-08	-3.374e-08	-3.0508e-08	-2.6633e-08	-2.2564e-08	-1.8587e-08	-1.4846e-08	-1.1385e-08	-8.0525e-09	-4.6821e-09	-1.3623e-09	1.887e-09	5.2016e-09	8.5842e-09	1.1917e-08	1.5186e-08	1.8493e-08	2.1809e-08	2.4865e-08	2.7522e-08	3.002e-08	3.2642e-08	3.5343e-08	3.8087e-08	4.0971e-08	4.4002e-08	4.7075e-08	4.9885e-08	5.2286e-08	5.4174e-08	5.5312e-08	5.551e-08	5.4824e-08	5.3391e-08	5.1303e-08	4.868e-08	4.5638e-08	4.2293e-08	3.8806e-08	3.5282e-08	3.1694e-08	2.7918e-08	2.3917e-08	1.979e-08	1.5646e-08	1.1557e-08	7.5623e-09	3.5527e-09	-6.4029e-10	-5.1064e-09	-9.8001e-09	-1.442e-08	-1.8603e-08	-2.182e-08	-2.3619e-08	-2.4162e-08	-2.3963e-08	-2.3611e-08	-2.3364e-08	-2.317e-08	-2.3023e-08	-2.2926e-08	-2.2849e-08	-2.288e-08	-2.2967e-08	-2.2921e-08	-2.2698e-08	-2.2403e-08	-2.2143e-08	-2.2017e-08	-2.2051e-08	-2.2164e-08	-2.2216e-08	-2.2052e-08	-2.1605e-08	-2.106e-08	-2.0647e-08	-2.0408e-08	-2.0272e-08	-2.0164e-08	-2.004e-08	-1.9999e-08	-2.0115e-08	-2.0369e-08	-2.0589e-08	-2.0582e-08	-2.0416e-08	-2.0429e-08	-2.0635e-08	-2.0748e-08	-2.0727e-08	-2.0853e-08	-2.1331e-08	-2.204e-08	-2.2672e-08	-2.3033e-08	-2.3167e-08	-2.3504e-08	-2.4266e-08	-2.5087e-08	-2.5497e-08	-2.532e-08	-2.4695e-08	-2.3836e-08	-2.3069e-08	-2.2739e-08	-2.2804e-08	-2.2923e-08	-2.2793e-08	-2.2337e-08	-2.1689e-08	-2.1105e-08	-2.0801e-08	-2.0798e-08	-2.1004e-08	-2.1305e-08	-2.1605e-08	-2.1958e-08	-2.2516e-08	-2.3204e-08	-2.3875e-08	-2.4461e-08	-2.487e-08	-2.4856e-08	-2.4204e-08	-2.3026e-08	-2.1714e-08	-2.0848e-08	-2.055e-08	-2.0447e-08	-2.0265e-08	-2.0023e-08	-1.9794e-08	-1.9547e-08	-1.9317e-08	-1.9198e-08	-1.9268e-08	-1.9607e-08	-2.0047e-08	-2.0322e-08	-2.0376e-08	-2.0284e-08	-2.0134e-08	-2.0052e-08	-2.0173e-08	-2.0512e-08
-2.582e-08	-2.516e-08	-2.459e-08	-2.4239e-08	-2.4125e-08	-2.4198e-08	-2.4402e-08	-2.4526e-08	-2.4387e-08	-2.403e-08	-2.3611e-08	-2.3276e-08	-2.3104e-08	-2.3111e-08	-2.3211e-08	-2.3335e-08	-2.3569e-08	-2.3906e-08	-2.4209e-08	-2.438e-08	-2.4416e-08	-2.4422e-08	-2.4517e-08	-2.472e-08	-2.5076e-08	-2.5676e-08	-2.6511e-08	-2.7616e-08	-2.9217e-08	-3.1372e-08	-3.3742e-08	-3.5775e-08	-3.7002e-08	-3.7112e-08	-3.6009e-08	-3.3766e-08	-3.0533e-08	-2.665e-08	-2.2562e-08	-1.8562e-08	-1.4816e-08	-1.1369e-08	-8.0631e-09	-4.7287e-09	-1.4426e-09	1.7891e-09	5.1033e-09	8.4832e-09	1.1793e-08	1.5034e-08	1.8331e-08	2.167e-08	2.4776e-08	2.7475e-08	2.9956e-08	3.2511e-08	3.5176e-08	3.7971e-08	4.097e-08	4.4103e-08	4.7191e-08	4.9944e-08	5.225e-08	5.4045e-08	5.5106e-08	5.5247e-08	5.452e-08	5.307e-08	5.0982e-08	4.8364e-08	4.5335e-08	4.2015e-08	3.8556e-08	3.5054e-08	3.1487e-08	2.7733e-08	2.3746e-08	1.9618e-08	1.5476e-08	1.1403e-08	7.4364e-09	3.4516e-09	-7.3673e-10	-5.223e-09	-9.9549e-09	-1.4628e-08	-1.885e-08	-2.2098e-08	-2.3921e-08	-2.4465e-08	-2.4245e-08	-2.3851e-08	-2.3566e-08	-2.3343e-08	-2.3159e-08	-2.3022e-08	-2.291e-08	-2.2916e-08	-2.3004e-08	-2.2982e-08	-2.2787e-08	-2.2527e-08	-2.2313e-08	-2.2228e-08	-2.2292e-08	-2.2418e-08	-2.246e-08	-2.2278e-08	-2.1833e-08	-2.1304e-08	-2.0893e-08	-2.0639e-08	-2.0487e-08	-2.0386e-08	-2.0294e-08	-2.0275e-08	-2.0383e-08	-2.0614e-08	-2.0824e-08	-2.0814e-08	-2.0624e-08	-2.0596e-08	-2.0779e-08	-2.0886e-08	-2.0854e-08	-2.0968e-08	-2.1452e-08	-2.22e-08	-2.2895e-08	-2.3311e-08	-2.346e-08	-2.3755e-08	-2.4475e-08	-2.5302e-08	-2.5747e-08	-2.5593e-08	-2.4957e-08	-2.4065e-08	-2.3247e-08	-2.2871e-08	-2.2912e-08	-2.3029e-08	-2.2912e-08	-2.2466e-08	-2.181e-08	-2.1203e-08	-2.0887e-08	-2.0892e-08	-2.1099e-08	-2.1372e-08	-2.1629e-08	-2.194e-08	-2.2459e-08	-2.312e-08	-2.3778e-08	-2.4382e-08	-2.4851e-08	-2.4932e-08	-2.4371e-08	-2.3242e-08	-2.1935e-08	-2.1035e-08	-2.07e-08	-2.0569e-08	-2.0375e-08	-2.0122e-08	-1.9878e-08	-1.9605e-08	-1.9332e-08	-1.9173e-08	-1.9223e-08	-1.9554e-08	-2.0003e-08	-2.0286e-08	-2.0319e-08	-2.0161e-08	-1.9906e-08	-1.969e-08	-1.9657e-08	-1.9834e-08
-2.581e-08	-2.5177e-08	-2.4611e-08	-2.4227e-08	-2.4058e-08	-2.4079e-08	-2.4266e-08	-2.4423e-08	-2.4342e-08	-2.4033e-08	-2.3645e-08	-2.3335e-08	-2.3178e-08	-2.3187e-08	-2.328e-08	-2.3384e-08	-2.3593e-08	-2.3921e-08	-2.4223e-08	-2.4395e-08	-2.4435e-08	-2.4445e-08	-2.4538e-08	-2.4737e-08	-2.5091e-08	-2.5706e-08	-2.6573e-08	-2.7685e-08	-2.9242e-08	-3.1349e-08	-3.3699e-08	-3.5745e-08	-3.6993e-08	-3.7104e-08	-3.5981e-08	-3.3729e-08	-3.0504e-08	-2.6626e-08	-2.2529e-08	-1.8517e-08	-1.4769e-08	-1.1338e-08	-8.06e-09	-4.762e-09	-1.5103e-09	1.7008e-09	5.0116e-09	8.3888e-09	1.1679e-08	1.4892e-08	1.8176e-08	2.1532e-08	2.4684e-08	2.7427e-08	2.9901e-08	3.2394e-08	3.5017e-08	3.7845e-08	4.0938e-08	4.4157e-08	4.7255e-08	4.9952e-08	5.2167e-08	5.387e-08	5.4861e-08	5.4951e-08	5.419e-08	5.2726e-08	5.0641e-08	4.8033e-08	4.502e-08	4.1727e-08	3.8299e-08	3.4823e-08	3.1279e-08	2.7549e-08	2.3576e-08	1.9451e-08	1.531e-08	1.1252e-08	7.3082e-09	3.3434e-09	-8.4471e-10	-5.3524e-09	-1.0119e-08	-1.4838e-08	-1.9094e-08	-2.2371e-08	-2.4219e-08	-2.4764e-08	-2.4528e-08	-2.4091e-08	-2.3765e-08	-2.3512e-08	-2.3294e-08	-2.3118e-08	-2.2973e-08	-2.2953e-08	-2.3039e-08	-2.3042e-08	-2.2884e-08	-2.2666e-08	-2.2506e-08	-2.2469e-08	-2.2572e-08	-2.2721e-08	-2.276e-08	-2.2567e-08	-2.2128e-08	-2.162e-08	-2.1224e-08	-2.0964e-08	-2.0798e-08	-2.0698e-08	-2.0626e-08	-2.0621e-08	-2.0715e-08	-2.091e-08	-2.1097e-08	-2.1076e-08	-2.086e-08	-2.0787e-08	-2.0943e-08	-2.1041e-08	-2.1001e-08	-2.1102e-08	-2.1587e-08	-2.237e-08	-2.3127e-08	-2.3598e-08	-2.3763e-08	-2.4012e-08	-2.4677e-08	-2.5493e-08	-2.5965e-08	-2.5838e-08	-2.5203e-08	-2.4289e-08	-2.3428e-08	-2.2999e-08	-2.3004e-08	-2.3108e-08	-2.3001e-08	-2.2574e-08	-2.1923e-08	-2.1304e-08	-2.0979e-08	-2.0989e-08	-2.1193e-08	-2.1436e-08	-2.1648e-08	-2.1911e-08	-2.2384e-08	-2.3008e-08	-2.3641e-08	-2.425e-08	-2.4767e-08	-2.4939e-08	-2.4478e-08	-2.3417e-08	-2.2132e-08	-2.1207e-08	-2.0832e-08	-2.0675e-08	-2.0474e-08	-2.0219e-08	-1.9961e-08	-1.9664e-08	-1.9354e-08	-1.9165e-08	-1.9201e-08	-1.9526e-08	-1.9977e-08	-2.0262e-08	-2.0276e-08	-2.0062e-08	-1.9721e-08	-1.9399e-08	-1.924e-08	-1.9278e-08
-2.5835e-08	-2.5245e-08	-2.4701e-08	-2.4303e-08	-2.4091e-08	-2.4069e-08	-2.4239e-08	-2.4428e-08	-2.4406e-08	-2.4147e-08	-2.3793e-08	-2.3506e-08	-2.3362e-08	-2.3364e-08	-2.3439e-08	-2.351e-08	-2.3682e-08	-2.3986e-08	-2.4277e-08	-2.4441e-08	-2.4478e-08	-2.4486e-08	-2.4572e-08	-2.4762e-08	-2.5108e-08	-2.5731e-08	-2.6625e-08	-2.7741e-08	-2.9252e-08	-3.1296e-08	-3.3609e-08	-3.5648e-08	-3.6906e-08	-3.7016e-08	-3.5881e-08	-3.363e-08	-3.0425e-08	-2.6564e-08	-2.247e-08	-1.8455e-08	-1.4711e-08	-1.1297e-08	-8.0469e-09	-4.7851e-09	-1.5675e-09	1.6208e-09	4.9252e-09	8.2998e-09	1.1574e-08	1.476e-08	1.8027e-08	2.1394e-08	2.4588e-08	2.7378e-08	2.9855e-08	3.2294e-08	3.4869e-08	3.7711e-08	4.0874e-08	4.4159e-08	4.7259e-08	4.9902e-08	5.2031e-08	5.3648e-08	5.4575e-08	5.4623e-08	5.3836e-08	5.2364e-08	5.0287e-08	4.7692e-08	4.4699e-08	4.1436e-08	3.8041e-08	3.4594e-08	3.1075e-08	2.7371e-08	2.3416e-08	1.9294e-08	1.5154e-08	1.1108e-08	7.1832e-09	3.2326e-09	-9.6061e-10	-5.4918e-09	-1.0289e-08	-1.5045e-08	-1.933e-08	-2.2631e-08	-2.4504e-08	-2.5055e-08	-2.4804e-08	-2.4327e-08	-2.3958e-08	-2.3674e-08	-2.3423e-08	-2.3214e-08	-2.3038e-08	-2.2992e-08	-2.3073e-08	-2.3101e-08	-2.2987e-08	-2.2822e-08	-2.2721e-08	-2.2742e-08	-2.2892e-08	-2.3074e-08	-2.312e-08	-2.2921e-08	-2.2491e-08	-2.201e-08	-2.1641e-08	-2.1387e-08	-2.121e-08	-2.1104e-08	-2.1041e-08	-2.1038e-08	-2.1109e-08	-2.1255e-08	-2.1404e-08	-2.1362e-08	-2.1118e-08	-2.0997e-08	-2.1121e-08	-2.121e-08	-2.1164e-08	-2.1252e-08	-2.1735e-08	-2.2549e-08	-2.3366e-08	-2.3892e-08	-2.4075e-08	-2.4275e-08	-2.4869e-08	-2.5655e-08	-2.6144e-08	-2.6047e-08	-2.5426e-08	-2.4506e-08	-2.3609e-08	-2.3123e-08	-2.3078e-08	-2.3156e-08	-2.3056e-08	-2.2654e-08	-2.2022e-08	-2.1404e-08	-2.1075e-08	-2.1087e-08	-2.1284e-08	-2.1495e-08	-2.1659e-08	-2.1872e-08	-2.2292e-08	-2.2869e-08	-2.3466e-08	-2.4067e-08	-2.4619e-08	-2.4875e-08	-2.4521e-08	-2.3545e-08	-2.2301e-08	-2.136e-08	-2.0944e-08	-2.0759e-08	-2.056e-08	-2.031e-08	-2.0041e-08	-1.9722e-08	-1.9381e-08	-1.9171e-08	-1.9202e-08	-1.9518e-08	-1.9966e-08	-2.0249e-08	-2.0246e-08	-1.9985e-08	-1.9574e-08	-1.9172e-08	-1.8915e-08	-1.8836e-08
-2.5901e-08	-2.5372e-08	-2.4872e-08	-2.4479e-08	-2.4242e-08	-2.4187e-08	-2.4344e-08	-2.4563e-08	-2.4598e-08	-2.4393e-08	-2.4072e-08	-2.3806e-08	-2.3669e-08	-2.3656e-08	-2.3699e-08	-2.3726e-08	-2.3843e-08	-2.411e-08	-2.4377e-08	-2.4522e-08	-2.4548e-08	-2.4546e-08	-2.462e-08	-2.4796e-08	-2.5128e-08	-2.5752e-08	-2.6666e-08	-2.7784e-08	-2.9244e-08	-3.1213e-08	-3.347e-08	-3.5483e-08	-3.6734e-08	-3.6843e-08	-3.5705e-08	-3.3467e-08	-3.0296e-08	-2.6465e-08	-2.2388e-08	-1.8381e-08	-1.4646e-08	-1.1251e-08	-8.028e-09	-4.8011e-09	-1.6165e-09	1.5477e-09	4.8432e-09	8.2149e-09	1.1476e-08	1.4638e-08	1.7888e-08	2.1258e-08	2.4489e-08	2.7327e-08	2.9818e-08	3.2213e-08	3.4735e-08	3.7572e-08	4.0776e-08	4.4103e-08	4.7196e-08	4.9785e-08	5.1835e-08	5.3375e-08	5.4246e-08	5.4263e-08	5.3461e-08	5.1988e-08	4.9923e-08	4.7347e-08	4.4378e-08	4.1148e-08	3.7789e-08	3.4374e-08	3.0882e-08	2.7206e-08	2.327e-08	1.9153e-08	1.5014e-08	1.0977e-08	7.0671e-09	3.124e-09	-1.0807e-09	-5.6383e-09	-1.0462e-08	-1.5246e-08	-1.9551e-08	-2.2872e-08	-2.477e-08	-2.5331e-08	-2.507e-08	-2.4554e-08	-2.4141e-08	-2.3824e-08	-2.3544e-08	-2.3305e-08	-2.3104e-08	-2.3031e-08	-2.3104e-08	-2.3157e-08	-2.3094e-08	-2.2991e-08	-2.2959e-08	-2.3045e-08	-2.3253e-08	-2.3478e-08	-2.3541e-08	-2.3342e-08	-2.2924e-08	-2.2477e-08	-2.2147e-08	-2.1912e-08	-2.1729e-08	-2.1608e-08	-2.154e-08	-2.1526e-08	-2.1564e-08	-2.1648e-08	-2.1741e-08	-2.1666e-08	-2.1393e-08	-2.1222e-08	-2.1308e-08	-2.1388e-08	-2.134e-08	-2.1416e-08	-2.1893e-08	-2.2732e-08	-2.3607e-08	-2.4189e-08	-2.439e-08	-2.454e-08	-2.505e-08	-2.5787e-08	-2.6281e-08	-2.6217e-08	-2.5623e-08	-2.471e-08	-2.3787e-08	-2.3241e-08	-2.3133e-08	-2.3172e-08	-2.3075e-08	-2.2704e-08	-2.2104e-08	-2.15e-08	-2.1171e-08	-2.1183e-08	-2.1369e-08	-2.1548e-08	-2.1662e-08	-2.1821e-08	-2.2184e-08	-2.2706e-08	-2.3255e-08	-2.3837e-08	-2.4412e-08	-2.4743e-08	-2.4501e-08	-2.3625e-08	-2.244e-08	-2.1492e-08	-2.1036e-08	-2.0823e-08	-2.0631e-08	-2.0393e-08	-2.0118e-08	-1.9777e-08	-1.9411e-08	-1.9187e-08	-1.9218e-08	-1.9529e-08	-1.9967e-08	-2.0245e-08	-2.0227e-08	-1.9927e-08	-1.9459e-08	-1.9e-08	-1.8672e-08	-1.8498e-08
-2.6012e-08	-2.5565e-08	-2.5132e-08	-2.4769e-08	-2.4528e-08	-2.4453e-08	-2.4602e-08	-2.485e-08	-2.4941e-08	-2.4788e-08	-2.45e-08	-2.4253e-08	-2.4118e-08	-2.4079e-08	-2.4075e-08	-2.4041e-08	-2.4089e-08	-2.4302e-08	-2.453e-08	-2.4644e-08	-2.4648e-08	-2.463e-08	-2.4685e-08	-2.4842e-08	-2.5153e-08	-2.5767e-08	-2.6694e-08	-2.7812e-08	-2.9217e-08	-3.1099e-08	-3.3281e-08	-3.5245e-08	-3.6474e-08	-3.6579e-08	-3.5448e-08	-3.3239e-08	-3.0118e-08	-2.6333e-08	-2.2286e-08	-1.8299e-08	-1.458e-08	-1.1204e-08	-8.0073e-09	-4.8132e-09	-1.6597e-09	1.4801e-09	4.7647e-09	8.133e-09	1.1385e-08	1.4528e-08	1.7758e-08	2.1126e-08	2.4387e-08	2.7274e-08	2.9789e-08	3.2151e-08	3.462e-08	3.743e-08	4.0645e-08	4.3986e-08	4.7056e-08	4.9592e-08	5.1573e-08	5.3046e-08	5.3872e-08	5.3873e-08	5.3068e-08	5.1602e-08	4.9557e-08	4.7004e-08	4.4063e-08	4.0868e-08	3.7548e-08	3.4167e-08	3.0705e-08	2.7059e-08	2.3146e-08	1.9035e-08	1.4897e-08	1.0867e-08	6.9657e-09	3.0225e-09	-1.2012e-09	-5.7891e-09	-1.0637e-08	-1.5438e-08	-1.9754e-08	-2.3088e-08	-2.501e-08	-2.5585e-08	-2.5319e-08	-2.4769e-08	-2.431e-08	-2.3959e-08	-2.3653e-08	-2.339e-08	-2.3167e-08	-2.307e-08	-2.3132e-08	-2.3208e-08	-2.3204e-08	-2.3173e-08	-2.3216e-08	-2.3375e-08	-2.365e-08	-2.3928e-08	-2.4017e-08	-2.3823e-08	-2.3421e-08	-2.3013e-08	-2.2733e-08	-2.2529e-08	-2.2345e-08	-2.2204e-08	-2.2116e-08	-2.2078e-08	-2.2071e-08	-2.2082e-08	-2.2101e-08	-2.1983e-08	-2.1678e-08	-2.1455e-08	-2.1501e-08	-2.157e-08	-2.1522e-08	-2.1588e-08	-2.2056e-08	-2.2916e-08	-2.3846e-08	-2.4482e-08	-2.4704e-08	-2.4803e-08	-2.5219e-08	-2.5889e-08	-2.6376e-08	-2.6346e-08	-2.5789e-08	-2.4898e-08	-2.3958e-08	-2.3351e-08	-2.3171e-08	-2.316e-08	-2.3059e-08	-2.2724e-08	-2.2166e-08	-2.1587e-08	-2.1265e-08	-2.1274e-08	-2.1448e-08	-2.1592e-08	-2.1656e-08	-2.176e-08	-2.2061e-08	-2.2521e-08	-2.3013e-08	-2.3565e-08	-2.4151e-08	-2.455e-08	-2.442e-08	-2.3657e-08	-2.2546e-08	-2.1603e-08	-2.1108e-08	-2.0866e-08	-2.0685e-08	-2.0468e-08	-2.0189e-08	-1.9828e-08	-1.944e-08	-1.921e-08	-1.9248e-08	-1.9554e-08	-1.9979e-08	-2.0247e-08	-2.0215e-08	-1.9882e-08	-1.9371e-08	-1.8873e-08	-1.8497e-08	-1.825e-08
-2.6174e-08	-2.583e-08	-2.5491e-08	-2.5186e-08	-2.4964e-08	-2.4888e-08	-2.5035e-08	-2.5311e-08	-2.5456e-08	-2.5355e-08	-2.5098e-08	-2.4864e-08	-2.4724e-08	-2.4648e-08	-2.4581e-08	-2.4468e-08	-2.4429e-08	-2.4572e-08	-2.4745e-08	-2.4812e-08	-2.4782e-08	-2.4739e-08	-2.4769e-08	-2.49e-08	-2.5184e-08	-2.578e-08	-2.6711e-08	-2.7824e-08	-2.917e-08	-3.0954e-08	-3.304e-08	-3.4931e-08	-3.6121e-08	-3.6219e-08	-3.5107e-08	-3.2945e-08	-2.9893e-08	-2.617e-08	-2.2168e-08	-1.8214e-08	-1.4517e-08	-1.1161e-08	-7.9889e-09	-4.8246e-09	-1.6997e-09	1.4164e-09	4.6886e-09	8.0529e-09	1.13e-08	1.4429e-08	1.764e-08	2.0999e-08	2.4282e-08	2.7218e-08	2.9768e-08	3.2112e-08	3.4527e-08	3.729e-08	4.0482e-08	4.3802e-08	4.6834e-08	4.9315e-08	5.1239e-08	5.2658e-08	5.3453e-08	5.3451e-08	5.2658e-08	5.121e-08	4.9191e-08	4.6668e-08	4.3759e-08	4.0602e-08	3.7323e-08	3.3979e-08	3.0549e-08	2.6935e-08	2.3046e-08	1.8943e-08	1.4805e-08	1.078e-08	6.8829e-09	2.9322e-09	-1.3183e-09	-5.9409e-09	-1.0809e-08	-1.5616e-08	-1.9933e-08	-2.3274e-08	-2.5221e-08	-2.5814e-08	-2.5548e-08	-2.4968e-08	-2.4462e-08	-2.4077e-08	-2.3748e-08	-2.3466e-08	-2.3227e-08	-2.3107e-08	-2.3155e-08	-2.3251e-08	-2.331e-08	-2.336e-08	-2.3487e-08	-2.3724e-08	-2.4071e-08	-2.4412e-08	-2.4535e-08	-2.4352e-08	-2.3968e-08	-2.3602e-08	-2.3381e-08	-2.3219e-08	-2.3039e-08	-2.2873e-08	-2.2754e-08	-2.2679e-08	-2.2619e-08	-2.2546e-08	-2.2478e-08	-2.2306e-08	-2.1966e-08	-2.1693e-08	-2.1695e-08	-2.1752e-08	-2.1707e-08	-2.1764e-08	-2.222e-08	-2.3095e-08	-2.4075e-08	-2.4766e-08	-2.5009e-08	-2.5058e-08	-2.5373e-08	-2.5962e-08	-2.6431e-08	-2.6434e-08	-2.5922e-08	-2.5064e-08	-2.4118e-08	-2.3453e-08	-2.3192e-08	-2.312e-08	-2.3011e-08	-2.2714e-08	-2.2208e-08	-2.1663e-08	-2.1352e-08	-2.1359e-08	-2.1517e-08	-2.1628e-08	-2.1642e-08	-2.1689e-08	-2.1927e-08	-2.2319e-08	-2.2745e-08	-2.3258e-08	-2.3845e-08	-2.4301e-08	-2.4284e-08	-2.3643e-08	-2.2619e-08	-2.1692e-08	-2.1162e-08	-2.0888e-08	-2.0721e-08	-2.0532e-08	-2.0255e-08	-1.9874e-08	-1.9468e-08	-1.9236e-08	-1.9285e-08	-1.9588e-08	-1.9997e-08	-2.0252e-08	-2.0207e-08	-1.9849e-08	-1.9303e-08	-1.8783e-08	-1.8381e-08	-1.808e-08
-2.6393e-08	-2.6174e-08	-2.5956e-08	-2.574e-08	-2.5568e-08	-2.5511e-08	-2.5666e-08	-2.597e-08	-2.6164e-08	-2.6112e-08	-2.5883e-08	-2.5658e-08	-2.5505e-08	-2.5378e-08	-2.5228e-08	-2.5018e-08	-2.4875e-08	-2.4927e-08	-2.5027e-08	-2.5032e-08	-2.4954e-08	-2.4875e-08	-2.4873e-08	-2.4972e-08	-2.5222e-08	-2.5789e-08	-2.6714e-08	-2.7817e-08	-2.9102e-08	-3.0777e-08	-3.2747e-08	-3.454e-08	-3.567e-08	-3.5757e-08	-3.4677e-08	-3.2582e-08	-2.962e-08	-2.5978e-08	-2.2037e-08	-1.8128e-08	-1.4462e-08	-1.1127e-08	-7.9755e-09	-4.8374e-09	-1.7379e-09	1.3565e-09	4.6154e-09	7.9748e-09	1.122e-08	1.4341e-08	1.7535e-08	2.0879e-08	2.4176e-08	2.716e-08	2.9756e-08	3.2096e-08	3.4459e-08	3.7158e-08	4.0294e-08	4.3561e-08	4.6533e-08	4.8959e-08	5.0838e-08	5.2216e-08	5.2993e-08	5.3003e-08	5.2237e-08	5.0817e-08	4.883e-08	4.6343e-08	4.3471e-08	4.0353e-08	3.7116e-08	3.3811e-08	3.0414e-08	2.6834e-08	2.2971e-08	1.8878e-08	1.4741e-08	1.0718e-08	6.8203e-09	2.8554e-09	-1.4284e-09	-6.0899e-09	-1.0976e-08	-1.578e-08	-2.0087e-08	-2.343e-08	-2.5398e-08	-2.6013e-08	-2.5754e-08	-2.5148e-08	-2.4596e-08	-2.4176e-08	-2.3826e-08	-2.3531e-08	-2.3281e-08	-2.314e-08	-2.3171e-08	-2.3285e-08	-2.3409e-08	-2.3546e-08	-2.3761e-08	-2.408e-08	-2.4506e-08	-2.4916e-08	-2.5079e-08	-2.4912e-08	-2.4548e-08	-2.4226e-08	-2.4071e-08	-2.3963e-08	-2.3794e-08	-2.3599e-08	-2.3439e-08	-2.3316e-08	-2.3195e-08	-2.3029e-08	-2.2863e-08	-2.2626e-08	-2.2253e-08	-2.193e-08	-2.1887e-08	-2.1929e-08	-2.1889e-08	-2.1938e-08	-2.2379e-08	-2.3263e-08	-2.429e-08	-2.5033e-08	-2.5299e-08	-2.5302e-08	-2.5512e-08	-2.6007e-08	-2.6446e-08	-2.648e-08	-2.602e-08	-2.5205e-08	-2.4262e-08	-2.3543e-08	-2.3198e-08	-2.3055e-08	-2.2932e-08	-2.2674e-08	-2.2226e-08	-2.1724e-08	-2.143e-08	-2.1433e-08	-2.1575e-08	-2.1652e-08	-2.1617e-08	-2.1608e-08	-2.1782e-08	-2.2102e-08	-2.2456e-08	-2.2921e-08	-2.3499e-08	-2.4004e-08	-2.4096e-08	-2.3583e-08	-2.2659e-08	-2.1759e-08	-2.1197e-08	-2.089e-08	-2.074e-08	-2.0585e-08	-2.0312e-08	-1.9914e-08	-1.9491e-08	-1.9262e-08	-1.9327e-08	-1.9629e-08	-2.0018e-08	-2.0257e-08	-2.0201e-08	-1.9822e-08	-1.925e-08	-1.8722e-08	-1.8312e-08	-1.7975e-08
-2.6672e-08	-2.6602e-08	-2.6536e-08	-2.6443e-08	-2.6352e-08	-2.634e-08	-2.6515e-08	-2.6848e-08	-2.7086e-08	-2.7077e-08	-2.6871e-08	-2.6647e-08	-2.6471e-08	-2.6279e-08	-2.6027e-08	-2.5698e-08	-2.543e-08	-2.5374e-08	-2.5381e-08	-2.5306e-08	-2.5166e-08	-2.504e-08	-2.4998e-08	-2.5059e-08	-2.5267e-08	-2.5797e-08	-2.6706e-08	-2.7794e-08	-2.9015e-08	-3.0572e-08	-3.2407e-08	-3.4078e-08	-3.5126e-08	-3.5195e-08	-3.4159e-08	-3.2153e-08	-2.9301e-08	-2.5757e-08	-2.1892e-08	-1.8041e-08	-1.4413e-08	-1.1099e-08	-7.9653e-09	-4.8493e-09	-1.7724e-09	1.3025e-09	4.5479e-09	7.9012e-09	1.1146e-08	1.4266e-08	1.7446e-08	2.0771e-08	2.4072e-08	2.7101e-08	2.9752e-08	3.2102e-08	3.4418e-08	3.7041e-08	4.0094e-08	4.3277e-08	4.617e-08	4.8539e-08	5.038e-08	5.1731e-08	5.25e-08	5.2535e-08	5.1808e-08	5.0426e-08	4.8478e-08	4.6031e-08	4.3198e-08	4.0122e-08	3.6928e-08	3.3663e-08	3.0301e-08	2.6755e-08	2.292e-08	1.8838e-08	1.4702e-08	1.068e-08	6.7787e-09	2.7945e-09	-1.5284e-09	-6.2322e-09	-1.1136e-08	-1.5927e-08	-2.0216e-08	-2.3552e-08	-2.554e-08	-2.618e-08	-2.5932e-08	-2.5306e-08	-2.4712e-08	-2.4255e-08	-2.3887e-08	-2.3583e-08	-2.3325e-08	-2.3167e-08	-2.3179e-08	-2.3305e-08	-2.3495e-08	-2.3725e-08	-2.4031e-08	-2.4434e-08	-2.4941e-08	-2.5426e-08	-2.5636e-08	-2.5489e-08	-2.5145e-08	-2.4869e-08	-2.4785e-08	-2.4739e-08	-2.4587e-08	-2.4363e-08	-2.4154e-08	-2.3974e-08	-2.3785e-08	-2.352e-08	-2.3246e-08	-2.2937e-08	-2.253e-08	-2.2162e-08	-2.2072e-08	-2.2099e-08	-2.2064e-08	-2.2107e-08	-2.2529e-08	-2.3415e-08	-2.4485e-08	-2.5278e-08	-2.5569e-08	-2.5529e-08	-2.5631e-08	-2.6022e-08	-2.6421e-08	-2.6484e-08	-2.6081e-08	-2.5317e-08	-2.4387e-08	-2.3619e-08	-2.3187e-08	-2.2966e-08	-2.2823e-08	-2.2604e-08	-2.222e-08	-2.1767e-08	-2.1494e-08	-2.1495e-08	-2.1618e-08	-2.1664e-08	-2.1583e-08	-2.1518e-08	-2.1628e-08	-2.1874e-08	-2.2149e-08	-2.256e-08	-2.3121e-08	-2.3663e-08	-2.386e-08	-2.348e-08	-2.2663e-08	-2.1803e-08	-2.1214e-08	-2.0872e-08	-2.0741e-08	-2.0624e-08	-2.0362e-08	-1.9947e-08	-1.951e-08	-1.9286e-08	-1.9369e-08	-1.9672e-08	-2.0039e-08	-2.0259e-08	-2.0194e-08	-1.9799e-08	-1.9207e-08	-1.868e-08	-1.828e-08	-1.7924e-08
-2.7008e-08	-2.7109e-08	-2.7223e-08	-2.7287e-08	-2.7309e-08	-2.7365e-08	-2.7573e-08	-2.7934e-08	-2.8211e-08	-2.8238e-08	-2.8049e-08	-2.7818e-08	-2.7609e-08	-2.7339e-08	-2.6966e-08	-2.6497e-08	-2.6087e-08	-2.5905e-08	-2.5802e-08	-2.5629e-08	-2.5413e-08	-2.5232e-08	-2.5142e-08	-2.5159e-08	-2.532e-08	-2.5803e-08	-2.6688e-08	-2.7755e-08	-2.8911e-08	-3.0344e-08	-3.203e-08	-3.3556e-08	-3.4504e-08	-3.4546e-08	-3.3561e-08	-3.166e-08	-2.8937e-08	-2.5506e-08	-2.1729e-08	-1.7947e-08	-1.4363e-08	-1.1073e-08	-7.9538e-09	-4.8561e-09	-1.7992e-09	1.2584e-09	4.4902e-09	7.836e-09	1.1083e-08	1.4206e-08	1.7376e-08	2.0677e-08	2.3974e-08	2.7044e-08	2.9758e-08	3.2132e-08	3.4408e-08	3.6945e-08	3.9893e-08	4.2966e-08	4.5763e-08	4.8068e-08	4.9881e-08	5.1214e-08	5.1984e-08	5.2055e-08	5.1379e-08	5.0042e-08	4.8138e-08	4.5735e-08	4.2944e-08	3.991e-08	3.676e-08	3.3535e-08	3.0208e-08	2.6698e-08	2.2891e-08	1.8822e-08	1.4688e-08	1.0667e-08	6.759e-09	2.751e-09	-1.6151e-09	-6.3644e-09	-1.1284e-08	-1.6055e-08	-2.0316e-08	-2.3639e-08	-2.5643e-08	-2.6311e-08	-2.6079e-08	-2.5441e-08	-2.4806e-08	-2.4313e-08	-2.3928e-08	-2.362e-08	-2.3358e-08	-2.3186e-08	-2.3177e-08	-2.331e-08	-2.3565e-08	-2.3889e-08	-2.429e-08	-2.4776e-08	-2.5365e-08	-2.5927e-08	-2.619e-08	-2.6068e-08	-2.5744e-08	-2.5514e-08	-2.5504e-08	-2.5528e-08	-2.54e-08	-2.5148e-08	-2.4883e-08	-2.4638e-08	-2.4376e-08	-2.4008e-08	-2.3619e-08	-2.3231e-08	-2.279e-08	-2.2382e-08	-2.2246e-08	-2.2255e-08	-2.2227e-08	-2.2265e-08	-2.2665e-08	-2.3547e-08	-2.4653e-08	-2.5494e-08	-2.581e-08	-2.5733e-08	-2.5728e-08	-2.6008e-08	-2.6358e-08	-2.6445e-08	-2.6101e-08	-2.5396e-08	-2.4489e-08	-2.3679e-08	-2.3159e-08	-2.2856e-08	-2.2688e-08	-2.2507e-08	-2.2188e-08	-2.179e-08	-2.1542e-08	-2.154e-08	-2.1645e-08	-2.1661e-08	-2.1536e-08	-2.1419e-08	-2.1466e-08	-2.1636e-08	-2.1829e-08	-2.218e-08	-2.2716e-08	-2.3286e-08	-2.3582e-08	-2.3335e-08	-2.2633e-08	-2.1822e-08	-2.1212e-08	-2.0835e-08	-2.0723e-08	-2.0649e-08	-2.0401e-08	-1.9972e-08	-1.9521e-08	-1.9305e-08	-1.9408e-08	-1.9713e-08	-2.0055e-08	-2.0255e-08	-2.0182e-08	-1.9775e-08	-1.9168e-08	-1.8652e-08	-1.8274e-08	-1.7914e-08
-2.7388e-08	-2.7679e-08	-2.7995e-08	-2.8243e-08	-2.8405e-08	-2.8551e-08	-2.8803e-08	-2.9192e-08	-2.9501e-08	-2.9559e-08	-2.938e-08	-2.9136e-08	-2.8888e-08	-2.8529e-08	-2.8019e-08	-2.7395e-08	-2.6828e-08	-2.6506e-08	-2.6279e-08	-2.5995e-08	-2.5692e-08	-2.5446e-08	-2.5303e-08	-2.5271e-08	-2.5379e-08	-2.5809e-08	-2.6662e-08	-2.7704e-08	-2.8794e-08	-3.01e-08	-3.1625e-08	-3.2989e-08	-3.3819e-08	-3.3821e-08	-3.2891e-08	-3.1108e-08	-2.8528e-08	-2.5223e-08	-2.1544e-08	-1.7841e-08	-1.4309e-08	-1.1044e-08	-7.9362e-09	-4.8533e-09	-1.8145e-09	1.2279e-09	4.4464e-09	7.7831e-09	1.1032e-08	1.4164e-08	1.7326e-08	2.0601e-08	2.3887e-08	2.6993e-08	2.9774e-08	3.2185e-08	3.4428e-08	3.6876e-08	3.9703e-08	4.2644e-08	4.5327e-08	4.7563e-08	4.9352e-08	5.0677e-08	5.1456e-08	5.1569e-08	5.0955e-08	4.967e-08	4.7814e-08	4.5459e-08	4.2711e-08	3.9719e-08	3.6613e-08	3.3428e-08	3.0136e-08	2.666e-08	2.2884e-08	1.883e-08	1.4699e-08	1.0677e-08	6.7616e-09	2.7268e-09	-1.6858e-09	-6.4829e-09	-1.1417e-08	-1.6161e-08	-2.0386e-08	-2.369e-08	-2.5706e-08	-2.6402e-08	-2.6192e-08	-2.5548e-08	-2.4877e-08	-2.4349e-08	-2.395e-08	-2.3639e-08	-2.3377e-08	-2.3194e-08	-2.3162e-08	-2.3297e-08	-2.3614e-08	-2.4033e-08	-2.4528e-08	-2.5096e-08	-2.5766e-08	-2.6408e-08	-2.6727e-08	-2.6632e-08	-2.633e-08	-2.6144e-08	-2.621e-08	-2.631e-08	-2.6214e-08	-2.5934e-08	-2.561e-08	-2.5294e-08	-2.4954e-08	-2.4481e-08	-2.3971e-08	-2.3499e-08	-2.3028e-08	-2.2585e-08	-2.2405e-08	-2.2396e-08	-2.2374e-08	-2.2407e-08	-2.2783e-08	-2.3654e-08	-2.4789e-08	-2.5675e-08	-2.6016e-08	-2.5908e-08	-2.58e-08	-2.5964e-08	-2.6257e-08	-2.6363e-08	-2.6081e-08	-2.5439e-08	-2.4562e-08	-2.3719e-08	-2.3114e-08	-2.2725e-08	-2.2526e-08	-2.2382e-08	-2.2131e-08	-2.179e-08	-2.157e-08	-2.1566e-08	-2.1653e-08	-2.1642e-08	-2.1478e-08	-2.1311e-08	-2.1298e-08	-2.1392e-08	-2.15e-08	-2.1786e-08	-2.229e-08	-2.288e-08	-2.3266e-08	-2.3151e-08	-2.2568e-08	-2.1817e-08	-2.1191e-08	-2.0779e-08	-2.0686e-08	-2.0659e-08	-2.0428e-08	-1.9988e-08	-1.9525e-08	-1.9317e-08	-1.944e-08	-1.9748e-08	-2.0064e-08	-2.0242e-08	-2.0162e-08	-1.9748e-08	-1.913e-08	-1.8629e-08	-1.8284e-08	-1.7933e-08
-2.7798e-08	-2.8291e-08	-2.8827e-08	-2.928e-08	-2.9607e-08	-2.9861e-08	-3.0166e-08	-3.0583e-08	-3.0918e-08	-3.1001e-08	-3.0829e-08	-3.0567e-08	-3.0274e-08	-2.9819e-08	-2.9162e-08	-2.8369e-08	-2.7634e-08	-2.7163e-08	-2.6801e-08	-2.6395e-08	-2.5995e-08	-2.5679e-08	-2.5477e-08	-2.5393e-08	-2.5445e-08	-2.5815e-08	-2.6628e-08	-2.7643e-08	-2.8668e-08	-2.9847e-08	-3.1204e-08	-3.2389e-08	-3.3083e-08	-3.3034e-08	-3.216e-08	-3.0504e-08	-2.8076e-08	-2.4907e-08	-2.1335e-08	-1.7718e-08	-1.4245e-08	-1.1006e-08	-7.9078e-09	-4.8365e-09	-1.8141e-09	1.2149e-09	4.4206e-09	7.7463e-09	1.0997e-08	1.414e-08	1.7299e-08	2.0546e-08	2.3814e-08	2.6951e-08	2.9803e-08	3.2262e-08	3.4482e-08	3.6841e-08	3.9535e-08	4.2325e-08	4.4878e-08	4.7039e-08	4.8809e-08	5.0131e-08	5.0924e-08	5.1086e-08	5.0541e-08	4.9315e-08	4.7509e-08	4.5204e-08	4.2501e-08	3.9551e-08	3.6487e-08	3.3342e-08	3.0083e-08	2.6642e-08	2.2897e-08	1.8861e-08	1.4734e-08	1.0711e-08	6.787e-09	2.7232e-09	-1.738e-09	-6.5843e-09	-1.1532e-08	-1.6243e-08	-2.0423e-08	-2.3702e-08	-2.5725e-08	-2.6451e-08	-2.6267e-08	-2.5625e-08	-2.4924e-08	-2.4361e-08	-2.3949e-08	-2.364e-08	-2.3381e-08	-2.3188e-08	-2.3133e-08	-2.3264e-08	-2.3638e-08	-2.4151e-08	-2.4739e-08	-2.5385e-08	-2.6132e-08	-2.6854e-08	-2.7231e-08	-2.7166e-08	-2.6886e-08	-2.6743e-08	-2.6884e-08	-2.7065e-08	-2.7007e-08	-2.6702e-08	-2.6317e-08	-2.5927e-08	-2.5505e-08	-2.4927e-08	-2.4293e-08	-2.3734e-08	-2.3234e-08	-2.2765e-08	-2.2545e-08	-2.2516e-08	-2.25e-08	-2.2528e-08	-2.2877e-08	-2.3731e-08	-2.4888e-08	-2.5815e-08	-2.6181e-08	-2.6048e-08	-2.5843e-08	-2.5889e-08	-2.6118e-08	-2.6238e-08	-2.6018e-08	-2.5442e-08	-2.4604e-08	-2.3736e-08	-2.3051e-08	-2.2574e-08	-2.2341e-08	-2.223e-08	-2.2046e-08	-2.1764e-08	-2.1574e-08	-2.1569e-08	-2.1638e-08	-2.1604e-08	-2.1406e-08	-2.1194e-08	-2.1124e-08	-2.1144e-08	-2.1165e-08	-2.1383e-08	-2.1851e-08	-2.245e-08	-2.2918e-08	-2.293e-08	-2.2469e-08	-2.1785e-08	-2.115e-08	-2.0704e-08	-2.0632e-08	-2.0653e-08	-2.0442e-08	-1.9992e-08	-1.9519e-08	-1.9319e-08	-1.9461e-08	-1.9772e-08	-2.0062e-08	-2.0217e-08	-2.0132e-08	-1.9714e-08	-1.9088e-08	-1.8606e-08	-1.8302e-08	-1.797e-08
-2.8223e-08	-2.8927e-08	-2.9694e-08	-3.037e-08	-3.0879e-08	-3.1257e-08	-3.1624e-08	-3.2068e-08	-3.2425e-08	-3.2528e-08	-3.2359e-08	-3.2075e-08	-3.1733e-08	-3.1179e-08	-3.0367e-08	-2.9397e-08	-2.8488e-08	-2.786e-08	-2.7355e-08	-2.6821e-08	-2.6316e-08	-2.5925e-08	-2.5662e-08	-2.5522e-08	-2.5516e-08	-2.5821e-08	-2.6589e-08	-2.7573e-08	-2.8536e-08	-2.9591e-08	-3.0774e-08	-3.1769e-08	-3.2313e-08	-3.2198e-08	-3.1376e-08	-2.9852e-08	-2.7585e-08	-2.4558e-08	-2.1099e-08	-1.7575e-08	-1.4165e-08	-1.0955e-08	-7.8638e-09	-4.801e-09	-1.794e-09	1.2235e-09	4.4167e-09	7.7295e-09	1.098e-08	1.4138e-08	1.7298e-08	2.0516e-08	2.3758e-08	2.6921e-08	2.9846e-08	3.2363e-08	3.4571e-08	3.6844e-08	3.9398e-08	4.2024e-08	4.4434e-08	4.6512e-08	4.8264e-08	4.959e-08	5.0399e-08	5.0613e-08	5.0145e-08	4.8982e-08	4.7229e-08	4.4974e-08	4.2316e-08	3.9408e-08	3.6384e-08	3.3278e-08	3.0051e-08	2.6642e-08	2.2929e-08	1.8912e-08	1.4792e-08	1.0769e-08	6.8357e-09	2.7414e-09	-1.7694e-09	-6.6654e-09	-1.1626e-08	-1.6298e-08	-2.0426e-08	-2.3672e-08	-2.5698e-08	-2.6454e-08	-2.6301e-08	-2.5668e-08	-2.4943e-08	-2.4349e-08	-2.3925e-08	-2.362e-08	-2.3366e-08	-2.3168e-08	-2.3088e-08	-2.3209e-08	-2.3635e-08	-2.4238e-08	-2.4916e-08	-2.5633e-08	-2.6454e-08	-2.7252e-08	-2.7688e-08	-2.7656e-08	-2.7397e-08	-2.7295e-08	-2.7509e-08	-2.7774e-08	-2.7759e-08	-2.7435e-08	-2.6989e-08	-2.6521e-08	-2.6016e-08	-2.5332e-08	-2.4575e-08	-2.3926e-08	-2.3403e-08	-2.2916e-08	-2.2661e-08	-2.2612e-08	-2.2601e-08	-2.2625e-08	-2.2943e-08	-2.3772e-08	-2.4944e-08	-2.5907e-08	-2.6297e-08	-2.6148e-08	-2.5853e-08	-2.5782e-08	-2.5942e-08	-2.6072e-08	-2.5911e-08	-2.5404e-08	-2.461e-08	-2.3726e-08	-2.2967e-08	-2.2404e-08	-2.2135e-08	-2.2054e-08	-2.1935e-08	-2.1711e-08	-2.1552e-08	-2.1545e-08	-2.1599e-08	-2.1545e-08	-2.1319e-08	-2.1068e-08	-2.0946e-08	-2.0893e-08	-2.0828e-08	-2.0977e-08	-2.1404e-08	-2.2004e-08	-2.2543e-08	-2.2677e-08	-2.2335e-08	-2.1725e-08	-2.1089e-08	-2.0612e-08	-2.0559e-08	-2.0629e-08	-2.0441e-08	-1.9985e-08	-1.9502e-08	-1.9311e-08	-1.9469e-08	-1.9781e-08	-2.0043e-08	-2.0175e-08	-2.0088e-08	-1.9671e-08	-1.9038e-08	-1.8575e-08	-1.8316e-08	-1.8014e-08
-2.8649e-08	-2.9568e-08	-3.0573e-08	-3.1483e-08	-3.2187e-08	-3.27e-08	-3.3138e-08	-3.3608e-08	-3.3982e-08	-3.4101e-08	-3.3932e-08	-3.3624e-08	-3.3232e-08	-3.2578e-08	-3.1608e-08	-3.0455e-08	-2.9368e-08	-2.8582e-08	-2.7931e-08	-2.7262e-08	-2.6649e-08	-2.618e-08	-2.5854e-08	-2.5658e-08	-2.559e-08	-2.5827e-08	-2.6546e-08	-2.7498e-08	-2.8402e-08	-2.9336e-08	-3.0346e-08	-3.1141e-08	-3.1521e-08	-3.1326e-08	-3.055e-08	-2.9159e-08	-2.7056e-08	-2.4176e-08	-2.0834e-08	-1.7406e-08	-1.4065e-08	-1.0885e-08	-7.7992e-09	-4.7424e-09	-1.7499e-09	1.2577e-09	4.4389e-09	7.7367e-09	1.0985e-08	1.416e-08	1.7324e-08	2.0514e-08	2.3724e-08	2.6906e-08	2.9904e-08	3.2489e-08	3.4695e-08	3.6888e-08	3.93e-08	4.1754e-08	4.401e-08	4.5998e-08	4.7731e-08	4.9064e-08	4.9893e-08	5.0161e-08	4.9773e-08	4.8676e-08	4.6977e-08	4.4773e-08	4.2159e-08	3.929e-08	3.6306e-08	3.3236e-08	3.004e-08	2.6661e-08	2.2979e-08	1.8983e-08	1.4873e-08	1.0851e-08	6.9076e-09	2.7822e-09	-1.778e-09	-6.7231e-09	-1.1695e-08	-1.6323e-08	-2.0392e-08	-2.36e-08	-2.5622e-08	-2.6409e-08	-2.6289e-08	-2.5674e-08	-2.4933e-08	-2.431e-08	-2.3877e-08	-2.3578e-08	-2.3331e-08	-2.3129e-08	-2.3024e-08	-2.313e-08	-2.36e-08	-2.4289e-08	-2.5051e-08	-2.5833e-08	-2.6719e-08	-2.759e-08	-2.8083e-08	-2.8086e-08	-2.7848e-08	-2.7783e-08	-2.8067e-08	-2.8417e-08	-2.8452e-08	-2.8113e-08	-2.7607e-08	-2.706e-08	-2.6472e-08	-2.5684e-08	-2.4805e-08	-2.4067e-08	-2.3526e-08	-2.3032e-08	-2.2747e-08	-2.268e-08	-2.2673e-08	-2.2692e-08	-2.2976e-08	-2.3774e-08	-2.4952e-08	-2.5944e-08	-2.6359e-08	-2.6199e-08	-2.5824e-08	-2.5641e-08	-2.573e-08	-2.5864e-08	-2.5759e-08	-2.532e-08	-2.4575e-08	-2.3686e-08	-2.2861e-08	-2.2216e-08	-2.191e-08	-2.1855e-08	-2.1797e-08	-2.1629e-08	-2.15e-08	-2.1492e-08	-2.153e-08	-2.1462e-08	-2.1215e-08	-2.0932e-08	-2.0763e-08	-2.0642e-08	-2.0493e-08	-2.0572e-08	-2.0954e-08	-2.1547e-08	-2.2147e-08	-2.2393e-08	-2.2169e-08	-2.1637e-08	-2.1006e-08	-2.0503e-08	-2.047e-08	-2.0587e-08	-2.0424e-08	-1.9963e-08	-1.9475e-08	-1.929e-08	-1.9461e-08	-1.9771e-08	-2.0005e-08	-2.0115e-08	-2.0028e-08	-1.9614e-08	-1.8977e-08	-1.8533e-08	-1.832e-08	-1.8053e-08
-2.9065e-08	-3.0197e-08	-3.1441e-08	-3.259e-08	-3.3497e-08	-3.4155e-08	-3.4669e-08	-3.5165e-08	-3.5552e-08	-3.5683e-08	-3.5511e-08	-3.5178e-08	-3.4736e-08	-3.3983e-08	-3.2856e-08	-3.1519e-08	-3.0256e-08	-2.9312e-08	-2.8514e-08	-2.7709e-08	-2.6987e-08	-2.6438e-08	-2.6049e-08	-2.5796e-08	-2.5667e-08	-2.5834e-08	-2.65e-08	-2.7419e-08	-2.8269e-08	-2.9088e-08	-2.9926e-08	-3.0517e-08	-3.0723e-08	-3.0433e-08	-2.9694e-08	-2.8432e-08	-2.6493e-08	-2.3761e-08	-2.0537e-08	-1.7209e-08	-1.3939e-08	-1.0792e-08	-7.7093e-09	-4.6561e-09	-1.6776e-09	1.3214e-09	4.491e-09	7.7717e-09	1.1016e-08	1.4209e-08	1.738e-08	2.0542e-08	2.3716e-08	2.691e-08	2.9979e-08	3.2639e-08	3.4856e-08	3.6979e-08	3.9252e-08	4.1528e-08	4.3622e-08	4.5514e-08	4.7226e-08	4.8567e-08	4.9415e-08	4.9736e-08	4.9431e-08	4.8403e-08	4.6757e-08	4.4603e-08	4.2032e-08	3.9201e-08	3.6253e-08	3.3218e-08	3.0048e-08	2.6696e-08	2.3044e-08	1.9073e-08	1.4975e-08	1.0955e-08	7.003e-09	2.8465e-09	-1.762e-09	-6.7544e-09	-1.1735e-08	-1.6314e-08	-2.0319e-08	-2.3482e-08	-2.5497e-08	-2.6311e-08	-2.623e-08	-2.564e-08	-2.4891e-08	-2.4243e-08	-2.3802e-08	-2.3512e-08	-2.3274e-08	-2.307e-08	-2.294e-08	-2.3025e-08	-2.3532e-08	-2.4298e-08	-2.5138e-08	-2.5976e-08	-2.6918e-08	-2.7854e-08	-2.8403e-08	-2.8441e-08	-2.8224e-08	-2.8192e-08	-2.854e-08	-2.8974e-08	-2.9064e-08	-2.8717e-08	-2.8155e-08	-2.753e-08	-2.6858e-08	-2.597e-08	-2.4972e-08	-2.4149e-08	-2.3595e-08	-2.3105e-08	-2.2801e-08	-2.2716e-08	-2.2712e-08	-2.2725e-08	-2.2972e-08	-2.3732e-08	-2.4907e-08	-2.5921e-08	-2.6358e-08	-2.6196e-08	-2.5752e-08	-2.5464e-08	-2.5481e-08	-2.5615e-08	-2.5562e-08	-2.5188e-08	-2.4496e-08	-2.3611e-08	-2.2731e-08	-2.201e-08	-2.1667e-08	-2.1635e-08	-2.1632e-08	-2.1517e-08	-2.1415e-08	-2.1405e-08	-2.143e-08	-2.1353e-08	-2.1094e-08	-2.0787e-08	-2.0578e-08	-2.0391e-08	-2.0162e-08	-2.0174e-08	-2.0509e-08	-2.1089e-08	-2.1738e-08	-2.2084e-08	-2.197e-08	-2.1519e-08	-2.0901e-08	-2.0378e-08	-2.0364e-08	-2.0526e-08	-2.0388e-08	-1.9927e-08	-1.9435e-08	-1.9256e-08	-1.9434e-08	-1.9738e-08	-1.9942e-08	-2.0032e-08	-1.9948e-08	-1.9541e-08	-1.8901e-08	-1.8472e-08	-1.8304e-08	-1.8075e-08
-2.9456e-08	-3.0797e-08	-3.2277e-08	-3.3664e-08	-3.4778e-08	-3.5585e-08	-3.6179e-08	-3.67e-08	-3.7096e-08	-3.7235e-08	-3.706e-08	-3.6701e-08	-3.6211e-08	-3.5363e-08	-3.4083e-08	-3.2566e-08	-3.113e-08	-3.0033e-08	-2.9092e-08	-2.8153e-08	-2.7322e-08	-2.6695e-08	-2.6244e-08	-2.5935e-08	-2.5745e-08	-2.584e-08	-2.6452e-08	-2.7338e-08	-2.8139e-08	-2.8853e-08	-2.9523e-08	-2.9908e-08	-2.9931e-08	-2.9532e-08	-2.8818e-08	-2.7679e-08	-2.5899e-08	-2.3313e-08	-2.0207e-08	-1.6978e-08	-1.3783e-08	-1.067e-08	-7.5889e-09	-4.5375e-09	-1.5725e-09	1.4189e-09	4.5772e-09	7.8385e-09	1.1075e-08	1.4286e-08	1.7468e-08	2.0603e-08	2.3737e-08	2.6937e-08	3.0074e-08	3.2816e-08	3.5055e-08	3.7119e-08	3.9259e-08	4.1358e-08	4.3285e-08	4.5074e-08	4.6764e-08	4.8111e-08	4.8977e-08	4.935e-08	4.9127e-08	4.8169e-08	4.6575e-08	4.4469e-08	4.1939e-08	3.9142e-08	3.6227e-08	3.3223e-08	3.0077e-08	2.6748e-08	2.3125e-08	1.918e-08	1.5099e-08	1.1083e-08	7.1217e-09	2.9346e-09	-1.7199e-09	-6.7565e-09	-1.1743e-08	-1.6269e-08	-2.0203e-08	-2.3318e-08	-2.5318e-08	-2.6159e-08	-2.6117e-08	-2.5562e-08	-2.4815e-08	-2.4148e-08	-2.3702e-08	-2.3421e-08	-2.3193e-08	-2.2989e-08	-2.2833e-08	-2.2892e-08	-2.3428e-08	-2.4263e-08	-2.517e-08	-2.6053e-08	-2.704e-08	-2.8033e-08	-2.8632e-08	-2.8706e-08	-2.8509e-08	-2.8507e-08	-2.8912e-08	-2.9427e-08	-2.9574e-08	-2.9226e-08	-2.8613e-08	-2.7915e-08	-2.716e-08	-2.6176e-08	-2.5064e-08	-2.4162e-08	-2.3604e-08	-2.3131e-08	-2.2816e-08	-2.2717e-08	-2.2714e-08	-2.2719e-08	-2.2927e-08	-2.3641e-08	-2.4803e-08	-2.5832e-08	-2.6289e-08	-2.613e-08	-2.5632e-08	-2.5249e-08	-2.5197e-08	-2.5326e-08	-2.5319e-08	-2.5005e-08	-2.4368e-08	-2.3496e-08	-2.2573e-08	-2.1787e-08	-2.141e-08	-2.1397e-08	-2.1442e-08	-2.1372e-08	-2.1294e-08	-2.1281e-08	-2.1294e-08	-2.1215e-08	-2.0954e-08	-2.0632e-08	-2.0389e-08	-2.0143e-08	-1.9839e-08	-1.9785e-08	-2.0073e-08	-2.0634e-08	-2.1321e-08	-2.1754e-08	-2.174e-08	-2.1369e-08	-2.0772e-08	-2.0237e-08	-2.0243e-08	-2.0446e-08	-2.0332e-08	-1.9875e-08	-1.9382e-08	-1.9207e-08	-1.9385e-08	-1.9676e-08	-1.985e-08	-1.9922e-08	-1.9844e-08	-1.9449e-08	-1.8808e-08	-1.8389e-08	-1.8259e-08	-1.807e-08
-2.9813e-08	-3.1353e-08	-3.3058e-08	-3.4677e-08	-3.5996e-08	-3.6953e-08	-3.7628e-08	-3.8173e-08	-3.8575e-08	-3.872e-08	-3.854e-08	-3.8157e-08	-3.7622e-08	-3.6685e-08	-3.5259e-08	-3.3569e-08	-3.197e-08	-3.0729e-08	-2.965e-08	-2.8583e-08	-2.7647e-08	-2.6946e-08	-2.6435e-08	-2.6072e-08	-2.5822e-08	-2.5846e-08	-2.6402e-08	-2.7256e-08	-2.8015e-08	-2.8633e-08	-2.9145e-08	-2.9325e-08	-2.916e-08	-2.8638e-08	-2.7935e-08	-2.6908e-08	-2.5279e-08	-2.2833e-08	-1.9842e-08	-1.6711e-08	-1.3592e-08	-1.0513e-08	-7.4332e-09	-4.3821e-09	-1.4303e-09	1.5542e-09	4.7013e-09	7.9412e-09	1.1167e-08	1.4396e-08	1.7591e-08	2.07e-08	2.3792e-08	2.699e-08	3.0192e-08	3.3018e-08	3.5291e-08	3.7311e-08	3.9328e-08	4.1256e-08	4.3015e-08	4.4697e-08	4.6358e-08	4.771e-08	4.8591e-08	4.9011e-08	4.8868e-08	4.7978e-08	4.6435e-08	4.4375e-08	4.1882e-08	3.9115e-08	3.623e-08	3.3252e-08	3.0127e-08	2.6816e-08	2.322e-08	1.9303e-08	1.5242e-08	1.1233e-08	7.2636e-09	3.0469e-09	-1.6505e-09	-6.7267e-09	-1.1715e-08	-1.6184e-08	-2.0044e-08	-2.3104e-08	-2.5085e-08	-2.5948e-08	-2.5949e-08	-2.5437e-08	-2.4702e-08	-2.4023e-08	-2.3573e-08	-2.3304e-08	-2.3087e-08	-2.2882e-08	-2.2701e-08	-2.2732e-08	-2.3286e-08	-2.4177e-08	-2.5142e-08	-2.6057e-08	-2.7076e-08	-2.8114e-08	-2.8757e-08	-2.8866e-08	-2.8689e-08	-2.8712e-08	-2.9166e-08	-2.9756e-08	-2.9964e-08	-2.9622e-08	-2.8965e-08	-2.8197e-08	-2.7363e-08	-2.6287e-08	-2.5071e-08	-2.4096e-08	-2.3543e-08	-2.31e-08	-2.2787e-08	-2.2679e-08	-2.2675e-08	-2.267e-08	-2.2835e-08	-2.3498e-08	-2.4635e-08	-2.5669e-08	-2.6143e-08	-2.5995e-08	-2.5456e-08	-2.4992e-08	-2.4877e-08	-2.4998e-08	-2.5031e-08	-2.4771e-08	-2.4187e-08	-2.3338e-08	-2.2386e-08	-2.1546e-08	-2.114e-08	-2.1142e-08	-2.1227e-08	-2.1194e-08	-2.1134e-08	-2.1116e-08	-2.1119e-08	-2.1044e-08	-2.0791e-08	-2.0466e-08	-2.0196e-08	-1.9897e-08	-1.9527e-08	-1.9413e-08	-1.9654e-08	-2.0191e-08	-2.0901e-08	-2.1403e-08	-2.1477e-08	-2.1183e-08	-2.0618e-08	-2.0088e-08	-2.011e-08	-2.0341e-08	-2.0249e-08	-1.9805e-08	-1.9321e-08	-1.9149e-08	-1.9314e-08	-1.958e-08	-1.9724e-08	-1.9781e-08	-1.9709e-08	-1.933e-08	-1.8699e-08	-1.8285e-08	-1.8178e-08	-1.8023e-08
-3.0123e-08	-3.1848e-08	-3.3766e-08	-3.5605e-08	-3.7121e-08	-3.8223e-08	-3.898e-08	-3.9547e-08	-3.9951e-08	-4.0098e-08	-3.9915e-08	-3.9509e-08	-3.8933e-08	-3.7915e-08	-3.6355e-08	-3.4503e-08	-3.2753e-08	-3.1379e-08	-3.0174e-08	-2.8987e-08	-2.7953e-08	-2.7183e-08	-2.6618e-08	-2.6205e-08	-2.5897e-08	-2.5852e-08	-2.6352e-08	-2.7174e-08	-2.7898e-08	-2.8432e-08	-2.8797e-08	-2.8778e-08	-2.8423e-08	-2.7765e-08	-2.7058e-08	-2.6128e-08	-2.4638e-08	-2.2323e-08	-1.9441e-08	-1.6405e-08	-1.336e-08	-1.0316e-08	-7.237e-09	-4.185e-09	-1.2464e-09	1.7317e-09	4.8672e-09	8.0836e-09	1.1296e-08	1.4541e-08	1.7749e-08	2.0836e-08	2.3882e-08	2.7074e-08	3.0334e-08	3.3247e-08	3.5564e-08	3.7556e-08	3.9466e-08	4.1234e-08	4.2827e-08	4.4399e-08	4.6026e-08	4.7377e-08	4.8268e-08	4.873e-08	4.8662e-08	4.7837e-08	4.6342e-08	4.4324e-08	4.1863e-08	3.9124e-08	3.6263e-08	3.3308e-08	3.0198e-08	2.69e-08	2.3327e-08	1.9441e-08	1.5405e-08	1.1405e-08	7.4281e-09	3.1833e-09	-1.5528e-09	-6.6625e-09	-1.1648e-08	-1.6056e-08	-1.9837e-08	-2.2837e-08	-2.4793e-08	-2.5675e-08	-2.572e-08	-2.5259e-08	-2.4548e-08	-2.3866e-08	-2.3416e-08	-2.3159e-08	-2.2953e-08	-2.2748e-08	-2.2543e-08	-2.2546e-08	-2.3107e-08	-2.404e-08	-2.5046e-08	-2.5981e-08	-2.7017e-08	-2.8079e-08	-2.8756e-08	-2.8902e-08	-2.8752e-08	-2.8798e-08	-2.9288e-08	-2.9937e-08	-3.0202e-08	-2.9877e-08	-2.9189e-08	-2.836e-08	-2.7447e-08	-2.6287e-08	-2.4984e-08	-2.3953e-08	-2.3408e-08	-2.3009e-08	-2.2715e-08	-2.2602e-08	-2.2591e-08	-2.2576e-08	-2.2704e-08	-2.331e-08	-2.4396e-08	-2.5412e-08	-2.5897e-08	-2.5771e-08	-2.5222e-08	-2.4703e-08	-2.453e-08	-2.4632e-08	-2.4687e-08	-2.4471e-08	-2.394e-08	-2.3125e-08	-2.2169e-08	-2.1304e-08	-2.0875e-08	-2.0877e-08	-2.0985e-08	-2.0982e-08	-2.0933e-08	-2.0906e-08	-2.0898e-08	-2.0832e-08	-2.0603e-08	-2.029e-08	-1.9999e-08	-1.9653e-08	-1.9238e-08	-1.9072e-08	-1.9266e-08	-1.9774e-08	-2.0483e-08	-2.103e-08	-2.1176e-08	-2.0955e-08	-2.0438e-08	-1.9941e-08	-1.9971e-08	-2.0208e-08	-2.0134e-08	-1.9715e-08	-1.9254e-08	-1.9082e-08	-1.9219e-08	-1.9446e-08	-1.9561e-08	-1.9607e-08	-1.9541e-08	-1.9184e-08	-1.8574e-08	-1.8161e-08	-1.8058e-08	-1.7931e-08
-3.0376e-08	-3.2269e-08	-3.438e-08	-3.6422e-08	-3.8121e-08	-3.9361e-08	-4.0196e-08	-4.0781e-08	-4.1184e-08	-4.1333e-08	-4.1147e-08	-4.0721e-08	-4.0108e-08	-3.902e-08	-3.7341e-08	-3.5343e-08	-3.3459e-08	-3.1967e-08	-3.065e-08	-2.9355e-08	-2.8233e-08	-2.7402e-08	-2.6789e-08	-2.633e-08	-2.5968e-08	-2.5855e-08	-2.6301e-08	-2.7095e-08	-2.7792e-08	-2.8255e-08	-2.8484e-08	-2.8276e-08	-2.7732e-08	-2.693e-08	-2.6199e-08	-2.5346e-08	-2.3975e-08	-2.178e-08	-1.9001e-08	-1.6056e-08	-1.3083e-08	-1.0074e-08	-6.9955e-09	-3.9432e-09	-1.0156e-09	1.9573e-09	5.0799e-09	8.2699e-09	1.1466e-08	1.4723e-08	1.7943e-08	2.101e-08	2.4017e-08	2.7195e-08	3.0498e-08	3.3491e-08	3.5869e-08	3.7854e-08	3.9674e-08	4.1297e-08	4.2737e-08	4.42e-08	4.5776e-08	4.7114e-08	4.8011e-08	4.8504e-08	4.8497e-08	4.7735e-08	4.6287e-08	4.4307e-08	4.1879e-08	3.9166e-08	3.6324e-08	3.3385e-08	3.0284e-08	2.6991e-08	2.3435e-08	1.9587e-08	1.5587e-08	1.1599e-08	7.6049e-09	3.3264e-09	-1.4383e-09	-6.5549e-09	-1.1514e-08	-1.5857e-08	-1.955e-08	-2.248e-08	-2.4405e-08	-2.531e-08	-2.5411e-08	-2.5016e-08	-2.4352e-08	-2.3685e-08	-2.3236e-08	-2.2987e-08	-2.2789e-08	-2.2583e-08	-2.2363e-08	-2.2347e-08	-2.2899e-08	-2.3847e-08	-2.4875e-08	-2.582e-08	-2.6853e-08	-2.7913e-08	-2.8609e-08	-2.8796e-08	-2.8686e-08	-2.8756e-08	-2.9262e-08	-2.9946e-08	-3.0263e-08	-2.9968e-08	-2.9266e-08	-2.8385e-08	-2.7396e-08	-2.6162e-08	-2.4794e-08	-2.3725e-08	-2.3192e-08	-2.2849e-08	-2.259e-08	-2.2479e-08	-2.246e-08	-2.2431e-08	-2.2524e-08	-2.3067e-08	-2.4085e-08	-2.5067e-08	-2.5557e-08	-2.5458e-08	-2.4919e-08	-2.437e-08	-2.4152e-08	-2.4231e-08	-2.4299e-08	-2.4115e-08	-2.363e-08	-2.2856e-08	-2.1914e-08	-2.1047e-08	-2.0604e-08	-2.0603e-08	-2.0722e-08	-2.0736e-08	-2.069e-08	-2.0652e-08	-2.0637e-08	-2.0586e-08	-2.0392e-08	-2.0101e-08	-1.9797e-08	-1.9414e-08	-1.8964e-08	-1.8753e-08	-1.8904e-08	-1.9381e-08	-2.0079e-08	-2.0652e-08	-2.0854e-08	-2.0695e-08	-2.0234e-08	-1.9781e-08	-1.9821e-08	-2.0057e-08	-1.9999e-08	-1.9609e-08	-1.9176e-08	-1.9002e-08	-1.9101e-08	-1.9283e-08	-1.9369e-08	-1.9406e-08	-1.935e-08	-1.9019e-08	-1.8432e-08	-1.8014e-08	-1.7906e-08	-1.7802e-08
-3.0575e-08	-3.2607e-08	-3.488e-08	-3.7094e-08	-3.8954e-08	-4.032e-08	-4.1229e-08	-4.1831e-08	-4.2229e-08	-4.2375e-08	-4.219e-08	-4.1749e-08	-4.1096e-08	-3.9946e-08	-3.8174e-08	-3.6065e-08	-3.4076e-08	-3.2479e-08	-3.1063e-08	-2.9682e-08	-2.8489e-08	-2.7604e-08	-2.6948e-08	-2.6447e-08	-2.6041e-08	-2.5877e-08	-2.6263e-08	-2.7016e-08	-2.7687e-08	-2.8093e-08	-2.8197e-08	-2.7819e-08	-2.7095e-08	-2.6154e-08	-2.5373e-08	-2.4558e-08	-2.3276e-08	-2.1193e-08	-1.8519e-08	-1.566e-08	-1.2754e-08	-9.777e-09	-6.7041e-09	-3.6542e-09	-7.3198e-10	2.2371e-09	5.3431e-09	8.5047e-09	1.1684e-08	1.4945e-08	1.8172e-08	2.1226e-08	2.42e-08	2.736e-08	3.0687e-08	3.375e-08	3.62e-08	3.82e-08	3.9954e-08	4.1457e-08	4.2763e-08	4.4118e-08	4.5628e-08	4.6942e-08	4.7837e-08	4.8351e-08	4.8391e-08	4.7687e-08	4.6284e-08	4.4337e-08	4.1938e-08	3.9246e-08	3.6419e-08	3.3488e-08	3.0392e-08	2.7095e-08	2.3553e-08	1.9744e-08	1.5785e-08	1.1812e-08	7.8006e-09	3.4918e-09	-1.2927e-09	-6.4039e-09	-1.1328e-08	-1.5605e-08	-1.9212e-08	-2.2069e-08	-2.396e-08	-2.4881e-08	-2.5036e-08	-2.4713e-08	-2.4109e-08	-2.3468e-08	-2.3026e-08	-2.2784e-08	-2.2594e-08	-2.2385e-08	-2.2151e-08	-2.2118e-08	-2.265e-08	-2.3595e-08	-2.4626e-08	-2.5564e-08	-2.6576e-08	-2.7615e-08	-2.832e-08	-2.8544e-08	-2.8472e-08	-2.8561e-08	-2.9073e-08	-2.9779e-08	-3.0142e-08	-2.9886e-08	-2.9182e-08	-2.8262e-08	-2.7206e-08	-2.5908e-08	-2.449e-08	-2.34e-08	-2.289e-08	-2.2614e-08	-2.2408e-08	-2.231e-08	-2.228e-08	-2.2235e-08	-2.229e-08	-2.2766e-08	-2.3706e-08	-2.4643e-08	-2.5132e-08	-2.5063e-08	-2.4549e-08	-2.3993e-08	-2.3744e-08	-2.3801e-08	-2.3872e-08	-2.3712e-08	-2.3265e-08	-2.2537e-08	-2.1627e-08	-2.0775e-08	-2.033e-08	-2.0322e-08	-2.0444e-08	-2.0463e-08	-2.0411e-08	-2.0359e-08	-2.034e-08	-2.0311e-08	-2.016e-08	-1.9902e-08	-1.9595e-08	-1.9183e-08	-1.8707e-08	-1.8458e-08	-1.8568e-08	-1.9014e-08	-1.9693e-08	-2.0276e-08	-2.0518e-08	-2.0411e-08	-2.001e-08	-1.9612e-08	-1.9663e-08	-1.9895e-08	-1.9848e-08	-1.949e-08	-1.9087e-08	-1.891e-08	-1.8967e-08	-1.9095e-08	-1.9152e-08	-1.9183e-08	-1.9141e-08	-1.8838e-08	-1.8277e-08	-1.785e-08	-1.7729e-08	-1.7644e-08
-3.0708e-08	-3.2847e-08	-3.5249e-08	-3.7601e-08	-3.9594e-08	-4.1067e-08	-4.2043e-08	-4.2661e-08	-4.3051e-08	-4.3192e-08	-4.301e-08	-4.2558e-08	-4.1871e-08	-4.067e-08	-3.883e-08	-3.664e-08	-3.4572e-08	-3.289e-08	-3.1396e-08	-2.995e-08	-2.8704e-08	-2.7776e-08	-2.7086e-08	-2.6551e-08	-2.6106e-08	-2.5895e-08	-2.6226e-08	-2.694e-08	-2.7593e-08	-2.7955e-08	-2.7954e-08	-2.7426e-08	-2.6535e-08	-2.5453e-08	-2.46e-08	-2.3794e-08	-2.2573e-08	-2.0582e-08	-1.7998e-08	-1.5216e-08	-1.2369e-08	-9.4223e-09	-6.357e-09	-3.31e-09	-3.9196e-10	2.5711e-09	5.6588e-09	8.7921e-09	1.1952e-08	1.5212e-08	1.8442e-08	2.1485e-08	2.4432e-08	2.7571e-08	3.0913e-08	3.4038e-08	3.6565e-08	3.8597e-08	4.0311e-08	4.1723e-08	4.2917e-08	4.4169e-08	4.5602e-08	4.6879e-08	4.7766e-08	4.8289e-08	4.8362e-08	4.7706e-08	4.6342e-08	4.4423e-08	4.2045e-08	3.9368e-08	3.6548e-08	3.362e-08	3.0521e-08	2.7216e-08	2.3681e-08	1.9912e-08	1.5998e-08	1.2043e-08	8.0156e-09	3.6808e-09	-1.1147e-09	-6.2088e-09	-1.1089e-08	-1.5298e-08	-1.8819e-08	-2.1603e-08	-2.3458e-08	-2.4389e-08	-2.4596e-08	-2.4349e-08	-2.3816e-08	-2.3215e-08	-2.2785e-08	-2.2552e-08	-2.2368e-08	-2.2154e-08	-2.1909e-08	-2.1859e-08	-2.2362e-08	-2.3287e-08	-2.4303e-08	-2.5219e-08	-2.6192e-08	-2.7193e-08	-2.7894e-08	-2.8149e-08	-2.8116e-08	-2.8221e-08	-2.8729e-08	-2.9446e-08	-2.9851e-08	-2.9639e-08	-2.8947e-08	-2.8e-08	-2.6888e-08	-2.5535e-08	-2.4083e-08	-2.2987e-08	-2.2511e-08	-2.2314e-08	-2.2175e-08	-2.21e-08	-2.2061e-08	-2.1994e-08	-2.201e-08	-2.2415e-08	-2.327e-08	-2.4153e-08	-2.4637e-08	-2.4597e-08	-2.4123e-08	-2.3578e-08	-2.3312e-08	-2.335e-08	-2.3417e-08	-2.3271e-08	-2.2858e-08	-2.2178e-08	-2.1314e-08	-2.0493e-08	-2.0055e-08	-2.0041e-08	-2.0158e-08	-2.0174e-08	-2.0108e-08	-2.0039e-08	-2.0017e-08	-2.0014e-08	-1.9914e-08	-1.9697e-08	-1.9394e-08	-1.8963e-08	-1.8468e-08	-1.8188e-08	-1.8261e-08	-1.8676e-08	-1.9329e-08	-1.9908e-08	-2.0175e-08	-2.0111e-08	-1.9772e-08	-1.9436e-08	-1.9501e-08	-1.9724e-08	-1.9686e-08	-1.9361e-08	-1.8991e-08	-1.8811e-08	-1.8821e-08	-1.8891e-08	-1.8917e-08	-1.8945e-08	-1.8918e-08	-1.8646e-08	-1.8112e-08	-1.7675e-08	-1.7533e-08	-1.7462e-08
-3.076e-08	-3.2975e-08	-3.5471e-08	-3.7926e-08	-4.002e-08	-4.1577e-08	-4.2605e-08	-4.3233e-08	-4.3615e-08	-4.3751e-08	-4.3573e-08	-4.3114e-08	-4.2399e-08	-4.1163e-08	-3.928e-08	-3.7039e-08	-3.4919e-08	-3.3178e-08	-3.1633e-08	-3.0146e-08	-2.8866e-08	-2.791e-08	-2.7197e-08	-2.6636e-08	-2.616e-08	-2.5908e-08	-2.6189e-08	-2.687e-08	-2.7512e-08	-2.7843e-08	-2.7759e-08	-2.7105e-08	-2.6062e-08	-2.484e-08	-2.3894e-08	-2.3066e-08	-2.1876e-08	-1.9951e-08	-1.7441e-08	-1.4721e-08	-1.1923e-08	-9.0049e-09	-5.9492e-09	-2.9061e-09	8.5379e-12	2.9632e-09	6.0306e-09	9.1356e-09	1.2275e-08	1.5525e-08	1.8754e-08	2.179e-08	2.4716e-08	2.7831e-08	3.1178e-08	3.4356e-08	3.6964e-08	3.9045e-08	4.0748e-08	4.2104e-08	4.3211e-08	4.4365e-08	4.5712e-08	4.6939e-08	4.7805e-08	4.8325e-08	4.8415e-08	4.7797e-08	4.6464e-08	4.4565e-08	4.2202e-08	3.9532e-08	3.6713e-08	3.378e-08	3.0672e-08	2.7351e-08	2.3819e-08	2.0088e-08	1.6223e-08	1.2289e-08	8.2473e-09	3.8904e-09	-9.0833e-10	-5.9747e-09	-1.0803e-08	-1.4943e-08	-1.838e-08	-2.109e-08	-2.2908e-08	-2.3843e-08	-2.4099e-08	-2.393e-08	-2.3479e-08	-2.293e-08	-2.2519e-08	-2.2295e-08	-2.2118e-08	-2.1898e-08	-2.1643e-08	-2.1577e-08	-2.2043e-08	-2.2932e-08	-2.3918e-08	-2.4799e-08	-2.5717e-08	-2.6665e-08	-2.7349e-08	-2.7632e-08	-2.7637e-08	-2.7755e-08	-2.8252e-08	-2.8971e-08	-2.9413e-08	-2.925e-08	-2.8581e-08	-2.7621e-08	-2.6463e-08	-2.5065e-08	-2.3592e-08	-2.2504e-08	-2.207e-08	-2.1959e-08	-2.1899e-08	-2.1857e-08	-2.181e-08	-2.1719e-08	-2.1694e-08	-2.2027e-08	-2.279e-08	-2.3612e-08	-2.4084e-08	-2.4075e-08	-2.3648e-08	-2.3131e-08	-2.2862e-08	-2.2883e-08	-2.2942e-08	-2.2804e-08	-2.2419e-08	-2.1789e-08	-2.0981e-08	-2.0206e-08	-1.9784e-08	-1.9764e-08	-1.987e-08	-1.9875e-08	-1.979e-08	-1.9702e-08	-1.9677e-08	-1.9703e-08	-1.9658e-08	-1.949e-08	-1.9198e-08	-1.8755e-08	-1.8249e-08	-1.7944e-08	-1.7984e-08	-1.8368e-08	-1.899e-08	-1.9554e-08	-1.9833e-08	-1.9803e-08	-1.9525e-08	-1.9257e-08	-1.9339e-08	-1.9551e-08	-1.9519e-08	-1.9226e-08	-1.8889e-08	-1.8707e-08	-1.8669e-08	-1.8676e-08	-1.8669e-08	-1.8695e-08	-1.8685e-08	-1.8447e-08	-1.7942e-08	-1.7492e-08	-1.7325e-08	-1.7263e-08
-3.0721e-08	-3.2978e-08	-3.553e-08	-3.8046e-08	-4.0203e-08	-4.1815e-08	-4.2878e-08	-4.351e-08	-4.3881e-08	-4.4011e-08	-4.384e-08	-4.338e-08	-4.2645e-08	-4.1391e-08	-3.9492e-08	-3.7234e-08	-3.5094e-08	-3.3325e-08	-3.1757e-08	-3.0257e-08	-2.8966e-08	-2.7999e-08	-2.7276e-08	-2.6699e-08	-2.62e-08	-2.5915e-08	-2.6152e-08	-2.6805e-08	-2.7444e-08	-2.7761e-08	-2.7616e-08	-2.6863e-08	-2.5686e-08	-2.4328e-08	-2.3269e-08	-2.2384e-08	-2.119e-08	-1.9305e-08	-1.6848e-08	-1.4176e-08	-1.1418e-08	-8.5241e-09	-5.48e-09	-2.4422e-09	4.6918e-10	3.4129e-09	6.4576e-09	9.5339e-09	1.2649e-08	1.5885e-08	1.9106e-08	2.2137e-08	2.5047e-08	2.8139e-08	3.148e-08	3.4702e-08	3.7391e-08	3.9537e-08	4.1257e-08	4.2587e-08	4.3633e-08	4.4698e-08	4.595e-08	4.7114e-08	4.795e-08	4.8453e-08	4.8546e-08	4.7955e-08	4.6646e-08	4.4759e-08	4.2403e-08	3.9734e-08	3.6908e-08	3.3965e-08	3.0841e-08	2.7499e-08	2.3963e-08	2.0269e-08	1.6454e-08	1.2544e-08	8.4914e-09	4.1158e-09	-6.7996e-10	-5.7103e-09	-1.048e-08	-1.4551e-08	-1.7905e-08	-2.0543e-08	-2.232e-08	-2.3254e-08	-2.3555e-08	-2.3467e-08	-2.3105e-08	-2.2619e-08	-2.2233e-08	-2.2019e-08	-2.1848e-08	-2.1622e-08	-2.1358e-08	-2.1278e-08	-2.1702e-08	-2.2544e-08	-2.3485e-08	-2.4318e-08	-2.517e-08	-2.6051e-08	-2.6708e-08	-2.7011e-08	-2.7053e-08	-2.7184e-08	-2.7666e-08	-2.8376e-08	-2.885e-08	-2.874e-08	-2.8105e-08	-2.7143e-08	-2.5951e-08	-2.4519e-08	-2.3036e-08	-2.1967e-08	-2.1581e-08	-2.1562e-08	-2.1591e-08	-2.1589e-08	-2.1537e-08	-2.142e-08	-2.1353e-08	-2.1612e-08	-2.2281e-08	-2.3033e-08	-2.3489e-08	-2.3508e-08	-2.3137e-08	-2.2661e-08	-2.24e-08	-2.2409e-08	-2.2457e-08	-2.2319e-08	-2.1958e-08	-2.138e-08	-2.0636e-08	-1.9919e-08	-1.952e-08	-1.9495e-08	-1.9587e-08	-1.9575e-08	-1.9465e-08	-1.9356e-08	-1.9329e-08	-1.9385e-08	-1.9399e-08	-1.9284e-08	-1.9012e-08	-1.8563e-08	-1.8051e-08	-1.7728e-08	-1.7739e-08	-1.8093e-08	-1.8678e-08	-1.9218e-08	-1.9497e-08	-1.9494e-08	-1.9276e-08	-1.9077e-08	-1.918e-08	-1.938e-08	-1.935e-08	-1.9087e-08	-1.8786e-08	-1.8602e-08	-1.8515e-08	-1.8457e-08	-1.8415e-08	-1.8439e-08	-1.8449e-08	-1.8246e-08	-1.777e-08	-1.7309e-08	-1.7111e-08	-1.7053e-08
-3.0585e-08	-3.2847e-08	-3.5412e-08	-3.7946e-08	-4.0123e-08	-4.1756e-08	-4.2832e-08	-4.3459e-08	-4.3816e-08	-4.3942e-08	-4.3782e-08	-4.3328e-08	-4.2585e-08	-4.1331e-08	-3.9447e-08	-3.7209e-08	-3.5084e-08	-3.3318e-08	-3.1759e-08	-3.0277e-08	-2.8999e-08	-2.804e-08	-2.7321e-08	-2.674e-08	-2.6226e-08	-2.5915e-08	-2.6114e-08	-2.6747e-08	-2.7391e-08	-2.7706e-08	-2.7524e-08	-2.6697e-08	-2.5406e-08	-2.3918e-08	-2.2728e-08	-2.1754e-08	-2.0525e-08	-1.8652e-08	-1.623e-08	-1.3591e-08	-1.0862e-08	-7.9884e-09	-4.9572e-09	-1.9261e-09	9.8183e-10	3.9124e-09	6.9324e-09	9.9793e-09	1.3069e-08	1.6283e-08	1.9493e-08	2.2519e-08	2.5419e-08	2.8486e-08	3.1814e-08	3.507e-08	3.784e-08	4.0062e-08	4.1822e-08	4.3156e-08	4.4164e-08	4.5151e-08	4.6302e-08	4.7392e-08	4.8187e-08	4.8664e-08	4.8747e-08	4.8171e-08	4.688e-08	4.4999e-08	4.2644e-08	3.9969e-08	3.713e-08	3.417e-08	3.1025e-08	2.7656e-08	2.4112e-08	2.0451e-08	1.6687e-08	1.2805e-08	8.743e-09	4.3517e-09	-4.3628e-10	-5.4246e-09	-1.0131e-08	-1.4133e-08	-1.7406e-08	-1.9972e-08	-2.1707e-08	-2.2635e-08	-2.2977e-08	-2.2969e-08	-2.2702e-08	-2.2289e-08	-2.1933e-08	-2.1731e-08	-2.1566e-08	-2.1333e-08	-2.1063e-08	-2.0969e-08	-2.1348e-08	-2.2132e-08	-2.3019e-08	-2.3794e-08	-2.4569e-08	-2.5372e-08	-2.5991e-08	-2.6307e-08	-2.6385e-08	-2.6528e-08	-2.6992e-08	-2.7687e-08	-2.8187e-08	-2.813e-08	-2.7538e-08	-2.6588e-08	-2.5374e-08	-2.3917e-08	-2.2434e-08	-2.1391e-08	-2.106e-08	-2.1136e-08	-2.1259e-08	-2.1306e-08	-2.125e-08	-2.1107e-08	-2.0997e-08	-2.1182e-08	-2.1754e-08	-2.2432e-08	-2.2866e-08	-2.2911e-08	-2.2599e-08	-2.2176e-08	-2.1934e-08	-2.1935e-08	-2.1969e-08	-2.1828e-08	-2.1487e-08	-2.096e-08	-2.0287e-08	-1.9636e-08	-1.9269e-08	-1.924e-08	-1.9315e-08	-1.9282e-08	-1.9145e-08	-1.9011e-08	-1.8982e-08	-1.9068e-08	-1.9141e-08	-1.9085e-08	-1.8837e-08	-1.839e-08	-1.7878e-08	-1.7542e-08	-1.7528e-08	-1.7852e-08	-1.8399e-08	-1.8906e-08	-1.9176e-08	-1.9191e-08	-1.9029e-08	-1.8901e-08	-1.9027e-08	-1.9215e-08	-1.9184e-08	-1.895e-08	-1.8682e-08	-1.8499e-08	-1.8363e-08	-1.8238e-08	-1.816e-08	-1.8183e-08	-1.8215e-08	-1.8046e-08	-1.7601e-08	-1.7128e-08	-1.6897e-08	-1.684e-08
-3.0358e-08	-3.2588e-08	-3.5127e-08	-3.7634e-08	-3.9791e-08	-4.1412e-08	-4.248e-08	-4.3094e-08	-4.3436e-08	-4.356e-08	-4.3415e-08	-4.2976e-08	-4.2236e-08	-4.1e-08	-3.9158e-08	-3.6975e-08	-3.4898e-08	-3.3167e-08	-3.1647e-08	-3.0208e-08	-2.8967e-08	-2.8033e-08	-2.7332e-08	-2.6758e-08	-2.6238e-08	-2.5909e-08	-2.6078e-08	-2.6694e-08	-2.7349e-08	-2.7676e-08	-2.7475e-08	-2.6598e-08	-2.5214e-08	-2.3602e-08	-2.227e-08	-2.1181e-08	-1.9888e-08	-1.8004e-08	-1.5596e-08	-1.2977e-08	-1.0267e-08	-7.41e-09	-4.3922e-09	-1.3689e-09	1.5355e-09	4.4514e-09	7.4453e-09	1.0462e-08	1.3525e-08	1.6713e-08	1.9906e-08	2.2928e-08	2.5821e-08	2.8865e-08	3.2173e-08	3.5454e-08	3.8302e-08	4.061e-08	4.243e-08	4.3793e-08	4.4787e-08	4.5705e-08	4.6754e-08	4.776e-08	4.8506e-08	4.8946e-08	4.9007e-08	4.8437e-08	4.7157e-08	4.5277e-08	4.2917e-08	4.0232e-08	3.7374e-08	3.4391e-08	3.1221e-08	2.7821e-08	2.4262e-08	2.063e-08	1.6918e-08	1.3066e-08	8.9976e-09	4.5929e-09	-1.8385e-10	-5.126e-09	-9.7674e-09	-1.3699e-08	-1.6895e-08	-1.9389e-08	-2.1081e-08	-2.1999e-08	-2.2377e-08	-2.2446e-08	-2.2278e-08	-2.1944e-08	-2.1625e-08	-2.1437e-08	-2.1278e-08	-2.104e-08	-2.0764e-08	-2.0657e-08	-2.0989e-08	-2.1709e-08	-2.2531e-08	-2.3242e-08	-2.3932e-08	-2.4648e-08	-2.5219e-08	-2.5541e-08	-2.5652e-08	-2.5809e-08	-2.6252e-08	-2.6928e-08	-2.7446e-08	-2.7443e-08	-2.6901e-08	-2.5974e-08	-2.4751e-08	-2.328e-08	-2.1805e-08	-2.0796e-08	-2.0522e-08	-2.0692e-08	-2.0914e-08	-2.1015e-08	-2.096e-08	-2.0788e-08	-2.0635e-08	-2.0748e-08	-2.1222e-08	-2.1821e-08	-2.2228e-08	-2.2297e-08	-2.2046e-08	-2.1685e-08	-2.1471e-08	-2.1468e-08	-2.1487e-08	-2.1341e-08	-2.1016e-08	-2.054e-08	-1.9942e-08	-1.9364e-08	-1.9033e-08	-1.9002e-08	-1.906e-08	-1.9003e-08	-1.8837e-08	-1.8678e-08	-1.8646e-08	-1.876e-08	-1.8893e-08	-1.8896e-08	-1.8679e-08	-1.8238e-08	-1.7729e-08	-1.7386e-08	-1.7351e-08	-1.7647e-08	-1.8154e-08	-1.8622e-08	-1.8875e-08	-1.8902e-08	-1.8791e-08	-1.8732e-08	-1.8884e-08	-1.9061e-08	-1.9026e-08	-1.8816e-08	-1.8583e-08	-1.8401e-08	-1.8219e-08	-1.8027e-08	-1.791e-08	-1.7933e-08	-1.7986e-08	-1.7853e-08	-1.7439e-08	-1.6956e-08	-1.6689e-08	-1.6629e-08
-3.0054e-08	-3.2221e-08	-3.4697e-08	-3.7139e-08	-3.9239e-08	-4.0819e-08	-4.186e-08	-4.2453e-08	-4.2778e-08	-4.2902e-08	-4.2775e-08	-4.2356e-08	-4.1631e-08	-4.0429e-08	-3.8653e-08	-3.6553e-08	-3.4555e-08	-3.2886e-08	-3.1429e-08	-3.0059e-08	-2.8875e-08	-2.7984e-08	-2.7314e-08	-2.6756e-08	-2.6238e-08	-2.5897e-08	-2.6041e-08	-2.6647e-08	-2.7318e-08	-2.7666e-08	-2.7465e-08	-2.656e-08	-2.51e-08	-2.3375e-08	-2.1893e-08	-2.0669e-08	-1.9287e-08	-1.7368e-08	-1.4959e-08	-1.2346e-08	-9.6467e-09	-6.801e-09	-3.7963e-09	-7.8157e-10	2.1192e-09	5.0197e-09	7.9865e-09	1.0973e-08	1.4007e-08	1.7165e-08	2.0338e-08	2.3356e-08	2.6246e-08	2.9268e-08	3.2552e-08	3.5847e-08	3.877e-08	4.1169e-08	4.3066e-08	4.4481e-08	4.5481e-08	4.6343e-08	4.729e-08	4.8206e-08	4.8893e-08	4.929e-08	4.9319e-08	4.8745e-08	4.747e-08	4.5586e-08	4.3217e-08	4.0516e-08	3.7636e-08	3.4625e-08	3.1424e-08	2.799e-08	2.4412e-08	2.0803e-08	1.7142e-08	1.3323e-08	9.2502e-09	4.8344e-09	7.0983e-11	-4.8229e-09	-9.3975e-09	-1.3261e-08	-1.6382e-08	-1.8807e-08	-2.0454e-08	-2.1359e-08	-2.1766e-08	-2.1909e-08	-2.1842e-08	-2.1593e-08	-2.1315e-08	-2.1143e-08	-2.0991e-08	-2.0749e-08	-2.0467e-08	-2.0349e-08	-2.0633e-08	-2.1284e-08	-2.2036e-08	-2.2676e-08	-2.3277e-08	-2.3899e-08	-2.4413e-08	-2.4732e-08	-2.4874e-08	-2.5045e-08	-2.5469e-08	-2.612e-08	-2.6652e-08	-2.6701e-08	-2.6215e-08	-2.5322e-08	-2.4103e-08	-2.2629e-08	-2.1169e-08	-2.0198e-08	-1.9982e-08	-2.0245e-08	-2.0567e-08	-2.0726e-08	-2.0674e-08	-2.0475e-08	-2.0278e-08	-2.032e-08	-2.0697e-08	-2.1216e-08	-2.1591e-08	-2.1679e-08	-2.149e-08	-2.1195e-08	-2.1017e-08	-2.1015e-08	-2.102e-08	-2.0866e-08	-2.0556e-08	-2.0129e-08	-1.961e-08	-1.9108e-08	-1.8819e-08	-1.8788e-08	-1.8827e-08	-1.8747e-08	-1.855e-08	-1.8366e-08	-1.8328e-08	-1.8469e-08	-1.8659e-08	-1.8723e-08	-1.8541e-08	-1.811e-08	-1.7608e-08	-1.7262e-08	-1.7211e-08	-1.748e-08	-1.7946e-08	-1.8371e-08	-1.8601e-08	-1.8633e-08	-1.8568e-08	-1.8576e-08	-1.8755e-08	-1.8921e-08	-1.888e-08	-1.8691e-08	-1.8489e-08	-1.8311e-08	-1.8085e-08	-1.7827e-08	-1.7671e-08	-1.7693e-08	-1.7769e-08	-1.7671e-08	-1.7288e-08	-1.6797e-08	-1.6493e-08	-1.6426e-08
-2.969e-08	-3.1767e-08	-3.4148e-08	-3.6491e-08	-3.8501e-08	-4.0014e-08	-4.1009e-08	-4.1574e-08	-4.188e-08	-4.2004e-08	-4.1898e-08	-4.1505e-08	-4.0803e-08	-3.9648e-08	-3.7959e-08	-3.5969e-08	-3.4073e-08	-3.249e-08	-3.1119e-08	-2.9837e-08	-2.873e-08	-2.7895e-08	-2.7267e-08	-2.6735e-08	-2.6228e-08	-2.5882e-08	-2.6007e-08	-2.6605e-08	-2.7297e-08	-2.7674e-08	-2.7488e-08	-2.6574e-08	-2.5058e-08	-2.3231e-08	-2.1595e-08	-2.0219e-08	-1.8727e-08	-1.6755e-08	-1.4328e-08	-1.1711e-08	-9.0123e-09	-6.1735e-09	-3.181e-09	-1.7531e-10	2.7217e-09	5.6068e-09	8.5461e-09	1.1503e-08	1.4507e-08	1.7632e-08	2.0781e-08	2.3794e-08	2.6684e-08	2.9687e-08	3.2942e-08	3.6245e-08	3.9236e-08	4.173e-08	4.3717e-08	4.5202e-08	4.6229e-08	4.7048e-08	4.7896e-08	4.8715e-08	4.9337e-08	4.9683e-08	4.9673e-08	4.9087e-08	4.781e-08	4.5919e-08	4.3537e-08	4.0817e-08	3.7909e-08	3.4866e-08	3.1632e-08	2.816e-08	2.4558e-08	2.0968e-08	1.7355e-08	1.357e-08	9.4961e-09	5.0709e-09	3.2202e-10	-4.5232e-09	-9.0316e-09	-1.283e-08	-1.5879e-08	-1.8237e-08	-1.9839e-08	-2.0725e-08	-2.1157e-08	-2.1369e-08	-2.1401e-08	-2.1241e-08	-2.1011e-08	-2.0854e-08	-2.0711e-08	-2.0466e-08	-2.018e-08	-2.0052e-08	-2.029e-08	-2.0869e-08	-2.1547e-08	-2.2113e-08	-2.2622e-08	-2.3145e-08	-2.3593e-08	-2.3902e-08	-2.4071e-08	-2.4257e-08	-2.4664e-08	-2.5289e-08	-2.5828e-08	-2.5925e-08	-2.55e-08	-2.4652e-08	-2.3451e-08	-2.1983e-08	-2.0545e-08	-1.9616e-08	-1.9457e-08	-1.9809e-08	-2.0229e-08	-2.0448e-08	-2.0402e-08	-2.0175e-08	-1.9936e-08	-1.9909e-08	-2.0192e-08	-2.0629e-08	-2.0968e-08	-2.1071e-08	-2.0941e-08	-2.0717e-08	-2.0581e-08	-2.0584e-08	-2.0575e-08	-2.0412e-08	-2.0116e-08	-1.9738e-08	-1.9298e-08	-1.8876e-08	-1.863e-08	-1.8602e-08	-1.8623e-08	-1.8519e-08	-1.8294e-08	-1.8084e-08	-1.804e-08	-1.8204e-08	-1.8447e-08	-1.8571e-08	-1.8426e-08	-1.8009e-08	-1.7517e-08	-1.7173e-08	-1.711e-08	-1.7354e-08	-1.7778e-08	-1.8158e-08	-1.8358e-08	-1.8391e-08	-1.8367e-08	-1.8436e-08	-1.8644e-08	-1.88e-08	-1.875e-08	-1.8578e-08	-1.8405e-08	-1.8231e-08	-1.7967e-08	-1.7645e-08	-1.7448e-08	-1.7469e-08	-1.7568e-08	-1.7505e-08	-1.7153e-08	-1.6655e-08	-1.6314e-08	-1.6238e-08
-2.9283e-08	-3.1246e-08	-3.3504e-08	-3.572e-08	-3.7613e-08	-3.9034e-08	-3.9968e-08	-4.0496e-08	-4.078e-08	-4.0903e-08	-4.0818e-08	-4.0456e-08	-3.9786e-08	-3.8691e-08	-3.7106e-08	-3.5245e-08	-3.3474e-08	-3.1996e-08	-3.0729e-08	-2.9553e-08	-2.8538e-08	-2.7772e-08	-2.7196e-08	-2.6698e-08	-2.6208e-08	-2.5863e-08	-2.5975e-08	-2.6568e-08	-2.7283e-08	-2.7696e-08	-2.7537e-08	-2.6632e-08	-2.5079e-08	-2.3161e-08	-2.1373e-08	-1.9835e-08	-1.8216e-08	-1.6173e-08	-1.3715e-08	-1.1081e-08	-8.3763e-09	-5.5398e-09	-2.5578e-09	4.3875e-10	3.3321e-09	6.2022e-09	9.1142e-09	1.2041e-08	1.5014e-08	1.8104e-08	2.1227e-08	2.4234e-08	2.7127e-08	3.0113e-08	3.3338e-08	3.664e-08	3.9691e-08	4.2283e-08	4.4369e-08	4.5941e-08	4.7013e-08	4.7801e-08	4.8555e-08	4.9274e-08	4.9825e-08	5.0116e-08	5.0058e-08	4.9452e-08	4.817e-08	4.6268e-08	4.3871e-08	4.1128e-08	3.819e-08	3.5111e-08	3.1839e-08	2.8327e-08	2.4698e-08	2.1119e-08	1.7552e-08	1.3802e-08	9.7303e-09	5.2974e-09	5.6322e-10	-4.2345e-09	-8.6789e-09	-1.2415e-08	-1.5397e-08	-1.769e-08	-1.9246e-08	-2.0112e-08	-2.0561e-08	-2.0837e-08	-2.0965e-08	-2.0897e-08	-2.0717e-08	-2.0578e-08	-2.0444e-08	-2.0199e-08	-1.9909e-08	-1.9772e-08	-1.9966e-08	-2.0472e-08	-2.1074e-08	-2.1566e-08	-2.1982e-08	-2.2404e-08	-2.2781e-08	-2.3071e-08	-2.3262e-08	-2.3466e-08	-2.3859e-08	-2.4456e-08	-2.4997e-08	-2.514e-08	-2.4777e-08	-2.3984e-08	-2.2814e-08	-2.1364e-08	-1.9954e-08	-1.9068e-08	-1.8964e-08	-1.9398e-08	-1.9911e-08	-2.0191e-08	-2.0152e-08	-1.99e-08	-1.9619e-08	-1.9526e-08	-1.9719e-08	-2.0074e-08	-2.0374e-08	-2.0488e-08	-2.0413e-08	-2.0259e-08	-2.017e-08	-2.0182e-08	-2.0162e-08	-1.9991e-08	-1.9707e-08	-1.9378e-08	-1.9015e-08	-1.8673e-08	-1.8473e-08	-1.8448e-08	-1.8452e-08	-1.8327e-08	-1.8075e-08	-1.7841e-08	-1.7789e-08	-1.7974e-08	-1.8264e-08	-1.8444e-08	-1.8339e-08	-1.794e-08	-1.7458e-08	-1.712e-08	-1.7048e-08	-1.7269e-08	-1.7654e-08	-1.7986e-08	-1.8154e-08	-1.8184e-08	-1.8194e-08	-1.8319e-08	-1.8554e-08	-1.8701e-08	-1.8641e-08	-1.8481e-08	-1.8335e-08	-1.8166e-08	-1.7867e-08	-1.7485e-08	-1.7248e-08	-1.7267e-08	-1.7389e-08	-1.736e-08	-1.7037e-08	-1.6535e-08	-1.6159e-08	-1.607e-08
-2.885e-08	-3.0679e-08	-3.2791e-08	-3.4856e-08	-3.6607e-08	-3.7915e-08	-3.8773e-08	-3.9256e-08	-3.9517e-08	-3.9637e-08	-3.9573e-08	-3.9244e-08	-3.8613e-08	-3.7589e-08	-3.6121e-08	-3.4407e-08	-3.2778e-08	-3.1421e-08	-3.0271e-08	-2.9215e-08	-2.8304e-08	-2.7619e-08	-2.7103e-08	-2.6647e-08	-2.6181e-08	-2.5843e-08	-2.5945e-08	-2.6537e-08	-2.7276e-08	-2.7729e-08	-2.7608e-08	-2.6727e-08	-2.5154e-08	-2.3161e-08	-2.1224e-08	-1.9516e-08	-1.7758e-08	-1.5631e-08	-1.3129e-08	-1.047e-08	-7.7508e-09	-4.9117e-09	-1.9382e-09	1.0494e-09	3.9392e-09	6.7952e-09	9.6808e-09	1.2577e-08	1.552e-08	1.8574e-08	2.1668e-08	2.4667e-08	2.7566e-08	3.0539e-08	3.3732e-08	3.7027e-08	4.013e-08	4.2818e-08	4.5011e-08	4.6682e-08	4.7813e-08	4.8585e-08	4.9251e-08	4.9869e-08	5.0344e-08	5.0576e-08	5.0466e-08	4.9833e-08	4.8541e-08	4.6627e-08	4.4211e-08	4.1445e-08	3.8472e-08	3.5355e-08	3.2043e-08	2.849e-08	2.4828e-08	2.1255e-08	1.7729e-08	1.4015e-08	9.948e-09	5.5087e-09	7.8871e-10	-3.9643e-09	-8.3485e-09	-1.2027e-08	-1.4947e-08	-1.7179e-08	-1.8689e-08	-1.9531e-08	-1.9991e-08	-2.0323e-08	-2.0543e-08	-2.0566e-08	-2.044e-08	-2.0321e-08	-2.0196e-08	-1.9954e-08	-1.9662e-08	-1.9517e-08	-1.9669e-08	-2.0105e-08	-2.063e-08	-2.1049e-08	-2.1375e-08	-2.1696e-08	-2.1995e-08	-2.2259e-08	-2.2468e-08	-2.2691e-08	-2.3074e-08	-2.3646e-08	-2.4184e-08	-2.4366e-08	-2.4068e-08	-2.3339e-08	-2.2213e-08	-2.0792e-08	-1.9415e-08	-1.8572e-08	-1.852e-08	-1.9026e-08	-1.9625e-08	-1.9963e-08	-1.9934e-08	-1.9657e-08	-1.9337e-08	-1.9182e-08	-1.9288e-08	-1.9564e-08	-1.9823e-08	-1.9942e-08	-1.9917e-08	-1.9832e-08	-1.9792e-08	-1.9817e-08	-1.9787e-08	-1.9609e-08	-1.934e-08	-1.9058e-08	-1.8771e-08	-1.8508e-08	-1.8353e-08	-1.8331e-08	-1.832e-08	-1.8177e-08	-1.7904e-08	-1.7647e-08	-1.7587e-08	-1.7786e-08	-1.8117e-08	-1.835e-08	-1.8284e-08	-1.7903e-08	-1.7433e-08	-1.7104e-08	-1.7028e-08	-1.7228e-08	-1.7575e-08	-1.7859e-08	-1.7993e-08	-1.8017e-08	-1.8055e-08	-1.8228e-08	-1.8489e-08	-1.8629e-08	-1.8557e-08	-1.8406e-08	-1.8281e-08	-1.8118e-08	-1.7789e-08	-1.7352e-08	-1.7075e-08	-1.7093e-08	-1.7238e-08	-1.7241e-08	-1.6946e-08	-1.6442e-08	-1.6032e-08	-1.593e-08
-2.8405e-08	-3.0085e-08	-3.2031e-08	-3.3925e-08	-3.5515e-08	-3.6694e-08	-3.7462e-08	-3.7894e-08	-3.8127e-08	-3.8243e-08	-3.8198e-08	-3.7905e-08	-3.7319e-08	-3.6373e-08	-3.5034e-08	-3.3481e-08	-3.2007e-08	-3.0782e-08	-2.976e-08	-2.8833e-08	-2.8037e-08	-2.7441e-08	-2.6992e-08	-2.6584e-08	-2.6149e-08	-2.5822e-08	-2.592e-08	-2.6512e-08	-2.7275e-08	-2.7772e-08	-2.7696e-08	-2.6852e-08	-2.5277e-08	-2.3222e-08	-2.1146e-08	-1.9265e-08	-1.7359e-08	-1.5136e-08	-1.258e-08	-9.8874e-09	-7.1477e-09	-4.3014e-09	-1.3339e-09	1.6453e-09	4.5319e-09	7.3753e-09	1.0236e-08	1.3102e-08	1.6015e-08	1.9033e-08	2.2096e-08	2.5087e-08	2.7992e-08	3.0956e-08	3.4118e-08	3.7399e-08	4.0545e-08	4.3325e-08	4.5628e-08	4.7408e-08	4.8614e-08	4.9383e-08	4.9969e-08	5.0485e-08	5.0882e-08	5.1052e-08	5.0887e-08	5.0221e-08	4.8915e-08	4.6987e-08	4.4552e-08	4.176e-08	3.8752e-08	3.5593e-08	3.2239e-08	2.8643e-08	2.4946e-08	2.1373e-08	1.7883e-08	1.4204e-08	1.0144e-08	5.6996e-09	9.9279e-10	-3.7195e-09	-8.049e-09	-1.1675e-08	-1.4541e-08	-1.6714e-08	-1.8178e-08	-1.8994e-08	-1.9459e-08	-1.984e-08	-2.0145e-08	-2.0257e-08	-2.0187e-08	-2.0088e-08	-1.9975e-08	-1.9737e-08	-1.9445e-08	-1.9293e-08	-1.9408e-08	-1.9775e-08	-2.0228e-08	-2.0576e-08	-2.0817e-08	-2.1039e-08	-2.1258e-08	-2.1487e-08	-2.1709e-08	-2.1952e-08	-2.2332e-08	-2.288e-08	-2.3411e-08	-2.3628e-08	-2.3394e-08	-2.2736e-08	-2.1669e-08	-2.0288e-08	-1.895e-08	-1.8149e-08	-1.8141e-08	-1.8709e-08	-1.9382e-08	-1.9775e-08	-1.9756e-08	-1.9456e-08	-1.9098e-08	-1.8886e-08	-1.8913e-08	-1.9111e-08	-1.9328e-08	-1.9448e-08	-1.9466e-08	-1.9446e-08	-1.9456e-08	-1.9495e-08	-1.9458e-08	-1.9276e-08	-1.9023e-08	-1.8788e-08	-1.8576e-08	-1.8387e-08	-1.8275e-08	-1.8257e-08	-1.8232e-08	-1.8076e-08	-1.7786e-08	-1.7511e-08	-1.7441e-08	-1.765e-08	-1.8015e-08	-1.8292e-08	-1.8265e-08	-1.7904e-08	-1.7446e-08	-1.7129e-08	-1.7051e-08	-1.7233e-08	-1.7543e-08	-1.7781e-08	-1.788e-08	-1.7897e-08	-1.7958e-08	-1.8171e-08	-1.8454e-08	-1.8586e-08	-1.8503e-08	-1.8355e-08	-1.8246e-08	-1.8089e-08	-1.7736e-08	-1.725e-08	-1.6936e-08	-1.6952e-08	-1.712e-08	-1.7153e-08	-1.6884e-08	-1.6379e-08	-1.5938e-08	-1.5822e-08
-2.7964e-08	-2.9483e-08	-3.1249e-08	-3.2956e-08	-3.4369e-08	-3.5404e-08	-3.6073e-08	-3.6446e-08	-3.6648e-08	-3.6758e-08	-3.6731e-08	-3.6473e-08	-3.5937e-08	-3.5078e-08	-3.3875e-08	-3.2491e-08	-3.1182e-08	-3.0098e-08	-2.9209e-08	-2.8418e-08	-2.7743e-08	-2.7242e-08	-2.6867e-08	-2.6512e-08	-2.6113e-08	-2.5802e-08	-2.5899e-08	-2.6494e-08	-2.728e-08	-2.7821e-08	-2.7796e-08	-2.7001e-08	-2.5438e-08	-2.3337e-08	-2.1133e-08	-1.9082e-08	-1.7022e-08	-1.4696e-08	-1.2078e-08	-9.3448e-09	-6.5788e-09	-3.7209e-09	-7.5639e-10	2.2153e-09	5.099e-09	7.9318e-09	1.0769e-08	1.3607e-08	1.6489e-08	1.9471e-08	2.2503e-08	2.5484e-08	2.8396e-08	3.1355e-08	3.4488e-08	3.7749e-08	4.0929e-08	4.3795e-08	4.6209e-08	4.8105e-08	4.9397e-08	5.0175e-08	5.0692e-08	5.1109e-08	5.1425e-08	5.1533e-08	5.131e-08	5.0606e-08	4.9284e-08	4.734e-08	4.4886e-08	4.2068e-08	3.9024e-08	3.5821e-08	3.2423e-08	2.8784e-08	2.5049e-08	2.1469e-08	1.801e-08	1.4365e-08	1.0314e-08	5.8652e-09	1.1699e-09	-3.507e-09	-7.7888e-09	-1.137e-08	-1.4188e-08	-1.6308e-08	-1.7727e-08	-1.8513e-08	-1.8977e-08	-1.9399e-08	-1.978e-08	-1.9978e-08	-1.9964e-08	-1.9886e-08	-1.9785e-08	-1.9555e-08	-1.9265e-08	-1.9108e-08	-1.9189e-08	-1.9493e-08	-1.9877e-08	-2.016e-08	-2.0323e-08	-2.0451e-08	-2.0588e-08	-2.0775e-08	-2.1004e-08	-2.1269e-08	-2.1652e-08	-2.2181e-08	-2.2703e-08	-2.2947e-08	-2.2775e-08	-2.2195e-08	-2.12e-08	-1.9873e-08	-1.8578e-08	-1.7817e-08	-1.7846e-08	-1.8462e-08	-1.9197e-08	-1.9637e-08	-1.9628e-08	-1.9306e-08	-1.8913e-08	-1.8648e-08	-1.8603e-08	-1.873e-08	-1.8905e-08	-1.9021e-08	-1.9074e-08	-1.9112e-08	-1.9169e-08	-1.9225e-08	-1.9184e-08	-1.9e-08	-1.8767e-08	-1.858e-08	-1.8438e-08	-1.8319e-08	-1.8246e-08	-1.8229e-08	-1.8193e-08	-1.8029e-08	-1.7731e-08	-1.7442e-08	-1.7362e-08	-1.7576e-08	-1.7964e-08	-1.8278e-08	-1.8285e-08	-1.7946e-08	-1.7499e-08	-1.7194e-08	-1.7119e-08	-1.7286e-08	-1.7562e-08	-1.7755e-08	-1.782e-08	-1.7831e-08	-1.7909e-08	-1.8153e-08	-1.8452e-08	-1.8577e-08	-1.8482e-08	-1.8334e-08	-1.8236e-08	-1.8083e-08	-1.7711e-08	-1.7184e-08	-1.6836e-08	-1.6851e-08	-1.7041e-08	-1.7101e-08	-1.6856e-08	-1.6351e-08	-1.5882e-08	-1.5752e-08
-2.7543e-08	-2.8892e-08	-3.0465e-08	-3.1974e-08	-3.3201e-08	-3.4082e-08	-3.4643e-08	-3.4952e-08	-3.512e-08	-3.5219e-08	-3.5206e-08	-3.4984e-08	-3.4502e-08	-3.3734e-08	-3.2675e-08	-3.1466e-08	-3.0327e-08	-2.9387e-08	-2.8633e-08	-2.7981e-08	-2.7432e-08	-2.703e-08	-2.673e-08	-2.6433e-08	-2.6075e-08	-2.5785e-08	-2.5884e-08	-2.6482e-08	-2.7291e-08	-2.7874e-08	-2.7903e-08	-2.7166e-08	-2.563e-08	-2.3499e-08	-2.1182e-08	-1.8966e-08	-1.6752e-08	-1.4318e-08	-1.1632e-08	-8.8531e-09	-6.056e-09	-3.182e-09	-2.1746e-10	2.7479e-09	5.6293e-09	8.4537e-09	1.1269e-08	1.4081e-08	1.6933e-08	1.988e-08	2.288e-08	2.585e-08	2.8771e-08	3.1728e-08	3.4834e-08	3.8072e-08	4.1276e-08	4.4221e-08	4.6743e-08	4.8758e-08	5.0146e-08	5.0946e-08	5.1403e-08	5.1725e-08	5.1961e-08	5.2006e-08	5.1725e-08	5.098e-08	4.9638e-08	4.7679e-08	4.5207e-08	4.2362e-08	3.9282e-08	3.6034e-08	3.2591e-08	2.8908e-08	2.5135e-08	2.1542e-08	1.8106e-08	1.4493e-08	1.0452e-08	6.0004e-09	1.3147e-09	-3.333e-09	-7.5761e-09	-1.1121e-08	-1.3899e-08	-1.5971e-08	-1.7346e-08	-1.8101e-08	-1.8557e-08	-1.9011e-08	-1.9459e-08	-1.9736e-08	-1.9777e-08	-1.9721e-08	-1.9634e-08	-1.9415e-08	-1.9129e-08	-1.8969e-08	-1.9021e-08	-1.9267e-08	-1.9589e-08	-1.9815e-08	-1.991e-08	-1.9951e-08	-2.0006e-08	-2.0145e-08	-2.0373e-08	-2.0661e-08	-2.1055e-08	-2.1573e-08	-2.2083e-08	-2.2347e-08	-2.2233e-08	-2.1737e-08	-2.0826e-08	-1.9566e-08	-1.832e-08	-1.7596e-08	-1.7652e-08	-1.83e-08	-1.9081e-08	-1.956e-08	-1.9557e-08	-1.9215e-08	-1.8792e-08	-1.848e-08	-1.8369e-08	-1.8431e-08	-1.8566e-08	-1.8674e-08	-1.8752e-08	-1.884e-08	-1.8941e-08	-1.9014e-08	-1.8971e-08	-1.879e-08	-1.8581e-08	-1.8443e-08	-1.8368e-08	-1.8311e-08	-1.8271e-08	-1.8252e-08	-1.8206e-08	-1.8042e-08	-1.7745e-08	-1.7448e-08	-1.7359e-08	-1.7573e-08	-1.7974e-08	-1.8313e-08	-1.8351e-08	-1.8031e-08	-1.7594e-08	-1.7303e-08	-1.7234e-08	-1.7389e-08	-1.7634e-08	-1.7783e-08	-1.7818e-08	-1.7825e-08	-1.7916e-08	-1.818e-08	-1.8488e-08	-1.8604e-08	-1.8498e-08	-1.8347e-08	-1.8254e-08	-1.8103e-08	-1.7717e-08	-1.7158e-08	-1.678e-08	-1.6794e-08	-1.7005e-08	-1.709e-08	-1.6865e-08	-1.6362e-08	-1.5869e-08	-1.5726e-08
-2.7154e-08	-2.833e-08	-2.9703e-08	-3.1008e-08	-3.2041e-08	-3.2762e-08	-3.3208e-08	-3.3449e-08	-3.358e-08	-3.3665e-08	-3.3662e-08	-3.3473e-08	-3.3047e-08	-3.2375e-08	-3.1463e-08	-3.0432e-08	-2.9465e-08	-2.8669e-08	-2.8047e-08	-2.7533e-08	-2.711e-08	-2.6809e-08	-2.6587e-08	-2.635e-08	-2.6036e-08	-2.5771e-08	-2.5877e-08	-2.6478e-08	-2.7306e-08	-2.793e-08	-2.8015e-08	-2.7341e-08	-2.5845e-08	-2.37e-08	-2.1286e-08	-1.8917e-08	-1.6551e-08	-1.4008e-08	-1.1251e-08	-8.4228e-09	-5.5906e-09	-2.6967e-09	2.7118e-10	3.2318e-09	6.1117e-09	8.9301e-09	1.1728e-08	1.4513e-08	1.7337e-08	2.0251e-08	2.3219e-08	2.6177e-08	2.9107e-08	3.2067e-08	3.515e-08	3.836e-08	4.1578e-08	4.4592e-08	4.7218e-08	4.9352e-08	5.0843e-08	5.1676e-08	5.2086e-08	5.2318e-08	5.2476e-08	5.246e-08	5.2121e-08	5.1332e-08	4.9969e-08	4.7996e-08	4.5506e-08	4.2638e-08	3.952e-08	3.6227e-08	3.2738e-08	2.9013e-08	2.5199e-08	2.1587e-08	1.8169e-08	1.4583e-08	1.0553e-08	6.1001e-09	1.422e-09	-3.2039e-09	-7.4186e-09	-1.0938e-08	-1.3686e-08	-1.5716e-08	-1.7048e-08	-1.7771e-08	-1.8213e-08	-1.8689e-08	-1.9192e-08	-1.954e-08	-1.9634e-08	-1.96e-08	-1.9527e-08	-1.9322e-08	-1.9044e-08	-1.8883e-08	-1.891e-08	-1.9105e-08	-1.9374e-08	-1.9554e-08	-1.9592e-08	-1.9557e-08	-1.9532e-08	-1.9617e-08	-1.9837e-08	-2.0148e-08	-2.0562e-08	-2.1076e-08	-2.1575e-08	-2.1851e-08	-2.179e-08	-2.1381e-08	-2.0569e-08	-1.9389e-08	-1.8198e-08	-1.7508e-08	-1.758e-08	-1.8241e-08	-1.9049e-08	-1.9552e-08	-1.9553e-08	-1.9194e-08	-1.8743e-08	-1.839e-08	-1.8224e-08	-1.8229e-08	-1.8326e-08	-1.8423e-08	-1.8515e-08	-1.8642e-08	-1.878e-08	-1.8869e-08	-1.8827e-08	-1.8653e-08	-1.8475e-08	-1.8388e-08	-1.8376e-08	-1.8373e-08	-1.8357e-08	-1.8331e-08	-1.8277e-08	-1.8121e-08	-1.7835e-08	-1.7538e-08	-1.7442e-08	-1.765e-08	-1.8051e-08	-1.8404e-08	-1.8464e-08	-1.8163e-08	-1.7735e-08	-1.7457e-08	-1.7397e-08	-1.7542e-08	-1.7758e-08	-1.7869e-08	-1.7877e-08	-1.7882e-08	-1.7984e-08	-1.8258e-08	-1.8565e-08	-1.8669e-08	-1.8554e-08	-1.8398e-08	-1.8302e-08	-1.8149e-08	-1.7755e-08	-1.7171e-08	-1.677e-08	-1.6785e-08	-1.7014e-08	-1.7122e-08	-1.6912e-08	-1.6411e-08	-1.5898e-08	-1.5743e-08
-2.6814e-08	-2.7813e-08	-2.8983e-08	-3.008e-08	-3.0917e-08	-3.1476e-08	-3.1806e-08	-3.1974e-08	-3.2065e-08	-3.2133e-08	-3.2135e-08	-3.1976e-08	-3.1607e-08	-3.1034e-08	-3.0272e-08	-2.9418e-08	-2.862e-08	-2.7964e-08	-2.7469e-08	-2.7086e-08	-2.6787e-08	-2.6587e-08	-2.6441e-08	-2.6266e-08	-2.6e-08	-2.5763e-08	-2.5878e-08	-2.6482e-08	-2.7326e-08	-2.7987e-08	-2.8126e-08	-2.752e-08	-2.6076e-08	-2.3934e-08	-2.1442e-08	-1.8932e-08	-1.6423e-08	-1.3774e-08	-1.0945e-08	-8.0645e-09	-5.1942e-09	-2.277e-09	6.9774e-10	3.6554e-09	6.5348e-09	9.3503e-09	1.2133e-08	1.4895e-08	1.7692e-08	2.0575e-08	2.3512e-08	2.6456e-08	2.9396e-08	3.2363e-08	3.5427e-08	3.8608e-08	4.183e-08	4.4902e-08	4.7624e-08	4.9875e-08	5.1473e-08	5.2347e-08	5.2723e-08	5.2875e-08	5.2956e-08	5.2882e-08	5.2487e-08	5.1654e-08	5.0268e-08	4.8281e-08	4.5776e-08	4.2887e-08	3.9735e-08	3.6396e-08	3.286e-08	2.9093e-08	2.5239e-08	2.1604e-08	1.8194e-08	1.4631e-08	1.0613e-08	6.1593e-09	1.4866e-09	-3.1253e-09	-7.3238e-09	-1.0829e-08	-1.3559e-08	-1.5554e-08	-1.6845e-08	-1.7533e-08	-1.7957e-08	-1.8444e-08	-1.8989e-08	-1.9398e-08	-1.9542e-08	-1.9529e-08	-1.947e-08	-1.9283e-08	-1.9016e-08	-1.8857e-08	-1.8863e-08	-1.9015e-08	-1.9242e-08	-1.9388e-08	-1.9383e-08	-1.9284e-08	-1.9185e-08	-1.9212e-08	-1.9417e-08	-1.9749e-08	-2.0192e-08	-2.0713e-08	-2.1202e-08	-2.1482e-08	-2.1466e-08	-2.1148e-08	-2.0446e-08	-1.9361e-08	-1.8232e-08	-1.757e-08	-1.7644e-08	-1.83e-08	-1.9112e-08	-1.9625e-08	-1.9623e-08	-1.9248e-08	-1.8774e-08	-1.8387e-08	-1.8173e-08	-1.8131e-08	-1.8195e-08	-1.8277e-08	-1.8375e-08	-1.8527e-08	-1.8693e-08	-1.8795e-08	-1.8756e-08	-1.8596e-08	-1.8454e-08	-1.8423e-08	-1.8468e-08	-1.8509e-08	-1.8506e-08	-1.8467e-08	-1.8404e-08	-1.8264e-08	-1.8001e-08	-1.7713e-08	-1.761e-08	-1.7807e-08	-1.8197e-08	-1.8549e-08	-1.8625e-08	-1.834e-08	-1.7919e-08	-1.7652e-08	-1.7603e-08	-1.7743e-08	-1.7933e-08	-1.8007e-08	-1.7992e-08	-1.8e-08	-1.8109e-08	-1.8383e-08	-1.8679e-08	-1.8769e-08	-1.8647e-08	-1.8483e-08	-1.8378e-08	-1.8219e-08	-1.782e-08	-1.7222e-08	-1.6802e-08	-1.6819e-08	-1.7066e-08	-1.7193e-08	-1.6995e-08	-1.6495e-08	-1.5966e-08	-1.58e-08
-2.6534e-08	-2.7359e-08	-2.8326e-08	-2.9216e-08	-2.986e-08	-3.0259e-08	-3.0471e-08	-3.0566e-08	-3.0615e-08	-3.0661e-08	-3.0662e-08	-3.0527e-08	-3.0216e-08	-2.9744e-08	-2.9132e-08	-2.8453e-08	-2.7817e-08	-2.7292e-08	-2.6913e-08	-2.6653e-08	-2.6473e-08	-2.6369e-08	-2.6298e-08	-2.6184e-08	-2.5967e-08	-2.5762e-08	-2.5888e-08	-2.6496e-08	-2.7352e-08	-2.8043e-08	-2.8233e-08	-2.7698e-08	-2.6314e-08	-2.4191e-08	-2.1643e-08	-1.901e-08	-1.6369e-08	-1.362e-08	-1.0722e-08	-7.7886e-09	-4.8782e-09	-1.9346e-09	1.0504e-09	4.0074e-09	6.8874e-09	9.7029e-09	1.2475e-08	1.5216e-08	1.7988e-08	2.0842e-08	2.375e-08	2.6681e-08	2.963e-08	3.2607e-08	3.5658e-08	3.881e-08	4.2025e-08	4.5143e-08	4.7949e-08	5.0311e-08	5.2018e-08	5.2944e-08	5.3297e-08	5.3378e-08	5.3388e-08	5.3259e-08	5.2812e-08	5.1936e-08	5.0527e-08	4.8528e-08	4.6011e-08	4.3103e-08	3.9918e-08	3.6534e-08	3.2952e-08	2.9145e-08	2.5252e-08	2.1589e-08	1.8179e-08	1.4633e-08	1.0626e-08	6.1729e-09	1.5038e-09	-3.1028e-09	-7.2988e-09	-1.0805e-08	-1.3528e-08	-1.5496e-08	-1.6749e-08	-1.7401e-08	-1.7801e-08	-1.829e-08	-1.8862e-08	-1.9318e-08	-1.9505e-08	-1.9513e-08	-1.9469e-08	-1.9303e-08	-1.9052e-08	-1.8897e-08	-1.8885e-08	-1.9004e-08	-1.9202e-08	-1.9327e-08	-1.9296e-08	-1.9148e-08	-1.8981e-08	-1.8947e-08	-1.9126e-08	-1.9479e-08	-1.996e-08	-2.0499e-08	-2.0982e-08	-2.1258e-08	-2.1277e-08	-2.1048e-08	-2.0467e-08	-1.949e-08	-1.8429e-08	-1.7791e-08	-1.7854e-08	-1.8482e-08	-1.9275e-08	-1.978e-08	-1.9769e-08	-1.9379e-08	-1.8887e-08	-1.847e-08	-1.8217e-08	-1.8136e-08	-1.8173e-08	-1.8238e-08	-1.8329e-08	-1.8494e-08	-1.8678e-08	-1.8791e-08	-1.8755e-08	-1.861e-08	-1.8512e-08	-1.8537e-08	-1.8637e-08	-1.8712e-08	-1.8713e-08	-1.8654e-08	-1.8583e-08	-1.8464e-08	-1.8234e-08	-1.7962e-08	-1.7855e-08	-1.8036e-08	-1.8405e-08	-1.8744e-08	-1.8827e-08	-1.8556e-08	-1.8142e-08	-1.7884e-08	-1.7848e-08	-1.7985e-08	-1.8151e-08	-1.8191e-08	-1.8156e-08	-1.8169e-08	-1.8286e-08	-1.8553e-08	-1.8827e-08	-1.8898e-08	-1.877e-08	-1.8598e-08	-1.8479e-08	-1.8312e-08	-1.791e-08	-1.7304e-08	-1.6873e-08	-1.6892e-08	-1.7156e-08	-1.7299e-08	-1.711e-08	-1.6611e-08	-1.6068e-08	-1.5891e-08
-2.6329e-08	-2.6985e-08	-2.7752e-08	-2.8441e-08	-2.8898e-08	-2.9142e-08	-2.9241e-08	-2.9262e-08	-2.9266e-08	-2.9287e-08	-2.928e-08	-2.9164e-08	-2.8907e-08	-2.8538e-08	-2.8076e-08	-2.7565e-08	-2.7082e-08	-2.6675e-08	-2.6397e-08	-2.6248e-08	-2.6176e-08	-2.6162e-08	-2.6162e-08	-2.6107e-08	-2.5941e-08	-2.5769e-08	-2.591e-08	-2.6521e-08	-2.7383e-08	-2.8098e-08	-2.8334e-08	-2.7868e-08	-2.6554e-08	-2.4465e-08	-2.1883e-08	-1.9148e-08	-1.639e-08	-1.3552e-08	-1.059e-08	-7.6051e-09	-4.6537e-09	-1.6814e-09	1.3172e-09	4.2761e-09	7.1582e-09	9.9771e-09	1.2743e-08	1.5466e-08	1.8216e-08	2.1042e-08	2.3924e-08	2.6842e-08	2.9799e-08	3.2791e-08	3.5835e-08	3.8957e-08	4.2157e-08	4.5306e-08	4.8184e-08	5.0649e-08	5.2463e-08	5.3446e-08	5.379e-08	5.3813e-08	5.3759e-08	5.358e-08	5.3086e-08	5.2168e-08	5.0736e-08	4.8728e-08	4.6203e-08	4.3282e-08	4.0067e-08	3.6639e-08	3.3011e-08	2.9165e-08	2.5235e-08	2.154e-08	1.8122e-08	1.4585e-08	1.0587e-08	6.1374e-09	1.4703e-09	-3.1395e-09	-7.3477e-09	-1.087e-08	-1.36e-08	-1.5549e-08	-1.6765e-08	-1.7379e-08	-1.7752e-08	-1.8231e-08	-1.8815e-08	-1.9304e-08	-1.9528e-08	-1.9554e-08	-1.9524e-08	-1.9381e-08	-1.915e-08	-1.9003e-08	-1.8977e-08	-1.907e-08	-1.9249e-08	-1.9368e-08	-1.9326e-08	-1.9143e-08	-1.8916e-08	-1.8817e-08	-1.8963e-08	-1.9331e-08	-1.9857e-08	-2.0426e-08	-2.0905e-08	-2.1169e-08	-2.1212e-08	-2.1072e-08	-2.0619e-08	-1.9762e-08	-1.8776e-08	-1.8159e-08	-1.8198e-08	-1.878e-08	-1.9533e-08	-2.0013e-08	-1.9984e-08	-1.9579e-08	-1.9072e-08	-1.8631e-08	-1.8345e-08	-1.8235e-08	-1.8249e-08	-1.8294e-08	-1.8372e-08	-1.8537e-08	-1.873e-08	-1.8848e-08	-1.8815e-08	-1.8688e-08	-1.8636e-08	-1.8721e-08	-1.8872e-08	-1.8973e-08	-1.8969e-08	-1.8885e-08	-1.8803e-08	-1.8711e-08	-1.8522e-08	-1.8274e-08	-1.8164e-08	-1.8328e-08	-1.8667e-08	-1.8982e-08	-1.9065e-08	-1.8806e-08	-1.8396e-08	-1.8146e-08	-1.8124e-08	-1.8262e-08	-1.8407e-08	-1.8414e-08	-1.8362e-08	-1.8384e-08	-1.8509e-08	-1.8761e-08	-1.9004e-08	-1.9052e-08	-1.8919e-08	-1.874e-08	-1.8603e-08	-1.8424e-08	-1.8022e-08	-1.7415e-08	-1.6976e-08	-1.7001e-08	-1.7279e-08	-1.7437e-08	-1.7254e-08	-1.6754e-08	-1.62e-08	-1.6013e-08
-2.6211e-08	-2.6705e-08	-2.728e-08	-2.7775e-08	-2.8057e-08	-2.8158e-08	-2.815e-08	-2.81e-08	-2.8059e-08	-2.8048e-08	-2.8027e-08	-2.7922e-08	-2.7716e-08	-2.7451e-08	-2.7137e-08	-2.6786e-08	-2.6441e-08	-2.6135e-08	-2.5938e-08	-2.5883e-08	-2.5907e-08	-2.5974e-08	-2.6037e-08	-2.6038e-08	-2.5923e-08	-2.5787e-08	-2.5945e-08	-2.6558e-08	-2.7421e-08	-2.815e-08	-2.8424e-08	-2.8025e-08	-2.6786e-08	-2.4746e-08	-2.2154e-08	-1.9342e-08	-1.6488e-08	-1.3574e-08	-1.0557e-08	-7.5235e-09	-4.5311e-09	-1.5283e-09	1.4874e-09	4.451e-09	7.3373e-09	1.0163e-08	1.2927e-08	1.5637e-08	1.8366e-08	2.117e-08	2.4027e-08	2.6933e-08	2.9899e-08	3.2908e-08	3.5951e-08	3.9046e-08	4.2222e-08	4.5388e-08	4.8322e-08	5.0879e-08	5.2796e-08	5.3843e-08	5.419e-08	5.4169e-08	5.406e-08	5.3837e-08	5.3303e-08	5.2346e-08	5.0893e-08	4.8877e-08	4.6349e-08	4.342e-08	4.0179e-08	3.6709e-08	3.3036e-08	2.9154e-08	2.519e-08	2.1462e-08	1.8026e-08	1.4491e-08	1.0501e-08	6.0556e-09	1.3899e-09	-3.2305e-09	-7.464e-09	-1.1017e-08	-1.3767e-08	-1.5705e-08	-1.6887e-08	-1.7461e-08	-1.7801e-08	-1.8263e-08	-1.8845e-08	-1.9351e-08	-1.9604e-08	-1.9647e-08	-1.9631e-08	-1.9513e-08	-1.9306e-08	-1.9168e-08	-1.9129e-08	-1.9204e-08	-1.9376e-08	-1.9501e-08	-1.9461e-08	-1.9255e-08	-1.8976e-08	-1.8812e-08	-1.8915e-08	-1.9293e-08	-1.9868e-08	-2.0475e-08	-2.0955e-08	-2.12e-08	-2.1259e-08	-2.1203e-08	-2.0883e-08	-2.0156e-08	-1.9253e-08	-1.8655e-08	-1.866e-08	-1.9181e-08	-1.9876e-08	-2.0316e-08	-2.0261e-08	-1.9843e-08	-1.9322e-08	-1.886e-08	-1.8547e-08	-1.8414e-08	-1.8411e-08	-1.8436e-08	-1.8493e-08	-1.8649e-08	-1.8841e-08	-1.8961e-08	-1.8928e-08	-1.882e-08	-1.8817e-08	-1.8963e-08	-1.916e-08	-1.9282e-08	-1.9267e-08	-1.9151e-08	-1.9056e-08	-1.8995e-08	-1.8853e-08	-1.8636e-08	-1.8527e-08	-1.8671e-08	-1.8974e-08	-1.9256e-08	-1.9332e-08	-1.9083e-08	-1.8677e-08	-1.8432e-08	-1.8425e-08	-1.8567e-08	-1.8693e-08	-1.8671e-08	-1.8603e-08	-1.8636e-08	-1.8769e-08	-1.9002e-08	-1.9206e-08	-1.9226e-08	-1.9088e-08	-1.8903e-08	-1.8746e-08	-1.8552e-08	-1.815e-08	-1.7549e-08	-1.7109e-08	-1.7141e-08	-1.7432e-08	-1.7602e-08	-1.7422e-08	-1.6922e-08	-1.6359e-08	-1.6161e-08
-2.6193e-08	-2.6536e-08	-2.6929e-08	-2.7243e-08	-2.7366e-08	-2.7339e-08	-2.7234e-08	-2.7116e-08	-2.703e-08	-2.6984e-08	-2.6939e-08	-2.6835e-08	-2.6676e-08	-2.6513e-08	-2.6345e-08	-2.6143e-08	-2.5919e-08	-2.5691e-08	-2.5554e-08	-2.5572e-08	-2.5677e-08	-2.5812e-08	-2.5929e-08	-2.598e-08	-2.5915e-08	-2.5817e-08	-2.5993e-08	-2.6609e-08	-2.7465e-08	-2.8199e-08	-2.8501e-08	-2.8165e-08	-2.7005e-08	-2.5028e-08	-2.2451e-08	-1.9588e-08	-1.666e-08	-1.3688e-08	-1.0626e-08	-7.5476e-09	-4.5145e-09	-1.4796e-09	1.5567e-09	4.5287e-09	7.4214e-09	1.0258e-08	1.3026e-08	1.5726e-08	1.8439e-08	2.1222e-08	2.4059e-08	2.6955e-08	2.9929e-08	3.2958e-08	3.6008e-08	3.9079e-08	4.2226e-08	4.5394e-08	4.837e-08	5.1008e-08	5.3025e-08	5.4139e-08	5.4503e-08	5.4451e-08	5.4296e-08	5.4034e-08	5.3466e-08	5.2474e-08	5.1e-08	4.8979e-08	4.6453e-08	4.352e-08	4.0258e-08	3.6748e-08	3.3031e-08	2.9114e-08	2.512e-08	2.1357e-08	1.7898e-08	1.4357e-08	1.0372e-08	5.933e-09	1.2688e-09	-3.3675e-09	-7.6376e-09	-1.1235e-08	-1.4016e-08	-1.5952e-08	-1.7101e-08	-1.7634e-08	-1.7939e-08	-1.8375e-08	-1.8942e-08	-1.9455e-08	-1.9727e-08	-1.9785e-08	-1.9782e-08	-1.9689e-08	-1.9511e-08	-1.9384e-08	-1.9335e-08	-1.9396e-08	-1.9571e-08	-1.9711e-08	-1.9686e-08	-1.947e-08	-1.9147e-08	-1.8918e-08	-1.897e-08	-1.9351e-08	-1.9976e-08	-2.0629e-08	-2.1114e-08	-2.1336e-08	-2.1401e-08	-2.1425e-08	-2.1242e-08	-2.0652e-08	-1.9839e-08	-1.9261e-08	-1.9226e-08	-1.9674e-08	-2.0295e-08	-2.0681e-08	-2.0594e-08	-2.0161e-08	-1.9629e-08	-1.9147e-08	-1.8811e-08	-1.8663e-08	-1.8648e-08	-1.8655e-08	-1.8685e-08	-1.8821e-08	-1.9006e-08	-1.9122e-08	-1.9088e-08	-1.8997e-08	-1.9044e-08	-1.925e-08	-1.9492e-08	-1.9629e-08	-1.9597e-08	-1.9446e-08	-1.9335e-08	-1.9305e-08	-1.9217e-08	-1.9037e-08	-1.8932e-08	-1.9055e-08	-1.9318e-08	-1.9559e-08	-1.9622e-08	-1.9381e-08	-1.8978e-08	-1.8737e-08	-1.8744e-08	-1.8893e-08	-1.9003e-08	-1.8953e-08	-1.8872e-08	-1.8919e-08	-1.9062e-08	-1.9272e-08	-1.9428e-08	-1.9414e-08	-1.9273e-08	-1.9084e-08	-1.8904e-08	-1.8693e-08	-1.8293e-08	-1.7702e-08	-1.7267e-08	-1.7308e-08	-1.7611e-08	-1.779e-08	-1.7611e-08	-1.7108e-08	-1.6539e-08	-1.633e-08
-2.6283e-08	-2.6487e-08	-2.6712e-08	-2.6861e-08	-2.6843e-08	-2.6707e-08	-2.6519e-08	-2.6339e-08	-2.6209e-08	-2.6122e-08	-2.6044e-08	-2.5928e-08	-2.5807e-08	-2.5746e-08	-2.5718e-08	-2.5654e-08	-2.5529e-08	-2.5356e-08	-2.5253e-08	-2.5321e-08	-2.5488e-08	-2.5678e-08	-2.5839e-08	-2.5935e-08	-2.5918e-08	-2.5857e-08	-2.6055e-08	-2.6672e-08	-2.7517e-08	-2.8245e-08	-2.8568e-08	-2.8288e-08	-2.7208e-08	-2.5306e-08	-2.2766e-08	-1.9877e-08	-1.6897e-08	-1.3885e-08	-1.0789e-08	-7.6692e-09	-4.5963e-09	-1.528e-09	1.5319e-09	4.5157e-09	7.4173e-09	1.0267e-08	1.3045e-08	1.5741e-08	1.844e-08	2.1207e-08	2.4026e-08	2.6914e-08	2.9896e-08	3.2948e-08	3.6012e-08	3.9063e-08	4.2174e-08	4.5333e-08	4.8338e-08	5.1047e-08	5.316e-08	5.4345e-08	5.4735e-08	5.4667e-08	5.4473e-08	5.4178e-08	5.358e-08	5.2557e-08	5.1062e-08	4.9038e-08	4.6518e-08	4.3586e-08	4.0307e-08	3.6759e-08	3.3e-08	2.9051e-08	2.5029e-08	2.1233e-08	1.7743e-08	1.419e-08	1.0208e-08	5.776e-09	1.1137e-09	-3.5424e-09	-7.8583e-09	-1.1511e-08	-1.4334e-08	-1.6277e-08	-1.7397e-08	-1.7886e-08	-1.8154e-08	-1.8558e-08	-1.9101e-08	-1.9606e-08	-1.9893e-08	-1.9963e-08	-1.9971e-08	-1.9904e-08	-1.9756e-08	-1.9645e-08	-1.9586e-08	-1.9639e-08	-1.9824e-08	-1.9988e-08	-1.9987e-08	-1.9772e-08	-1.9413e-08	-1.912e-08	-1.9114e-08	-1.9491e-08	-2.0166e-08	-2.0871e-08	-2.1367e-08	-2.1562e-08	-2.1624e-08	-2.1723e-08	-2.1676e-08	-2.123e-08	-2.0514e-08	-1.9959e-08	-1.988e-08	-2.0245e-08	-2.078e-08	-2.11e-08	-2.0974e-08	-2.0526e-08	-1.9984e-08	-1.9484e-08	-1.9127e-08	-1.8969e-08	-1.8949e-08	-1.8938e-08	-1.8938e-08	-1.9048e-08	-1.9216e-08	-1.9325e-08	-1.9287e-08	-1.9211e-08	-1.9306e-08	-1.9571e-08	-1.9855e-08	-2.0003e-08	-1.995e-08	-1.9761e-08	-1.9632e-08	-1.9633e-08	-1.9603e-08	-1.9465e-08	-1.9366e-08	-1.9469e-08	-1.9688e-08	-1.9883e-08	-1.9928e-08	-1.9693e-08	-1.9293e-08	-1.9053e-08	-1.9077e-08	-1.9235e-08	-1.9331e-08	-1.9254e-08	-1.9162e-08	-1.9224e-08	-1.9378e-08	-1.9564e-08	-1.9666e-08	-1.9613e-08	-1.9469e-08	-1.9277e-08	-1.9074e-08	-1.8844e-08	-1.8447e-08	-1.7871e-08	-1.7446e-08	-1.7496e-08	-1.781e-08	-1.7998e-08	-1.7817e-08	-1.7311e-08	-1.6738e-08	-1.6518e-08
-2.6475e-08	-2.6554e-08	-2.6625e-08	-2.6622e-08	-2.6481e-08	-2.6256e-08	-2.5997e-08	-2.5762e-08	-2.5587e-08	-2.5454e-08	-2.5334e-08	-2.5196e-08	-2.5104e-08	-2.5139e-08	-2.5247e-08	-2.5308e-08	-2.5264e-08	-2.5123e-08	-2.5031e-08	-2.5128e-08	-2.534e-08	-2.5571e-08	-2.5766e-08	-2.59e-08	-2.5928e-08	-2.5907e-08	-2.6129e-08	-2.6747e-08	-2.7578e-08	-2.8291e-08	-2.8624e-08	-2.8395e-08	-2.7396e-08	-2.5577e-08	-2.3094e-08	-2.0202e-08	-1.7189e-08	-1.4152e-08	-1.1032e-08	-7.8775e-09	-4.7661e-09	-1.6636e-09	1.4222e-09	4.4206e-09	7.3334e-09	1.02e-08	1.2992e-08	1.5687e-08	1.8377e-08	2.113e-08	2.3936e-08	2.6818e-08	2.9808e-08	3.2884e-08	3.5967e-08	3.9003e-08	4.2077e-08	4.5214e-08	4.8236e-08	5.1007e-08	5.3212e-08	5.4471e-08	5.4897e-08	5.4823e-08	5.4599e-08	5.4274e-08	5.3651e-08	5.26e-08	5.1085e-08	4.9059e-08	4.6547e-08	4.3621e-08	4.0329e-08	3.6747e-08	3.2948e-08	2.8968e-08	2.4923e-08	2.1094e-08	1.7569e-08	1.3997e-08	1.0014e-08	5.5905e-09	9.3103e-10	-3.7474e-09	-8.1165e-09	-1.1835e-08	-1.471e-08	-1.6667e-08	-1.7761e-08	-1.8206e-08	-1.8435e-08	-1.8803e-08	-1.9312e-08	-1.9801e-08	-2.0093e-08	-2.0175e-08	-2.0192e-08	-2.015e-08	-2.0036e-08	-1.9941e-08	-1.9873e-08	-1.9922e-08	-2.0124e-08	-2.032e-08	-2.0351e-08	-2.0146e-08	-1.976e-08	-1.9405e-08	-1.9335e-08	-1.9699e-08	-2.0423e-08	-2.1184e-08	-2.1694e-08	-2.1862e-08	-2.1915e-08	-2.2082e-08	-2.2169e-08	-2.1871e-08	-2.1257e-08	-2.0729e-08	-2.0605e-08	-2.0881e-08	-2.132e-08	-2.1565e-08	-2.1395e-08	-2.093e-08	-2.038e-08	-1.9861e-08	-1.9484e-08	-1.9322e-08	-1.9302e-08	-1.9275e-08	-1.9243e-08	-1.9321e-08	-1.9466e-08	-1.9563e-08	-1.9517e-08	-1.9453e-08	-1.9594e-08	-1.9916e-08	-2.0237e-08	-2.0394e-08	-2.0318e-08	-2.0089e-08	-1.9938e-08	-1.997e-08	-2e-08	-1.9907e-08	-1.9819e-08	-1.9902e-08	-2.0076e-08	-2.022e-08	-2.0243e-08	-2.0015e-08	-1.9618e-08	-1.9377e-08	-1.9415e-08	-1.9585e-08	-1.9668e-08	-1.9568e-08	-1.9466e-08	-1.9545e-08	-1.9713e-08	-1.9872e-08	-1.9914e-08	-1.9818e-08	-1.967e-08	-1.9477e-08	-1.9252e-08	-1.9002e-08	-1.8608e-08	-1.8051e-08	-1.764e-08	-1.7704e-08	-1.8027e-08	-1.8221e-08	-1.8035e-08	-1.7526e-08	-1.695e-08	-1.6719e-08
-2.6755e-08	-2.6723e-08	-2.6651e-08	-2.651e-08	-2.6264e-08	-2.5967e-08	-2.565e-08	-2.5365e-08	-2.5147e-08	-2.4965e-08	-2.4796e-08	-2.4624e-08	-2.4552e-08	-2.4678e-08	-2.4918e-08	-2.5094e-08	-2.5112e-08	-2.4984e-08	-2.4882e-08	-2.4988e-08	-2.5229e-08	-2.5489e-08	-2.5708e-08	-2.5874e-08	-2.5945e-08	-2.5964e-08	-2.6212e-08	-2.6834e-08	-2.7646e-08	-2.8338e-08	-2.8672e-08	-2.8487e-08	-2.7567e-08	-2.5839e-08	-2.3429e-08	-2.0553e-08	-1.7525e-08	-1.4479e-08	-1.1346e-08	-8.1615e-09	-5.0133e-09	-1.8765e-09	1.237e-09	4.2524e-09	7.1783e-09	1.0065e-08	1.2875e-08	1.5573e-08	1.8257e-08	2.1e-08	2.3795e-08	2.6673e-08	2.967e-08	3.2771e-08	3.5881e-08	3.8906e-08	4.1941e-08	4.5049e-08	4.8075e-08	5.09e-08	5.3193e-08	5.4528e-08	5.4998e-08	5.4929e-08	5.4682e-08	5.433e-08	5.3686e-08	5.2608e-08	5.1073e-08	4.9047e-08	4.6547e-08	4.363e-08	4.0329e-08	3.6715e-08	3.2879e-08	2.887e-08	2.4805e-08	2.0945e-08	1.7381e-08	1.3784e-08	9.7978e-09	5.3828e-09	7.2728e-10	-3.9748e-09	-8.4027e-09	-1.2195e-08	-1.5132e-08	-1.7111e-08	-1.8182e-08	-1.8581e-08	-1.8771e-08	-1.91e-08	-1.9568e-08	-2.003e-08	-2.0322e-08	-2.0413e-08	-2.0438e-08	-2.042e-08	-2.0341e-08	-2.0265e-08	-2.0188e-08	-2.0237e-08	-2.0461e-08	-2.0693e-08	-2.0764e-08	-2.0577e-08	-2.0171e-08	-1.9759e-08	-1.962e-08	-1.9964e-08	-2.0732e-08	-2.155e-08	-2.208e-08	-2.2219e-08	-2.2257e-08	-2.2486e-08	-2.2704e-08	-2.2554e-08	-2.2049e-08	-2.1553e-08	-2.1384e-08	-2.1568e-08	-2.1905e-08	-2.2068e-08	-2.1848e-08	-2.1367e-08	-2.0807e-08	-2.0269e-08	-1.9873e-08	-1.971e-08	-1.9696e-08	-1.9655e-08	-1.9591e-08	-1.9631e-08	-1.9748e-08	-1.9829e-08	-1.9772e-08	-1.9715e-08	-1.9898e-08	-2.0274e-08	-2.0628e-08	-2.0791e-08	-2.069e-08	-2.0421e-08	-2.0247e-08	-2.0307e-08	-2.0397e-08	-2.0354e-08	-2.0277e-08	-2.0343e-08	-2.0471e-08	-2.0563e-08	-2.0562e-08	-2.0338e-08	-1.9944e-08	-1.97e-08	-1.9753e-08	-1.9936e-08	-2.001e-08	-1.9888e-08	-1.9777e-08	-1.9874e-08	-2.0058e-08	-2.0191e-08	-2.0167e-08	-2.0023e-08	-1.9872e-08	-1.968e-08	-1.9434e-08	-1.9165e-08	-1.8774e-08	-1.8238e-08	-1.7847e-08	-1.7925e-08	-1.8257e-08	-1.8454e-08	-1.8261e-08	-1.7748e-08	-1.7173e-08	-1.693e-08
-2.7108e-08	-2.6976e-08	-2.6776e-08	-2.6508e-08	-2.6172e-08	-2.5819e-08	-2.5457e-08	-2.513e-08	-2.4872e-08	-2.464e-08	-2.4416e-08	-2.42e-08	-2.4137e-08	-2.4348e-08	-2.4714e-08	-2.4995e-08	-2.5062e-08	-2.4929e-08	-2.4799e-08	-2.4896e-08	-2.5153e-08	-2.543e-08	-2.5663e-08	-2.5855e-08	-2.5967e-08	-2.6027e-08	-2.6303e-08	-2.693e-08	-2.7722e-08	-2.8386e-08	-2.8715e-08	-2.8565e-08	-2.7722e-08	-2.609e-08	-2.3765e-08	-2.0924e-08	-1.7897e-08	-1.4853e-08	-1.1719e-08	-8.5102e-09	-5.3275e-09	-2.1567e-09	9.8559e-10	4.0199e-09	6.9607e-09	9.8689e-09	1.2701e-08	1.5406e-08	1.8086e-08	2.0822e-08	2.361e-08	2.6487e-08	2.9492e-08	3.2618e-08	3.5759e-08	3.8779e-08	4.1774e-08	4.4844e-08	4.7865e-08	5.0736e-08	5.3114e-08	5.4526e-08	5.5047e-08	5.4993e-08	5.4729e-08	5.4353e-08	5.3689e-08	5.2588e-08	5.1033e-08	4.9006e-08	4.652e-08	4.3617e-08	4.0311e-08	3.6668e-08	3.2796e-08	2.8761e-08	2.468e-08	2.0791e-08	1.7186e-08	1.3558e-08	9.5654e-09	5.1592e-09	5.0878e-10	-4.2171e-09	-8.7075e-09	-1.2581e-08	-1.5587e-08	-1.7596e-08	-1.8647e-08	-1.9001e-08	-1.915e-08	-1.9437e-08	-1.986e-08	-2.0288e-08	-2.0573e-08	-2.0672e-08	-2.0704e-08	-2.0707e-08	-2.0665e-08	-2.0609e-08	-2.0524e-08	-2.0575e-08	-2.0825e-08	-2.1099e-08	-2.1213e-08	-2.105e-08	-2.0632e-08	-2.0167e-08	-1.9956e-08	-2.0271e-08	-2.1077e-08	-2.1952e-08	-2.2506e-08	-2.2619e-08	-2.2638e-08	-2.2922e-08	-2.3263e-08	-2.3261e-08	-2.287e-08	-2.2411e-08	-2.22e-08	-2.2292e-08	-2.2523e-08	-2.2599e-08	-2.2327e-08	-2.183e-08	-2.126e-08	-2.0699e-08	-2.0282e-08	-2.0123e-08	-2.0118e-08	-2.0068e-08	-1.9971e-08	-1.9972e-08	-2.0056e-08	-2.0117e-08	-2.0045e-08	-1.9989e-08	-2.0208e-08	-2.0632e-08	-2.1016e-08	-2.1181e-08	-2.1057e-08	-2.0749e-08	-2.055e-08	-2.0634e-08	-2.0784e-08	-2.0792e-08	-2.073e-08	-2.078e-08	-2.0863e-08	-2.0903e-08	-2.0876e-08	-2.0658e-08	-2.0268e-08	-2.0019e-08	-2.0085e-08	-2.0282e-08	-2.0349e-08	-2.0207e-08	-2.0089e-08	-2.0205e-08	-2.0407e-08	-2.0513e-08	-2.0421e-08	-2.0225e-08	-2.007e-08	-1.988e-08	-1.9615e-08	-1.9328e-08	-1.894e-08	-1.843e-08	-1.8062e-08	-1.8156e-08	-1.8495e-08	-1.8693e-08	-1.8492e-08	-1.7975e-08	-1.7402e-08	-1.7148e-08
-2.7517e-08	-2.7299e-08	-2.6983e-08	-2.66e-08	-2.6189e-08	-2.5796e-08	-2.54e-08	-2.5039e-08	-2.4744e-08	-2.4462e-08	-2.4179e-08	-2.391e-08	-2.3847e-08	-2.4136e-08	-2.462e-08	-2.4999e-08	-2.5101e-08	-2.4948e-08	-2.4775e-08	-2.4849e-08	-2.5108e-08	-2.5391e-08	-2.563e-08	-2.5842e-08	-2.5991e-08	-2.6092e-08	-2.6399e-08	-2.7034e-08	-2.7806e-08	-2.8438e-08	-2.8753e-08	-2.8632e-08	-2.7862e-08	-2.6327e-08	-2.4099e-08	-2.1306e-08	-1.8294e-08	-1.5266e-08	-1.2139e-08	-8.9126e-09	-5.6979e-09	-2.4939e-09	6.7742e-10	3.7319e-09	6.6892e-09	9.6211e-09	1.2479e-08	1.5193e-08	1.7874e-08	2.0605e-08	2.3389e-08	2.6267e-08	2.9278e-08	3.243e-08	3.5607e-08	3.8628e-08	4.1583e-08	4.461e-08	4.7617e-08	5.0525e-08	5.2985e-08	5.4476e-08	5.5053e-08	5.5024e-08	5.4748e-08	5.4349e-08	5.3667e-08	5.2544e-08	5.0969e-08	4.8941e-08	4.6471e-08	4.3585e-08	4.0277e-08	3.6609e-08	3.2704e-08	2.8645e-08	2.4552e-08	2.0638e-08	1.6989e-08	1.3327e-08	9.3237e-09	4.9261e-09	2.8178e-10	-4.4671e-09	-9.0221e-09	-1.2981e-08	-1.6063e-08	-1.8109e-08	-1.9145e-08	-1.9452e-08	-1.9561e-08	-1.9805e-08	-2.0179e-08	-2.0566e-08	-2.084e-08	-2.0945e-08	-2.0982e-08	-2.1005e-08	-2.1001e-08	-2.0965e-08	-2.0872e-08	-2.0927e-08	-2.1208e-08	-2.1524e-08	-2.1685e-08	-2.155e-08	-2.1127e-08	-2.0615e-08	-2.033e-08	-2.061e-08	-2.1444e-08	-2.2374e-08	-2.2955e-08	-2.3044e-08	-2.3042e-08	-2.3374e-08	-2.3831e-08	-2.3972e-08	-2.3697e-08	-2.3282e-08	-2.3036e-08	-2.3039e-08	-2.3163e-08	-2.3149e-08	-2.2825e-08	-2.231e-08	-2.1729e-08	-2.1142e-08	-2.0702e-08	-2.0548e-08	-2.0558e-08	-2.0501e-08	-2.0374e-08	-2.0334e-08	-2.0382e-08	-2.042e-08	-2.0328e-08	-2.0269e-08	-2.0516e-08	-2.098e-08	-2.1387e-08	-2.1554e-08	-2.1409e-08	-2.1066e-08	-2.084e-08	-2.0945e-08	-2.115e-08	-2.121e-08	-2.1165e-08	-2.12e-08	-2.1242e-08	-2.1232e-08	-2.1179e-08	-2.0967e-08	-2.0582e-08	-2.0326e-08	-2.0404e-08	-2.0616e-08	-2.0678e-08	-2.052e-08	-2.0396e-08	-2.053e-08	-2.075e-08	-2.0831e-08	-2.0669e-08	-2.0419e-08	-2.0257e-08	-2.0072e-08	-1.9792e-08	-1.9489e-08	-1.9105e-08	-1.8623e-08	-1.8285e-08	-1.8395e-08	-1.8736e-08	-1.8929e-08	-1.8719e-08	-1.8202e-08	-1.7638e-08	-1.7379e-08
-2.7966e-08	-2.7675e-08	-2.7255e-08	-2.6769e-08	-2.6294e-08	-2.5876e-08	-2.5459e-08	-2.5071e-08	-2.4745e-08	-2.4414e-08	-2.4071e-08	-2.3742e-08	-2.3669e-08	-2.4026e-08	-2.4621e-08	-2.5089e-08	-2.5217e-08	-2.5032e-08	-2.4802e-08	-2.484e-08	-2.509e-08	-2.537e-08	-2.5606e-08	-2.5832e-08	-2.6016e-08	-2.6159e-08	-2.65e-08	-2.7145e-08	-2.7897e-08	-2.8493e-08	-2.8788e-08	-2.869e-08	-2.7986e-08	-2.6549e-08	-2.4426e-08	-2.1693e-08	-1.8706e-08	-1.5704e-08	-1.2595e-08	-9.3576e-09	-6.1141e-09	-2.878e-09	3.2203e-10	3.3975e-09	6.3725e-09	9.3297e-09	1.2215e-08	1.4942e-08	1.7626e-08	2.0356e-08	2.3138e-08	2.602e-08	2.9038e-08	3.2215e-08	3.5431e-08	3.8458e-08	4.1376e-08	4.4354e-08	4.734e-08	5.028e-08	5.2817e-08	5.4389e-08	5.5027e-08	5.5029e-08	5.4747e-08	5.4325e-08	5.3627e-08	5.2482e-08	5.0886e-08	4.8858e-08	4.6405e-08	4.3537e-08	4.0231e-08	3.6541e-08	3.2607e-08	2.8527e-08	2.4426e-08	2.049e-08	1.6797e-08	1.3096e-08	9.0795e-09	4.6897e-09	5.2456e-11	-4.718e-09	-9.3378e-09	-1.3386e-08	-1.655e-08	-1.8639e-08	-1.9663e-08	-1.9924e-08	-1.9992e-08	-2.0194e-08	-2.0516e-08	-2.0859e-08	-2.1116e-08	-2.1226e-08	-2.1266e-08	-2.1307e-08	-2.1339e-08	-2.1325e-08	-2.1224e-08	-2.1287e-08	-2.1599e-08	-2.1958e-08	-2.2165e-08	-2.2061e-08	-2.1639e-08	-2.1089e-08	-2.0735e-08	-2.0971e-08	-2.1821e-08	-2.2794e-08	-2.3402e-08	-2.3476e-08	-2.3459e-08	-2.3832e-08	-2.4387e-08	-2.4662e-08	-2.4509e-08	-2.415e-08	-2.3876e-08	-2.3795e-08	-2.381e-08	-2.3705e-08	-2.333e-08	-2.2801e-08	-2.2207e-08	-2.1592e-08	-2.113e-08	-2.0979e-08	-2.1001e-08	-2.0943e-08	-2.0792e-08	-2.0711e-08	-2.0719e-08	-2.0728e-08	-2.0616e-08	-2.0554e-08	-2.0819e-08	-2.1305e-08	-2.1724e-08	-2.1889e-08	-2.173e-08	-2.1367e-08	-2.1122e-08	-2.1233e-08	-2.1482e-08	-2.1593e-08	-2.1572e-08	-2.1593e-08	-2.1595e-08	-2.154e-08	-2.1461e-08	-2.1254e-08	-2.0885e-08	-2.063e-08	-2.0709e-08	-2.0925e-08	-2.0982e-08	-2.0821e-08	-2.07e-08	-2.0846e-08	-2.1076e-08	-2.1129e-08	-2.0905e-08	-2.0606e-08	-2.0431e-08	-2.0247e-08	-1.9959e-08	-1.9642e-08	-1.9263e-08	-1.8818e-08	-1.8521e-08	-1.8641e-08	-1.8973e-08	-1.9151e-08	-1.8934e-08	-1.8425e-08	-1.7881e-08	-1.7625e-08
-2.8439e-08	-2.8089e-08	-2.7578e-08	-2.6997e-08	-2.6472e-08	-2.6041e-08	-2.5615e-08	-2.5209e-08	-2.4857e-08	-2.4481e-08	-2.4077e-08	-2.3682e-08	-2.3589e-08	-2.4005e-08	-2.4703e-08	-2.5252e-08	-2.5396e-08	-2.517e-08	-2.4874e-08	-2.4865e-08	-2.5095e-08	-2.5363e-08	-2.559e-08	-2.5824e-08	-2.604e-08	-2.6224e-08	-2.6602e-08	-2.7261e-08	-2.7995e-08	-2.8553e-08	-2.8823e-08	-2.8738e-08	-2.8095e-08	-2.6755e-08	-2.4741e-08	-2.2078e-08	-1.9126e-08	-1.6159e-08	-1.3075e-08	-9.8341e-09	-6.5654e-09	-3.2989e-09	-7.1521e-11	3.0251e-09	6.0193e-09	9.0028e-09	1.1917e-08	1.466e-08	1.735e-08	2.0081e-08	2.2866e-08	2.5755e-08	2.8779e-08	3.1979e-08	3.5235e-08	3.8275e-08	4.116e-08	4.4086e-08	4.7045e-08	5.0005e-08	5.2607e-08	5.426e-08	5.4968e-08	5.5012e-08	5.473e-08	5.4284e-08	5.3565e-08	5.2399e-08	5.0782e-08	4.8752e-08	4.6317e-08	4.3469e-08	4.0168e-08	3.6463e-08	3.2505e-08	2.841e-08	2.431e-08	2.0357e-08	1.6613e-08	1.2865e-08	8.8299e-09	4.4495e-09	-1.7758e-10	-4.9593e-09	-9.6291e-09	-1.3756e-08	-1.6999e-08	-1.9137e-08	-2.0163e-08	-2.0398e-08	-2.0437e-08	-2.0595e-08	-2.0863e-08	-2.1156e-08	-2.1391e-08	-2.1507e-08	-2.1552e-08	-2.1608e-08	-2.1672e-08	-2.1677e-08	-2.1579e-08	-2.1654e-08	-2.1991e-08	-2.2386e-08	-2.2632e-08	-2.256e-08	-2.215e-08	-2.1579e-08	-2.1171e-08	-2.1359e-08	-2.2196e-08	-2.3189e-08	-2.382e-08	-2.3899e-08	-2.3884e-08	-2.4285e-08	-2.4913e-08	-2.5308e-08	-2.5279e-08	-2.4988e-08	-2.47e-08	-2.4542e-08	-2.4452e-08	-2.4258e-08	-2.3838e-08	-2.3294e-08	-2.2686e-08	-2.2042e-08	-2.1556e-08	-2.1404e-08	-2.1435e-08	-2.138e-08	-2.1213e-08	-2.1094e-08	-2.106e-08	-2.1036e-08	-2.0905e-08	-2.0836e-08	-2.1104e-08	-2.1597e-08	-2.2018e-08	-2.2179e-08	-2.2012e-08	-2.164e-08	-2.1382e-08	-2.1492e-08	-2.1773e-08	-2.1931e-08	-2.1935e-08	-2.1943e-08	-2.1912e-08	-2.182e-08	-2.1719e-08	-2.1519e-08	-2.1166e-08	-2.0913e-08	-2.099e-08	-2.1207e-08	-2.1263e-08	-2.1103e-08	-2.0988e-08	-2.1141e-08	-2.1379e-08	-2.1408e-08	-2.1126e-08	-2.078e-08	-2.0585e-08	-2.0402e-08	-2.0111e-08	-1.9788e-08	-1.9417e-08	-1.9007e-08	-1.8751e-08	-1.8882e-08	-1.9204e-08	-1.9367e-08	-1.9142e-08	-1.8642e-08	-1.8118e-08	-1.7866e-08
-2.8915e-08	-2.8521e-08	-2.7934e-08	-2.7272e-08	-2.6707e-08	-2.6274e-08	-2.5848e-08	-2.5433e-08	-2.506e-08	-2.4645e-08	-2.4183e-08	-2.3726e-08	-2.3609e-08	-2.4067e-08	-2.4845e-08	-2.546e-08	-2.5613e-08	-2.5348e-08	-2.4991e-08	-2.4925e-08	-2.5122e-08	-2.5367e-08	-2.5579e-08	-2.5817e-08	-2.6061e-08	-2.6293e-08	-2.6711e-08	-2.7381e-08	-2.8092e-08	-2.8609e-08	-2.8848e-08	-2.8763e-08	-2.8167e-08	-2.6919e-08	-2.5016e-08	-2.2443e-08	-1.9543e-08	-1.6614e-08	-1.3562e-08	-1.0329e-08	-7.0408e-09	-3.7478e-09	-4.9774e-10	2.6209e-09	5.6382e-09	8.6471e-09	1.1588e-08	1.4353e-08	1.7055e-08	1.9791e-08	2.2583e-08	2.5481e-08	2.8513e-08	3.1732e-08	3.502e-08	3.8079e-08	4.0942e-08	4.3817e-08	4.6743e-08	4.9709e-08	5.2359e-08	5.4094e-08	5.4881e-08	5.498e-08	5.4705e-08	5.4233e-08	5.3488e-08	5.2301e-08	5.0664e-08	4.8632e-08	4.6214e-08	4.3385e-08	4.0093e-08	3.638e-08	3.2405e-08	2.8301e-08	2.4205e-08	2.0238e-08	1.6445e-08	1.2645e-08	8.5899e-09	4.217e-09	-4.0019e-10	-5.189e-09	-9.9018e-09	-1.4104e-08	-1.7425e-08	-1.9617e-08	-2.0654e-08	-2.0869e-08	-2.0878e-08	-2.0994e-08	-2.1209e-08	-2.1452e-08	-2.1663e-08	-2.1782e-08	-2.1832e-08	-2.19e-08	-2.1993e-08	-2.2015e-08	-2.1923e-08	-2.2012e-08	-2.2373e-08	-2.2802e-08	-2.3084e-08	-2.304e-08	-2.2646e-08	-2.2063e-08	-2.1607e-08	-2.1743e-08	-2.2553e-08	-2.3552e-08	-2.4204e-08	-2.4298e-08	-2.4291e-08	-2.4715e-08	-2.5403e-08	-2.5903e-08	-2.5992e-08	-2.5775e-08	-2.5485e-08	-2.5263e-08	-2.5078e-08	-2.4804e-08	-2.4343e-08	-2.3784e-08	-2.3158e-08	-2.2481e-08	-2.1967e-08	-2.181e-08	-2.185e-08	-2.1802e-08	-2.1625e-08	-2.1472e-08	-2.1398e-08	-2.134e-08	-2.1186e-08	-2.1103e-08	-2.1361e-08	-2.1847e-08	-2.2259e-08	-2.2415e-08	-2.2248e-08	-2.1878e-08	-2.1609e-08	-2.1711e-08	-2.2015e-08	-2.2214e-08	-2.2242e-08	-2.224e-08	-2.2183e-08	-2.2064e-08	-2.1946e-08	-2.1754e-08	-2.1419e-08	-2.1168e-08	-2.124e-08	-2.1456e-08	-2.1514e-08	-2.136e-08	-2.1251e-08	-2.141e-08	-2.1653e-08	-2.1659e-08	-2.1328e-08	-2.0935e-08	-2.0717e-08	-2.0532e-08	-2.0245e-08	-1.9922e-08	-1.9562e-08	-1.9188e-08	-1.8971e-08	-1.9114e-08	-1.9426e-08	-1.9571e-08	-1.9339e-08	-1.885e-08	-1.8347e-08	-1.8099e-08
-2.9374e-08	-2.8953e-08	-2.8306e-08	-2.7579e-08	-2.6985e-08	-2.6554e-08	-2.6138e-08	-2.5723e-08	-2.5336e-08	-2.4887e-08	-2.4372e-08	-2.3858e-08	-2.3715e-08	-2.4198e-08	-2.5033e-08	-2.5699e-08	-2.5858e-08	-2.5556e-08	-2.5139e-08	-2.5011e-08	-2.5164e-08	-2.538e-08	-2.5573e-08	-2.5809e-08	-2.6079e-08	-2.6358e-08	-2.6817e-08	-2.7499e-08	-2.8191e-08	-2.867e-08	-2.8877e-08	-2.8784e-08	-2.8227e-08	-2.7066e-08	-2.5271e-08	-2.2791e-08	-1.995e-08	-1.7063e-08	-1.4049e-08	-1.0831e-08	-7.5293e-09	-4.2129e-09	-9.4234e-10	2.1975e-09	5.2387e-09	8.2734e-09	1.1241e-08	1.4029e-08	1.6746e-08	1.949e-08	2.2292e-08	2.5201e-08	2.8243e-08	3.1478e-08	3.4798e-08	3.788e-08	4.0727e-08	4.3552e-08	4.6444e-08	4.9411e-08	5.2106e-08	5.3924e-08	5.4791e-08	5.4947e-08	5.4681e-08	5.4184e-08	5.3412e-08	5.2202e-08	5.0545e-08	4.851e-08	4.6107e-08	4.3298e-08	4.0017e-08	3.63e-08	3.2313e-08	2.8204e-08	2.4114e-08	2.0135e-08	1.6296e-08	1.2447e-08	8.3701e-09	4.0012e-09	-6.0801e-10	-5.4019e-09	-1.0152e-08	-1.4425e-08	-1.7824e-08	-2.0073e-08	-2.1128e-08	-2.1325e-08	-2.1305e-08	-2.1379e-08	-2.1545e-08	-2.1742e-08	-2.1927e-08	-2.2047e-08	-2.2102e-08	-2.218e-08	-2.2294e-08	-2.2332e-08	-2.2249e-08	-2.2353e-08	-2.2737e-08	-2.3195e-08	-2.3508e-08	-2.349e-08	-2.3113e-08	-2.2524e-08	-2.203e-08	-2.2111e-08	-2.2879e-08	-2.3869e-08	-2.4537e-08	-2.4654e-08	-2.4665e-08	-2.5108e-08	-2.5842e-08	-2.6429e-08	-2.6628e-08	-2.6489e-08	-2.621e-08	-2.594e-08	-2.5675e-08	-2.5333e-08	-2.4838e-08	-2.4264e-08	-2.3617e-08	-2.29e-08	-2.2353e-08	-2.2186e-08	-2.2235e-08	-2.2197e-08	-2.2016e-08	-2.1835e-08	-2.1724e-08	-2.1632e-08	-2.1452e-08	-2.1348e-08	-2.1581e-08	-2.2043e-08	-2.2437e-08	-2.2586e-08	-2.2427e-08	-2.2068e-08	-2.1795e-08	-2.1883e-08	-2.2199e-08	-2.2432e-08	-2.2482e-08	-2.2472e-08	-2.2395e-08	-2.226e-08	-2.2136e-08	-2.1954e-08	-2.1637e-08	-2.1389e-08	-2.1453e-08	-2.1666e-08	-2.1728e-08	-2.1585e-08	-2.1483e-08	-2.1644e-08	-2.1889e-08	-2.1877e-08	-2.1503e-08	-2.1067e-08	-2.0821e-08	-2.0633e-08	-2.0355e-08	-2.004e-08	-1.9697e-08	-1.9357e-08	-1.9179e-08	-1.9334e-08	-1.9635e-08	-1.976e-08	-1.952e-08	-1.9044e-08	-1.8564e-08	-1.8318e-08
-2.9807e-08	-2.9372e-08	-2.8681e-08	-2.79e-08	-2.7285e-08	-2.6864e-08	-2.6466e-08	-2.606e-08	-2.5666e-08	-2.519e-08	-2.4629e-08	-2.4062e-08	-2.3887e-08	-2.4378e-08	-2.5254e-08	-2.5959e-08	-2.612e-08	-2.5783e-08	-2.5306e-08	-2.5114e-08	-2.5218e-08	-2.5399e-08	-2.5568e-08	-2.58e-08	-2.6092e-08	-2.6417e-08	-2.6916e-08	-2.7613e-08	-2.8291e-08	-2.8738e-08	-2.8912e-08	-2.8806e-08	-2.828e-08	-2.7196e-08	-2.5504e-08	-2.3119e-08	-2.0339e-08	-1.7496e-08	-1.4524e-08	-1.1329e-08	-8.0197e-09	-4.6838e-09	-1.3953e-09	1.7645e-09	4.8295e-09	7.8902e-09	1.0885e-08	1.3697e-08	1.6431e-08	1.9187e-08	2.2001e-08	2.4923e-08	2.7975e-08	3.1226e-08	3.4576e-08	3.7683e-08	4.052e-08	4.3301e-08	4.6158e-08	4.9123e-08	5.1859e-08	5.3759e-08	5.4709e-08	5.4922e-08	5.4667e-08	5.4145e-08	5.3342e-08	5.2108e-08	5.043e-08	4.8391e-08	4.6001e-08	4.3211e-08	3.9942e-08	3.6225e-08	3.2232e-08	2.8123e-08	2.404e-08	2.0052e-08	1.6171e-08	1.2277e-08	8.1772e-09	3.8085e-09	-7.9479e-10	-5.5916e-09	-1.0374e-08	-1.471e-08	-1.8184e-08	-2.0493e-08	-2.1571e-08	-2.1756e-08	-2.1704e-08	-2.1738e-08	-2.186e-08	-2.2015e-08	-2.2176e-08	-2.2294e-08	-2.2353e-08	-2.2439e-08	-2.257e-08	-2.262e-08	-2.2549e-08	-2.2668e-08	-2.3074e-08	-2.3557e-08	-2.3893e-08	-2.3896e-08	-2.3536e-08	-2.2949e-08	-2.2426e-08	-2.245e-08	-2.3161e-08	-2.4124e-08	-2.4803e-08	-2.4952e-08	-2.499e-08	-2.545e-08	-2.6214e-08	-2.687e-08	-2.7167e-08	-2.7109e-08	-2.6857e-08	-2.6556e-08	-2.6229e-08	-2.5833e-08	-2.5314e-08	-2.4727e-08	-2.4054e-08	-2.3292e-08	-2.2705e-08	-2.2523e-08	-2.2579e-08	-2.2555e-08	-2.2376e-08	-2.2175e-08	-2.2031e-08	-2.1905e-08	-2.1698e-08	-2.1564e-08	-2.1757e-08	-2.2178e-08	-2.2541e-08	-2.268e-08	-2.2537e-08	-2.2204e-08	-2.1933e-08	-2.2002e-08	-2.2317e-08	-2.2575e-08	-2.2644e-08	-2.2628e-08	-2.254e-08	-2.2402e-08	-2.228e-08	-2.2114e-08	-2.1816e-08	-2.1572e-08	-2.1625e-08	-2.1832e-08	-2.19e-08	-2.1773e-08	-2.168e-08	-2.1841e-08	-2.2084e-08	-2.2056e-08	-2.1648e-08	-2.1172e-08	-2.0896e-08	-2.0702e-08	-2.0439e-08	-2.0142e-08	-1.9819e-08	-1.9512e-08	-1.9371e-08	-1.9538e-08	-1.9828e-08	-1.9932e-08	-1.9685e-08	-1.9222e-08	-1.8766e-08	-1.8524e-08
-3.0199e-08	-2.9763e-08	-2.9042e-08	-2.8221e-08	-2.7591e-08	-2.7185e-08	-2.6812e-08	-2.6423e-08	-2.603e-08	-2.5538e-08	-2.4937e-08	-2.4323e-08	-2.4111e-08	-2.4596e-08	-2.5494e-08	-2.6226e-08	-2.6387e-08	-2.6016e-08	-2.5484e-08	-2.5226e-08	-2.5279e-08	-2.5421e-08	-2.5564e-08	-2.5787e-08	-2.6099e-08	-2.6467e-08	-2.7007e-08	-2.7721e-08	-2.8391e-08	-2.8811e-08	-2.8954e-08	-2.883e-08	-2.8326e-08	-2.7311e-08	-2.5713e-08	-2.342e-08	-2.0702e-08	-1.7904e-08	-1.4976e-08	-1.1811e-08	-8.5012e-09	-5.1498e-09	-1.8465e-09	1.3311e-09	4.4196e-09	7.5064e-09	1.0527e-08	1.3365e-08	1.6118e-08	1.8887e-08	2.1716e-08	2.4653e-08	2.7716e-08	3.0982e-08	3.4359e-08	3.7496e-08	4.0328e-08	4.307e-08	4.5893e-08	4.8853e-08	5.1629e-08	5.3612e-08	5.4645e-08	5.4915e-08	5.4672e-08	5.4123e-08	5.3287e-08	5.2025e-08	5.0326e-08	4.8281e-08	4.5902e-08	4.3128e-08	3.9873e-08	3.616e-08	3.2166e-08	2.8063e-08	2.3989e-08	1.9994e-08	1.6076e-08	1.2141e-08	8.018e-09	3.6458e-09	-9.5423e-10	-5.7518e-09	-1.0558e-08	-1.495e-08	-1.8495e-08	-2.0866e-08	-2.1972e-08	-2.2147e-08	-2.2064e-08	-2.2061e-08	-2.2144e-08	-2.2263e-08	-2.2402e-08	-2.2518e-08	-2.2581e-08	-2.2672e-08	-2.2813e-08	-2.2872e-08	-2.2815e-08	-2.295e-08	-2.3374e-08	-2.3877e-08	-2.4229e-08	-2.4244e-08	-2.3899e-08	-2.3321e-08	-2.2779e-08	-2.2746e-08	-2.3386e-08	-2.4303e-08	-2.4984e-08	-2.5173e-08	-2.5249e-08	-2.5727e-08	-2.6506e-08	-2.7209e-08	-2.7592e-08	-2.7619e-08	-2.7407e-08	-2.7096e-08	-2.6727e-08	-2.6294e-08	-2.5762e-08	-2.5165e-08	-2.4464e-08	-2.3651e-08	-2.3016e-08	-2.2812e-08	-2.2872e-08	-2.2865e-08	-2.2697e-08	-2.2483e-08	-2.2312e-08	-2.2155e-08	-2.1919e-08	-2.1747e-08	-2.1884e-08	-2.2247e-08	-2.2567e-08	-2.2694e-08	-2.2575e-08	-2.2281e-08	-2.2021e-08	-2.2066e-08	-2.237e-08	-2.2643e-08	-2.2729e-08	-2.2709e-08	-2.2617e-08	-2.2487e-08	-2.2379e-08	-2.2232e-08	-2.1956e-08	-2.1717e-08	-2.1758e-08	-2.1955e-08	-2.2032e-08	-2.1924e-08	-2.1842e-08	-2.2e-08	-2.2239e-08	-2.2198e-08	-2.1764e-08	-2.1253e-08	-2.0946e-08	-2.0744e-08	-2.0499e-08	-2.0227e-08	-1.9929e-08	-1.9655e-08	-1.9548e-08	-1.9725e-08	-2.0005e-08	-2.0087e-08	-1.9832e-08	-1.9385e-08	-1.8954e-08	-1.8716e-08
-3.0533e-08	-3.011e-08	-2.9373e-08	-2.8524e-08	-2.7886e-08	-2.75e-08	-2.7157e-08	-2.6793e-08	-2.641e-08	-2.5911e-08	-2.5282e-08	-2.4626e-08	-2.4375e-08	-2.4837e-08	-2.5737e-08	-2.6483e-08	-2.6643e-08	-2.6243e-08	-2.5662e-08	-2.5342e-08	-2.534e-08	-2.5443e-08	-2.5556e-08	-2.5769e-08	-2.6097e-08	-2.6507e-08	-2.7086e-08	-2.782e-08	-2.8489e-08	-2.889e-08	-2.9005e-08	-2.8859e-08	-2.8367e-08	-2.7409e-08	-2.5897e-08	-2.369e-08	-2.1033e-08	-1.8277e-08	-1.5396e-08	-1.2267e-08	-8.9626e-09	-5.6005e-09	-2.2859e-09	9.0688e-10	4.0179e-09	7.1304e-09	1.0177e-08	1.3039e-08	1.5812e-08	1.8599e-08	2.1446e-08	2.4399e-08	2.7474e-08	3.0753e-08	3.4156e-08	3.7323e-08	4.0157e-08	4.2867e-08	4.566e-08	4.8613e-08	5.1426e-08	5.3494e-08	5.4611e-08	5.4936e-08	5.4704e-08	5.4127e-08	5.3252e-08	5.1959e-08	5.0237e-08	4.8185e-08	4.5814e-08	4.3055e-08	3.9813e-08	3.6109e-08	3.212e-08	2.8026e-08	2.3964e-08	1.9964e-08	1.6016e-08	1.2044e-08	7.8991e-09	3.5199e-09	-1.08e-09	-5.8763e-09	-1.0698e-08	-1.5137e-08	-1.8746e-08	-2.1178e-08	-2.2318e-08	-2.2488e-08	-2.2374e-08	-2.2336e-08	-2.2387e-08	-2.2478e-08	-2.2599e-08	-2.2713e-08	-2.278e-08	-2.2873e-08	-2.3018e-08	-2.3083e-08	-2.304e-08	-2.3193e-08	-2.3633e-08	-2.4148e-08	-2.4506e-08	-2.4527e-08	-2.4194e-08	-2.363e-08	-2.3079e-08	-2.2993e-08	-2.3547e-08	-2.44e-08	-2.5072e-08	-2.5307e-08	-2.5434e-08	-2.593e-08	-2.6713e-08	-2.7443e-08	-2.7896e-08	-2.8008e-08	-2.7853e-08	-2.7552e-08	-2.7162e-08	-2.671e-08	-2.6177e-08	-2.5574e-08	-2.4844e-08	-2.3974e-08	-2.3284e-08	-2.3052e-08	-2.3114e-08	-2.3127e-08	-2.2975e-08	-2.2758e-08	-2.2566e-08	-2.238e-08	-2.2114e-08	-2.1899e-08	-2.1969e-08	-2.2257e-08	-2.2524e-08	-2.2636e-08	-2.2546e-08	-2.2302e-08	-2.2062e-08	-2.2081e-08	-2.2363e-08	-2.2643e-08	-2.2742e-08	-2.272e-08	-2.263e-08	-2.2518e-08	-2.2433e-08	-2.2311e-08	-2.2059e-08	-2.1827e-08	-2.1853e-08	-2.2039e-08	-2.2124e-08	-2.2038e-08	-2.1969e-08	-2.2124e-08	-2.2356e-08	-2.2305e-08	-2.1852e-08	-2.1312e-08	-2.0973e-08	-2.0764e-08	-2.0539e-08	-2.0297e-08	-2.0027e-08	-1.9784e-08	-1.9709e-08	-1.9897e-08	-2.0166e-08	-2.0226e-08	-1.9963e-08	-1.9531e-08	-1.9126e-08	-1.8893e-08
-3.0795e-08	-3.0396e-08	-2.9659e-08	-2.8795e-08	-2.8154e-08	-2.779e-08	-2.7483e-08	-2.7151e-08	-2.6788e-08	-2.6293e-08	-2.5645e-08	-2.4957e-08	-2.4664e-08	-2.509e-08	-2.5971e-08	-2.6717e-08	-2.6873e-08	-2.6451e-08	-2.5829e-08	-2.5452e-08	-2.5399e-08	-2.546e-08	-2.5543e-08	-2.5743e-08	-2.6086e-08	-2.6534e-08	-2.7152e-08	-2.791e-08	-2.8584e-08	-2.8974e-08	-2.9064e-08	-2.8893e-08	-2.8404e-08	-2.7493e-08	-2.6053e-08	-2.3925e-08	-2.1323e-08	-1.8606e-08	-1.5771e-08	-1.2684e-08	-9.3928e-09	-6.0251e-09	-2.7032e-09	5.0138e-10	3.6332e-09	6.7712e-09	9.8422e-09	1.2729e-08	1.5523e-08	1.833e-08	2.1198e-08	2.4168e-08	2.7257e-08	3.0547e-08	3.3972e-08	3.7171e-08	4.0013e-08	4.2699e-08	4.5465e-08	4.8413e-08	5.1263e-08	5.3414e-08	5.4616e-08	5.4995e-08	5.4771e-08	5.4163e-08	5.3244e-08	5.1915e-08	5.0169e-08	4.8106e-08	4.5741e-08	4.2995e-08	3.9766e-08	3.6073e-08	3.2095e-08	2.8017e-08	2.3969e-08	1.9967e-08	1.5993e-08	1.199e-08	7.8248e-09	3.4351e-09	-1.1679e-09	-5.9614e-09	-1.0791e-08	-1.5265e-08	-1.8932e-08	-2.1425e-08	-2.2603e-08	-2.2773e-08	-2.2629e-08	-2.2558e-08	-2.2585e-08	-2.2657e-08	-2.2764e-08	-2.2875e-08	-2.2948e-08	-2.3042e-08	-2.3185e-08	-2.3251e-08	-2.3223e-08	-2.3394e-08	-2.3849e-08	-2.4371e-08	-2.4727e-08	-2.4744e-08	-2.442e-08	-2.3876e-08	-2.3327e-08	-2.319e-08	-2.3651e-08	-2.442e-08	-2.5074e-08	-2.5358e-08	-2.5546e-08	-2.6065e-08	-2.684e-08	-2.7579e-08	-2.8088e-08	-2.8284e-08	-2.8197e-08	-2.7925e-08	-2.7534e-08	-2.7079e-08	-2.6556e-08	-2.5952e-08	-2.5192e-08	-2.4263e-08	-2.3512e-08	-2.3246e-08	-2.3306e-08	-2.3342e-08	-2.3213e-08	-2.2999e-08	-2.2793e-08	-2.258e-08	-2.2284e-08	-2.2022e-08	-2.2016e-08	-2.2218e-08	-2.2421e-08	-2.2514e-08	-2.2458e-08	-2.2272e-08	-2.206e-08	-2.2053e-08	-2.2305e-08	-2.2584e-08	-2.2693e-08	-2.267e-08	-2.2587e-08	-2.25e-08	-2.2447e-08	-2.2353e-08	-2.2127e-08	-2.1903e-08	-2.1914e-08	-2.2087e-08	-2.2181e-08	-2.2119e-08	-2.2065e-08	-2.2214e-08	-2.2437e-08	-2.2378e-08	-2.1914e-08	-2.1352e-08	-2.0984e-08	-2.0765e-08	-2.0562e-08	-2.0354e-08	-2.0114e-08	-1.99e-08	-1.9853e-08	-2.0051e-08	-2.031e-08	-2.0349e-08	-2.0077e-08	-1.9661e-08	-1.9282e-08	-1.9056e-08
-3.0968e-08	-3.0606e-08	-2.9883e-08	-2.9016e-08	-2.8378e-08	-2.8037e-08	-2.777e-08	-2.7476e-08	-2.7143e-08	-2.6665e-08	-2.6011e-08	-2.5301e-08	-2.4967e-08	-2.5341e-08	-2.6182e-08	-2.6911e-08	-2.7062e-08	-2.6626e-08	-2.5975e-08	-2.555e-08	-2.5448e-08	-2.547e-08	-2.5521e-08	-2.5707e-08	-2.6063e-08	-2.6548e-08	-2.7203e-08	-2.7987e-08	-2.8674e-08	-2.9063e-08	-2.9134e-08	-2.8936e-08	-2.8441e-08	-2.7561e-08	-2.618e-08	-2.4122e-08	-2.1567e-08	-1.8882e-08	-1.6091e-08	-1.3051e-08	-9.7813e-09	-6.4135e-09	-3.0885e-09	1.2375e-10	3.2742e-09	6.4367e-09	9.5312e-09	1.2441e-08	1.5257e-08	1.8086e-08	2.0977e-08	2.3967e-08	2.7069e-08	3.037e-08	3.3814e-08	3.7045e-08	3.9901e-08	4.2571e-08	4.5316e-08	4.8258e-08	5.1145e-08	5.338e-08	5.4666e-08	5.5096e-08	5.4879e-08	5.4236e-08	5.3268e-08	5.1898e-08	5.0124e-08	4.8049e-08	4.5686e-08	4.295e-08	3.9734e-08	3.6055e-08	3.2092e-08	2.8035e-08	2.4003e-08	2.0001e-08	1.6007e-08	1.1978e-08	7.7938e-09	3.391e-09	-1.2186e-09	-6.0088e-09	-1.0839e-08	-1.5339e-08	-1.9057e-08	-2.1609e-08	-2.2829e-08	-2.3004e-08	-2.2831e-08	-2.2731e-08	-2.2739e-08	-2.28e-08	-2.2898e-08	-2.3009e-08	-2.3087e-08	-2.318e-08	-2.3317e-08	-2.3381e-08	-2.3368e-08	-2.3557e-08	-2.4024e-08	-2.4548e-08	-2.4894e-08	-2.4902e-08	-2.4583e-08	-2.4062e-08	-2.3525e-08	-2.3343e-08	-2.3704e-08	-2.4376e-08	-2.4999e-08	-2.5333e-08	-2.559e-08	-2.6135e-08	-2.6897e-08	-2.7627e-08	-2.8177e-08	-2.8454e-08	-2.8444e-08	-2.8217e-08	-2.7841e-08	-2.7397e-08	-2.6895e-08	-2.6295e-08	-2.5508e-08	-2.4518e-08	-2.37e-08	-2.3394e-08	-2.3451e-08	-2.351e-08	-2.341e-08	-2.3207e-08	-2.2993e-08	-2.2757e-08	-2.2431e-08	-2.2119e-08	-2.203e-08	-2.2138e-08	-2.2268e-08	-2.2339e-08	-2.2318e-08	-2.2197e-08	-2.202e-08	-2.1988e-08	-2.2204e-08	-2.2473e-08	-2.2589e-08	-2.2566e-08	-2.2493e-08	-2.2438e-08	-2.2422e-08	-2.2363e-08	-2.2164e-08	-2.1949e-08	-2.1945e-08	-2.2102e-08	-2.2203e-08	-2.2167e-08	-2.2129e-08	-2.2272e-08	-2.2485e-08	-2.2421e-08	-2.1952e-08	-2.1374e-08	-2.098e-08	-2.0752e-08	-2.0571e-08	-2.0399e-08	-2.0192e-08	-2.0004e-08	-1.9982e-08	-2.0188e-08	-2.0437e-08	-2.0456e-08	-2.0174e-08	-1.9774e-08	-1.9422e-08	-1.9203e-08
-3.1036e-08	-3.0723e-08	-3.0029e-08	-2.9172e-08	-2.8542e-08	-2.8226e-08	-2.8e-08	-2.7751e-08	-2.7457e-08	-2.7008e-08	-2.6363e-08	-2.5642e-08	-2.5269e-08	-2.5579e-08	-2.6357e-08	-2.7053e-08	-2.7196e-08	-2.6757e-08	-2.6089e-08	-2.5628e-08	-2.5483e-08	-2.5467e-08	-2.5488e-08	-2.566e-08	-2.6027e-08	-2.6546e-08	-2.7237e-08	-2.805e-08	-2.8757e-08	-2.9154e-08	-2.9213e-08	-2.8987e-08	-2.8477e-08	-2.7616e-08	-2.6279e-08	-2.4277e-08	-2.1761e-08	-1.9101e-08	-1.6351e-08	-1.3362e-08	-1.012e-08	-6.7582e-09	-3.4344e-09	-2.1868e-10	2.9477e-09	6.1337e-09	9.2504e-09	1.2182e-08	1.502e-08	1.7873e-08	2.079e-08	2.38e-08	2.6917e-08	3.0227e-08	3.3687e-08	3.695e-08	3.9825e-08	4.2487e-08	4.5214e-08	4.8152e-08	5.1073e-08	5.3392e-08	5.4761e-08	5.5239e-08	5.5025e-08	5.4346e-08	5.3324e-08	5.1907e-08	5.0103e-08	4.8014e-08	4.565e-08	4.292e-08	3.9716e-08	3.6053e-08	3.211e-08	2.8077e-08	2.4065e-08	2.0064e-08	1.6054e-08	1.2004e-08	7.8029e-09	3.3851e-09	-1.2343e-09	-6.0214e-09	-1.0847e-08	-1.5364e-08	-1.9126e-08	-2.1736e-08	-2.3001e-08	-2.3184e-08	-2.2984e-08	-2.2857e-08	-2.2853e-08	-2.2909e-08	-2.3003e-08	-2.3115e-08	-2.3198e-08	-2.329e-08	-2.3418e-08	-2.3477e-08	-2.3477e-08	-2.3683e-08	-2.4161e-08	-2.4683e-08	-2.5014e-08	-2.5005e-08	-2.4688e-08	-2.4193e-08	-2.3676e-08	-2.3456e-08	-2.3714e-08	-2.4278e-08	-2.4858e-08	-2.524e-08	-2.5572e-08	-2.6148e-08	-2.6891e-08	-2.7598e-08	-2.8172e-08	-2.8525e-08	-2.8599e-08	-2.843e-08	-2.8085e-08	-2.7665e-08	-2.7192e-08	-2.6603e-08	-2.579e-08	-2.474e-08	-2.3852e-08	-2.3501e-08	-2.3551e-08	-2.3635e-08	-2.3567e-08	-2.3382e-08	-2.3165e-08	-2.291e-08	-2.2555e-08	-2.2193e-08	-2.2017e-08	-2.2023e-08	-2.2075e-08	-2.2119e-08	-2.2134e-08	-2.2082e-08	-2.1947e-08	-2.1892e-08	-2.2066e-08	-2.232e-08	-2.2439e-08	-2.2417e-08	-2.2356e-08	-2.2336e-08	-2.2364e-08	-2.2342e-08	-2.2172e-08	-2.1967e-08	-2.1948e-08	-2.2088e-08	-2.2195e-08	-2.2185e-08	-2.2164e-08	-2.2301e-08	-2.2503e-08	-2.2435e-08	-2.1967e-08	-2.138e-08	-2.0965e-08	-2.0729e-08	-2.057e-08	-2.0435e-08	-2.0261e-08	-2.0097e-08	-2.0094e-08	-2.0307e-08	-2.0547e-08	-2.0546e-08	-2.0255e-08	-1.9869e-08	-1.9546e-08	-1.9336e-08
-3.099e-08	-3.0737e-08	-3.0088e-08	-2.9252e-08	-2.8636e-08	-2.8344e-08	-2.816e-08	-2.7961e-08	-2.7716e-08	-2.731e-08	-2.6689e-08	-2.597e-08	-2.5562e-08	-2.5796e-08	-2.6491e-08	-2.7136e-08	-2.727e-08	-2.6835e-08	-2.6167e-08	-2.5682e-08	-2.55e-08	-2.545e-08	-2.5443e-08	-2.5599e-08	-2.5976e-08	-2.6527e-08	-2.7254e-08	-2.8096e-08	-2.883e-08	-2.9244e-08	-2.9298e-08	-2.9044e-08	-2.8511e-08	-2.7656e-08	-2.635e-08	-2.4392e-08	-2.1905e-08	-1.9263e-08	-1.655e-08	-1.3614e-08	-1.0407e-08	-7.0551e-09	-3.7361e-09	-5.2067e-10	2.6586e-09	5.8669e-09	9.0049e-09	1.1957e-08	1.4816e-08	1.7696e-08	2.064e-08	2.3672e-08	2.6805e-08	3.0122e-08	3.3595e-08	3.6888e-08	3.9787e-08	4.2447e-08	4.5161e-08	4.8095e-08	5.1047e-08	5.3446e-08	5.4898e-08	5.5422e-08	5.521e-08	5.4492e-08	5.3412e-08	5.1944e-08	5.0105e-08	4.7999e-08	4.5631e-08	4.2906e-08	3.9714e-08	3.6068e-08	3.2147e-08	2.8142e-08	2.4151e-08	2.0154e-08	1.6132e-08	1.2064e-08	7.8485e-09	3.4145e-09	-1.2174e-09	-6.0021e-09	-1.0819e-08	-1.5346e-08	-1.9145e-08	-2.181e-08	-2.3122e-08	-2.3319e-08	-2.3095e-08	-2.2942e-08	-2.2929e-08	-2.2987e-08	-2.3082e-08	-2.3195e-08	-2.3284e-08	-2.3375e-08	-2.3492e-08	-2.3543e-08	-2.3554e-08	-2.3777e-08	-2.4264e-08	-2.478e-08	-2.509e-08	-2.506e-08	-2.474e-08	-2.4272e-08	-2.3783e-08	-2.3532e-08	-2.3688e-08	-2.4134e-08	-2.4661e-08	-2.5086e-08	-2.5496e-08	-2.6107e-08	-2.6829e-08	-2.75e-08	-2.8085e-08	-2.8505e-08	-2.8667e-08	-2.8568e-08	-2.8266e-08	-2.7881e-08	-2.7444e-08	-2.6871e-08	-2.6037e-08	-2.4929e-08	-2.3967e-08	-2.3568e-08	-2.3608e-08	-2.3716e-08	-2.3685e-08	-2.3525e-08	-2.331e-08	-2.304e-08	-2.2658e-08	-2.2245e-08	-2.1981e-08	-2.1882e-08	-2.1851e-08	-2.1865e-08	-2.1915e-08	-2.1934e-08	-2.1845e-08	-2.1771e-08	-2.1899e-08	-2.2131e-08	-2.2252e-08	-2.2231e-08	-2.2181e-08	-2.2199e-08	-2.2275e-08	-2.2294e-08	-2.2155e-08	-2.196e-08	-2.1926e-08	-2.2048e-08	-2.2159e-08	-2.2174e-08	-2.2172e-08	-2.2303e-08	-2.2492e-08	-2.2421e-08	-2.1961e-08	-2.1373e-08	-2.0944e-08	-2.07e-08	-2.0562e-08	-2.0463e-08	-2.0322e-08	-2.0178e-08	-2.0191e-08	-2.0407e-08	-2.0638e-08	-2.062e-08	-2.032e-08	-1.9948e-08	-1.9652e-08	-1.9453e-08
-3.0833e-08	-3.065e-08	-3.0059e-08	-2.9257e-08	-2.8659e-08	-2.8393e-08	-2.8252e-08	-2.8107e-08	-2.7919e-08	-2.7568e-08	-2.6983e-08	-2.6278e-08	-2.5841e-08	-2.5993e-08	-2.6587e-08	-2.7166e-08	-2.7286e-08	-2.6864e-08	-2.6206e-08	-2.5709e-08	-2.5498e-08	-2.5419e-08	-2.5384e-08	-2.5523e-08	-2.591e-08	-2.6491e-08	-2.7252e-08	-2.8126e-08	-2.8891e-08	-2.933e-08	-2.9385e-08	-2.9104e-08	-2.8541e-08	-2.7681e-08	-2.6391e-08	-2.4466e-08	-2.2001e-08	-1.9368e-08	-1.6687e-08	-1.3804e-08	-1.0637e-08	-7.3006e-09	-3.989e-09	-7.773e-10	2.412e-09	5.6412e-09	8.7999e-09	1.1772e-08	1.4651e-08	1.7558e-08	2.0531e-08	2.3586e-08	2.6735e-08	3.0059e-08	3.3541e-08	3.6864e-08	3.979e-08	4.2453e-08	4.5158e-08	4.8087e-08	5.1067e-08	5.3543e-08	5.5075e-08	5.5643e-08	5.543e-08	5.4672e-08	5.3531e-08	5.2008e-08	5.0132e-08	4.8005e-08	4.5632e-08	4.2909e-08	3.9726e-08	3.6098e-08	3.2201e-08	2.8228e-08	2.4259e-08	2.0269e-08	1.6236e-08	1.2155e-08	7.927e-09	3.4764e-09	-1.1702e-09	-5.9541e-09	-1.0759e-08	-1.5289e-08	-1.912e-08	-2.1836e-08	-2.3197e-08	-2.3412e-08	-2.3165e-08	-2.2989e-08	-2.2971e-08	-2.3035e-08	-2.3137e-08	-2.3253e-08	-2.3348e-08	-2.3437e-08	-2.3541e-08	-2.3582e-08	-2.3602e-08	-2.3842e-08	-2.4336e-08	-2.4843e-08	-2.5128e-08	-2.5072e-08	-2.4745e-08	-2.4305e-08	-2.3849e-08	-2.3577e-08	-2.3633e-08	-2.3955e-08	-2.4416e-08	-2.4878e-08	-2.5368e-08	-2.6018e-08	-2.6719e-08	-2.7344e-08	-2.7924e-08	-2.8403e-08	-2.8654e-08	-2.8633e-08	-2.8386e-08	-2.8044e-08	-2.765e-08	-2.7099e-08	-2.6248e-08	-2.5085e-08	-2.4048e-08	-2.3596e-08	-2.3625e-08	-2.3757e-08	-2.3766e-08	-2.3636e-08	-2.3429e-08	-2.3146e-08	-2.274e-08	-2.2278e-08	-2.1927e-08	-2.1721e-08	-2.1603e-08	-2.1586e-08	-2.1668e-08	-2.1758e-08	-2.1721e-08	-2.1631e-08	-2.1709e-08	-2.1916e-08	-2.2034e-08	-2.2014e-08	-2.1977e-08	-2.2033e-08	-2.2159e-08	-2.2222e-08	-2.2114e-08	-2.1931e-08	-2.1882e-08	-2.1984e-08	-2.2097e-08	-2.2137e-08	-2.2154e-08	-2.2279e-08	-2.2454e-08	-2.2383e-08	-2.1935e-08	-2.1355e-08	-2.0919e-08	-2.067e-08	-2.0551e-08	-2.0488e-08	-2.0377e-08	-2.025e-08	-2.0271e-08	-2.0489e-08	-2.0711e-08	-2.0676e-08	-2.0368e-08	-2.0009e-08	-1.9742e-08	-1.9554e-08
-3.0576e-08	-3.0471e-08	-2.995e-08	-2.9191e-08	-2.8617e-08	-2.8378e-08	-2.8279e-08	-2.8189e-08	-2.8065e-08	-2.7779e-08	-2.7244e-08	-2.6563e-08	-2.6103e-08	-2.617e-08	-2.6649e-08	-2.7147e-08	-2.7247e-08	-2.6843e-08	-2.6207e-08	-2.5708e-08	-2.5477e-08	-2.5371e-08	-2.531e-08	-2.5433e-08	-2.5827e-08	-2.6436e-08	-2.723e-08	-2.8137e-08	-2.8937e-08	-2.9407e-08	-2.947e-08	-2.9163e-08	-2.8566e-08	-2.7689e-08	-2.6405e-08	-2.45e-08	-2.2048e-08	-1.9418e-08	-1.6762e-08	-1.3933e-08	-1.081e-08	-7.4912e-09	-4.1889e-09	-9.8372e-10	2.2125e-09	5.4612e-09	8.6402e-09	1.163e-08	1.4529e-08	1.7465e-08	2.0469e-08	2.3548e-08	2.6712e-08	3.0041e-08	3.3531e-08	3.6881e-08	3.9836e-08	4.2507e-08	4.5205e-08	4.8129e-08	5.1133e-08	5.368e-08	5.529e-08	5.5899e-08	5.5684e-08	5.4884e-08	5.368e-08	5.2099e-08	5.0182e-08	4.8033e-08	4.565e-08	4.2927e-08	3.9753e-08	3.6142e-08	3.2272e-08	2.8331e-08	2.4388e-08	2.0405e-08	1.6365e-08	1.2273e-08	8.0349e-09	3.5679e-09	-1.0953e-09	-5.8801e-09	-1.0672e-08	-1.52e-08	-1.9055e-08	-2.1819e-08	-2.3231e-08	-2.3466e-08	-2.32e-08	-2.3002e-08	-2.2981e-08	-2.3057e-08	-2.3169e-08	-2.329e-08	-2.339e-08	-2.3478e-08	-2.357e-08	-2.36e-08	-2.3626e-08	-2.3879e-08	-2.4379e-08	-2.4874e-08	-2.5131e-08	-2.5045e-08	-2.4709e-08	-2.4295e-08	-2.3879e-08	-2.3593e-08	-2.3556e-08	-2.3749e-08	-2.4135e-08	-2.4626e-08	-2.5194e-08	-2.5888e-08	-2.6566e-08	-2.7138e-08	-2.77e-08	-2.8227e-08	-2.8565e-08	-2.8628e-08	-2.8446e-08	-2.8153e-08	-2.7807e-08	-2.7283e-08	-2.642e-08	-2.5207e-08	-2.4096e-08	-2.3589e-08	-2.3604e-08	-2.3759e-08	-2.381e-08	-2.3715e-08	-2.352e-08	-2.323e-08	-2.2801e-08	-2.2294e-08	-2.1858e-08	-2.1547e-08	-2.1342e-08	-2.129e-08	-2.1403e-08	-2.1562e-08	-2.1578e-08	-2.1475e-08	-2.1504e-08	-2.1681e-08	-2.1795e-08	-2.1776e-08	-2.1751e-08	-2.1843e-08	-2.2021e-08	-2.2129e-08	-2.2053e-08	-2.1882e-08	-2.182e-08	-2.1901e-08	-2.2013e-08	-2.2075e-08	-2.2112e-08	-2.2231e-08	-2.2391e-08	-2.2322e-08	-2.189e-08	-2.1327e-08	-2.0893e-08	-2.0643e-08	-2.0542e-08	-2.0511e-08	-2.0428e-08	-2.0312e-08	-2.0336e-08	-2.0551e-08	-2.0764e-08	-2.0716e-08	-2.0399e-08	-2.0054e-08	-1.9814e-08	-1.964e-08
-3.0229e-08	-3.0208e-08	-2.9766e-08	-2.906e-08	-2.8514e-08	-2.8302e-08	-2.8244e-08	-2.8212e-08	-2.8155e-08	-2.7942e-08	-2.7466e-08	-2.682e-08	-2.6344e-08	-2.6325e-08	-2.6681e-08	-2.7084e-08	-2.7159e-08	-2.6775e-08	-2.6169e-08	-2.568e-08	-2.5434e-08	-2.5305e-08	-2.5221e-08	-2.5328e-08	-2.5727e-08	-2.6362e-08	-2.7188e-08	-2.8129e-08	-2.8966e-08	-2.9472e-08	-2.9548e-08	-2.9219e-08	-2.8582e-08	-2.768e-08	-2.6389e-08	-2.4494e-08	-2.2046e-08	-1.9413e-08	-1.6777e-08	-1.3997e-08	-1.0921e-08	-7.6237e-09	-4.3318e-09	-1.1352e-09	2.0653e-09	5.3319e-09	8.5308e-09	1.1537e-08	1.4456e-08	1.7421e-08	2.0456e-08	2.356e-08	2.6741e-08	3.0074e-08	3.3568e-08	3.6943e-08	3.9928e-08	4.2612e-08	4.5305e-08	4.8222e-08	5.1244e-08	5.3856e-08	5.5541e-08	5.6189e-08	5.5969e-08	5.5128e-08	5.386e-08	5.2218e-08	5.0256e-08	4.8082e-08	4.5688e-08	4.2962e-08	3.9794e-08	3.6202e-08	3.2359e-08	2.8451e-08	2.4534e-08	2.056e-08	1.6514e-08	1.2414e-08	8.1686e-09	3.686e-09	-9.9523e-10	-5.7829e-09	-1.0561e-08	-1.5083e-08	-1.8956e-08	-2.1765e-08	-2.3227e-08	-2.3486e-08	-2.3204e-08	-2.2986e-08	-2.2965e-08	-2.3055e-08	-2.3181e-08	-2.3309e-08	-2.3415e-08	-2.3502e-08	-2.358e-08	-2.3599e-08	-2.3628e-08	-2.3894e-08	-2.4397e-08	-2.4877e-08	-2.5104e-08	-2.4985e-08	-2.4635e-08	-2.4248e-08	-2.3876e-08	-2.3585e-08	-2.3462e-08	-2.3526e-08	-2.3827e-08	-2.4336e-08	-2.498e-08	-2.572e-08	-2.6379e-08	-2.6891e-08	-2.7421e-08	-2.7985e-08	-2.8406e-08	-2.8558e-08	-2.8447e-08	-2.8209e-08	-2.7914e-08	-2.7421e-08	-2.6552e-08	-2.5296e-08	-2.4112e-08	-2.3549e-08	-2.3547e-08	-2.3724e-08	-2.3819e-08	-2.3763e-08	-2.3586e-08	-2.3291e-08	-2.2843e-08	-2.2294e-08	-2.1779e-08	-2.1365e-08	-2.1074e-08	-2.0987e-08	-2.1127e-08	-2.1353e-08	-2.1423e-08	-2.1311e-08	-2.129e-08	-2.1435e-08	-2.1542e-08	-2.1524e-08	-2.1509e-08	-2.1635e-08	-2.1864e-08	-2.2018e-08	-2.1975e-08	-2.1817e-08	-2.1742e-08	-2.1802e-08	-2.1909e-08	-2.1992e-08	-2.2048e-08	-2.2161e-08	-2.2307e-08	-2.2239e-08	-2.183e-08	-2.1292e-08	-2.087e-08	-2.0623e-08	-2.0537e-08	-2.0536e-08	-2.0477e-08	-2.0366e-08	-2.0387e-08	-2.0594e-08	-2.0797e-08	-2.0737e-08	-2.0414e-08	-2.0081e-08	-1.9869e-08	-1.9709e-08
-2.9805e-08	-2.9871e-08	-2.9516e-08	-2.8869e-08	-2.8356e-08	-2.8171e-08	-2.8153e-08	-2.8176e-08	-2.8191e-08	-2.8057e-08	-2.7649e-08	-2.7045e-08	-2.656e-08	-2.6458e-08	-2.6684e-08	-2.6981e-08	-2.7024e-08	-2.6663e-08	-2.6093e-08	-2.5622e-08	-2.5368e-08	-2.5222e-08	-2.5116e-08	-2.5205e-08	-2.5608e-08	-2.6268e-08	-2.7125e-08	-2.81e-08	-2.8977e-08	-2.9523e-08	-2.9616e-08	-2.9267e-08	-2.8588e-08	-2.7653e-08	-2.6345e-08	-2.4448e-08	-2.1997e-08	-1.9353e-08	-1.673e-08	-1.3997e-08	-1.0969e-08	-7.6947e-09	-4.4135e-09	-1.2269e-09	1.975e-09	5.2579e-09	8.4766e-09	1.1498e-08	1.4436e-08	1.743e-08	2.0498e-08	2.3628e-08	2.6824e-08	3.0161e-08	3.3656e-08	3.7052e-08	4.0068e-08	4.2769e-08	4.546e-08	4.8368e-08	5.1402e-08	5.4071e-08	5.5826e-08	5.651e-08	5.6285e-08	5.5402e-08	5.407e-08	5.2364e-08	5.0354e-08	4.8151e-08	4.5744e-08	4.3012e-08	3.9851e-08	3.6275e-08	3.2459e-08	2.8585e-08	2.4697e-08	2.0732e-08	1.6682e-08	1.2575e-08	8.3245e-09	3.8276e-09	-8.7254e-10	-5.6654e-09	-1.0431e-08	-1.4942e-08	-1.883e-08	-2.1678e-08	-2.3189e-08	-2.3475e-08	-2.3181e-08	-2.2944e-08	-2.2924e-08	-2.3032e-08	-2.3175e-08	-2.3312e-08	-2.3423e-08	-2.351e-08	-2.3577e-08	-2.3584e-08	-2.3613e-08	-2.3888e-08	-2.4393e-08	-2.4856e-08	-2.505e-08	-2.4897e-08	-2.4531e-08	-2.4168e-08	-2.3843e-08	-2.3557e-08	-2.3357e-08	-2.3293e-08	-2.3501e-08	-2.4018e-08	-2.4733e-08	-2.552e-08	-2.6162e-08	-2.6611e-08	-2.7099e-08	-2.7686e-08	-2.8183e-08	-2.8426e-08	-2.8391e-08	-2.8212e-08	-2.7969e-08	-2.7511e-08	-2.6642e-08	-2.535e-08	-2.4096e-08	-2.3477e-08	-2.3457e-08	-2.3653e-08	-2.3794e-08	-2.3781e-08	-2.3625e-08	-2.3329e-08	-2.2865e-08	-2.2279e-08	-2.1691e-08	-2.118e-08	-2.0808e-08	-2.0687e-08	-2.0852e-08	-2.1138e-08	-2.1261e-08	-2.1143e-08	-2.1073e-08	-2.1184e-08	-2.1283e-08	-2.1267e-08	-2.1259e-08	-2.1416e-08	-2.1693e-08	-2.1893e-08	-2.1883e-08	-2.1738e-08	-2.1651e-08	-2.1689e-08	-2.179e-08	-2.189e-08	-2.1964e-08	-2.2071e-08	-2.2202e-08	-2.2137e-08	-2.1754e-08	-2.1251e-08	-2.0851e-08	-2.0614e-08	-2.0543e-08	-2.0566e-08	-2.0525e-08	-2.0414e-08	-2.0423e-08	-2.0618e-08	-2.0809e-08	-2.074e-08	-2.0413e-08	-2.0092e-08	-1.9906e-08	-1.9761e-08
-2.9316e-08	-2.9469e-08	-2.9206e-08	-2.8624e-08	-2.8147e-08	-2.799e-08	-2.8008e-08	-2.8085e-08	-2.8172e-08	-2.8121e-08	-2.7789e-08	-2.7234e-08	-2.6747e-08	-2.6568e-08	-2.6662e-08	-2.6844e-08	-2.6848e-08	-2.6508e-08	-2.5979e-08	-2.5533e-08	-2.5279e-08	-2.5119e-08	-2.4994e-08	-2.5066e-08	-2.5471e-08	-2.6153e-08	-2.704e-08	-2.8048e-08	-2.8966e-08	-2.9554e-08	-2.9671e-08	-2.9305e-08	-2.8582e-08	-2.7606e-08	-2.6271e-08	-2.4363e-08	-2.1901e-08	-1.9241e-08	-1.6623e-08	-1.3931e-08	-1.0952e-08	-7.701e-09	-4.4301e-09	-1.2545e-09	1.9467e-09	5.2443e-09	8.4824e-09	1.1519e-08	1.4474e-08	1.7497e-08	2.0598e-08	2.3755e-08	2.6967e-08	3.0305e-08	3.3799e-08	3.7214e-08	4.0261e-08	4.298e-08	4.567e-08	4.8568e-08	5.1607e-08	5.4325e-08	5.6143e-08	5.686e-08	5.6629e-08	5.5705e-08	5.4308e-08	5.2537e-08	5.0476e-08	4.8242e-08	4.5819e-08	4.308e-08	3.9922e-08	3.6362e-08	3.2573e-08	2.8733e-08	2.4872e-08	2.0918e-08	1.6864e-08	1.2752e-08	8.4991e-09	3.9895e-09	-7.299e-10	-5.5301e-09	-1.0283e-08	-1.4783e-08	-1.868e-08	-2.1565e-08	-2.3123e-08	-2.3438e-08	-2.3134e-08	-2.2881e-08	-2.2863e-08	-2.299e-08	-2.3152e-08	-2.33e-08	-2.3418e-08	-2.3505e-08	-2.3561e-08	-2.3557e-08	-2.3585e-08	-2.3867e-08	-2.437e-08	-2.4813e-08	-2.4973e-08	-2.4785e-08	-2.44e-08	-2.406e-08	-2.3785e-08	-2.3512e-08	-2.3247e-08	-2.3059e-08	-2.3168e-08	-2.3682e-08	-2.446e-08	-2.5295e-08	-2.5923e-08	-2.6307e-08	-2.6742e-08	-2.7339e-08	-2.7905e-08	-2.8236e-08	-2.8281e-08	-2.8161e-08	-2.7972e-08	-2.755e-08	-2.6687e-08	-2.5369e-08	-2.405e-08	-2.3375e-08	-2.3335e-08	-2.355e-08	-2.3736e-08	-2.3769e-08	-2.3639e-08	-2.3346e-08	-2.2868e-08	-2.2251e-08	-2.1599e-08	-2.0999e-08	-2.055e-08	-2.0399e-08	-2.0585e-08	-2.0926e-08	-2.1098e-08	-2.0976e-08	-2.086e-08	-2.0937e-08	-2.1026e-08	-2.1011e-08	-2.1009e-08	-2.1192e-08	-2.1513e-08	-2.1758e-08	-2.178e-08	-2.1648e-08	-2.155e-08	-2.1565e-08	-2.1657e-08	-2.1771e-08	-2.1861e-08	-2.1963e-08	-2.2078e-08	-2.2016e-08	-2.1665e-08	-2.1205e-08	-2.084e-08	-2.0619e-08	-2.0563e-08	-2.0604e-08	-2.0574e-08	-2.0455e-08	-2.0445e-08	-2.0621e-08	-2.08e-08	-2.0724e-08	-2.0394e-08	-2.0086e-08	-1.9926e-08	-1.9797e-08
-2.8773e-08	-2.9013e-08	-2.8844e-08	-2.833e-08	-2.7892e-08	-2.7764e-08	-2.7815e-08	-2.7942e-08	-2.81e-08	-2.8135e-08	-2.7883e-08	-2.7383e-08	-2.6902e-08	-2.6652e-08	-2.6615e-08	-2.6676e-08	-2.6634e-08	-2.6313e-08	-2.5828e-08	-2.5414e-08	-2.5165e-08	-2.4995e-08	-2.4853e-08	-2.4908e-08	-2.5314e-08	-2.6016e-08	-2.6932e-08	-2.7974e-08	-2.8933e-08	-2.9565e-08	-2.9707e-08	-2.9328e-08	-2.856e-08	-2.7538e-08	-2.6168e-08	-2.4237e-08	-2.1758e-08	-1.9075e-08	-1.6456e-08	-1.38e-08	-1.0867e-08	-7.6398e-09	-4.378e-09	-1.2133e-09	1.9853e-09	5.2958e-09	8.5531e-09	1.1603e-08	1.4575e-08	1.7627e-08	2.0762e-08	2.3945e-08	2.7172e-08	3.0512e-08	3.4002e-08	3.7431e-08	4.0508e-08	4.3247e-08	4.5938e-08	4.8824e-08	5.186e-08	5.4615e-08	5.6491e-08	5.7237e-08	5.6998e-08	5.6033e-08	5.4575e-08	5.2737e-08	5.0623e-08	4.8355e-08	4.5912e-08	4.3163e-08	4.0008e-08	3.6463e-08	3.27e-08	2.8892e-08	2.506e-08	2.1116e-08	1.7059e-08	1.2944e-08	8.6889e-09	4.1683e-09	-5.7002e-10	-5.3797e-09	-1.0123e-08	-1.4611e-08	-1.8513e-08	-2.1429e-08	-2.3033e-08	-2.3378e-08	-2.3069e-08	-2.2801e-08	-2.2786e-08	-2.2932e-08	-2.3117e-08	-2.3278e-08	-2.3401e-08	-2.3488e-08	-2.3537e-08	-2.3523e-08	-2.3547e-08	-2.3833e-08	-2.4331e-08	-2.4752e-08	-2.4877e-08	-2.4653e-08	-2.4249e-08	-2.3929e-08	-2.3706e-08	-2.3454e-08	-2.3135e-08	-2.283e-08	-2.2836e-08	-2.3336e-08	-2.4168e-08	-2.5049e-08	-2.5666e-08	-2.5985e-08	-2.636e-08	-2.6954e-08	-2.7577e-08	-2.7994e-08	-2.8118e-08	-2.8059e-08	-2.7921e-08	-2.7536e-08	-2.6685e-08	-2.535e-08	-2.3975e-08	-2.3245e-08	-2.3184e-08	-2.3415e-08	-2.3647e-08	-2.3729e-08	-2.3628e-08	-2.334e-08	-2.2853e-08	-2.2211e-08	-2.1504e-08	-2.0826e-08	-2.0309e-08	-2.0131e-08	-2.0336e-08	-2.0723e-08	-2.0938e-08	-2.0814e-08	-2.0656e-08	-2.07e-08	-2.078e-08	-2.0765e-08	-2.0767e-08	-2.097e-08	-2.1329e-08	-2.1615e-08	-2.1669e-08	-2.1549e-08	-2.1441e-08	-2.1434e-08	-2.1514e-08	-2.1639e-08	-2.1743e-08	-2.1839e-08	-2.1938e-08	-2.188e-08	-2.1563e-08	-2.1157e-08	-2.0838e-08	-2.0643e-08	-2.0602e-08	-2.0656e-08	-2.0628e-08	-2.0492e-08	-2.0454e-08	-2.0605e-08	-2.0768e-08	-2.0687e-08	-2.0358e-08	-2.0064e-08	-1.9929e-08	-1.9815e-08
-2.8189e-08	-2.8514e-08	-2.8438e-08	-2.7994e-08	-2.7597e-08	-2.7497e-08	-2.7577e-08	-2.775e-08	-2.7976e-08	-2.8098e-08	-2.7929e-08	-2.7489e-08	-2.702e-08	-2.6709e-08	-2.6545e-08	-2.6481e-08	-2.6386e-08	-2.6081e-08	-2.5641e-08	-2.5264e-08	-2.5025e-08	-2.4849e-08	-2.4694e-08	-2.4732e-08	-2.5136e-08	-2.5856e-08	-2.6801e-08	-2.7876e-08	-2.8876e-08	-2.9551e-08	-2.9721e-08	-2.9333e-08	-2.8521e-08	-2.7447e-08	-2.6035e-08	-2.4072e-08	-2.1568e-08	-1.8858e-08	-1.6229e-08	-1.3601e-08	-1.0712e-08	-7.5079e-09	-4.2535e-09	-1.0989e-09	2.0956e-09	5.4175e-09	8.6935e-09	1.1756e-08	1.4744e-08	1.7825e-08	2.0994e-08	2.4204e-08	2.7445e-08	3.0785e-08	3.4268e-08	3.7708e-08	4.0813e-08	4.3574e-08	4.6265e-08	4.9136e-08	5.2161e-08	5.4943e-08	5.6868e-08	5.7639e-08	5.739e-08	5.6387e-08	5.4867e-08	5.2964e-08	5.0793e-08	4.8489e-08	4.6024e-08	4.3263e-08	4.0109e-08	3.6576e-08	3.2838e-08	2.9061e-08	2.5257e-08	2.1324e-08	1.7264e-08	1.3145e-08	8.8902e-09	4.3608e-09	-3.9566e-10	-5.2169e-09	-9.9535e-09	-1.4429e-08	-1.8333e-08	-2.1276e-08	-2.2923e-08	-2.33e-08	-2.2988e-08	-2.2709e-08	-2.2696e-08	-2.2862e-08	-2.3071e-08	-2.3245e-08	-2.3375e-08	-2.3463e-08	-2.3506e-08	-2.3484e-08	-2.3504e-08	-2.379e-08	-2.4279e-08	-2.4675e-08	-2.4765e-08	-2.4507e-08	-2.4081e-08	-2.3781e-08	-2.361e-08	-2.3387e-08	-2.3027e-08	-2.2615e-08	-2.2517e-08	-2.299e-08	-2.3865e-08	-2.4788e-08	-2.5398e-08	-2.5655e-08	-2.5963e-08	-2.654e-08	-2.7206e-08	-2.7703e-08	-2.7906e-08	-2.7906e-08	-2.7815e-08	-2.7467e-08	-2.6634e-08	-2.5293e-08	-2.387e-08	-2.3089e-08	-2.3006e-08	-2.325e-08	-2.3528e-08	-2.3662e-08	-2.3592e-08	-2.3313e-08	-2.282e-08	-2.2159e-08	-2.1408e-08	-2.0664e-08	-2.0092e-08	-1.9893e-08	-2.0116e-08	-2.054e-08	-2.079e-08	-2.0663e-08	-2.0468e-08	-2.0482e-08	-2.0551e-08	-2.0538e-08	-2.0541e-08	-2.0757e-08	-2.1147e-08	-2.1469e-08	-2.1552e-08	-2.1446e-08	-2.1328e-08	-2.1299e-08	-2.1365e-08	-2.1495e-08	-2.1611e-08	-2.17e-08	-2.1783e-08	-2.1729e-08	-2.1452e-08	-2.1108e-08	-2.0849e-08	-2.0689e-08	-2.0665e-08	-2.0724e-08	-2.0687e-08	-2.0526e-08	-2.045e-08	-2.0568e-08	-2.0712e-08	-2.0629e-08	-2.0305e-08	-2.0026e-08	-1.9915e-08	-1.9816e-08
-2.7576e-08	-2.7981e-08	-2.7997e-08	-2.7622e-08	-2.7266e-08	-2.7195e-08	-2.73e-08	-2.7512e-08	-2.7803e-08	-2.8009e-08	-2.7927e-08	-2.7548e-08	-2.7097e-08	-2.6736e-08	-2.6452e-08	-2.6262e-08	-2.611e-08	-2.5815e-08	-2.5419e-08	-2.5083e-08	-2.4859e-08	-2.4681e-08	-2.4515e-08	-2.4537e-08	-2.4938e-08	-2.5673e-08	-2.6644e-08	-2.7752e-08	-2.8792e-08	-2.951e-08	-2.9711e-08	-2.9316e-08	-2.846e-08	-2.7333e-08	-2.5871e-08	-2.3867e-08	-2.1331e-08	-1.8588e-08	-1.5944e-08	-1.3335e-08	-1.0486e-08	-7.3026e-09	-4.0531e-09	-9.07e-10	2.2827e-09	5.6141e-09	8.9082e-09	1.1983e-08	1.4986e-08	1.8095e-08	2.1298e-08	2.4535e-08	2.779e-08	3.1128e-08	3.4603e-08	3.8048e-08	4.118e-08	4.3962e-08	4.6655e-08	4.9506e-08	5.2511e-08	5.5309e-08	5.7273e-08	5.8063e-08	5.7803e-08	5.6763e-08	5.5185e-08	5.3216e-08	5.0988e-08	4.8644e-08	4.6156e-08	4.338e-08	4.0224e-08	3.6703e-08	3.2988e-08	2.924e-08	2.5461e-08	2.1538e-08	1.7475e-08	1.3353e-08	9.0996e-09	4.5635e-09	-2.0964e-10	-5.0439e-09	-9.7771e-09	-1.4242e-08	-1.8147e-08	-2.1112e-08	-2.2798e-08	-2.3206e-08	-2.2896e-08	-2.2607e-08	-2.2599e-08	-2.2783e-08	-2.3015e-08	-2.3206e-08	-2.3342e-08	-2.3431e-08	-2.3471e-08	-2.3445e-08	-2.346e-08	-2.3743e-08	-2.4218e-08	-2.4586e-08	-2.4641e-08	-2.435e-08	-2.3903e-08	-2.362e-08	-2.35e-08	-2.3314e-08	-2.2927e-08	-2.242e-08	-2.2218e-08	-2.2654e-08	-2.3558e-08	-2.4518e-08	-2.5123e-08	-2.5323e-08	-2.5561e-08	-2.6106e-08	-2.6801e-08	-2.7368e-08	-2.7647e-08	-2.7704e-08	-2.7655e-08	-2.7341e-08	-2.6529e-08	-2.5195e-08	-2.3737e-08	-2.2909e-08	-2.2803e-08	-2.3059e-08	-2.3381e-08	-2.3567e-08	-2.3533e-08	-2.3265e-08	-2.2768e-08	-2.2096e-08	-2.1314e-08	-2.0519e-08	-1.9903e-08	-1.9695e-08	-1.9934e-08	-2.0385e-08	-2.0657e-08	-2.0527e-08	-2.0299e-08	-2.0288e-08	-2.0349e-08	-2.0336e-08	-2.0338e-08	-2.0561e-08	-2.097e-08	-2.1323e-08	-2.1434e-08	-2.134e-08	-2.1213e-08	-2.1162e-08	-2.1212e-08	-2.1344e-08	-2.1467e-08	-2.1549e-08	-2.1614e-08	-2.1565e-08	-2.1331e-08	-2.106e-08	-2.0874e-08	-2.0761e-08	-2.0757e-08	-2.0813e-08	-2.0757e-08	-2.056e-08	-2.0437e-08	-2.0512e-08	-2.0634e-08	-2.0551e-08	-2.0237e-08	-1.9975e-08	-1.9885e-08	-1.98e-08
-2.6948e-08	-2.7426e-08	-2.753e-08	-2.7219e-08	-2.6906e-08	-2.6862e-08	-2.6987e-08	-2.7231e-08	-2.7581e-08	-2.7869e-08	-2.7873e-08	-2.7557e-08	-2.7131e-08	-2.6729e-08	-2.6337e-08	-2.6024e-08	-2.5809e-08	-2.552e-08	-2.5164e-08	-2.487e-08	-2.4664e-08	-2.4488e-08	-2.4315e-08	-2.4321e-08	-2.4717e-08	-2.5466e-08	-2.6463e-08	-2.7603e-08	-2.8682e-08	-2.9441e-08	-2.9671e-08	-2.9274e-08	-2.8376e-08	-2.7193e-08	-2.5676e-08	-2.3622e-08	-2.1047e-08	-1.8267e-08	-1.56e-08	-1.3003e-08	-1.0186e-08	-7.0211e-09	-3.7734e-09	-6.3333e-10	2.5514e-09	5.8907e-09	9.2021e-09	1.2288e-08	1.5305e-08	1.8442e-08	2.1678e-08	2.4942e-08	2.821e-08	3.1546e-08	3.5008e-08	3.8456e-08	4.161e-08	4.4415e-08	4.7108e-08	4.9937e-08	5.2913e-08	5.5712e-08	5.7704e-08	5.8507e-08	5.8235e-08	5.716e-08	5.5527e-08	5.3494e-08	5.1207e-08	4.8821e-08	4.6306e-08	4.3513e-08	4.0354e-08	3.6843e-08	3.3149e-08	2.9426e-08	2.5672e-08	2.1757e-08	1.7691e-08	1.3565e-08	9.3134e-09	4.7728e-09	-1.4826e-11	-4.8634e-09	-9.5971e-09	-1.4054e-08	-1.7959e-08	-2.0942e-08	-2.2663e-08	-2.3102e-08	-2.2797e-08	-2.2502e-08	-2.2497e-08	-2.2698e-08	-2.2954e-08	-2.3162e-08	-2.3304e-08	-2.3395e-08	-2.3435e-08	-2.3408e-08	-2.3418e-08	-2.3695e-08	-2.4151e-08	-2.4486e-08	-2.4507e-08	-2.4185e-08	-2.3719e-08	-2.3452e-08	-2.3383e-08	-2.3238e-08	-2.2838e-08	-2.2251e-08	-2.195e-08	-2.2339e-08	-2.3257e-08	-2.4244e-08	-2.4846e-08	-2.4995e-08	-2.5163e-08	-2.5663e-08	-2.6369e-08	-2.6996e-08	-2.7345e-08	-2.7454e-08	-2.7441e-08	-2.7154e-08	-2.6369e-08	-2.5055e-08	-2.3575e-08	-2.2707e-08	-2.2577e-08	-2.2843e-08	-2.3208e-08	-2.3448e-08	-2.345e-08	-2.3195e-08	-2.2698e-08	-2.2024e-08	-2.1223e-08	-2.0392e-08	-1.9751e-08	-1.9543e-08	-1.9801e-08	-2.0267e-08	-2.0547e-08	-2.041e-08	-2.0157e-08	-2.0125e-08	-2.0179e-08	-2.0168e-08	-2.0167e-08	-2.0388e-08	-2.0806e-08	-2.1181e-08	-2.1318e-08	-2.1236e-08	-2.11e-08	-2.1027e-08	-2.1061e-08	-2.119e-08	-2.1315e-08	-2.1388e-08	-2.1437e-08	-2.1392e-08	-2.1204e-08	-2.1014e-08	-2.0914e-08	-2.0862e-08	-2.088e-08	-2.0927e-08	-2.0839e-08	-2.0598e-08	-2.0419e-08	-2.0444e-08	-2.054e-08	-2.0458e-08	-2.0158e-08	-1.9916e-08	-1.9846e-08	-1.9774e-08
-2.6316e-08	-2.6861e-08	-2.7044e-08	-2.6795e-08	-2.6522e-08	-2.6504e-08	-2.6645e-08	-2.6913e-08	-2.7313e-08	-2.7678e-08	-2.7766e-08	-2.7513e-08	-2.7115e-08	-2.6686e-08	-2.6198e-08	-2.5769e-08	-2.5488e-08	-2.5197e-08	-2.4878e-08	-2.4626e-08	-2.4441e-08	-2.4271e-08	-2.4093e-08	-2.4086e-08	-2.4474e-08	-2.5234e-08	-2.6255e-08	-2.7426e-08	-2.8543e-08	-2.9341e-08	-2.9599e-08	-2.9201e-08	-2.8265e-08	-2.7026e-08	-2.5448e-08	-2.3336e-08	-2.0716e-08	-1.7896e-08	-1.52e-08	-1.2603e-08	-9.8123e-09	-6.6609e-09	-3.4112e-09	-2.7372e-10	2.9067e-09	6.2524e-09	9.5798e-09	1.2676e-08	1.5707e-08	1.8872e-08	2.214e-08	2.5431e-08	2.871e-08	3.2042e-08	3.549e-08	3.8935e-08	4.2108e-08	4.4934e-08	4.7628e-08	5.043e-08	5.3367e-08	5.6153e-08	5.816e-08	5.897e-08	5.8683e-08	5.7575e-08	5.5892e-08	5.3798e-08	5.1451e-08	4.902e-08	4.6475e-08	4.3663e-08	4.0499e-08	3.6996e-08	3.3321e-08	2.962e-08	2.5886e-08	2.1978e-08	1.7908e-08	1.3779e-08	9.5282e-09	4.9852e-09	1.8584e-10	-4.6777e-09	-9.4163e-09	-1.387e-08	-1.7774e-08	-2.0771e-08	-2.2522e-08	-2.299e-08	-2.2694e-08	-2.2396e-08	-2.2395e-08	-2.261e-08	-2.2889e-08	-2.3115e-08	-2.3264e-08	-2.3356e-08	-2.3399e-08	-2.3377e-08	-2.3385e-08	-2.3651e-08	-2.408e-08	-2.438e-08	-2.4367e-08	-2.4018e-08	-2.3535e-08	-2.3282e-08	-2.3261e-08	-2.3163e-08	-2.2764e-08	-2.2115e-08	-2.1723e-08	-2.2056e-08	-2.297e-08	-2.3971e-08	-2.4572e-08	-2.4679e-08	-2.4779e-08	-2.5221e-08	-2.5919e-08	-2.6592e-08	-2.7005e-08	-2.7161e-08	-2.7174e-08	-2.6909e-08	-2.6154e-08	-2.4872e-08	-2.3387e-08	-2.2487e-08	-2.2334e-08	-2.2607e-08	-2.3013e-08	-2.3307e-08	-2.3348e-08	-2.3107e-08	-2.2614e-08	-2.1943e-08	-2.1138e-08	-2.0287e-08	-1.9637e-08	-1.9444e-08	-1.9722e-08	-2.0192e-08	-2.0465e-08	-2.0315e-08	-2.0044e-08	-1.9998e-08	-2.0046e-08	-2.0036e-08	-2.0032e-08	-2.0244e-08	-2.066e-08	-2.1049e-08	-2.1209e-08	-2.1138e-08	-2.0994e-08	-2.09e-08	-2.0916e-08	-2.1039e-08	-2.1163e-08	-2.1226e-08	-2.1257e-08	-2.1217e-08	-2.1076e-08	-2.0974e-08	-2.0971e-08	-2.099e-08	-2.1036e-08	-2.1069e-08	-2.094e-08	-2.0647e-08	-2.0406e-08	-2.0373e-08	-2.0439e-08	-2.0359e-08	-2.0076e-08	-1.9855e-08	-1.9805e-08	-1.9743e-08
-2.5695e-08	-2.6298e-08	-2.655e-08	-2.6354e-08	-2.612e-08	-2.6126e-08	-2.6277e-08	-2.6559e-08	-2.7001e-08	-2.7437e-08	-2.7606e-08	-2.7413e-08	-2.7047e-08	-2.6602e-08	-2.6035e-08	-2.55e-08	-2.5151e-08	-2.4852e-08	-2.4563e-08	-2.4351e-08	-2.4189e-08	-2.4026e-08	-2.3849e-08	-2.3829e-08	-2.4209e-08	-2.4976e-08	-2.602e-08	-2.7222e-08	-2.8374e-08	-2.9207e-08	-2.9492e-08	-2.9095e-08	-2.8124e-08	-2.683e-08	-2.5188e-08	-2.3009e-08	-2.0337e-08	-1.7474e-08	-1.4743e-08	-1.2137e-08	-9.3623e-09	-6.2195e-09	-2.9634e-09	1.7592e-10	3.3536e-09	6.7041e-09	1.0046e-08	1.3152e-08	1.6198e-08	1.9389e-08	2.2689e-08	2.6004e-08	2.9294e-08	3.2621e-08	3.6052e-08	3.9489e-08	4.2677e-08	4.5522e-08	4.8216e-08	5.0988e-08	5.3876e-08	5.6633e-08	5.8641e-08	5.9447e-08	5.9144e-08	5.8006e-08	5.6278e-08	5.4126e-08	5.1719e-08	4.9241e-08	4.6663e-08	4.3828e-08	4.0658e-08	3.7162e-08	3.3503e-08	2.982e-08	2.6102e-08	2.2199e-08	1.8124e-08	1.399e-08	9.7403e-09	5.1969e-09	3.8941e-10	-4.4889e-09	-9.2373e-09	-1.3693e-08	-1.7598e-08	-2.0605e-08	-2.238e-08	-2.2875e-08	-2.2591e-08	-2.2295e-08	-2.2297e-08	-2.2524e-08	-2.2824e-08	-2.3069e-08	-2.3225e-08	-2.3318e-08	-2.3365e-08	-2.3353e-08	-2.3362e-08	-2.3614e-08	-2.401e-08	-2.4269e-08	-2.4224e-08	-2.3851e-08	-2.3355e-08	-2.3116e-08	-2.3141e-08	-2.3091e-08	-2.2706e-08	-2.2014e-08	-2.1541e-08	-2.1811e-08	-2.2704e-08	-2.3707e-08	-2.4305e-08	-2.438e-08	-2.4415e-08	-2.4788e-08	-2.546e-08	-2.6166e-08	-2.6634e-08	-2.6832e-08	-2.6864e-08	-2.6613e-08	-2.589e-08	-2.4653e-08	-2.318e-08	-2.2255e-08	-2.208e-08	-2.2359e-08	-2.2803e-08	-2.3152e-08	-2.3234e-08	-2.3008e-08	-2.2521e-08	-2.1861e-08	-2.1062e-08	-2.0207e-08	-1.9564e-08	-1.9397e-08	-1.9697e-08	-2.0162e-08	-2.0414e-08	-2.0247e-08	-1.9962e-08	-1.9907e-08	-1.9951e-08	-1.9944e-08	-1.9936e-08	-2.0133e-08	-2.0537e-08	-2.0933e-08	-2.1112e-08	-2.1054e-08	-2.0902e-08	-2.0787e-08	-2.0785e-08	-2.0899e-08	-2.1017e-08	-2.107e-08	-2.1084e-08	-2.1045e-08	-2.0952e-08	-2.0943e-08	-2.1045e-08	-2.1145e-08	-2.1226e-08	-2.1241e-08	-2.1064e-08	-2.0714e-08	-2.0406e-08	-2.031e-08	-2.0342e-08	-2.0263e-08	-2e-08	-1.9802e-08	-1.9768e-08	-1.9715e-08
-2.5098e-08	-2.5749e-08	-2.6057e-08	-2.5904e-08	-2.5705e-08	-2.5733e-08	-2.5888e-08	-2.6176e-08	-2.6648e-08	-2.7145e-08	-2.7391e-08	-2.7255e-08	-2.6922e-08	-2.6473e-08	-2.5846e-08	-2.5219e-08	-2.4804e-08	-2.4489e-08	-2.4221e-08	-2.4045e-08	-2.3905e-08	-2.3754e-08	-2.358e-08	-2.355e-08	-2.3919e-08	-2.469e-08	-2.5756e-08	-2.6989e-08	-2.8175e-08	-2.9038e-08	-2.9345e-08	-2.8951e-08	-2.795e-08	-2.6603e-08	-2.4894e-08	-2.264e-08	-1.9911e-08	-1.7002e-08	-1.4232e-08	-1.1606e-08	-8.8353e-09	-5.6945e-09	-2.4271e-09	7.1941e-10	3.8968e-09	7.2506e-09	1.0605e-08	1.3721e-08	1.678e-08	1.9997e-08	2.3328e-08	2.6667e-08	2.9967e-08	3.3286e-08	3.6697e-08	4.0122e-08	4.3321e-08	4.6183e-08	4.8875e-08	5.1612e-08	5.4439e-08	5.7152e-08	5.9144e-08	5.9938e-08	5.9615e-08	5.845e-08	5.6681e-08	5.4476e-08	5.2011e-08	4.9484e-08	4.6869e-08	4.4009e-08	4.0831e-08	3.734e-08	3.3695e-08	3.0026e-08	2.6319e-08	2.2417e-08	1.8337e-08	1.4198e-08	9.9475e-09	5.4054e-09	5.9389e-10	-4.2983e-09	-9.0609e-09	-1.3525e-08	-1.7432e-08	-2.0447e-08	-2.2241e-08	-2.276e-08	-2.2491e-08	-2.2202e-08	-2.2209e-08	-2.2443e-08	-2.276e-08	-2.3025e-08	-2.3189e-08	-2.3281e-08	-2.3336e-08	-2.334e-08	-2.3353e-08	-2.3589e-08	-2.3945e-08	-2.4159e-08	-2.4081e-08	-2.3689e-08	-2.3183e-08	-2.2958e-08	-2.3026e-08	-2.3026e-08	-2.2667e-08	-2.195e-08	-2.1405e-08	-2.1608e-08	-2.2464e-08	-2.3455e-08	-2.405e-08	-2.4102e-08	-2.4079e-08	-2.4372e-08	-2.5002e-08	-2.5727e-08	-2.6244e-08	-2.6479e-08	-2.6522e-08	-2.6278e-08	-2.5589e-08	-2.4409e-08	-2.2963e-08	-2.2023e-08	-2.1825e-08	-2.2107e-08	-2.2589e-08	-2.2991e-08	-2.3114e-08	-2.2905e-08	-2.2427e-08	-2.1784e-08	-2.1001e-08	-2.0154e-08	-1.9531e-08	-1.9401e-08	-1.9728e-08	-2.0182e-08	-2.0398e-08	-2.0208e-08	-1.9914e-08	-1.9856e-08	-1.9898e-08	-1.9893e-08	-1.9881e-08	-2.0059e-08	-2.0441e-08	-2.0837e-08	-2.1034e-08	-2.0988e-08	-2.0829e-08	-2.0693e-08	-2.0674e-08	-2.0776e-08	-2.0886e-08	-2.0929e-08	-2.0924e-08	-2.0885e-08	-2.084e-08	-2.0925e-08	-2.1139e-08	-2.1329e-08	-2.1449e-08	-2.1446e-08	-2.1215e-08	-2.0806e-08	-2.0428e-08	-2.0265e-08	-2.0259e-08	-2.018e-08	-1.9939e-08	-1.9763e-08	-1.9743e-08	-1.9696e-08
-2.4538e-08	-2.5227e-08	-2.5576e-08	-2.5454e-08	-2.5283e-08	-2.5331e-08	-2.5485e-08	-2.5767e-08	-2.6257e-08	-2.6805e-08	-2.712e-08	-2.7037e-08	-2.6736e-08	-2.6295e-08	-2.5628e-08	-2.4929e-08	-2.4451e-08	-2.4112e-08	-2.3856e-08	-2.3709e-08	-2.3591e-08	-2.3453e-08	-2.3287e-08	-2.325e-08	-2.3606e-08	-2.4378e-08	-2.5464e-08	-2.6727e-08	-2.7944e-08	-2.8833e-08	-2.9156e-08	-2.8765e-08	-2.7739e-08	-2.6344e-08	-2.4565e-08	-2.2229e-08	-1.9437e-08	-1.6481e-08	-1.3668e-08	-1.1011e-08	-8.2329e-09	-5.0873e-09	-1.8039e-09	1.3555e-09	4.5354e-09	7.8907e-09	1.1254e-08	1.4379e-08	1.7452e-08	2.0694e-08	2.4053e-08	2.7414e-08	3.0721e-08	3.4032e-08	3.742e-08	4.0826e-08	4.403e-08	4.6907e-08	4.9597e-08	5.2293e-08	5.5051e-08	5.7703e-08	5.9662e-08	6.0433e-08	6.0089e-08	5.8899e-08	5.7096e-08	5.4843e-08	5.2322e-08	4.9744e-08	4.709e-08	4.4204e-08	4.1015e-08	3.7529e-08	3.3895e-08	3.0237e-08	2.6535e-08	2.2633e-08	1.8547e-08	1.4401e-08	1.0149e-08	5.6097e-09	7.9853e-10	-4.1057e-09	-8.8858e-09	-1.3364e-08	-1.7277e-08	-2.0297e-08	-2.2106e-08	-2.2648e-08	-2.2397e-08	-2.2118e-08	-2.2131e-08	-2.237e-08	-2.2702e-08	-2.2987e-08	-2.3159e-08	-2.3251e-08	-2.3313e-08	-2.3337e-08	-2.3359e-08	-2.3577e-08	-2.3887e-08	-2.4053e-08	-2.3943e-08	-2.3535e-08	-2.3024e-08	-2.2813e-08	-2.2921e-08	-2.2972e-08	-2.2647e-08	-2.1921e-08	-2.1318e-08	-2.1449e-08	-2.2256e-08	-2.3221e-08	-2.381e-08	-2.3848e-08	-2.3774e-08	-2.3983e-08	-2.4556e-08	-2.5287e-08	-2.5845e-08	-2.6113e-08	-2.6161e-08	-2.5917e-08	-2.5261e-08	-2.4148e-08	-2.2745e-08	-2.1798e-08	-2.1579e-08	-2.1862e-08	-2.2378e-08	-2.2833e-08	-2.2999e-08	-2.2806e-08	-2.2338e-08	-2.1717e-08	-2.096e-08	-2.0131e-08	-1.9541e-08	-1.9458e-08	-1.9814e-08	-2.0251e-08	-2.0421e-08	-2.0202e-08	-1.9903e-08	-1.9847e-08	-1.9888e-08	-1.9886e-08	-1.9871e-08	-2.0027e-08	-2.0379e-08	-2.0767e-08	-2.098e-08	-2.0947e-08	-2.0781e-08	-2.0625e-08	-2.0589e-08	-2.0676e-08	-2.0777e-08	-2.0808e-08	-2.0785e-08	-2.0744e-08	-2.0743e-08	-2.0924e-08	-2.1253e-08	-2.1541e-08	-2.1706e-08	-2.1684e-08	-2.1398e-08	-2.0928e-08	-2.0481e-08	-2.0246e-08	-2.02e-08	-2.0119e-08	-1.9901e-08	-1.9747e-08	-1.9737e-08	-1.9693e-08
-2.4029e-08	-2.4743e-08	-2.5115e-08	-2.5009e-08	-2.4861e-08	-2.4924e-08	-2.5072e-08	-2.5337e-08	-2.5831e-08	-2.6418e-08	-2.6793e-08	-2.6756e-08	-2.6486e-08	-2.6062e-08	-2.5382e-08	-2.4633e-08	-2.4099e-08	-2.3727e-08	-2.3472e-08	-2.3347e-08	-2.3248e-08	-2.3126e-08	-2.2971e-08	-2.293e-08	-2.3272e-08	-2.404e-08	-2.5146e-08	-2.6439e-08	-2.7685e-08	-2.8595e-08	-2.8927e-08	-2.8539e-08	-2.7495e-08	-2.6057e-08	-2.4208e-08	-2.1785e-08	-1.8926e-08	-1.5922e-08	-1.3064e-08	-1.0367e-08	-7.5695e-09	-4.4125e-09	-1.1094e-09	2.0681e-09	5.2531e-09	8.6075e-09	1.1976e-08	1.5109e-08	1.8195e-08	2.1459e-08	2.4844e-08	2.8224e-08	3.1536e-08	3.4835e-08	3.8197e-08	4.158e-08	4.4783e-08	4.7672e-08	5.0359e-08	5.3011e-08	5.569e-08	5.8269e-08	6.0181e-08	6.092e-08	6.0552e-08	5.9343e-08	5.7512e-08	5.5218e-08	5.2645e-08	5.0016e-08	4.7322e-08	4.4407e-08	4.1208e-08	3.7725e-08	3.4101e-08	3.045e-08	2.6751e-08	2.2844e-08	1.8752e-08	1.46e-08	1.0344e-08	5.8093e-09	1.0029e-09	-3.9105e-09	-8.7106e-09	-1.3208e-08	-1.7131e-08	-2.0156e-08	-2.1977e-08	-2.2539e-08	-2.2311e-08	-2.2048e-08	-2.2068e-08	-2.2309e-08	-2.2653e-08	-2.2958e-08	-2.314e-08	-2.3229e-08	-2.3299e-08	-2.3347e-08	-2.3383e-08	-2.3582e-08	-2.3841e-08	-2.3955e-08	-2.3815e-08	-2.3395e-08	-2.2881e-08	-2.2685e-08	-2.283e-08	-2.2931e-08	-2.2649e-08	-2.1928e-08	-2.1277e-08	-2.1338e-08	-2.2083e-08	-2.3012e-08	-2.3592e-08	-2.3624e-08	-2.3506e-08	-2.3627e-08	-2.413e-08	-2.4856e-08	-2.5448e-08	-2.5746e-08	-2.5792e-08	-2.554e-08	-2.4919e-08	-2.3881e-08	-2.2537e-08	-2.1592e-08	-2.1351e-08	-2.1633e-08	-2.2179e-08	-2.2686e-08	-2.2895e-08	-2.2719e-08	-2.2262e-08	-2.1667e-08	-2.0944e-08	-2.0143e-08	-1.9595e-08	-1.9567e-08	-1.9957e-08	-2.0373e-08	-2.0486e-08	-2.0232e-08	-1.9931e-08	-1.9881e-08	-1.9923e-08	-1.9926e-08	-1.9909e-08	-2.0041e-08	-2.0355e-08	-2.0729e-08	-2.0955e-08	-2.0936e-08	-2.0764e-08	-2.0589e-08	-2.0537e-08	-2.0608e-08	-2.0697e-08	-2.0717e-08	-2.0676e-08	-2.0629e-08	-2.067e-08	-2.0945e-08	-2.1391e-08	-2.1782e-08	-2.1997e-08	-2.1959e-08	-2.1615e-08	-2.1088e-08	-2.0572e-08	-2.0264e-08	-2.0176e-08	-2.0091e-08	-1.9894e-08	-1.9762e-08	-1.9758e-08	-1.9714e-08
-2.3582e-08	-2.4311e-08	-2.4686e-08	-2.4579e-08	-2.4446e-08	-2.4521e-08	-2.4658e-08	-2.4894e-08	-2.5379e-08	-2.5991e-08	-2.6419e-08	-2.6421e-08	-2.6178e-08	-2.5781e-08	-2.511e-08	-2.4336e-08	-2.3754e-08	-2.3343e-08	-2.3079e-08	-2.2967e-08	-2.2885e-08	-2.278e-08	-2.2641e-08	-2.26e-08	-2.2925e-08	-2.3686e-08	-2.4809e-08	-2.6131e-08	-2.7406e-08	-2.8333e-08	-2.8669e-08	-2.8284e-08	-2.7229e-08	-2.5756e-08	-2.3839e-08	-2.1325e-08	-1.8396e-08	-1.5346e-08	-1.2443e-08	-9.6981e-09	-6.8697e-09	-3.6957e-09	-3.6998e-10	2.83e-09	6.0225e-09	9.374e-09	1.2744e-08	1.5882e-08	1.8981e-08	2.2265e-08	2.5673e-08	2.9069e-08	3.2383e-08	3.5669e-08	3.9001e-08	4.2358e-08	4.5555e-08	4.8452e-08	5.1135e-08	5.3742e-08	5.6339e-08	5.8833e-08	6.0686e-08	6.1385e-08	6.0994e-08	5.9769e-08	5.7918e-08	5.559e-08	5.2972e-08	5.0295e-08	4.7559e-08	4.4616e-08	4.1405e-08	3.7926e-08	3.4311e-08	3.0665e-08	2.6963e-08	2.305e-08	1.8953e-08	1.4794e-08	1.0534e-08	6.0037e-09	1.2065e-09	-3.7128e-09	-8.534e-09	-1.3055e-08	-1.6992e-08	-2.0023e-08	-2.1855e-08	-2.2438e-08	-2.2235e-08	-2.1994e-08	-2.2023e-08	-2.2264e-08	-2.2616e-08	-2.2942e-08	-2.3133e-08	-2.3218e-08	-2.3296e-08	-2.3371e-08	-2.3424e-08	-2.3605e-08	-2.381e-08	-2.387e-08	-2.37e-08	-2.3272e-08	-2.276e-08	-2.2579e-08	-2.2758e-08	-2.2908e-08	-2.2673e-08	-2.1972e-08	-2.1286e-08	-2.1276e-08	-2.195e-08	-2.2831e-08	-2.3399e-08	-2.3432e-08	-2.3281e-08	-2.3311e-08	-2.3733e-08	-2.4444e-08	-2.5064e-08	-2.5388e-08	-2.5428e-08	-2.516e-08	-2.4572e-08	-2.3617e-08	-2.2346e-08	-2.1412e-08	-2.1152e-08	-2.143e-08	-2.2003e-08	-2.2559e-08	-2.281e-08	-2.2651e-08	-2.2207e-08	-2.1641e-08	-2.0957e-08	-2.0193e-08	-1.9695e-08	-1.9729e-08	-2.0155e-08	-2.0549e-08	-2.0597e-08	-2.0302e-08	-2.0002e-08	-1.9961e-08	-2.0006e-08	-2.0013e-08	-1.9997e-08	-2.0103e-08	-2.0374e-08	-2.0729e-08	-2.0966e-08	-2.0962e-08	-2.0784e-08	-2.0591e-08	-2.0523e-08	-2.0577e-08	-2.0652e-08	-2.0663e-08	-2.0603e-08	-2.0547e-08	-2.0626e-08	-2.0992e-08	-2.1554e-08	-2.2051e-08	-2.2321e-08	-2.2269e-08	-2.1871e-08	-2.1289e-08	-2.0709e-08	-2.033e-08	-2.0197e-08	-2.0105e-08	-1.9929e-08	-1.9816e-08	-1.9812e-08	-1.9764e-08
-2.3202e-08	-2.3934e-08	-2.4295e-08	-2.4172e-08	-2.4046e-08	-2.413e-08	-2.4252e-08	-2.4452e-08	-2.4913e-08	-2.554e-08	-2.601e-08	-2.6046e-08	-2.5827e-08	-2.5464e-08	-2.4822e-08	-2.4049e-08	-2.3428e-08	-2.2974e-08	-2.269e-08	-2.2584e-08	-2.2516e-08	-2.2428e-08	-2.231e-08	-2.2271e-08	-2.2577e-08	-2.3326e-08	-2.4462e-08	-2.5813e-08	-2.7116e-08	-2.8057e-08	-2.8393e-08	-2.8012e-08	-2.6954e-08	-2.5453e-08	-2.3474e-08	-2.0867e-08	-1.7867e-08	-1.4773e-08	-1.1825e-08	-9.0273e-09	-6.1587e-09	-2.9628e-09	3.8732e-10	3.6134e-09	6.816e-09	1.0163e-08	1.353e-08	1.6672e-08	1.9782e-08	2.3085e-08	2.6512e-08	2.9921e-08	3.3235e-08	3.6506e-08	3.9807e-08	4.3133e-08	4.6318e-08	4.9221e-08	5.1902e-08	5.4464e-08	5.6975e-08	5.9378e-08	6.1161e-08	6.1816e-08	6.1402e-08	6.0166e-08	5.8303e-08	5.5951e-08	5.3295e-08	5.0573e-08	4.7798e-08	4.4826e-08	4.1604e-08	3.8129e-08	3.4523e-08	3.0879e-08	2.7173e-08	2.3252e-08	1.9149e-08	1.4983e-08	1.0716e-08	6.1924e-09	1.4088e-09	-3.5122e-09	-8.3546e-09	-1.2903e-08	-1.6858e-08	-1.9898e-08	-2.1741e-08	-2.2345e-08	-2.2173e-08	-2.1958e-08	-2.1998e-08	-2.2237e-08	-2.2595e-08	-2.2941e-08	-2.3143e-08	-2.3223e-08	-2.3308e-08	-2.341e-08	-2.3486e-08	-2.3648e-08	-2.3798e-08	-2.3802e-08	-2.3603e-08	-2.317e-08	-2.2665e-08	-2.25e-08	-2.271e-08	-2.2904e-08	-2.272e-08	-2.2053e-08	-2.1345e-08	-2.1268e-08	-2.1863e-08	-2.2683e-08	-2.3233e-08	-2.3276e-08	-2.3104e-08	-2.3046e-08	-2.338e-08	-2.4061e-08	-2.4699e-08	-2.5047e-08	-2.5076e-08	-2.4787e-08	-2.423e-08	-2.3364e-08	-2.2188e-08	-2.1279e-08	-2.0999e-08	-2.1266e-08	-2.1858e-08	-2.2455e-08	-2.2745e-08	-2.2604e-08	-2.2177e-08	-2.1644e-08	-2.1005e-08	-2.0291e-08	-1.9856e-08	-1.9952e-08	-2.0407e-08	-2.077e-08	-2.0749e-08	-2.0418e-08	-2.0126e-08	-2.0091e-08	-2.0136e-08	-2.015e-08	-2.014e-08	-2.0221e-08	-2.0443e-08	-2.0768e-08	-2.101e-08	-2.1023e-08	-2.0846e-08	-2.0641e-08	-2.0557e-08	-2.0591e-08	-2.0649e-08	-2.065e-08	-2.0577e-08	-2.0515e-08	-2.0631e-08	-2.1078e-08	-2.1743e-08	-2.234e-08	-2.2665e-08	-2.2603e-08	-2.2161e-08	-2.1537e-08	-2.0907e-08	-2.0461e-08	-2.0276e-08	-2.0171e-08	-2.0017e-08	-1.9919e-08	-1.9906e-08	-1.9847e-08
-2.2893e-08	-2.362e-08	-2.3949e-08	-2.3796e-08	-2.367e-08	-2.376e-08	-2.3866e-08	-2.4021e-08	-2.4449e-08	-2.5079e-08	-2.5584e-08	-2.5647e-08	-2.5447e-08	-2.5122e-08	-2.453e-08	-2.3779e-08	-2.313e-08	-2.263e-08	-2.232e-08	-2.2212e-08	-2.2154e-08	-2.2084e-08	-2.1988e-08	-2.1954e-08	-2.2241e-08	-2.297e-08	-2.4117e-08	-2.5494e-08	-2.6825e-08	-2.7779e-08	-2.8111e-08	-2.7734e-08	-2.6681e-08	-2.5164e-08	-2.3127e-08	-2.043e-08	-1.7359e-08	-1.4223e-08	-1.1233e-08	-8.3784e-09	-5.4615e-09	-2.2399e-09	1.1358e-09	4.3909e-09	7.6057e-09	1.0946e-08	1.4307e-08	1.7451e-08	2.0572e-08	2.3891e-08	2.7334e-08	3.0751e-08	3.4064e-08	3.7318e-08	4.0586e-08	4.3877e-08	4.7045e-08	4.9952e-08	5.2633e-08	5.5152e-08	5.7576e-08	5.9878e-08	6.158e-08	6.2188e-08	6.1755e-08	6.0515e-08	5.865e-08	5.6285e-08	5.3604e-08	5.0844e-08	4.803e-08	4.503e-08	4.1798e-08	3.8329e-08	3.4733e-08	3.109e-08	2.7373e-08	2.3443e-08	1.9338e-08	1.5164e-08	1.0887e-08	6.3695e-09	1.6058e-09	-3.3073e-09	-8.1643e-09	-1.2736e-08	-1.6705e-08	-1.9749e-08	-2.1603e-08	-2.2243e-08	-2.2125e-08	-2.195e-08	-2.2002e-08	-2.2235e-08	-2.2593e-08	-2.2954e-08	-2.3167e-08	-2.3246e-08	-2.3337e-08	-2.3466e-08	-2.357e-08	-2.3712e-08	-2.3801e-08	-2.3748e-08	-2.3522e-08	-2.3092e-08	-2.2612e-08	-2.2466e-08	-2.2689e-08	-2.2912e-08	-2.2778e-08	-2.2168e-08	-2.1473e-08	-2.1334e-08	-2.1831e-08	-2.2567e-08	-2.3088e-08	-2.3154e-08	-2.2979e-08	-2.2846e-08	-2.3086e-08	-2.3719e-08	-2.4361e-08	-2.4727e-08	-2.4742e-08	-2.443e-08	-2.3903e-08	-2.3129e-08	-2.207e-08	-2.1205e-08	-2.0906e-08	-2.1156e-08	-2.1754e-08	-2.2382e-08	-2.2706e-08	-2.2587e-08	-2.2182e-08	-2.1682e-08	-2.1094e-08	-2.0442e-08	-2.0077e-08	-2.0233e-08	-2.0708e-08	-2.1038e-08	-2.095e-08	-2.0586e-08	-2.0301e-08	-2.0271e-08	-2.0318e-08	-2.034e-08	-2.0338e-08	-2.0395e-08	-2.0567e-08	-2.0856e-08	-2.11e-08	-2.113e-08	-2.0957e-08	-2.0742e-08	-2.0643e-08	-2.0655e-08	-2.0696e-08	-2.0689e-08	-2.0603e-08	-2.0535e-08	-2.0684e-08	-2.1203e-08	-2.1962e-08	-2.2656e-08	-2.3036e-08	-2.2972e-08	-2.2497e-08	-2.1838e-08	-2.1164e-08	-2.0658e-08	-2.0423e-08	-2.0302e-08	-2.0164e-08	-2.0075e-08	-2.0048e-08	-1.9975e-08
-2.2657e-08	-2.3368e-08	-2.365e-08	-2.3461e-08	-2.3331e-08	-2.3421e-08	-2.351e-08	-2.3619e-08	-2.4002e-08	-2.4621e-08	-2.5147e-08	-2.5233e-08	-2.5051e-08	-2.4766e-08	-2.4239e-08	-2.3536e-08	-2.2873e-08	-2.2327e-08	-2.1986e-08	-2.1865e-08	-2.1813e-08	-2.1761e-08	-2.1691e-08	-2.167e-08	-2.1937e-08	-2.2642e-08	-2.3788e-08	-2.5182e-08	-2.6531e-08	-2.7491e-08	-2.7814e-08	-2.7443e-08	-2.6408e-08	-2.4883e-08	-2.2793e-08	-2.002e-08	-1.6889e-08	-1.3721e-08	-1.0692e-08	-7.7726e-09	-4.7935e-09	-1.5475e-09	1.8446e-09	5.1331e-09	8.3675e-09	1.1696e-08	1.5038e-08	1.8191e-08	2.133e-08	2.466e-08	2.8109e-08	3.1528e-08	3.4838e-08	3.8077e-08	4.1312e-08	4.4561e-08	4.7705e-08	5.0614e-08	5.3296e-08	5.5777e-08	5.8118e-08	6.0305e-08	6.1909e-08	6.247e-08	6.2028e-08	6.0796e-08	5.894e-08	5.658e-08	5.3889e-08	5.1099e-08	4.8248e-08	4.5223e-08	4.1982e-08	3.8523e-08	3.4937e-08	3.1295e-08	2.7564e-08	2.3625e-08	1.9518e-08	1.5337e-08	1.1048e-08	6.5373e-09	1.7978e-09	-3.0998e-09	-7.9651e-09	-1.2556e-08	-1.6541e-08	-1.9592e-08	-2.1463e-08	-2.2148e-08	-2.2096e-08	-2.1966e-08	-2.2033e-08	-2.2261e-08	-2.2614e-08	-2.2987e-08	-2.3213e-08	-2.3292e-08	-2.3387e-08	-2.3542e-08	-2.3673e-08	-2.3797e-08	-2.3827e-08	-2.372e-08	-2.3469e-08	-2.3047e-08	-2.2595e-08	-2.2467e-08	-2.27e-08	-2.2949e-08	-2.2866e-08	-2.232e-08	-2.1647e-08	-2.145e-08	-2.1849e-08	-2.2498e-08	-2.2986e-08	-2.3076e-08	-2.2904e-08	-2.2706e-08	-2.2854e-08	-2.343e-08	-2.4068e-08	-2.4447e-08	-2.4446e-08	-2.4111e-08	-2.3612e-08	-2.2932e-08	-2.1996e-08	-2.1183e-08	-2.087e-08	-2.11e-08	-2.1701e-08	-2.2355e-08	-2.271e-08	-2.2614e-08	-2.2231e-08	-2.1766e-08	-2.1232e-08	-2.0647e-08	-2.0353e-08	-2.0565e-08	-2.106e-08	-2.1358e-08	-2.1209e-08	-2.081e-08	-2.0529e-08	-2.0503e-08	-2.0554e-08	-2.0584e-08	-2.059e-08	-2.0625e-08	-2.0747e-08	-2.0999e-08	-2.1241e-08	-2.1289e-08	-2.1123e-08	-2.09e-08	-2.0784e-08	-2.0775e-08	-2.0801e-08	-2.0787e-08	-2.0692e-08	-2.0617e-08	-2.0791e-08	-2.1371e-08	-2.2216e-08	-2.3e-08	-2.3436e-08	-2.3377e-08	-2.2879e-08	-2.2195e-08	-2.1488e-08	-2.0929e-08	-2.0647e-08	-2.0509e-08	-2.038e-08	-2.0293e-08	-2.0246e-08	-2.0155e-08
-2.2496e-08	-2.3173e-08	-2.3399e-08	-2.3177e-08	-2.3039e-08	-2.3122e-08	-2.3194e-08	-2.3261e-08	-2.3592e-08	-2.4181e-08	-2.4711e-08	-2.482e-08	-2.4657e-08	-2.4409e-08	-2.396e-08	-2.3326e-08	-2.2663e-08	-2.2077e-08	-2.17e-08	-2.156e-08	-2.1508e-08	-2.1472e-08	-2.1429e-08	-2.1425e-08	-2.1673e-08	-2.2348e-08	-2.3484e-08	-2.4887e-08	-2.6248e-08	-2.7211e-08	-2.7528e-08	-2.7166e-08	-2.6156e-08	-2.4632e-08	-2.25e-08	-1.9665e-08	-1.6481e-08	-1.3284e-08	-1.0217e-08	-7.2343e-09	-4.1901e-09	-9.1704e-10	2.4919e-09	5.8135e-09	9.0681e-09	1.2385e-08	1.5707e-08	1.8865e-08	2.202e-08	2.5359e-08	2.881e-08	3.2227e-08	3.5531e-08	3.8754e-08	4.1955e-08	4.5164e-08	4.828e-08	5.1187e-08	5.387e-08	5.6318e-08	5.858e-08	6.0656e-08	6.2163e-08	6.2679e-08	6.2231e-08	6.1013e-08	5.9176e-08	5.6831e-08	5.4144e-08	5.1334e-08	4.8453e-08	4.5406e-08	4.2159e-08	3.8709e-08	3.5135e-08	3.1492e-08	2.7747e-08	2.38e-08	1.9692e-08	1.5503e-08	1.1203e-08	6.6996e-09	1.9863e-09	-2.8913e-09	-7.7606e-09	-1.2371e-08	-1.6375e-08	-1.9441e-08	-2.1335e-08	-2.2071e-08	-2.2088e-08	-2.2006e-08	-2.2091e-08	-2.2314e-08	-2.2663e-08	-2.3044e-08	-2.3283e-08	-2.3363e-08	-2.3462e-08	-2.3638e-08	-2.3796e-08	-2.3903e-08	-2.3881e-08	-2.3723e-08	-2.3449e-08	-2.3038e-08	-2.2616e-08	-2.2507e-08	-2.2749e-08	-2.3021e-08	-2.2988e-08	-2.251e-08	-2.1865e-08	-2.1619e-08	-2.1921e-08	-2.2481e-08	-2.2935e-08	-2.3048e-08	-2.2885e-08	-2.2631e-08	-2.2689e-08	-2.3204e-08	-2.383e-08	-2.4216e-08	-2.4199e-08	-2.3842e-08	-2.337e-08	-2.2784e-08	-2.1974e-08	-2.1222e-08	-2.0902e-08	-2.111e-08	-2.1708e-08	-2.2382e-08	-2.2766e-08	-2.2691e-08	-2.2331e-08	-2.1903e-08	-2.1424e-08	-2.091e-08	-2.0686e-08	-2.0951e-08	-2.1461e-08	-2.1732e-08	-2.1527e-08	-2.1093e-08	-2.0813e-08	-2.079e-08	-2.0845e-08	-2.0885e-08	-2.09e-08	-2.0915e-08	-2.0989e-08	-2.1203e-08	-2.1441e-08	-2.1505e-08	-2.1348e-08	-2.1119e-08	-2.0988e-08	-2.0959e-08	-2.097e-08	-2.0951e-08	-2.0849e-08	-2.0768e-08	-2.0959e-08	-2.1589e-08	-2.2508e-08	-2.3374e-08	-2.3864e-08	-2.3819e-08	-2.331e-08	-2.2613e-08	-2.1884e-08	-2.1284e-08	-2.0959e-08	-2.0802e-08	-2.0675e-08	-2.0581e-08	-2.0508e-08	-2.0395e-08
-2.2409e-08	-2.3049e-08	-2.3214e-08	-2.2952e-08	-2.2799e-08	-2.2871e-08	-2.2926e-08	-2.295e-08	-2.3225e-08	-2.3776e-08	-2.4301e-08	-2.4428e-08	-2.4282e-08	-2.4073e-08	-2.3708e-08	-2.3156e-08	-2.2507e-08	-2.1888e-08	-2.1474e-08	-2.1308e-08	-2.1253e-08	-2.1231e-08	-2.1214e-08	-2.1227e-08	-2.1455e-08	-2.2094e-08	-2.3211e-08	-2.4617e-08	-2.5989e-08	-2.6957e-08	-2.727e-08	-2.692e-08	-2.5942e-08	-2.4428e-08	-2.2268e-08	-1.9383e-08	-1.6153e-08	-1.2929e-08	-9.8296e-09	-6.7862e-09	-3.6769e-09	-3.7439e-10	3.0516e-09	6.405e-09	9.6793e-09	1.2984e-08	1.6285e-08	1.9447e-08	2.2616e-08	2.5959e-08	2.9409e-08	3.282e-08	3.6116e-08	3.9321e-08	4.249e-08	4.5657e-08	4.8745e-08	5.1647e-08	5.433e-08	5.675e-08	5.8941e-08	6.0912e-08	6.2325e-08	6.28e-08	6.2351e-08	6.1154e-08	5.9346e-08	5.7029e-08	5.4358e-08	5.1539e-08	4.8637e-08	4.5574e-08	4.2324e-08	3.8886e-08	3.5323e-08	3.168e-08	2.7922e-08	2.3967e-08	1.9858e-08	1.5662e-08	1.1351e-08	6.8563e-09	2.1709e-09	-2.6822e-09	-7.5504e-09	-1.2179e-08	-1.6206e-08	-1.9294e-08	-2.122e-08	-2.2013e-08	-2.2103e-08	-2.2074e-08	-2.218e-08	-2.24e-08	-2.2741e-08	-2.313e-08	-2.3381e-08	-2.3463e-08	-2.3564e-08	-2.3759e-08	-2.3941e-08	-2.4034e-08	-2.3964e-08	-2.376e-08	-2.3468e-08	-2.307e-08	-2.268e-08	-2.2591e-08	-2.2839e-08	-2.313e-08	-2.3147e-08	-2.2739e-08	-2.2128e-08	-2.1839e-08	-2.2049e-08	-2.2522e-08	-2.2938e-08	-2.3072e-08	-2.2925e-08	-2.2627e-08	-2.26e-08	-2.3051e-08	-2.3658e-08	-2.4046e-08	-2.4013e-08	-2.3634e-08	-2.3188e-08	-2.2697e-08	-2.2014e-08	-2.1332e-08	-2.1009e-08	-2.1195e-08	-2.1785e-08	-2.2472e-08	-2.288e-08	-2.2827e-08	-2.2491e-08	-2.2099e-08	-2.1678e-08	-2.1236e-08	-2.108e-08	-2.1391e-08	-2.1912e-08	-2.2159e-08	-2.1906e-08	-2.144e-08	-2.1156e-08	-2.1135e-08	-2.1195e-08	-2.1245e-08	-2.1269e-08	-2.1266e-08	-2.1297e-08	-2.1472e-08	-2.1704e-08	-2.1785e-08	-2.164e-08	-2.1407e-08	-2.126e-08	-2.1212e-08	-2.121e-08	-2.1188e-08	-2.1083e-08	-2.0995e-08	-2.1197e-08	-2.1862e-08	-2.2843e-08	-2.378e-08	-2.4321e-08	-2.4296e-08	-2.3791e-08	-2.3096e-08	-2.2359e-08	-2.173e-08	-2.1369e-08	-2.1192e-08	-2.1059e-08	-2.0949e-08	-2.0842e-08	-2.0702e-08
-2.2399e-08	-2.3e-08	-2.3103e-08	-2.2795e-08	-2.2619e-08	-2.2676e-08	-2.2715e-08	-2.27e-08	-2.2915e-08	-2.3421e-08	-2.3933e-08	-2.4073e-08	-2.3942e-08	-2.3772e-08	-2.3495e-08	-2.3034e-08	-2.2414e-08	-2.177e-08	-2.1318e-08	-2.1123e-08	-2.1062e-08	-2.1052e-08	-2.1059e-08	-2.1087e-08	-2.1293e-08	-2.1892e-08	-2.2982e-08	-2.4383e-08	-2.5764e-08	-2.6739e-08	-2.7052e-08	-2.6718e-08	-2.5776e-08	-2.4284e-08	-2.2112e-08	-1.9191e-08	-1.5924e-08	-1.2678e-08	-9.5496e-09	-6.4505e-09	-3.2782e-09	5.502e-11	3.4975e-09	6.8804e-09	1.0173e-08	1.3466e-08	1.6745e-08	1.9909e-08	2.3089e-08	2.6435e-08	2.9879e-08	3.3279e-08	3.6565e-08	3.975e-08	4.2887e-08	4.6015e-08	4.9072e-08	5.1967e-08	5.465e-08	5.7047e-08	5.9176e-08	6.1052e-08	6.2379e-08	6.2818e-08	6.2375e-08	6.1207e-08	5.9438e-08	5.7162e-08	5.4522e-08	5.1708e-08	4.8795e-08	4.5724e-08	4.2475e-08	3.905e-08	3.5499e-08	3.1857e-08	2.8087e-08	2.4125e-08	2.0015e-08	1.5813e-08	1.1493e-08	7.0071e-09	2.3509e-09	-2.4728e-09	-7.334e-09	-1.1977e-08	-1.6032e-08	-1.915e-08	-2.1117e-08	-2.1976e-08	-2.2145e-08	-2.2171e-08	-2.2301e-08	-2.2521e-08	-2.2854e-08	-2.3247e-08	-2.351e-08	-2.3595e-08	-2.3696e-08	-2.3905e-08	-2.4108e-08	-2.419e-08	-2.4078e-08	-2.3835e-08	-2.3528e-08	-2.3148e-08	-2.2792e-08	-2.2722e-08	-2.2975e-08	-2.3283e-08	-2.3346e-08	-2.3008e-08	-2.2437e-08	-2.2112e-08	-2.2236e-08	-2.2624e-08	-2.3001e-08	-2.3155e-08	-2.3027e-08	-2.2697e-08	-2.2595e-08	-2.298e-08	-2.3563e-08	-2.3948e-08	-2.3899e-08	-2.35e-08	-2.308e-08	-2.268e-08	-2.2127e-08	-2.1522e-08	-2.1202e-08	-2.1364e-08	-2.1941e-08	-2.2636e-08	-2.3064e-08	-2.3031e-08	-2.2718e-08	-2.2363e-08	-2.2e-08	-2.1631e-08	-2.1539e-08	-2.1888e-08	-2.2413e-08	-2.2639e-08	-2.2348e-08	-2.1853e-08	-2.1562e-08	-2.1539e-08	-2.1604e-08	-2.1666e-08	-2.17e-08	-2.1683e-08	-2.1673e-08	-2.1811e-08	-2.2036e-08	-2.2134e-08	-2.2003e-08	-2.1768e-08	-2.1606e-08	-2.1539e-08	-2.1529e-08	-2.1507e-08	-2.1401e-08	-2.1307e-08	-2.1511e-08	-2.2198e-08	-2.3225e-08	-2.422e-08	-2.4807e-08	-2.481e-08	-2.4324e-08	-2.3646e-08	-2.2918e-08	-2.2275e-08	-2.1885e-08	-2.1688e-08	-2.1541e-08	-2.1404e-08	-2.1255e-08	-2.1083e-08
-2.2467e-08	-2.3029e-08	-2.3069e-08	-2.2712e-08	-2.2508e-08	-2.2549e-08	-2.2573e-08	-2.252e-08	-2.2674e-08	-2.313e-08	-2.3621e-08	-2.3768e-08	-2.3652e-08	-2.3521e-08	-2.3334e-08	-2.2971e-08	-2.2392e-08	-2.1732e-08	-2.1245e-08	-2.1019e-08	-2.0949e-08	-2.0949e-08	-2.0977e-08	-2.1018e-08	-2.1201e-08	-2.1752e-08	-2.2805e-08	-2.4194e-08	-2.558e-08	-2.6566e-08	-2.6885e-08	-2.657e-08	-2.5672e-08	-2.4212e-08	-2.2044e-08	-1.9104e-08	-1.5812e-08	-1.2549e-08	-9.3976e-09	-6.2494e-09	-3.0178e-09	3.4597e-10	3.8036e-09	7.2127e-09	1.0523e-08	1.3803e-08	1.7059e-08	2.0223e-08	2.3413e-08	2.6758e-08	3.0191e-08	3.3577e-08	3.6848e-08	4.0014e-08	4.3119e-08	4.6209e-08	4.9236e-08	5.212e-08	5.4804e-08	5.7186e-08	5.9264e-08	6.1056e-08	6.2307e-08	6.2718e-08	6.229e-08	6.116e-08	5.9441e-08	5.722e-08	5.4626e-08	5.1833e-08	4.892e-08	4.5849e-08	4.2607e-08	3.9197e-08	3.5659e-08	3.2019e-08	2.824e-08	2.4273e-08	2.0163e-08	1.5956e-08	1.1629e-08	7.1518e-09	2.526e-09	-2.2638e-09	-7.1114e-09	-1.1766e-08	-1.585e-08	-1.9007e-08	-2.1026e-08	-2.1961e-08	-2.2214e-08	-2.2301e-08	-2.2457e-08	-2.2679e-08	-2.3004e-08	-2.3399e-08	-2.3673e-08	-2.3762e-08	-2.3862e-08	-2.408e-08	-2.43e-08	-2.4372e-08	-2.4227e-08	-2.3951e-08	-2.3634e-08	-2.3275e-08	-2.2955e-08	-2.2905e-08	-2.3162e-08	-2.3483e-08	-2.359e-08	-2.332e-08	-2.2792e-08	-2.2438e-08	-2.2484e-08	-2.2791e-08	-2.313e-08	-2.33e-08	-2.3197e-08	-2.2848e-08	-2.268e-08	-2.3001e-08	-2.3554e-08	-2.3931e-08	-2.3867e-08	-2.3451e-08	-2.3056e-08	-2.2748e-08	-2.2323e-08	-2.1801e-08	-2.1491e-08	-2.1627e-08	-2.2185e-08	-2.2882e-08	-2.3324e-08	-2.331e-08	-2.3021e-08	-2.2701e-08	-2.2396e-08	-2.2099e-08	-2.2067e-08	-2.2444e-08	-2.2966e-08	-2.3172e-08	-2.2853e-08	-2.2336e-08	-2.2034e-08	-2.2007e-08	-2.2076e-08	-2.2149e-08	-2.2195e-08	-2.2166e-08	-2.2122e-08	-2.2225e-08	-2.2443e-08	-2.2558e-08	-2.2445e-08	-2.221e-08	-2.2032e-08	-2.1949e-08	-2.1931e-08	-2.1913e-08	-2.1812e-08	-2.1712e-08	-2.191e-08	-2.2604e-08	-2.3659e-08	-2.4698e-08	-2.5323e-08	-2.536e-08	-2.491e-08	-2.4267e-08	-2.3567e-08	-2.2926e-08	-2.2518e-08	-2.23e-08	-2.2131e-08	-2.1956e-08	-2.1756e-08	-2.1545e-08
-2.2615e-08	-2.314e-08	-2.312e-08	-2.2711e-08	-2.2474e-08	-2.2496e-08	-2.2508e-08	-2.2422e-08	-2.2516e-08	-2.2917e-08	-2.338e-08	-2.353e-08	-2.3427e-08	-2.3334e-08	-2.3236e-08	-2.2976e-08	-2.2451e-08	-2.1786e-08	-2.1268e-08	-2.101e-08	-2.0928e-08	-2.0935e-08	-2.098e-08	-2.1031e-08	-2.1189e-08	-2.1688e-08	-2.2692e-08	-2.4061e-08	-2.5449e-08	-2.6447e-08	-2.678e-08	-2.649e-08	-2.564e-08	-2.4225e-08	-2.2078e-08	-1.914e-08	-1.5835e-08	-1.2563e-08	-9.3941e-09	-6.2046e-09	-2.9195e-09	4.7343e-10	3.944e-09	7.375e-09	1.0699e-08	1.3967e-08	1.72e-08	2.0362e-08	2.3558e-08	2.69e-08	3.0319e-08	3.3686e-08	3.6939e-08	4.0083e-08	4.316e-08	4.6212e-08	4.921e-08	5.2082e-08	5.4766e-08	5.714e-08	5.9181e-08	6.0903e-08	6.209e-08	6.2486e-08	6.2082e-08	6.1e-08	5.9343e-08	5.7191e-08	5.4661e-08	5.1905e-08	4.9007e-08	4.5946e-08	4.2716e-08	3.9324e-08	3.58e-08	3.2164e-08	2.838e-08	2.441e-08	2.03e-08	1.609e-08	1.1757e-08	7.2901e-09	2.6957e-09	-2.0556e-09	-6.8824e-09	-1.1544e-08	-1.5659e-08	-1.8864e-08	-2.0947e-08	-2.1968e-08	-2.2314e-08	-2.2464e-08	-2.2652e-08	-2.2878e-08	-2.3194e-08	-2.359e-08	-2.3873e-08	-2.3968e-08	-2.4064e-08	-2.4286e-08	-2.4518e-08	-2.4583e-08	-2.4411e-08	-2.4111e-08	-2.3791e-08	-2.3456e-08	-2.3174e-08	-2.3146e-08	-2.3405e-08	-2.3735e-08	-2.3881e-08	-2.3677e-08	-2.3193e-08	-2.2818e-08	-2.2793e-08	-2.3028e-08	-2.3329e-08	-2.3513e-08	-2.3439e-08	-2.3083e-08	-2.2862e-08	-2.3122e-08	-2.3643e-08	-2.4008e-08	-2.3929e-08	-2.3499e-08	-2.3128e-08	-2.2909e-08	-2.2613e-08	-2.2181e-08	-2.1884e-08	-2.1994e-08	-2.2528e-08	-2.3219e-08	-2.367e-08	-2.3673e-08	-2.3405e-08	-2.3121e-08	-2.2874e-08	-2.2648e-08	-2.2669e-08	-2.3062e-08	-2.3571e-08	-2.3758e-08	-2.3424e-08	-2.2892e-08	-2.2577e-08	-2.254e-08	-2.2612e-08	-2.2698e-08	-2.2756e-08	-2.272e-08	-2.2646e-08	-2.2718e-08	-2.2928e-08	-2.306e-08	-2.2968e-08	-2.2737e-08	-2.2545e-08	-2.2445e-08	-2.2423e-08	-2.2413e-08	-2.232e-08	-2.2215e-08	-2.2399e-08	-2.3084e-08	-2.4149e-08	-2.5213e-08	-2.5869e-08	-2.5944e-08	-2.5545e-08	-2.4958e-08	-2.4305e-08	-2.3684e-08	-2.3267e-08	-2.303e-08	-2.2831e-08	-2.2606e-08	-2.2344e-08	-2.2087e-08
-2.2848e-08	-2.3335e-08	-2.3259e-08	-2.2798e-08	-2.2525e-08	-2.2528e-08	-2.2529e-08	-2.2415e-08	-2.2453e-08	-2.2795e-08	-2.3225e-08	-2.3374e-08	-2.3284e-08	-2.3228e-08	-2.3217e-08	-2.306e-08	-2.2598e-08	-2.1941e-08	-2.1397e-08	-2.1109e-08	-2.1013e-08	-2.1023e-08	-2.1082e-08	-2.114e-08	-2.127e-08	-2.1709e-08	-2.2655e-08	-2.3993e-08	-2.5378e-08	-2.6391e-08	-2.6746e-08	-2.6488e-08	-2.5693e-08	-2.4334e-08	-2.2228e-08	-1.9312e-08	-1.601e-08	-1.2737e-08	-9.5596e-09	-6.3379e-09	-3.0067e-09	4.125e-10	3.8929e-09	7.3407e-09	1.0676e-08	1.3931e-08	1.714e-08	2.0298e-08	2.3498e-08	2.6833e-08	3.0234e-08	3.3576e-08	3.6808e-08	3.9931e-08	4.2979e-08	4.5998e-08	4.8967e-08	5.1826e-08	5.4511e-08	5.6885e-08	5.8903e-08	6.0572e-08	6.1711e-08	6.2104e-08	6.1737e-08	6.0715e-08	5.9132e-08	5.7066e-08	5.4616e-08	5.1916e-08	4.9048e-08	4.6008e-08	4.2798e-08	3.9428e-08	3.5921e-08	3.2291e-08	2.8505e-08	2.4535e-08	2.0427e-08	1.6214e-08	1.1878e-08	7.4217e-09	2.8597e-09	-1.8488e-09	-6.6471e-09	-1.131e-08	-1.5457e-08	-1.8719e-08	-2.0879e-08	-2.1999e-08	-2.2445e-08	-2.2666e-08	-2.2888e-08	-2.3121e-08	-2.3429e-08	-2.3822e-08	-2.4115e-08	-2.4215e-08	-2.4306e-08	-2.4527e-08	-2.4764e-08	-2.4824e-08	-2.4633e-08	-2.4318e-08	-2.4001e-08	-2.3695e-08	-2.3453e-08	-2.3447e-08	-2.3707e-08	-2.4043e-08	-2.4224e-08	-2.4081e-08	-2.3642e-08	-2.3251e-08	-2.3167e-08	-2.3337e-08	-2.3603e-08	-2.3799e-08	-2.3755e-08	-2.3408e-08	-2.3148e-08	-2.3352e-08	-2.3839e-08	-2.4187e-08	-2.4094e-08	-2.3654e-08	-2.3308e-08	-2.3177e-08	-2.3006e-08	-2.2668e-08	-2.2391e-08	-2.2473e-08	-2.2978e-08	-2.3656e-08	-2.411e-08	-2.4125e-08	-2.3879e-08	-2.3629e-08	-2.3438e-08	-2.3281e-08	-2.3347e-08	-2.3743e-08	-2.4227e-08	-2.4395e-08	-2.4056e-08	-2.3518e-08	-2.319e-08	-2.3139e-08	-2.321e-08	-2.3308e-08	-2.3378e-08	-2.3338e-08	-2.3241e-08	-2.3285e-08	-2.3488e-08	-2.3638e-08	-2.3569e-08	-2.3344e-08	-2.3137e-08	-2.3021e-08	-2.2998e-08	-2.3e-08	-2.2918e-08	-2.2809e-08	-2.2971e-08	-2.3632e-08	-2.4688e-08	-2.576e-08	-2.6435e-08	-2.655e-08	-2.6217e-08	-2.5703e-08	-2.5116e-08	-2.4531e-08	-2.4116e-08	-2.3862e-08	-2.3626e-08	-2.3341e-08	-2.3008e-08	-2.2697e-08
-2.3165e-08	-2.3617e-08	-2.349e-08	-2.2981e-08	-2.2669e-08	-2.2653e-08	-2.2647e-08	-2.2511e-08	-2.2497e-08	-2.2779e-08	-2.317e-08	-2.3314e-08	-2.3236e-08	-2.3217e-08	-2.3287e-08	-2.3234e-08	-2.2844e-08	-2.2206e-08	-2.1646e-08	-2.133e-08	-2.1218e-08	-2.1229e-08	-2.1296e-08	-2.1357e-08	-2.1456e-08	-2.1828e-08	-2.2703e-08	-2.3999e-08	-2.5377e-08	-2.6409e-08	-2.6793e-08	-2.6576e-08	-2.5842e-08	-2.4551e-08	-2.2506e-08	-1.9635e-08	-1.6356e-08	-1.3093e-08	-9.9141e-09	-6.6705e-09	-3.3025e-09	1.3851e-10	3.6246e-09	7.0833e-09	1.0426e-08	1.3666e-08	1.6852e-08	2.0003e-08	2.3205e-08	2.6531e-08	2.9908e-08	3.3222e-08	3.6428e-08	3.9528e-08	4.2551e-08	4.5539e-08	4.848e-08	5.1326e-08	5.4012e-08	5.6396e-08	5.8406e-08	6.0041e-08	6.1151e-08	6.1556e-08	6.1241e-08	6.0292e-08	5.8797e-08	5.6831e-08	5.4481e-08	5.1857e-08	4.9038e-08	4.6031e-08	4.2849e-08	3.9505e-08	3.6017e-08	3.2397e-08	2.8612e-08	2.4646e-08	2.0542e-08	1.6329e-08	1.1991e-08	7.5465e-09	3.0174e-09	-1.644e-09	-6.4057e-09	-1.1062e-08	-1.5242e-08	-1.8569e-08	-2.0821e-08	-2.2055e-08	-2.2611e-08	-2.2907e-08	-2.3167e-08	-2.3411e-08	-2.3711e-08	-2.4098e-08	-2.4399e-08	-2.4506e-08	-2.4591e-08	-2.4804e-08	-2.504e-08	-2.5094e-08	-2.4893e-08	-2.4573e-08	-2.4269e-08	-2.3996e-08	-2.3796e-08	-2.3812e-08	-2.4074e-08	-2.4412e-08	-2.4622e-08	-2.4535e-08	-2.4138e-08	-2.3737e-08	-2.3604e-08	-2.372e-08	-2.3954e-08	-2.416e-08	-2.4148e-08	-2.3821e-08	-2.3537e-08	-2.3694e-08	-2.4145e-08	-2.4473e-08	-2.4365e-08	-2.3918e-08	-2.3597e-08	-2.355e-08	-2.3501e-08	-2.3259e-08	-2.3007e-08	-2.306e-08	-2.3529e-08	-2.4188e-08	-2.4637e-08	-2.4662e-08	-2.4434e-08	-2.4217e-08	-2.408e-08	-2.3988e-08	-2.4091e-08	-2.4478e-08	-2.4925e-08	-2.5071e-08	-2.4738e-08	-2.4203e-08	-2.3862e-08	-2.3791e-08	-2.3858e-08	-2.3967e-08	-2.405e-08	-2.4009e-08	-2.3892e-08	-2.3913e-08	-2.4109e-08	-2.4276e-08	-2.4232e-08	-2.4016e-08	-2.3795e-08	-2.3663e-08	-2.3638e-08	-2.3654e-08	-2.3587e-08	-2.3474e-08	-2.3608e-08	-2.4232e-08	-2.5261e-08	-2.6326e-08	-2.7011e-08	-2.7165e-08	-2.6909e-08	-2.6482e-08	-2.5976e-08	-2.5443e-08	-2.504e-08	-2.4772e-08	-2.4496e-08	-2.4142e-08	-2.373e-08	-2.3359e-08
-2.3572e-08	-2.3989e-08	-2.3819e-08	-2.3265e-08	-2.2916e-08	-2.288e-08	-2.2869e-08	-2.272e-08	-2.266e-08	-2.2883e-08	-2.323e-08	-2.3364e-08	-2.33e-08	-2.3316e-08	-2.3463e-08	-2.3508e-08	-2.3197e-08	-2.2592e-08	-2.2024e-08	-2.1684e-08	-2.1556e-08	-2.1564e-08	-2.1636e-08	-2.1693e-08	-2.1758e-08	-2.2057e-08	-2.2849e-08	-2.4091e-08	-2.5456e-08	-2.6508e-08	-2.6932e-08	-2.6764e-08	-2.61e-08	-2.4889e-08	-2.2924e-08	-2.0124e-08	-1.6888e-08	-1.3648e-08	-1.0478e-08	-7.2236e-09	-3.8297e-09	-3.7308e-10	3.1135e-09	6.5763e-09	9.9206e-09	1.3145e-08	1.6307e-08	1.945e-08	2.2652e-08	2.5966e-08	2.9315e-08	3.2594e-08	3.5771e-08	3.8847e-08	4.1846e-08	4.4808e-08	4.7724e-08	5.0555e-08	5.3245e-08	5.5645e-08	5.7665e-08	5.9288e-08	6.039e-08	6.0827e-08	6.0581e-08	5.9719e-08	5.8325e-08	5.6476e-08	5.4246e-08	5.172e-08	4.8968e-08	4.6009e-08	4.2864e-08	3.9552e-08	3.6086e-08	3.2478e-08	2.8701e-08	2.4742e-08	2.0645e-08	1.6432e-08	1.2096e-08	7.6641e-09	3.1686e-09	-1.4418e-09	-6.1585e-09	-1.08e-08	-1.5012e-08	-1.8413e-08	-2.0771e-08	-2.2133e-08	-2.2812e-08	-2.3189e-08	-2.349e-08	-2.3748e-08	-2.404e-08	-2.442e-08	-2.4727e-08	-2.4841e-08	-2.4919e-08	-2.5116e-08	-2.5344e-08	-2.5393e-08	-2.5189e-08	-2.4874e-08	-2.459e-08	-2.4355e-08	-2.4198e-08	-2.4238e-08	-2.4499e-08	-2.4836e-08	-2.5069e-08	-2.5031e-08	-2.4675e-08	-2.4268e-08	-2.4095e-08	-2.4168e-08	-2.4375e-08	-2.4586e-08	-2.4607e-08	-2.431e-08	-2.4017e-08	-2.4133e-08	-2.4548e-08	-2.4852e-08	-2.4729e-08	-2.4277e-08	-2.398e-08	-2.4013e-08	-2.4082e-08	-2.3936e-08	-2.3712e-08	-2.3737e-08	-2.4164e-08	-2.4797e-08	-2.5236e-08	-2.5264e-08	-2.5053e-08	-2.4867e-08	-2.478e-08	-2.475e-08	-2.4884e-08	-2.5251e-08	-2.565e-08	-2.5771e-08	-2.5449e-08	-2.4927e-08	-2.4574e-08	-2.4481e-08	-2.454e-08	-2.4659e-08	-2.4754e-08	-2.4713e-08	-2.4582e-08	-2.4582e-08	-2.4772e-08	-2.4956e-08	-2.4938e-08	-2.4732e-08	-2.4499e-08	-2.435e-08	-2.4326e-08	-2.4358e-08	-2.4307e-08	-2.4191e-08	-2.4292e-08	-2.4867e-08	-2.5854e-08	-2.6896e-08	-2.7581e-08	-2.7774e-08	-2.7601e-08	-2.7275e-08	-2.6864e-08	-2.6396e-08	-2.6015e-08	-2.5737e-08	-2.5419e-08	-2.4992e-08	-2.4495e-08	-2.4057e-08
-2.407e-08	-2.4454e-08	-2.4248e-08	-2.3656e-08	-2.3272e-08	-2.3218e-08	-2.3205e-08	-2.3051e-08	-2.2954e-08	-2.3119e-08	-2.3419e-08	-2.354e-08	-2.3489e-08	-2.354e-08	-2.3757e-08	-2.3895e-08	-2.3667e-08	-2.3107e-08	-2.2543e-08	-2.2186e-08	-2.2042e-08	-2.2044e-08	-2.2115e-08	-2.2163e-08	-2.2188e-08	-2.2407e-08	-2.3104e-08	-2.4278e-08	-2.5622e-08	-2.6698e-08	-2.7173e-08	-2.7064e-08	-2.6478e-08	-2.536e-08	-2.3496e-08	-2.0794e-08	-1.7624e-08	-1.4421e-08	-1.1271e-08	-8.0176e-09	-4.6102e-09	-1.1457e-09	2.3353e-09	5.7947e-09	9.1352e-09	1.2341e-08	1.5479e-08	1.8613e-08	2.1813e-08	2.5113e-08	2.843e-08	3.1669e-08	3.4811e-08	3.7863e-08	4.084e-08	4.3779e-08	4.6674e-08	4.9492e-08	5.2185e-08	5.4612e-08	5.666e-08	5.8293e-08	5.9412e-08	5.9903e-08	5.9745e-08	5.8987e-08	5.7711e-08	5.5995e-08	5.3905e-08	5.15e-08	4.8836e-08	4.5941e-08	4.2844e-08	3.9568e-08	3.6128e-08	3.2536e-08	2.877e-08	2.4824e-08	2.0736e-08	1.6527e-08	1.2194e-08	7.7761e-09	3.3147e-09	-1.2417e-09	-5.906e-09	-1.0525e-08	-1.4767e-08	-1.8249e-08	-2.0727e-08	-2.2231e-08	-2.3043e-08	-2.3507e-08	-2.3851e-08	-2.4125e-08	-2.441e-08	-2.4781e-08	-2.5091e-08	-2.5212e-08	-2.528e-08	-2.5458e-08	-2.5671e-08	-2.5713e-08	-2.5511e-08	-2.521e-08	-2.4954e-08	-2.476e-08	-2.4649e-08	-2.4712e-08	-2.4971e-08	-2.5303e-08	-2.5554e-08	-2.5558e-08	-2.524e-08	-2.4831e-08	-2.4625e-08	-2.4663e-08	-2.4847e-08	-2.5063e-08	-2.5116e-08	-2.4856e-08	-2.4566e-08	-2.4651e-08	-2.5029e-08	-2.5306e-08	-2.5169e-08	-2.4712e-08	-2.4438e-08	-2.4546e-08	-2.4726e-08	-2.4677e-08	-2.4484e-08	-2.448e-08	-2.4862e-08	-2.5463e-08	-2.5886e-08	-2.5915e-08	-2.5716e-08	-2.5559e-08	-2.552e-08	-2.5547e-08	-2.5706e-08	-2.6045e-08	-2.6388e-08	-2.6478e-08	-2.6174e-08	-2.5671e-08	-2.5309e-08	-2.5192e-08	-2.5239e-08	-2.5366e-08	-2.5473e-08	-2.5434e-08	-2.5292e-08	-2.5275e-08	-2.5459e-08	-2.5659e-08	-2.5668e-08	-2.5476e-08	-2.5232e-08	-2.5066e-08	-2.5041e-08	-2.509e-08	-2.5058e-08	-2.4939e-08	-2.5003e-08	-2.552e-08	-2.6451e-08	-2.7458e-08	-2.8135e-08	-2.8362e-08	-2.8277e-08	-2.8061e-08	-2.7756e-08	-2.7364e-08	-2.7016e-08	-2.6733e-08	-2.6373e-08	-2.5871e-08	-2.5285e-08	-2.4776e-08
-2.4662e-08	-2.5013e-08	-2.4781e-08	-2.4161e-08	-2.3745e-08	-2.3675e-08	-2.3665e-08	-2.3514e-08	-2.3389e-08	-2.3501e-08	-2.3752e-08	-2.3857e-08	-2.3818e-08	-2.3904e-08	-2.4183e-08	-2.4405e-08	-2.4263e-08	-2.376e-08	-2.3213e-08	-2.2847e-08	-2.2688e-08	-2.2681e-08	-2.2745e-08	-2.2778e-08	-2.2758e-08	-2.289e-08	-2.3478e-08	-2.457e-08	-2.5885e-08	-2.6986e-08	-2.7522e-08	-2.7485e-08	-2.6986e-08	-2.5972e-08	-2.4231e-08	-2.1654e-08	-1.8576e-08	-1.5426e-08	-1.2304e-08	-9.0639e-09	-5.6548e-09	-2.1903e-09	1.2798e-09	4.7296e-09	8.0615e-09	1.1249e-08	1.4364e-08	1.7488e-08	2.0687e-08	2.3971e-08	2.7253e-08	3.0448e-08	3.3554e-08	3.6582e-08	3.9542e-08	4.2464e-08	4.5343e-08	4.815e-08	5.085e-08	5.3312e-08	5.5405e-08	5.7074e-08	5.8233e-08	5.88e-08	5.875e-08	5.8113e-08	5.6967e-08	5.54e-08	5.3469e-08	5.1205e-08	4.8647e-08	4.5831e-08	4.2791e-08	3.9558e-08	3.6148e-08	3.2574e-08	2.8824e-08	2.4896e-08	2.082e-08	1.6617e-08	1.2288e-08	7.8856e-09	3.4581e-09	-1.0427e-09	-5.6487e-09	-1.0238e-08	-1.4507e-08	-1.8076e-08	-2.0685e-08	-2.2343e-08	-2.3297e-08	-2.3854e-08	-2.4243e-08	-2.4533e-08	-2.4812e-08	-2.5169e-08	-2.5481e-08	-2.5607e-08	-2.5666e-08	-2.582e-08	-2.6011e-08	-2.6044e-08	-2.585e-08	-2.557e-08	-2.5347e-08	-2.5199e-08	-2.5132e-08	-2.522e-08	-2.5477e-08	-2.5801e-08	-2.6062e-08	-2.6104e-08	-2.5821e-08	-2.5411e-08	-2.518e-08	-2.5191e-08	-2.5355e-08	-2.5573e-08	-2.5658e-08	-2.5442e-08	-2.5165e-08	-2.5225e-08	-2.5569e-08	-2.5817e-08	-2.5664e-08	-2.5204e-08	-2.4951e-08	-2.5129e-08	-2.5413e-08	-2.5458e-08	-2.5299e-08	-2.5267e-08	-2.5601e-08	-2.6166e-08	-2.6569e-08	-2.6593e-08	-2.6406e-08	-2.6276e-08	-2.628e-08	-2.6359e-08	-2.654e-08	-2.6844e-08	-2.7122e-08	-2.7177e-08	-2.6893e-08	-2.6417e-08	-2.605e-08	-2.5907e-08	-2.5939e-08	-2.6071e-08	-2.6189e-08	-2.6154e-08	-2.6003e-08	-2.5972e-08	-2.6153e-08	-2.6367e-08	-2.6403e-08	-2.6227e-08	-2.5974e-08	-2.5793e-08	-2.5766e-08	-2.5831e-08	-2.5819e-08	-2.5698e-08	-2.5724e-08	-2.6174e-08	-2.7038e-08	-2.7998e-08	-2.8658e-08	-2.8915e-08	-2.892e-08	-2.8821e-08	-2.863e-08	-2.8324e-08	-2.8017e-08	-2.7735e-08	-2.7337e-08	-2.6758e-08	-2.6082e-08	-2.5498e-08
-2.5351e-08	-2.5668e-08	-2.5419e-08	-2.4782e-08	-2.4341e-08	-2.4258e-08	-2.4254e-08	-2.4117e-08	-2.3977e-08	-2.4041e-08	-2.424e-08	-2.4323e-08	-2.4298e-08	-2.4417e-08	-2.4751e-08	-2.5044e-08	-2.4985e-08	-2.455e-08	-2.4034e-08	-2.3667e-08	-2.3494e-08	-2.3476e-08	-2.3525e-08	-2.3535e-08	-2.3466e-08	-2.3502e-08	-2.3969e-08	-2.4965e-08	-2.624e-08	-2.7366e-08	-2.7972e-08	-2.8018e-08	-2.7613e-08	-2.6713e-08	-2.5113e-08	-2.2686e-08	-1.9723e-08	-1.6641e-08	-1.3557e-08	-1.0338e-08	-6.938e-09	-3.4804e-09	-2.5894e-11	3.4093e-09	6.7286e-09	9.8963e-09	1.2991e-08	1.6107e-08	1.9304e-08	2.2574e-08	2.5821e-08	2.8971e-08	3.2038e-08	3.5044e-08	3.7991e-08	4.0903e-08	4.3772e-08	4.6573e-08	4.9282e-08	5.1787e-08	5.3942e-08	5.5667e-08	5.6888e-08	5.7549e-08	5.7624e-08	5.7121e-08	5.6117e-08	5.471e-08	5.2951e-08	5.0847e-08	4.8412e-08	4.5686e-08	4.2713e-08	3.9528e-08	3.615e-08	3.2597e-08	2.8867e-08	2.496e-08	2.0901e-08	1.6705e-08	1.2383e-08	7.9958e-09	3.6017e-09	-8.431e-10	-5.387e-09	-9.9406e-09	-1.4233e-08	-1.7892e-08	-2.064e-08	-2.2463e-08	-2.3567e-08	-2.4222e-08	-2.4655e-08	-2.4962e-08	-2.5233e-08	-2.5576e-08	-2.5885e-08	-2.6016e-08	-2.6066e-08	-2.6192e-08	-2.6356e-08	-2.6379e-08	-2.6194e-08	-2.5941e-08	-2.5757e-08	-2.5656e-08	-2.5636e-08	-2.5748e-08	-2.6003e-08	-2.6316e-08	-2.6583e-08	-2.6655e-08	-2.6405e-08	-2.5997e-08	-2.5745e-08	-2.5734e-08	-2.5883e-08	-2.6103e-08	-2.6217e-08	-2.6048e-08	-2.5792e-08	-2.5835e-08	-2.6147e-08	-2.6366e-08	-2.6198e-08	-2.5735e-08	-2.5499e-08	-2.574e-08	-2.6121e-08	-2.6256e-08	-2.6134e-08	-2.6075e-08	-2.6359e-08	-2.6886e-08	-2.7266e-08	-2.7282e-08	-2.7102e-08	-2.6996e-08	-2.7041e-08	-2.7169e-08	-2.7366e-08	-2.7632e-08	-2.7839e-08	-2.7853e-08	-2.7589e-08	-2.7146e-08	-2.6779e-08	-2.6609e-08	-2.6624e-08	-2.6759e-08	-2.6887e-08	-2.6854e-08	-2.6697e-08	-2.6656e-08	-2.6834e-08	-2.7062e-08	-2.7125e-08	-2.6967e-08	-2.6709e-08	-2.6511e-08	-2.6481e-08	-2.6563e-08	-2.657e-08	-2.6448e-08	-2.6433e-08	-2.6811e-08	-2.7599e-08	-2.8502e-08	-2.9137e-08	-2.9419e-08	-2.9514e-08	-2.9535e-08	-2.9464e-08	-2.9251e-08	-2.8994e-08	-2.8719e-08	-2.8288e-08	-2.7635e-08	-2.6869e-08	-2.6207e-08
-2.613e-08	-2.641e-08	-2.6154e-08	-2.5512e-08	-2.5052e-08	-2.4958e-08	-2.4963e-08	-2.4847e-08	-2.4702e-08	-2.4725e-08	-2.487e-08	-2.4927e-08	-2.4913e-08	-2.5066e-08	-2.5445e-08	-2.5799e-08	-2.5817e-08	-2.546e-08	-2.4986e-08	-2.4626e-08	-2.4441e-08	-2.4407e-08	-2.4436e-08	-2.4416e-08	-2.4292e-08	-2.4228e-08	-2.4563e-08	-2.5447e-08	-2.6673e-08	-2.7821e-08	-2.8503e-08	-2.864e-08	-2.8336e-08	-2.7557e-08	-2.6109e-08	-2.3853e-08	-2.1025e-08	-1.8025e-08	-1.4986e-08	-1.1797e-08	-8.4149e-09	-4.971e-09	-1.5364e-09	1.8797e-09	5.1829e-09	8.3306e-09	1.1406e-08	1.4515e-08	1.7712e-08	2.0968e-08	2.418e-08	2.7284e-08	3.0313e-08	3.3297e-08	3.6236e-08	3.9144e-08	4.201e-08	4.4808e-08	4.7529e-08	5.0083e-08	5.2312e-08	5.4111e-08	5.5411e-08	5.6181e-08	5.6396e-08	5.6039e-08	5.5185e-08	5.3947e-08	5.2371e-08	5.0438e-08	4.814e-08	4.5515e-08	4.2616e-08	3.9484e-08	3.6141e-08	3.2612e-08	2.8905e-08	2.5022e-08	2.0982e-08	1.6796e-08	1.2482e-08	8.1102e-09	3.7484e-09	-6.413e-10	-5.1207e-09	-9.6334e-09	-1.3945e-08	-1.7696e-08	-2.0591e-08	-2.2585e-08	-2.3847e-08	-2.4602e-08	-2.508e-08	-2.5402e-08	-2.5665e-08	-2.5991e-08	-2.6294e-08	-2.6429e-08	-2.6468e-08	-2.6565e-08	-2.6698e-08	-2.6708e-08	-2.6535e-08	-2.6313e-08	-2.6172e-08	-2.612e-08	-2.6146e-08	-2.6284e-08	-2.6536e-08	-2.6836e-08	-2.7102e-08	-2.72e-08	-2.6979e-08	-2.6574e-08	-2.6306e-08	-2.6279e-08	-2.6415e-08	-2.6635e-08	-2.6777e-08	-2.6656e-08	-2.643e-08	-2.6462e-08	-2.6744e-08	-2.6934e-08	-2.6751e-08	-2.6285e-08	-2.6062e-08	-2.6359e-08	-2.6829e-08	-2.705e-08	-2.6965e-08	-2.6882e-08	-2.7116e-08	-2.7602e-08	-2.7956e-08	-2.796e-08	-2.7786e-08	-2.7703e-08	-2.7785e-08	-2.7955e-08	-2.8165e-08	-2.8389e-08	-2.8521e-08	-2.8489e-08	-2.8245e-08	-2.784e-08	-2.7477e-08	-2.7282e-08	-2.7277e-08	-2.7413e-08	-2.7548e-08	-2.7518e-08	-2.7356e-08	-2.7309e-08	-2.7484e-08	-2.7725e-08	-2.7814e-08	-2.7677e-08	-2.7416e-08	-2.7202e-08	-2.7169e-08	-2.7266e-08	-2.7291e-08	-2.717e-08	-2.7113e-08	-2.7415e-08	-2.8117e-08	-2.8956e-08	-2.9559e-08	-2.986e-08	-3.0042e-08	-3.0186e-08	-3.0236e-08	-3.0122e-08	-2.9922e-08	-2.9662e-08	-2.9203e-08	-2.8481e-08	-2.7627e-08	-2.6888e-08
-2.6981e-08	-2.7221e-08	-2.6965e-08	-2.6328e-08	-2.5856e-08	-2.5753e-08	-2.5768e-08	-2.568e-08	-2.5539e-08	-2.5527e-08	-2.5618e-08	-2.5644e-08	-2.5638e-08	-2.5823e-08	-2.6242e-08	-2.6644e-08	-2.6734e-08	-2.6459e-08	-2.6038e-08	-2.5693e-08	-2.5498e-08	-2.5446e-08	-2.5451e-08	-2.5395e-08	-2.5212e-08	-2.5045e-08	-2.5239e-08	-2.6001e-08	-2.7167e-08	-2.8333e-08	-2.9093e-08	-2.9328e-08	-2.9128e-08	-2.8475e-08	-2.7189e-08	-2.5118e-08	-2.2442e-08	-1.9537e-08	-1.655e-08	-1.3397e-08	-1.0041e-08	-6.6167e-09	-3.2061e-09	1.8683e-10	3.4708e-09	6.5976e-09	9.6546e-09	1.2757e-08	1.5954e-08	1.9198e-08	2.2378e-08	2.5435e-08	2.8426e-08	3.1391e-08	3.4325e-08	3.7234e-08	4.0103e-08	4.2903e-08	4.5638e-08	4.8244e-08	5.0558e-08	5.2445e-08	5.3838e-08	5.4729e-08	5.5095e-08	5.4894e-08	5.4196e-08	5.313e-08	5.1744e-08	4.9992e-08	4.7841e-08	4.5326e-08	4.2508e-08	3.9433e-08	3.6127e-08	3.2624e-08	2.8942e-08	2.5086e-08	2.1068e-08	1.6893e-08	1.2588e-08	8.2324e-09	3.9013e-09	-4.3535e-10	-4.8497e-09	-9.3176e-09	-1.3645e-08	-1.7488e-08	-2.0535e-08	-2.2705e-08	-2.4129e-08	-2.4988e-08	-2.5509e-08	-2.5844e-08	-2.6098e-08	-2.6403e-08	-2.6698e-08	-2.6833e-08	-2.6862e-08	-2.6929e-08	-2.7028e-08	-2.7023e-08	-2.6862e-08	-2.6674e-08	-2.6579e-08	-2.6576e-08	-2.6649e-08	-2.6812e-08	-2.7063e-08	-2.7347e-08	-2.7608e-08	-2.7725e-08	-2.753e-08	-2.7129e-08	-2.6847e-08	-2.6808e-08	-2.6935e-08	-2.7155e-08	-2.7321e-08	-2.7249e-08	-2.7057e-08	-2.7085e-08	-2.734e-08	-2.7502e-08	-2.7304e-08	-2.6835e-08	-2.6623e-08	-2.6968e-08	-2.7517e-08	-2.7817e-08	-2.7769e-08	-2.7665e-08	-2.7848e-08	-2.8294e-08	-2.8621e-08	-2.8609e-08	-2.8439e-08	-2.8377e-08	-2.8491e-08	-2.8699e-08	-2.8918e-08	-2.9099e-08	-2.9153e-08	-2.9069e-08	-2.8844e-08	-2.8481e-08	-2.8126e-08	-2.7907e-08	-2.7881e-08	-2.8016e-08	-2.8156e-08	-2.8128e-08	-2.7961e-08	-2.791e-08	-2.8086e-08	-2.8338e-08	-2.8452e-08	-2.8338e-08	-2.8078e-08	-2.785e-08	-2.781e-08	-2.792e-08	-2.7963e-08	-2.7842e-08	-2.7745e-08	-2.7968e-08	-2.8578e-08	-2.9344e-08	-2.991e-08	-3.0224e-08	-3.0489e-08	-3.0753e-08	-3.0926e-08	-3.0914e-08	-3.0777e-08	-3.0539e-08	-3.006e-08	-2.9275e-08	-2.8339e-08	-2.7522e-08
-2.7885e-08	-2.8082e-08	-2.783e-08	-2.7208e-08	-2.6731e-08	-2.662e-08	-2.6646e-08	-2.6588e-08	-2.6462e-08	-2.642e-08	-2.6459e-08	-2.6449e-08	-2.6448e-08	-2.6664e-08	-2.7116e-08	-2.7556e-08	-2.7709e-08	-2.7519e-08	-2.7162e-08	-2.684e-08	-2.6635e-08	-2.6564e-08	-2.6541e-08	-2.6445e-08	-2.62e-08	-2.5929e-08	-2.5978e-08	-2.6607e-08	-2.7703e-08	-2.8881e-08	-2.9721e-08	-3.0058e-08	-2.9965e-08	-2.9439e-08	-2.832e-08	-2.6445e-08	-2.3936e-08	-2.1136e-08	-1.8208e-08	-1.5095e-08	-1.1771e-08	-8.3725e-09	-4.9896e-09	-1.6232e-09	1.6385e-09	4.7436e-09	7.7834e-09	1.088e-08	1.4078e-08	1.7311e-08	2.0459e-08	2.3472e-08	2.6426e-08	2.9374e-08	3.2306e-08	3.5221e-08	3.8098e-08	4.0906e-08	4.3656e-08	4.6315e-08	4.8722e-08	5.0709e-08	5.2206e-08	5.3227e-08	5.3752e-08	5.3713e-08	5.3174e-08	5.2283e-08	5.1089e-08	4.9524e-08	4.7527e-08	4.5128e-08	4.2394e-08	3.938e-08	3.6114e-08	3.2638e-08	2.8982e-08	2.5156e-08	2.1163e-08	1.7001e-08	1.2706e-08	8.366e-09	4.0636e-09	-2.2313e-10	-4.5736e-09	-8.9941e-09	-1.3334e-08	-1.7267e-08	-2.0468e-08	-2.2818e-08	-2.4407e-08	-2.5372e-08	-2.5934e-08	-2.6279e-08	-2.6521e-08	-2.6803e-08	-2.7085e-08	-2.7218e-08	-2.7238e-08	-2.7274e-08	-2.7337e-08	-2.7314e-08	-2.7165e-08	-2.7013e-08	-2.6966e-08	-2.7012e-08	-2.713e-08	-2.7319e-08	-2.7568e-08	-2.7835e-08	-2.8087e-08	-2.8217e-08	-2.8046e-08	-2.765e-08	-2.7356e-08	-2.7307e-08	-2.7428e-08	-2.7646e-08	-2.7835e-08	-2.7809e-08	-2.7654e-08	-2.7683e-08	-2.7914e-08	-2.805e-08	-2.7839e-08	-2.7367e-08	-2.7162e-08	-2.7546e-08	-2.8162e-08	-2.8534e-08	-2.8523e-08	-2.8399e-08	-2.8535e-08	-2.8941e-08	-2.924e-08	-2.921e-08	-2.9041e-08	-2.8998e-08	-2.9142e-08	-2.9383e-08	-2.9608e-08	-2.9743e-08	-2.9718e-08	-2.9579e-08	-2.9369e-08	-2.905e-08	-2.8709e-08	-2.8469e-08	-2.8421e-08	-2.8552e-08	-2.8694e-08	-2.8665e-08	-2.8495e-08	-2.8443e-08	-2.8622e-08	-2.8883e-08	-2.9021e-08	-2.8932e-08	-2.8675e-08	-2.8434e-08	-2.8387e-08	-2.8508e-08	-2.8565e-08	-2.8445e-08	-2.8307e-08	-2.8451e-08	-2.8965e-08	-2.9653e-08	-3.0177e-08	-3.0497e-08	-3.0839e-08	-3.122e-08	-3.1513e-08	-3.1603e-08	-3.1535e-08	-3.1325e-08	-3.0834e-08	-2.9996e-08	-2.8984e-08	-2.8093e-08
-2.8822e-08	-2.8973e-08	-2.8729e-08	-2.8129e-08	-2.7652e-08	-2.7535e-08	-2.7571e-08	-2.7547e-08	-2.7442e-08	-2.7379e-08	-2.7365e-08	-2.7317e-08	-2.7316e-08	-2.7561e-08	-2.8042e-08	-2.851e-08	-2.8718e-08	-2.8614e-08	-2.8327e-08	-2.8035e-08	-2.7824e-08	-2.7733e-08	-2.7679e-08	-2.754e-08	-2.7232e-08	-2.6857e-08	-2.676e-08	-2.7248e-08	-2.8266e-08	-2.9448e-08	-3.0365e-08	-3.0805e-08	-3.0821e-08	-3.0423e-08	-2.9472e-08	-2.78e-08	-2.5469e-08	-2.2782e-08	-1.9917e-08	-1.6849e-08	-1.3562e-08	-1.0193e-08	-6.8413e-09	-3.5045e-09	-2.6773e-10	2.8147e-09	5.8379e-09	8.9282e-09	1.2128e-08	1.5352e-08	1.8471e-08	2.1442e-08	2.4361e-08	2.7293e-08	3.0227e-08	3.3153e-08	3.6044e-08	3.8863e-08	4.163e-08	4.4344e-08	4.6847e-08	4.8943e-08	5.055e-08	5.1706e-08	5.2396e-08	5.2525e-08	5.2146e-08	5.1428e-08	5.0424e-08	4.9049e-08	4.7209e-08	4.4929e-08	4.2284e-08	3.9332e-08	3.6108e-08	3.2661e-08	2.9032e-08	2.5237e-08	2.1271e-08	1.7125e-08	1.284e-08	8.5146e-09	4.2385e-09	-2.3266e-12	-4.2915e-09	-8.6636e-09	-1.3011e-08	-1.7034e-08	-2.0389e-08	-2.2921e-08	-2.4677e-08	-2.5746e-08	-2.6346e-08	-2.6697e-08	-2.6924e-08	-2.7181e-08	-2.7445e-08	-2.7574e-08	-2.7584e-08	-2.7591e-08	-2.7615e-08	-2.7573e-08	-2.7435e-08	-2.732e-08	-2.7321e-08	-2.7415e-08	-2.7576e-08	-2.7791e-08	-2.804e-08	-2.8289e-08	-2.8526e-08	-2.8665e-08	-2.8513e-08	-2.8123e-08	-2.7818e-08	-2.7761e-08	-2.7876e-08	-2.8093e-08	-2.8302e-08	-2.8319e-08	-2.8203e-08	-2.8237e-08	-2.8447e-08	-2.8559e-08	-2.8336e-08	-2.7862e-08	-2.766e-08	-2.8073e-08	-2.8746e-08	-2.9179e-08	-2.9203e-08	-2.9062e-08	-2.9152e-08	-2.9522e-08	-2.9793e-08	-2.9744e-08	-2.9574e-08	-2.9549e-08	-2.9718e-08	-2.9985e-08	-3.0213e-08	-3.0304e-08	-3.02e-08	-3.0002e-08	-2.9805e-08	-2.9529e-08	-2.9206e-08	-2.8948e-08	-2.8879e-08	-2.9004e-08	-2.9146e-08	-2.9113e-08	-2.8939e-08	-2.889e-08	-2.9072e-08	-2.9342e-08	-2.9502e-08	-2.9438e-08	-2.919e-08	-2.8938e-08	-2.8882e-08	-2.9009e-08	-2.9078e-08	-2.8958e-08	-2.8782e-08	-2.8846e-08	-2.926e-08	-2.9868e-08	-3.0346e-08	-3.0666e-08	-3.1078e-08	-3.1569e-08	-3.1975e-08	-3.2166e-08	-3.217e-08	-3.1995e-08	-3.1502e-08	-3.0622e-08	-2.9545e-08	-2.8585e-08
-2.9771e-08	-2.9871e-08	-2.9638e-08	-2.9069e-08	-2.8598e-08	-2.8476e-08	-2.852e-08	-2.8531e-08	-2.8453e-08	-2.8375e-08	-2.8313e-08	-2.8222e-08	-2.8217e-08	-2.8488e-08	-2.8994e-08	-2.9482e-08	-2.9734e-08	-2.9715e-08	-2.9505e-08	-2.9248e-08	-2.9034e-08	-2.8922e-08	-2.8837e-08	-2.8652e-08	-2.8283e-08	-2.7807e-08	-2.7564e-08	-2.7906e-08	-2.8836e-08	-3.0015e-08	-3.1004e-08	-3.1548e-08	-3.167e-08	-3.1399e-08	-3.0615e-08	-2.9147e-08	-2.7001e-08	-2.4435e-08	-2.1636e-08	-1.8615e-08	-1.5369e-08	-1.2034e-08	-8.7159e-09	-5.4112e-09	-2.2017e-09	8.5719e-10	3.8643e-09	6.9487e-09	1.0151e-08	1.3367e-08	1.646e-08	1.9391e-08	2.2278e-08	2.5198e-08	2.8136e-08	3.1077e-08	3.3988e-08	3.6822e-08	3.9609e-08	4.2376e-08	4.4977e-08	4.7186e-08	4.8909e-08	5.0202e-08	5.106e-08	5.1358e-08	5.1137e-08	5.0586e-08	4.9769e-08	4.858e-08	4.6899e-08	4.4739e-08	4.2184e-08	3.9296e-08	3.6115e-08	3.2697e-08	2.9096e-08	2.5333e-08	2.1397e-08	1.7267e-08	1.2993e-08	8.6821e-09	4.4296e-09	2.296e-10	-4.0025e-09	-8.3265e-09	-1.268e-08	-1.6787e-08	-2.0297e-08	-2.301e-08	-2.4932e-08	-2.6104e-08	-2.6737e-08	-2.7089e-08	-2.7297e-08	-2.7526e-08	-2.7769e-08	-2.789e-08	-2.7891e-08	-2.7868e-08	-2.7854e-08	-2.7791e-08	-2.7663e-08	-2.7584e-08	-2.7632e-08	-2.7772e-08	-2.7975e-08	-2.8214e-08	-2.8463e-08	-2.8695e-08	-2.8913e-08	-2.9055e-08	-2.892e-08	-2.8534e-08	-2.822e-08	-2.8155e-08	-2.8265e-08	-2.8481e-08	-2.8706e-08	-2.8762e-08	-2.8684e-08	-2.8726e-08	-2.8918e-08	-2.9008e-08	-2.8778e-08	-2.8302e-08	-2.8098e-08	-2.8531e-08	-2.9246e-08	-2.9731e-08	-2.9787e-08	-2.963e-08	-2.9679e-08	-3.0015e-08	-3.026e-08	-3.019e-08	-3.0018e-08	-3.0009e-08	-3.0201e-08	-3.0489e-08	-3.0715e-08	-3.0762e-08	-3.0581e-08	-3.0323e-08	-3.0133e-08	-2.9902e-08	-2.9599e-08	-2.9328e-08	-2.9239e-08	-2.9357e-08	-2.9494e-08	-2.9454e-08	-2.9275e-08	-2.923e-08	-2.9419e-08	-2.9697e-08	-2.9875e-08	-2.9838e-08	-2.9603e-08	-2.9342e-08	-2.9276e-08	-2.9406e-08	-2.9483e-08	-2.9362e-08	-2.9149e-08	-2.9134e-08	-2.9448e-08	-2.9971e-08	-3.0401e-08	-3.0718e-08	-3.1192e-08	-3.1783e-08	-3.2294e-08	-3.2581e-08	-3.266e-08	-3.2525e-08	-3.2041e-08	-3.1131e-08	-3.0002e-08	-2.898e-08
-3.071e-08	-3.0759e-08	-3.0538e-08	-3.0005e-08	-2.9545e-08	-2.9418e-08	-2.9469e-08	-2.9515e-08	-2.9469e-08	-2.9382e-08	-2.9275e-08	-2.9139e-08	-2.9125e-08	-2.9421e-08	-2.9947e-08	-3.0447e-08	-3.0732e-08	-3.0795e-08	-3.0666e-08	-3.0451e-08	-3.0236e-08	-3.0104e-08	-2.9987e-08	-2.9756e-08	-2.9325e-08	-2.8754e-08	-2.8368e-08	-2.8562e-08	-2.9398e-08	-3.0563e-08	-3.1617e-08	-3.2264e-08	-3.249e-08	-3.234e-08	-3.1719e-08	-3.0454e-08	-2.8495e-08	-2.6054e-08	-2.3324e-08	-2.0351e-08	-1.7148e-08	-1.385e-08	-1.0568e-08	-7.2976e-09	-4.1173e-09	-1.0829e-09	1.9084e-09	4.9869e-09	8.1905e-09	1.1401e-08	1.4472e-08	1.7368e-08	2.0227e-08	2.3137e-08	2.6082e-08	2.9042e-08	3.1976e-08	3.4832e-08	3.7639e-08	4.0457e-08	4.3156e-08	4.5481e-08	4.732e-08	4.8749e-08	4.9774e-08	5.024e-08	5.0174e-08	4.9783e-08	4.9143e-08	4.8135e-08	4.6608e-08	4.4568e-08	4.2102e-08	3.9278e-08	3.614e-08	3.2752e-08	2.918e-08	2.5449e-08	2.1544e-08	1.7433e-08	1.317e-08	8.8722e-09	4.6402e-09	4.7537e-10	-3.7054e-09	-7.9834e-09	-1.2339e-08	-1.6528e-08	-2.0189e-08	-2.3081e-08	-2.5166e-08	-2.6438e-08	-2.7101e-08	-2.7446e-08	-2.7631e-08	-2.7828e-08	-2.8045e-08	-2.8154e-08	-2.8146e-08	-2.8095e-08	-2.8043e-08	-2.7959e-08	-2.784e-08	-2.7795e-08	-2.7887e-08	-2.8071e-08	-2.8311e-08	-2.8575e-08	-2.8825e-08	-2.9039e-08	-2.9236e-08	-2.9375e-08	-2.9252e-08	-2.8871e-08	-2.8548e-08	-2.8473e-08	-2.8578e-08	-2.8792e-08	-2.9031e-08	-2.9121e-08	-2.908e-08	-2.913e-08	-2.9306e-08	-2.938e-08	-2.9144e-08	-2.8669e-08	-2.846e-08	-2.89e-08	-2.9644e-08	-3.0167e-08	-3.025e-08	-3.0079e-08	-3.0092e-08	-3.0399e-08	-3.0621e-08	-3.0531e-08	-3.0355e-08	-3.0361e-08	-3.0572e-08	-3.0875e-08	-3.1095e-08	-3.1098e-08	-3.0845e-08	-3.0527e-08	-3.034e-08	-3.0149e-08	-2.987e-08	-2.9591e-08	-2.9485e-08	-2.9594e-08	-2.9722e-08	-2.9671e-08	-2.9485e-08	-2.9448e-08	-2.9646e-08	-2.9929e-08	-3.0123e-08	-3.0114e-08	-2.9895e-08	-2.9629e-08	-2.9552e-08	-2.968e-08	-2.9758e-08	-2.9635e-08	-2.9388e-08	-2.9298e-08	-2.9512e-08	-2.995e-08	-3.033e-08	-3.064e-08	-3.1167e-08	-3.1846e-08	-3.2449e-08	-3.2825e-08	-3.2978e-08	-3.2891e-08	-3.2425e-08	-3.1501e-08	-3.0334e-08	-2.9261e-08
-3.1619e-08	-3.1614e-08	-3.1407e-08	-3.0915e-08	-3.047e-08	-3.0338e-08	-3.0394e-08	-3.0473e-08	-3.0463e-08	-3.0374e-08	-3.0225e-08	-3.0043e-08	-3.0015e-08	-3.0332e-08	-3.0875e-08	-3.1381e-08	-3.1687e-08	-3.1828e-08	-3.1781e-08	-3.1613e-08	-3.14e-08	-3.1249e-08	-3.11e-08	-3.0823e-08	-3.0334e-08	-2.9674e-08	-2.9151e-08	-2.9198e-08	-2.9933e-08	-3.1076e-08	-3.2186e-08	-3.2928e-08	-3.3254e-08	-3.322e-08	-3.2754e-08	-3.1686e-08	-2.9914e-08	-2.7601e-08	-2.494e-08	-2.2015e-08	-1.8855e-08	-1.5596e-08	-1.2352e-08	-9.1179e-09	-5.9686e-09	-2.9592e-09	1.6526e-11	3.089e-09	6.2938e-09	9.4995e-09	1.2551e-08	1.5418e-08	1.8254e-08	2.1159e-08	2.4113e-08	2.7095e-08	3.0057e-08	3.2939e-08	3.5768e-08	3.8634e-08	4.1428e-08	4.3868e-08	4.582e-08	4.7381e-08	4.8571e-08	4.9202e-08	4.9282e-08	4.9042e-08	4.8567e-08	4.773e-08	4.6351e-08	4.4425e-08	4.2047e-08	3.9286e-08	3.6191e-08	3.2833e-08	2.9288e-08	2.559e-08	2.1717e-08	1.7625e-08	1.3375e-08	9.0889e-09	4.8741e-09	7.3792e-10	-3.3987e-09	-7.6344e-09	-1.1991e-08	-1.6257e-08	-2.0065e-08	-2.3131e-08	-2.5376e-08	-2.6742e-08	-2.7429e-08	-2.776e-08	-2.7915e-08	-2.8077e-08	-2.8264e-08	-2.8356e-08	-2.8339e-08	-2.8263e-08	-2.8174e-08	-2.8067e-08	-2.7956e-08	-2.7943e-08	-2.8076e-08	-2.8298e-08	-2.8573e-08	-2.8859e-08	-2.9111e-08	-2.9308e-08	-2.9481e-08	-2.9611e-08	-2.9497e-08	-2.9122e-08	-2.8788e-08	-2.8703e-08	-2.88e-08	-2.9012e-08	-2.9262e-08	-2.9381e-08	-2.9371e-08	-2.9429e-08	-2.9592e-08	-2.9652e-08	-2.9416e-08	-2.8943e-08	-2.8725e-08	-2.9161e-08	-2.9918e-08	-3.0466e-08	-3.0569e-08	-3.0386e-08	-3.0368e-08	-3.0653e-08	-3.0856e-08	-3.0745e-08	-3.0565e-08	-3.0586e-08	-3.0813e-08	-3.1123e-08	-3.1333e-08	-3.1293e-08	-3.0973e-08	-3.0598e-08	-3.0409e-08	-3.0254e-08	-2.9999e-08	-2.9718e-08	-2.96e-08	-2.97e-08	-2.9814e-08	-2.9745e-08	-2.955e-08	-2.9523e-08	-2.9733e-08	-3.002e-08	-3.0227e-08	-3.0245e-08	-3.0047e-08	-2.9781e-08	-2.9692e-08	-2.9813e-08	-2.9887e-08	-2.9759e-08	-2.948e-08	-2.9317e-08	-2.9433e-08	-2.9786e-08	-3.0117e-08	-3.0418e-08	-3.0988e-08	-3.1742e-08	-3.2421e-08	-3.2875e-08	-3.3102e-08	-3.3066e-08	-3.263e-08	-3.1708e-08	-3.0524e-08	-2.9411e-08
-3.2476e-08	-3.2417e-08	-3.2225e-08	-3.1778e-08	-3.1351e-08	-3.1214e-08	-3.1272e-08	-3.1381e-08	-3.1408e-08	-3.1323e-08	-3.1137e-08	-3.0908e-08	-3.0861e-08	-3.1196e-08	-3.1753e-08	-3.2257e-08	-3.2576e-08	-3.2785e-08	-3.2822e-08	-3.2704e-08	-3.2497e-08	-3.2327e-08	-3.2147e-08	-3.1827e-08	-3.1284e-08	-3.0543e-08	-2.9892e-08	-2.9794e-08	-3.0425e-08	-3.1535e-08	-3.269e-08	-3.3521e-08	-3.3939e-08	-3.4013e-08	-3.3693e-08	-3.2813e-08	-3.1222e-08	-2.9034e-08	-2.6443e-08	-2.3564e-08	-2.0447e-08	-1.7228e-08	-1.4023e-08	-1.0827e-08	-7.7097e-09	-4.7258e-09	-1.7653e-09	1.3008e-09	4.5062e-09	7.7079e-09	1.0745e-08	1.3588e-08	1.6408e-08	1.9311e-08	2.2278e-08	2.5285e-08	2.8278e-08	3.1191e-08	3.4044e-08	3.6954e-08	3.9839e-08	4.2389e-08	4.445e-08	4.6135e-08	4.7482e-08	4.8271e-08	4.8491e-08	4.8387e-08	4.8062e-08	4.7381e-08	4.6139e-08	4.4321e-08	4.2025e-08	3.9326e-08	3.6273e-08	3.2944e-08	2.9427e-08	2.576e-08	2.192e-08	1.785e-08	1.3611e-08	9.3362e-09	5.135e-09	1.0204e-09	-3.0807e-09	-7.2796e-09	-1.1637e-08	-1.5975e-08	-1.9924e-08	-2.3159e-08	-2.5557e-08	-2.7009e-08	-2.7713e-08	-2.802e-08	-2.814e-08	-2.8264e-08	-2.8415e-08	-2.8487e-08	-2.8459e-08	-2.8359e-08	-2.8236e-08	-2.8108e-08	-2.8003e-08	-2.8019e-08	-2.8187e-08	-2.8442e-08	-2.8747e-08	-2.9053e-08	-2.9307e-08	-2.9489e-08	-2.9635e-08	-2.9751e-08	-2.9642e-08	-2.9272e-08	-2.8929e-08	-2.8828e-08	-2.8915e-08	-2.9125e-08	-2.9384e-08	-2.9524e-08	-2.954e-08	-2.9604e-08	-2.9754e-08	-2.9806e-08	-2.9575e-08	-2.9107e-08	-2.8878e-08	-2.9297e-08	-3.0049e-08	-3.0606e-08	-3.0721e-08	-3.0527e-08	-3.0485e-08	-3.0755e-08	-3.0944e-08	-3.0814e-08	-3.0629e-08	-3.0664e-08	-3.0904e-08	-3.1216e-08	-3.1409e-08	-3.1326e-08	-3.0947e-08	-3.052e-08	-3.0326e-08	-3.02e-08	-2.9968e-08	-2.9692e-08	-2.9567e-08	-2.9658e-08	-2.9753e-08	-2.966e-08	-2.9454e-08	-2.9438e-08	-2.9663e-08	-2.9953e-08	-3.0169e-08	-3.0213e-08	-3.0041e-08	-2.9779e-08	-2.9678e-08	-2.9786e-08	-2.9847e-08	-2.9711e-08	-2.9403e-08	-2.9172e-08	-2.9194e-08	-2.9464e-08	-2.9749e-08	-3.004e-08	-3.0644e-08	-3.1455e-08	-3.2193e-08	-3.2712e-08	-3.3008e-08	-3.3028e-08	-3.2633e-08	-3.1734e-08	-3.0551e-08	-2.9415e-08
-3.3259e-08	-3.3147e-08	-3.297e-08	-3.2571e-08	-3.2165e-08	-3.2022e-08	-3.2079e-08	-3.2214e-08	-3.2278e-08	-3.2201e-08	-3.1986e-08	-3.171e-08	-3.164e-08	-3.1987e-08	-3.2554e-08	-3.3052e-08	-3.3371e-08	-3.3642e-08	-3.376e-08	-3.3695e-08	-3.3495e-08	-3.331e-08	-3.3101e-08	-3.2739e-08	-3.2146e-08	-3.1334e-08	-3.0567e-08	-3.0331e-08	-3.0856e-08	-3.1924e-08	-3.3109e-08	-3.4019e-08	-3.4521e-08	-3.4694e-08	-3.4507e-08	-3.3801e-08	-3.2383e-08	-3.0315e-08	-2.7791e-08	-2.4957e-08	-2.1881e-08	-1.8701e-08	-1.5536e-08	-1.2378e-08	-9.2946e-09	-6.3364e-09	-3.3908e-09	-3.3138e-10	2.8733e-09	6.0715e-09	9.0973e-09	1.1925e-08	1.4736e-08	1.7643e-08	2.0625e-08	2.3658e-08	2.6686e-08	2.9635e-08	3.2515e-08	3.5466e-08	3.8433e-08	4.1087e-08	4.3247e-08	4.5046e-08	4.654e-08	4.748e-08	4.7827e-08	4.7843e-08	4.765e-08	4.7106e-08	4.5987e-08	4.4266e-08	4.2046e-08	3.9404e-08	3.6393e-08	3.3093e-08	2.9601e-08	2.5964e-08	2.2158e-08	1.8109e-08	1.3883e-08	9.6181e-09	5.4267e-09	1.3261e-09	-2.7493e-09	-6.919e-09	-1.1278e-08	-1.5682e-08	-1.9766e-08	-2.3163e-08	-2.5703e-08	-2.7232e-08	-2.7946e-08	-2.8219e-08	-2.8297e-08	-2.8377e-08	-2.8489e-08	-2.8534e-08	-2.8495e-08	-2.8375e-08	-2.8219e-08	-2.8073e-08	-2.7972e-08	-2.8012e-08	-2.8209e-08	-2.849e-08	-2.8819e-08	-2.9142e-08	-2.94e-08	-2.9568e-08	-2.9686e-08	-2.9783e-08	-2.9674e-08	-2.9309e-08	-2.8956e-08	-2.8835e-08	-2.8908e-08	-2.9114e-08	-2.938e-08	-2.9536e-08	-2.9568e-08	-2.9634e-08	-2.9772e-08	-2.9821e-08	-2.9602e-08	-2.9144e-08	-2.8899e-08	-2.9287e-08	-3.0016e-08	-3.0566e-08	-3.0683e-08	-3.0478e-08	-3.0419e-08	-3.0683e-08	-3.0864e-08	-3.0718e-08	-3.0529e-08	-3.0578e-08	-3.0829e-08	-3.1134e-08	-3.1303e-08	-3.1179e-08	-3.0751e-08	-3.0279e-08	-3.0075e-08	-2.997e-08	-2.9759e-08	-2.9495e-08	-2.9373e-08	-2.9454e-08	-2.9524e-08	-2.9401e-08	-2.918e-08	-2.9178e-08	-2.942e-08	-2.9714e-08	-2.9933e-08	-3.0003e-08	-2.986e-08	-2.9608e-08	-2.9497e-08	-2.9585e-08	-2.9626e-08	-2.9479e-08	-2.9144e-08	-2.8851e-08	-2.8784e-08	-2.8975e-08	-2.9217e-08	-2.9503e-08	-3.0132e-08	-3.0983e-08	-3.1759e-08	-3.233e-08	-3.2691e-08	-3.277e-08	-3.2428e-08	-3.157e-08	-3.0412e-08	-2.927e-08
-3.3946e-08	-3.3784e-08	-3.3623e-08	-3.3273e-08	-3.289e-08	-3.2739e-08	-3.2791e-08	-3.2947e-08	-3.3048e-08	-3.2983e-08	-3.2743e-08	-3.2423e-08	-3.2325e-08	-3.268e-08	-3.3253e-08	-3.3739e-08	-3.405e-08	-3.4373e-08	-3.4567e-08	-3.4556e-08	-3.4367e-08	-3.4167e-08	-3.3931e-08	-3.3532e-08	-3.2896e-08	-3.2024e-08	-3.1155e-08	-3.079e-08	-3.1209e-08	-3.2224e-08	-3.3426e-08	-3.44e-08	-3.4976e-08	-3.5236e-08	-3.5169e-08	-3.462e-08	-3.336e-08	-3.1405e-08	-2.8944e-08	-2.6152e-08	-2.3112e-08	-1.997e-08	-1.6845e-08	-1.3727e-08	-1.0678e-08	-7.745e-09	-4.8138e-09	-1.7615e-09	1.4408e-09	4.6357e-09	7.6543e-09	1.0475e-08	1.3286e-08	1.6202e-08	1.9203e-08	2.2264e-08	2.533e-08	2.8319e-08	3.1229e-08	3.4215e-08	3.7257e-08	4.0005e-08	4.2252e-08	4.4152e-08	4.5778e-08	4.6857e-08	4.7318e-08	4.7437e-08	4.7352e-08	4.6922e-08	4.5907e-08	4.4271e-08	4.2118e-08	3.9529e-08	3.6556e-08	3.3285e-08	2.9817e-08	2.6209e-08	2.2434e-08	1.8408e-08	1.4196e-08	9.9389e-09	5.7532e-09	1.6587e-09	-2.4023e-09	-6.5524e-09	-1.0914e-08	-1.538e-08	-1.959e-08	-2.314e-08	-2.5812e-08	-2.7406e-08	-2.8121e-08	-2.8349e-08	-2.8374e-08	-2.8408e-08	-2.8474e-08	-2.8487e-08	-2.8435e-08	-2.8297e-08	-2.8114e-08	-2.7951e-08	-2.7856e-08	-2.7914e-08	-2.8132e-08	-2.8431e-08	-2.8777e-08	-2.9113e-08	-2.9375e-08	-2.9532e-08	-2.9622e-08	-2.9692e-08	-2.9579e-08	-2.9221e-08	-2.8857e-08	-2.8711e-08	-2.8763e-08	-2.8965e-08	-2.9237e-08	-2.9401e-08	-2.944e-08	-2.9501e-08	-2.9626e-08	-2.9678e-08	-2.9479e-08	-2.9036e-08	-2.8775e-08	-2.9119e-08	-2.9804e-08	-3.0328e-08	-3.0436e-08	-3.0218e-08	-3.0152e-08	-3.042e-08	-3.0601e-08	-3.0442e-08	-3.025e-08	-3.0312e-08	-3.0572e-08	-3.0864e-08	-3.1003e-08	-3.0837e-08	-3.0372e-08	-2.9867e-08	-2.9653e-08	-2.9558e-08	-2.9364e-08	-2.9121e-08	-2.9012e-08	-2.9087e-08	-2.9127e-08	-2.8967e-08	-2.8729e-08	-2.8743e-08	-2.9007e-08	-2.9303e-08	-2.9524e-08	-2.9618e-08	-2.9508e-08	-2.9274e-08	-2.9156e-08	-2.9218e-08	-2.9232e-08	-2.9071e-08	-2.8714e-08	-2.8366e-08	-2.8219e-08	-2.8336e-08	-2.854e-08	-2.8823e-08	-2.9471e-08	-3.0345e-08	-3.114e-08	-3.1748e-08	-3.217e-08	-3.2311e-08	-3.203e-08	-3.1231e-08	-3.012e-08	-2.899e-08
-3.4514e-08	-3.4307e-08	-3.4163e-08	-3.3863e-08	-3.3503e-08	-3.3341e-08	-3.3385e-08	-3.3557e-08	-3.3691e-08	-3.3641e-08	-3.3382e-08	-3.3021e-08	-3.2892e-08	-3.3249e-08	-3.3824e-08	-3.4293e-08	-3.4588e-08	-3.495e-08	-3.5214e-08	-3.5256e-08	-3.5081e-08	-3.4869e-08	-3.4609e-08	-3.4178e-08	-3.3506e-08	-3.2587e-08	-3.1631e-08	-3.1151e-08	-3.1466e-08	-3.242e-08	-3.3621e-08	-3.4645e-08	-3.5281e-08	-3.5616e-08	-3.5652e-08	-3.5239e-08	-3.4119e-08	-3.2265e-08	-2.9862e-08	-2.7107e-08	-2.4099e-08	-2.0992e-08	-1.7905e-08	-1.4827e-08	-1.1813e-08	-8.9054e-09	-5.9879e-09	-2.9431e-09	2.5462e-10	3.4454e-09	6.4605e-09	9.2832e-09	1.2105e-08	1.5038e-08	1.806e-08	2.1151e-08	2.4256e-08	2.729e-08	3.0233e-08	3.3251e-08	3.6356e-08	3.9186e-08	4.1505e-08	4.3488e-08	4.5231e-08	4.6433e-08	4.6994e-08	4.7195e-08	4.7191e-08	4.6849e-08	4.5916e-08	4.4347e-08	4.225e-08	3.9707e-08	3.677e-08	3.3525e-08	3.0081e-08	2.6498e-08	2.2753e-08	1.8752e-08	1.4552e-08	1.0303e-08	6.1185e-09	2.0218e-09	-2.0374e-09	-6.1794e-09	-1.0549e-08	-1.507e-08	-1.9397e-08	-2.309e-08	-2.588e-08	-2.7523e-08	-2.8232e-08	-2.84e-08	-2.8365e-08	-2.8347e-08	-2.8362e-08	-2.8338e-08	-2.8271e-08	-2.8118e-08	-2.7911e-08	-2.7737e-08	-2.7647e-08	-2.7718e-08	-2.7946e-08	-2.8254e-08	-2.861e-08	-2.8955e-08	-2.922e-08	-2.937e-08	-2.9433e-08	-2.947e-08	-2.9349e-08	-2.8998e-08	-2.8624e-08	-2.8446e-08	-2.8472e-08	-2.867e-08	-2.8948e-08	-2.9114e-08	-2.915e-08	-2.9198e-08	-2.931e-08	-2.9371e-08	-2.9202e-08	-2.8782e-08	-2.8505e-08	-2.8792e-08	-2.9415e-08	-2.9898e-08	-2.9986e-08	-2.9755e-08	-2.969e-08	-2.9973e-08	-3.0162e-08	-2.9996e-08	-2.9802e-08	-2.9879e-08	-3.0148e-08	-3.0421e-08	-3.0522e-08	-3.0317e-08	-2.9826e-08	-2.93e-08	-2.9074e-08	-2.8981e-08	-2.8801e-08	-2.8587e-08	-2.85e-08	-2.8573e-08	-2.8579e-08	-2.8376e-08	-2.8119e-08	-2.8151e-08	-2.8441e-08	-2.8741e-08	-2.896e-08	-2.9077e-08	-2.9004e-08	-2.8794e-08	-2.8671e-08	-2.8703e-08	-2.8686e-08	-2.8509e-08	-2.8137e-08	-2.7744e-08	-2.7525e-08	-2.7572e-08	-2.7743e-08	-2.8027e-08	-2.8689e-08	-2.9571e-08	-3.0365e-08	-3.0997e-08	-3.1473e-08	-3.1676e-08	-3.1462e-08	-3.0736e-08	-2.9691e-08	-2.859e-08
-3.494e-08	-3.4696e-08	-3.4571e-08	-3.4321e-08	-3.3982e-08	-3.3807e-08	-3.3838e-08	-3.402e-08	-3.4181e-08	-3.4147e-08	-3.3877e-08	-3.348e-08	-3.3317e-08	-3.3669e-08	-3.424e-08	-3.469e-08	-3.4961e-08	-3.535e-08	-3.5674e-08	-3.5768e-08	-3.5609e-08	-3.5386e-08	-3.5106e-08	-3.4647e-08	-3.3948e-08	-3.2995e-08	-3.1973e-08	-3.1393e-08	-3.1611e-08	-3.2494e-08	-3.3677e-08	-3.4731e-08	-3.5412e-08	-3.5809e-08	-3.593e-08	-3.5629e-08	-3.4625e-08	-3.2856e-08	-3.0503e-08	-2.778e-08	-2.4798e-08	-2.1722e-08	-1.8671e-08	-1.5634e-08	-1.2656e-08	-9.7715e-09	-6.8668e-09	-3.83e-09	-6.3959e-10	2.5459e-09	5.5609e-09	8.3961e-09	1.1242e-08	1.4198e-08	1.7245e-08	2.0366e-08	2.3513e-08	2.6596e-08	2.9576e-08	3.2622e-08	3.5778e-08	3.8673e-08	4.1047e-08	4.3093e-08	4.4931e-08	4.6239e-08	4.6881e-08	4.7141e-08	4.7191e-08	4.6904e-08	4.6025e-08	4.4504e-08	4.245e-08	3.9944e-08	3.7039e-08	3.382e-08	3.0397e-08	2.6835e-08	2.3118e-08	1.9141e-08	1.4957e-08	1.0713e-08	6.5258e-09	2.4184e-09	-1.6523e-09	-5.7998e-09	-1.0182e-08	-1.4754e-08	-1.9188e-08	-2.3012e-08	-2.5905e-08	-2.7583e-08	-2.8275e-08	-2.8372e-08	-2.8265e-08	-2.8192e-08	-2.8153e-08	-2.8085e-08	-2.8001e-08	-2.7836e-08	-2.7612e-08	-2.743e-08	-2.7347e-08	-2.7427e-08	-2.7656e-08	-2.7964e-08	-2.8323e-08	-2.8672e-08	-2.8942e-08	-2.9088e-08	-2.9125e-08	-2.9125e-08	-2.8992e-08	-2.8651e-08	-2.8268e-08	-2.8054e-08	-2.8047e-08	-2.824e-08	-2.8524e-08	-2.8689e-08	-2.8714e-08	-2.8743e-08	-2.884e-08	-2.8916e-08	-2.8785e-08	-2.8395e-08	-2.8105e-08	-2.8327e-08	-2.8875e-08	-2.9302e-08	-2.936e-08	-2.9114e-08	-2.9059e-08	-2.9366e-08	-2.9571e-08	-2.9402e-08	-2.9208e-08	-2.93e-08	-2.9578e-08	-2.9828e-08	-2.9887e-08	-2.964e-08	-2.9135e-08	-2.8601e-08	-2.8365e-08	-2.8264e-08	-2.8092e-08	-2.7913e-08	-2.786e-08	-2.7933e-08	-2.7903e-08	-2.7652e-08	-2.7373e-08	-2.7426e-08	-2.7745e-08	-2.805e-08	-2.8264e-08	-2.8402e-08	-2.8368e-08	-2.8188e-08	-2.8062e-08	-2.8062e-08	-2.8008e-08	-2.7817e-08	-2.7436e-08	-2.7007e-08	-2.6727e-08	-2.6709e-08	-2.685e-08	-2.7141e-08	-2.7811e-08	-2.8688e-08	-2.9464e-08	-3.0104e-08	-3.0626e-08	-3.089e-08	-3.0748e-08	-3.0106e-08	-2.9142e-08	-2.8087e-08
-3.5201e-08	-3.493e-08	-3.4827e-08	-3.4624e-08	-3.4304e-08	-3.4113e-08	-3.4127e-08	-3.4312e-08	-3.4492e-08	-3.4474e-08	-3.4199e-08	-3.3773e-08	-3.3575e-08	-3.3914e-08	-3.4475e-08	-3.4902e-08	-3.5144e-08	-3.5547e-08	-3.5919e-08	-3.6061e-08	-3.5919e-08	-3.5688e-08	-3.5392e-08	-3.4913e-08	-3.4195e-08	-3.3224e-08	-3.2155e-08	-3.1497e-08	-3.1625e-08	-3.2431e-08	-3.3576e-08	-3.4639e-08	-3.5346e-08	-3.5789e-08	-3.5978e-08	-3.576e-08	-3.4844e-08	-3.314e-08	-3.0829e-08	-2.8133e-08	-2.5169e-08	-2.2118e-08	-1.9102e-08	-1.6106e-08	-1.3163e-08	-1.0301e-08	-7.4088e-09	-4.3809e-09	-1.2014e-09	1.9763e-09	4.9937e-09	7.8523e-09	1.0735e-08	1.3723e-08	1.6798e-08	1.9949e-08	2.3137e-08	2.6274e-08	2.9295e-08	3.2364e-08	3.5557e-08	3.8501e-08	4.0907e-08	4.2992e-08	4.4901e-08	4.6294e-08	4.6997e-08	4.729e-08	4.7361e-08	4.7097e-08	4.6242e-08	4.4746e-08	4.2719e-08	4.0241e-08	3.7363e-08	3.4168e-08	3.0763e-08	2.7219e-08	2.3527e-08	1.9575e-08	1.5405e-08	1.1165e-08	6.9721e-09	2.8466e-09	-1.2482e-09	-5.4148e-09	-9.8156e-09	-1.4435e-08	-1.8967e-08	-2.2913e-08	-2.5895e-08	-2.7592e-08	-2.8263e-08	-2.8276e-08	-2.8088e-08	-2.7955e-08	-2.7857e-08	-2.7742e-08	-2.7639e-08	-2.7464e-08	-2.7228e-08	-2.7044e-08	-2.6969e-08	-2.7052e-08	-2.7273e-08	-2.7575e-08	-2.793e-08	-2.8278e-08	-2.8553e-08	-2.8701e-08	-2.8715e-08	-2.8673e-08	-2.8526e-08	-2.8196e-08	-2.7808e-08	-2.7553e-08	-2.7506e-08	-2.7696e-08	-2.7987e-08	-2.8147e-08	-2.8153e-08	-2.8157e-08	-2.8238e-08	-2.8331e-08	-2.8245e-08	-2.7896e-08	-2.7599e-08	-2.7751e-08	-2.8208e-08	-2.8567e-08	-2.8587e-08	-2.8329e-08	-2.8291e-08	-2.8624e-08	-2.8847e-08	-2.8684e-08	-2.8495e-08	-2.8601e-08	-2.8883e-08	-2.9106e-08	-2.9116e-08	-2.8829e-08	-2.8322e-08	-2.7797e-08	-2.7549e-08	-2.743e-08	-2.7261e-08	-2.7124e-08	-2.7112e-08	-2.7186e-08	-2.7117e-08	-2.6819e-08	-2.6524e-08	-2.6596e-08	-2.694e-08	-2.725e-08	-2.7457e-08	-2.761e-08	-2.7616e-08	-2.7475e-08	-2.735e-08	-2.7312e-08	-2.7217e-08	-2.7011e-08	-2.6632e-08	-2.6186e-08	-2.5858e-08	-2.578e-08	-2.5894e-08	-2.6201e-08	-2.687e-08	-2.772e-08	-2.8461e-08	-2.9095e-08	-2.9649e-08	-2.9964e-08	-2.9891e-08	-2.9348e-08	-2.8487e-08	-2.7505e-08
-3.5274e-08	-3.4988e-08	-3.4911e-08	-3.4754e-08	-3.4448e-08	-3.4236e-08	-3.423e-08	-3.4409e-08	-3.46e-08	-3.4594e-08	-3.4324e-08	-3.3877e-08	-3.3643e-08	-3.3959e-08	-3.4503e-08	-3.4907e-08	-3.5115e-08	-3.5518e-08	-3.5924e-08	-3.6108e-08	-3.5986e-08	-3.575e-08	-3.5441e-08	-3.4949e-08	-3.4223e-08	-3.3249e-08	-3.2158e-08	-3.1445e-08	-3.1496e-08	-3.2219e-08	-3.3304e-08	-3.4353e-08	-3.5067e-08	-3.5541e-08	-3.5777e-08	-3.5613e-08	-3.4754e-08	-3.3093e-08	-3.0816e-08	-2.8142e-08	-2.5191e-08	-2.2161e-08	-1.9178e-08	-1.6226e-08	-1.332e-08	-1.0482e-08	-7.6023e-09	-4.5857e-09	-1.4231e-09	1.7416e-09	4.761e-09	7.6513e-09	1.0582e-08	1.3608e-08	1.6712e-08	1.989e-08	2.3118e-08	2.6308e-08	2.9374e-08	3.2461e-08	3.5675e-08	3.8647e-08	4.1065e-08	4.3167e-08	4.512e-08	4.6577e-08	4.7324e-08	4.7629e-08	4.769e-08	4.7412e-08	4.6553e-08	4.5061e-08	4.3046e-08	4.0586e-08	3.7731e-08	3.4558e-08	3.1171e-08	2.7642e-08	2.3969e-08	2.0041e-08	1.5889e-08	1.1654e-08	7.452e-09	3.3022e-09	-8.2918e-10	-5.0301e-09	-9.4564e-09	-1.4114e-08	-1.8725e-08	-2.2777e-08	-2.583e-08	-2.754e-08	-2.819e-08	-2.8122e-08	-2.785e-08	-2.7653e-08	-2.7492e-08	-2.7325e-08	-2.7198e-08	-2.7015e-08	-2.6774e-08	-2.6594e-08	-2.653e-08	-2.6611e-08	-2.6816e-08	-2.7103e-08	-2.7447e-08	-2.7788e-08	-2.8066e-08	-2.8217e-08	-2.8214e-08	-2.8128e-08	-2.7961e-08	-2.7649e-08	-2.7265e-08	-2.697e-08	-2.6881e-08	-2.7058e-08	-2.7348e-08	-2.7501e-08	-2.7489e-08	-2.7466e-08	-2.7527e-08	-2.7632e-08	-2.7594e-08	-2.7302e-08	-2.7017e-08	-2.7092e-08	-2.7441e-08	-2.7716e-08	-2.7693e-08	-2.7434e-08	-2.742e-08	-2.777e-08	-2.801e-08	-2.7867e-08	-2.7691e-08	-2.7805e-08	-2.8084e-08	-2.8275e-08	-2.8232e-08	-2.7908e-08	-2.741e-08	-2.691e-08	-2.665e-08	-2.6504e-08	-2.6335e-08	-2.6242e-08	-2.6276e-08	-2.6351e-08	-2.6243e-08	-2.5901e-08	-2.5595e-08	-2.5682e-08	-2.6047e-08	-2.6362e-08	-2.6563e-08	-2.6729e-08	-2.6772e-08	-2.6672e-08	-2.6552e-08	-2.6473e-08	-2.6337e-08	-2.6118e-08	-2.575e-08	-2.5299e-08	-2.4938e-08	-2.4808e-08	-2.4899e-08	-2.5221e-08	-2.5884e-08	-2.6696e-08	-2.7391e-08	-2.8006e-08	-2.858e-08	-2.8942e-08	-2.8938e-08	-2.8497e-08	-2.7746e-08	-2.6847e-08
-3.5139e-08	-3.4856e-08	-3.4808e-08	-3.4692e-08	-3.4397e-08	-3.416e-08	-3.413e-08	-3.4295e-08	-3.4483e-08	-3.4486e-08	-3.4228e-08	-3.3776e-08	-3.3512e-08	-3.3795e-08	-3.4311e-08	-3.469e-08	-3.487e-08	-3.5258e-08	-3.568e-08	-3.5898e-08	-3.5801e-08	-3.5565e-08	-3.5248e-08	-3.4751e-08	-3.4027e-08	-3.3069e-08	-3.1989e-08	-3.1255e-08	-3.1242e-08	-3.1873e-08	-3.2875e-08	-3.388e-08	-3.4586e-08	-3.5075e-08	-3.534e-08	-3.5196e-08	-3.436e-08	-3.2726e-08	-3.048e-08	-2.7829e-08	-2.489e-08	-2.188e-08	-1.893e-08	-1.6024e-08	-1.3159e-08	-1.034e-08	-7.4719e-09	-4.4692e-09	-1.3338e-09	1.8077e-09	4.8282e-09	7.7616e-09	1.0751e-08	1.3819e-08	1.6951e-08	2.0153e-08	2.3413e-08	2.6653e-08	2.9768e-08	3.2874e-08	3.6083e-08	3.9056e-08	4.1478e-08	4.3583e-08	4.5548e-08	4.7042e-08	4.7826e-08	4.8129e-08	4.8153e-08	4.7826e-08	4.6934e-08	4.5429e-08	4.3415e-08	4.0965e-08	3.813e-08	3.498e-08	3.1611e-08	2.8092e-08	2.4433e-08	2.0529e-08	1.6398e-08	1.217e-08	7.9578e-09	3.7789e-09	-3.9879e-10	-4.6476e-09	-9.1062e-09	-1.3796e-08	-1.847e-08	-2.2611e-08	-2.5721e-08	-2.7442e-08	-2.8074e-08	-2.7928e-08	-2.757e-08	-2.7301e-08	-2.7073e-08	-2.6852e-08	-2.6697e-08	-2.6507e-08	-2.6266e-08	-2.6092e-08	-2.6038e-08	-2.6114e-08	-2.6297e-08	-2.6563e-08	-2.689e-08	-2.722e-08	-2.7498e-08	-2.7654e-08	-2.7638e-08	-2.7511e-08	-2.7324e-08	-2.7029e-08	-2.665e-08	-2.6316e-08	-2.6182e-08	-2.6344e-08	-2.6631e-08	-2.6777e-08	-2.6743e-08	-2.6691e-08	-2.673e-08	-2.6848e-08	-2.686e-08	-2.6628e-08	-2.6359e-08	-2.6362e-08	-2.6603e-08	-2.6791e-08	-2.6719e-08	-2.6457e-08	-2.6465e-08	-2.6834e-08	-2.7095e-08	-2.6975e-08	-2.6812e-08	-2.693e-08	-2.7204e-08	-2.7362e-08	-2.7268e-08	-2.6909e-08	-2.6424e-08	-2.5956e-08	-2.5687e-08	-2.5512e-08	-2.5337e-08	-2.5287e-08	-2.537e-08	-2.545e-08	-2.5307e-08	-2.4924e-08	-2.4604e-08	-2.4702e-08	-2.5088e-08	-2.5412e-08	-2.5607e-08	-2.5781e-08	-2.5859e-08	-2.58e-08	-2.5684e-08	-2.5566e-08	-2.5391e-08	-2.5162e-08	-2.4813e-08	-2.437e-08	-2.3989e-08	-2.3817e-08	-2.3889e-08	-2.4225e-08	-2.4877e-08	-2.5644e-08	-2.6281e-08	-2.6864e-08	-2.7447e-08	-2.785e-08	-2.7912e-08	-2.7574e-08	-2.6938e-08	-2.613e-08
-3.4803e-08	-3.4544e-08	-3.4522e-08	-3.4441e-08	-3.416e-08	-3.39e-08	-3.3845e-08	-3.3984e-08	-3.4153e-08	-3.4159e-08	-3.3922e-08	-3.3487e-08	-3.3208e-08	-3.3442e-08	-3.3914e-08	-3.4267e-08	-3.4431e-08	-3.4788e-08	-3.5207e-08	-3.5452e-08	-3.5386e-08	-3.5156e-08	-3.4833e-08	-3.4339e-08	-3.3628e-08	-3.2702e-08	-3.1663e-08	-3.0938e-08	-3.0875e-08	-3.1413e-08	-3.2314e-08	-3.3251e-08	-3.3934e-08	-3.4427e-08	-3.4702e-08	-3.4553e-08	-3.3715e-08	-3.2091e-08	-2.987e-08	-2.7239e-08	-2.4313e-08	-2.132e-08	-1.84e-08	-1.5541e-08	-1.2716e-08	-9.9178e-09	-7.0612e-09	-4.075e-09	-9.7157e-10	2.1419e-09	5.1623e-09	8.1421e-09	1.1195e-08	1.4309e-08	1.747e-08	2.0693e-08	2.3981e-08	2.7267e-08	3.0432e-08	3.3554e-08	3.6748e-08	3.9708e-08	4.212e-08	4.4214e-08	4.6173e-08	4.7687e-08	4.8492e-08	4.8777e-08	4.8742e-08	4.8341e-08	4.7393e-08	4.5857e-08	4.3828e-08	4.138e-08	3.8559e-08	3.5429e-08	3.2076e-08	2.8566e-08	2.4917e-08	2.1036e-08	1.6926e-08	1.2705e-08	8.4806e-09	4.2702e-09	4.0606e-11	-4.2643e-09	-8.7619e-09	-1.3484e-08	-1.8214e-08	-2.2436e-08	-2.5597e-08	-2.7327e-08	-2.7937e-08	-2.7711e-08	-2.726e-08	-2.6915e-08	-2.6617e-08	-2.634e-08	-2.6152e-08	-2.5955e-08	-2.5716e-08	-2.5551e-08	-2.5507e-08	-2.5574e-08	-2.5729e-08	-2.597e-08	-2.6276e-08	-2.6591e-08	-2.6867e-08	-2.7029e-08	-2.7003e-08	-2.6837e-08	-2.663e-08	-2.6352e-08	-2.598e-08	-2.5609e-08	-2.5428e-08	-2.5571e-08	-2.5855e-08	-2.5994e-08	-2.5937e-08	-2.5853e-08	-2.587e-08	-2.6e-08	-2.6061e-08	-2.5894e-08	-2.5646e-08	-2.5584e-08	-2.5719e-08	-2.5819e-08	-2.5697e-08	-2.5428e-08	-2.5455e-08	-2.5843e-08	-2.6127e-08	-2.6033e-08	-2.5882e-08	-2.6e-08	-2.6265e-08	-2.639e-08	-2.6247e-08	-2.5856e-08	-2.5388e-08	-2.4955e-08	-2.4683e-08	-2.4477e-08	-2.4294e-08	-2.4282e-08	-2.4415e-08	-2.4506e-08	-2.4332e-08	-2.3909e-08	-2.3574e-08	-2.3681e-08	-2.4086e-08	-2.4419e-08	-2.4611e-08	-2.479e-08	-2.4899e-08	-2.4877e-08	-2.4765e-08	-2.461e-08	-2.4399e-08	-2.4165e-08	-2.3843e-08	-2.3422e-08	-2.3036e-08	-2.2834e-08	-2.2889e-08	-2.3238e-08	-2.3876e-08	-2.4591e-08	-2.5162e-08	-2.57e-08	-2.628e-08	-2.6715e-08	-2.6839e-08	-2.66e-08	-2.6081e-08	-2.537e-08
-3.4285e-08	-3.4065e-08	-3.4076e-08	-3.4027e-08	-3.3757e-08	-3.3474e-08	-3.3392e-08	-3.3502e-08	-3.3643e-08	-3.3649e-08	-3.3437e-08	-3.3029e-08	-3.2739e-08	-3.292e-08	-3.3344e-08	-3.367e-08	-3.3819e-08	-3.4139e-08	-3.4542e-08	-3.4807e-08	-3.4774e-08	-3.4553e-08	-3.4231e-08	-3.3746e-08	-3.3058e-08	-3.2176e-08	-3.1193e-08	-3.0498e-08	-3.0402e-08	-3.0852e-08	-3.1646e-08	-3.2501e-08	-3.3147e-08	-3.363e-08	-3.3903e-08	-3.3732e-08	-3.287e-08	-3.1239e-08	-2.9032e-08	-2.6418e-08	-2.3501e-08	-2.0522e-08	-1.7631e-08	-1.4817e-08	-1.2032e-08	-9.255e-09	-6.411e-09	-3.4432e-09	-3.7463e-10	2.7071e-09	5.7256e-09	8.7525e-09	1.1872e-08	1.5035e-08	1.8226e-08	2.1466e-08	2.4779e-08	2.8108e-08	3.1321e-08	3.4456e-08	3.7628e-08	4.0564e-08	4.2956e-08	4.5026e-08	4.6964e-08	4.8484e-08	4.9297e-08	4.9549e-08	4.9439e-08	4.8944e-08	4.7919e-08	4.6334e-08	4.4278e-08	4.1822e-08	3.901e-08	3.5898e-08	3.2559e-08	2.9056e-08	2.5413e-08	2.1553e-08	1.7464e-08	1.3249e-08	9.0129e-09	4.77e-09	4.8504e-10	-3.8823e-09	-8.425e-09	-1.318e-08	-1.7961e-08	-2.2258e-08	-2.5467e-08	-2.7204e-08	-2.7791e-08	-2.7487e-08	-2.6938e-08	-2.651e-08	-2.614e-08	-2.5803e-08	-2.5582e-08	-2.5376e-08	-2.514e-08	-2.4984e-08	-2.4947e-08	-2.5002e-08	-2.5127e-08	-2.5338e-08	-2.562e-08	-2.5917e-08	-2.6188e-08	-2.6355e-08	-2.6323e-08	-2.6124e-08	-2.5898e-08	-2.5635e-08	-2.5272e-08	-2.4867e-08	-2.4639e-08	-2.476e-08	-2.5039e-08	-2.5171e-08	-2.5092e-08	-2.4975e-08	-2.4969e-08	-2.5107e-08	-2.5218e-08	-2.5116e-08	-2.4896e-08	-2.4779e-08	-2.4815e-08	-2.483e-08	-2.4656e-08	-2.4378e-08	-2.4419e-08	-2.4824e-08	-2.5132e-08	-2.5065e-08	-2.4925e-08	-2.5038e-08	-2.5289e-08	-2.5383e-08	-2.5193e-08	-2.4773e-08	-2.4324e-08	-2.3932e-08	-2.3661e-08	-2.3424e-08	-2.3228e-08	-2.3249e-08	-2.3432e-08	-2.3538e-08	-2.334e-08	-2.288e-08	-2.2529e-08	-2.2641e-08	-2.3063e-08	-2.3408e-08	-2.3597e-08	-2.3778e-08	-2.3912e-08	-2.3924e-08	-2.3815e-08	-2.3626e-08	-2.3382e-08	-2.3149e-08	-2.2864e-08	-2.248e-08	-2.2104e-08	-2.1884e-08	-2.1925e-08	-2.2283e-08	-2.2905e-08	-2.3564e-08	-2.4061e-08	-2.4542e-08	-2.5106e-08	-2.5564e-08	-2.5744e-08	-2.5599e-08	-2.5195e-08	-2.4584e-08
-3.3611e-08	-3.344e-08	-3.3491e-08	-3.3474e-08	-3.3213e-08	-3.2908e-08	-3.2797e-08	-3.2873e-08	-3.2981e-08	-3.2981e-08	-3.2798e-08	-3.2424e-08	-3.2128e-08	-3.2255e-08	-3.2626e-08	-3.2926e-08	-3.3061e-08	-3.3339e-08	-3.3717e-08	-3.3995e-08	-3.3994e-08	-3.3788e-08	-3.3469e-08	-3.3e-08	-3.2343e-08	-3.1513e-08	-3.0601e-08	-2.9954e-08	-2.984e-08	-3.0212e-08	-3.0895e-08	-3.1658e-08	-3.2254e-08	-3.2716e-08	-3.2976e-08	-3.2769e-08	-3.1866e-08	-3.0212e-08	-2.801e-08	-2.5408e-08	-2.2499e-08	-1.9531e-08	-1.6665e-08	-1.3894e-08	-1.1149e-08	-8.3926e-09	-5.5615e-09	-2.613e-09	4.1881e-10	3.4658e-09	6.4797e-09	9.5527e-09	1.274e-08	1.5954e-08	1.9174e-08	2.243e-08	2.5762e-08	2.913e-08	3.2389e-08	3.5536e-08	3.8681e-08	4.1584e-08	4.395e-08	4.5987e-08	4.7893e-08	4.9406e-08	5.0216e-08	5.0425e-08	5.0224e-08	4.9619e-08	4.8499e-08	4.685e-08	4.4755e-08	4.2282e-08	3.9473e-08	3.6376e-08	3.3051e-08	2.9552e-08	2.5914e-08	2.2072e-08	1.8004e-08	1.3795e-08	9.5471e-09	5.2719e-09	9.3026e-10	-3.5038e-09	-8.0968e-09	-1.2886e-08	-1.7714e-08	-2.2081e-08	-2.5338e-08	-2.7084e-08	-2.7647e-08	-2.7269e-08	-2.6619e-08	-2.6102e-08	-2.5657e-08	-2.5259e-08	-2.5e-08	-2.4786e-08	-2.4554e-08	-2.4405e-08	-2.4373e-08	-2.4414e-08	-2.4504e-08	-2.4684e-08	-2.4939e-08	-2.5215e-08	-2.5478e-08	-2.5649e-08	-2.5613e-08	-2.5387e-08	-2.5143e-08	-2.4896e-08	-2.4544e-08	-2.4109e-08	-2.3833e-08	-2.3928e-08	-2.42e-08	-2.4328e-08	-2.4228e-08	-2.408e-08	-2.405e-08	-2.4194e-08	-2.4349e-08	-2.4315e-08	-2.4128e-08	-2.3969e-08	-2.3916e-08	-2.3852e-08	-2.3628e-08	-2.3337e-08	-2.3387e-08	-2.3805e-08	-2.4136e-08	-2.4096e-08	-2.3965e-08	-2.4067e-08	-2.43e-08	-2.4363e-08	-2.4132e-08	-2.3686e-08	-2.3256e-08	-2.2907e-08	-2.2642e-08	-2.2377e-08	-2.2163e-08	-2.2212e-08	-2.2443e-08	-2.2568e-08	-2.2351e-08	-2.186e-08	-2.1492e-08	-2.1606e-08	-2.2042e-08	-2.2399e-08	-2.2587e-08	-2.2767e-08	-2.2921e-08	-2.296e-08	-2.2854e-08	-2.2632e-08	-2.2361e-08	-2.2135e-08	-2.1898e-08	-2.1567e-08	-2.1218e-08	-2.0992e-08	-2.1024e-08	-2.1387e-08	-2.199e-08	-2.259e-08	-2.3007e-08	-2.342e-08	-2.3955e-08	-2.4426e-08	-2.4652e-08	-2.4594e-08	-2.4298e-08	-2.3789e-08
-3.2805e-08	-3.2693e-08	-3.279e-08	-3.2805e-08	-3.2552e-08	-3.2225e-08	-3.2084e-08	-3.2126e-08	-3.2194e-08	-3.2185e-08	-3.203e-08	-3.1695e-08	-3.14e-08	-3.1473e-08	-3.179e-08	-3.2062e-08	-3.2182e-08	-3.2415e-08	-3.276e-08	-3.3046e-08	-3.3077e-08	-3.2889e-08	-3.2578e-08	-3.2129e-08	-3.1509e-08	-3.0739e-08	-2.9909e-08	-2.9324e-08	-2.9209e-08	-2.9512e-08	-3.0086e-08	-3.0749e-08	-3.1285e-08	-3.1717e-08	-3.1953e-08	-3.1701e-08	-3.0743e-08	-2.9053e-08	-2.6845e-08	-2.4252e-08	-2.1348e-08	-1.8388e-08	-1.5545e-08	-1.2815e-08	-1.0108e-08	-7.3714e-09	-4.5528e-09	-1.624e-09	1.3704e-09	4.38e-09	7.3865e-09	1.0503e-08	1.3759e-08	1.7025e-08	2.0272e-08	2.354e-08	2.6888e-08	3.029e-08	3.3591e-08	3.6751e-08	3.9864e-08	4.273e-08	4.5063e-08	4.7062e-08	4.8929e-08	5.0425e-08	5.1224e-08	5.1382e-08	5.108e-08	5.035e-08	4.9122e-08	4.7393e-08	4.5249e-08	4.2752e-08	3.9941e-08	3.6855e-08	3.3542e-08	3.0047e-08	2.6411e-08	2.2584e-08	1.8536e-08	1.4334e-08	1.0075e-08	5.7694e-09	1.3717e-09	-3.1315e-09	-7.7791e-09	-1.2605e-08	-1.7477e-08	-2.1909e-08	-2.5216e-08	-2.6977e-08	-2.7519e-08	-2.707e-08	-2.6317e-08	-2.5707e-08	-2.5185e-08	-2.4723e-08	-2.4425e-08	-2.42e-08	-2.3971e-08	-2.3828e-08	-2.3798e-08	-2.3821e-08	-2.3876e-08	-2.402e-08	-2.4247e-08	-2.45e-08	-2.4751e-08	-2.4925e-08	-2.4889e-08	-2.4641e-08	-2.4383e-08	-2.4151e-08	-2.3813e-08	-2.3353e-08	-2.303e-08	-2.3095e-08	-2.3359e-08	-2.3482e-08	-2.3366e-08	-2.3189e-08	-2.3135e-08	-2.3279e-08	-2.3476e-08	-2.3507e-08	-2.3362e-08	-2.3173e-08	-2.3046e-08	-2.2911e-08	-2.2643e-08	-2.2338e-08	-2.2389e-08	-2.2814e-08	-2.3166e-08	-2.3151e-08	-2.3025e-08	-2.311e-08	-2.332e-08	-2.3354e-08	-2.3085e-08	-2.262e-08	-2.221e-08	-2.1904e-08	-2.1649e-08	-2.1358e-08	-2.1125e-08	-2.1194e-08	-2.1469e-08	-2.1616e-08	-2.1388e-08	-2.0871e-08	-2.0487e-08	-2.0598e-08	-2.1045e-08	-2.1415e-08	-2.1603e-08	-2.178e-08	-2.1947e-08	-2.2008e-08	-2.1899e-08	-2.1647e-08	-2.1354e-08	-2.1144e-08	-2.0968e-08	-2.0707e-08	-2.0402e-08	-2.0184e-08	-2.0211e-08	-2.0576e-08	-2.1157e-08	-2.1694e-08	-2.2026e-08	-2.2361e-08	-2.2855e-08	-2.3327e-08	-2.359e-08	-2.3606e-08	-2.3412e-08	-2.3003e-08
-3.1894e-08	-3.1846e-08	-3.1994e-08	-3.2044e-08	-3.1799e-08	-3.1451e-08	-3.1281e-08	-3.1284e-08	-3.131e-08	-3.1286e-08	-3.1159e-08	-3.0868e-08	-3.0578e-08	-3.0599e-08	-3.0861e-08	-3.1105e-08	-3.1211e-08	-3.1397e-08	-3.1703e-08	-3.199e-08	-3.2054e-08	-3.1886e-08	-3.1587e-08	-3.1161e-08	-3.0582e-08	-2.9877e-08	-2.9137e-08	-2.8627e-08	-2.8526e-08	-2.8772e-08	-2.9243e-08	-2.9802e-08	-3.0271e-08	-3.0663e-08	-3.0869e-08	-3.0565e-08	-2.9541e-08	-2.7803e-08	-2.558e-08	-2.2991e-08	-2.0091e-08	-1.7137e-08	-1.4314e-08	-1.1621e-08	-8.9495e-09	-6.2322e-09	-3.4252e-09	-5.1545e-10	2.4416e-09	5.4119e-09	8.4077e-09	1.1563e-08	1.4885e-08	1.8203e-08	2.1476e-08	2.4753e-08	2.8113e-08	3.1544e-08	3.4884e-08	3.8054e-08	4.1135e-08	4.396e-08	4.626e-08	4.8218e-08	5.004e-08	5.1513e-08	5.2295e-08	5.2396e-08	5.1986e-08	5.1123e-08	4.9772e-08	4.7953e-08	4.575e-08	4.3222e-08	4.0404e-08	3.7326e-08	3.4024e-08	3.0532e-08	2.6896e-08	2.3082e-08	1.9052e-08	1.4858e-08	1.059e-08	6.256e-09	1.8047e-09	-2.7681e-09	-7.4735e-09	-1.2337e-08	-1.7251e-08	-2.1747e-08	-2.5109e-08	-2.6891e-08	-2.7417e-08	-2.6905e-08	-2.6048e-08	-2.5341e-08	-2.4738e-08	-2.4212e-08	-2.3871e-08	-2.3634e-08	-2.3407e-08	-2.3267e-08	-2.3235e-08	-2.3238e-08	-2.3256e-08	-2.3363e-08	-2.356e-08	-2.3789e-08	-2.4025e-08	-2.4199e-08	-2.4165e-08	-2.3903e-08	-2.3634e-08	-2.3418e-08	-2.3096e-08	-2.2617e-08	-2.2249e-08	-2.228e-08	-2.2534e-08	-2.2654e-08	-2.2525e-08	-2.2324e-08	-2.2246e-08	-2.2387e-08	-2.2618e-08	-2.2713e-08	-2.2615e-08	-2.2414e-08	-2.2228e-08	-2.2036e-08	-2.1729e-08	-2.141e-08	-2.1455e-08	-2.188e-08	-2.2246e-08	-2.2255e-08	-2.213e-08	-2.2192e-08	-2.2372e-08	-2.2377e-08	-2.2077e-08	-2.1597e-08	-2.1207e-08	-2.0946e-08	-2.0705e-08	-2.0392e-08	-2.0137e-08	-2.0218e-08	-2.0533e-08	-2.0705e-08	-2.0473e-08	-1.9935e-08	-1.9536e-08	-1.9641e-08	-2.0096e-08	-2.0479e-08	-2.0669e-08	-2.0839e-08	-2.1013e-08	-2.1087e-08	-2.0973e-08	-2.0691e-08	-2.0382e-08	-2.0197e-08	-2.0095e-08	-1.9923e-08	-1.9681e-08	-1.9486e-08	-1.9512e-08	-1.9874e-08	-2.043e-08	-2.0904e-08	-2.1146e-08	-2.1394e-08	-2.1834e-08	-2.2296e-08	-2.2583e-08	-2.2661e-08	-2.2556e-08	-2.2243e-08
-3.0903e-08	-3.0922e-08	-3.1127e-08	-3.1212e-08	-3.0978e-08	-3.0611e-08	-3.0411e-08	-3.0375e-08	-3.0356e-08	-3.0312e-08	-3.021e-08	-2.9966e-08	-2.9687e-08	-2.9661e-08	-2.9866e-08	-3.008e-08	-3.0172e-08	-3.0312e-08	-3.0575e-08	-3.086e-08	-3.0954e-08	-3.081e-08	-3.0525e-08	-3.0124e-08	-2.959e-08	-2.8954e-08	-2.8308e-08	-2.7883e-08	-2.7811e-08	-2.8014e-08	-2.8388e-08	-2.8844e-08	-2.9239e-08	-2.9585e-08	-2.9754e-08	-2.9394e-08	-2.83e-08	-2.6505e-08	-2.4257e-08	-2.1668e-08	-1.8772e-08	-1.5821e-08	-1.3015e-08	-1.0354e-08	-7.7156e-09	-5.0158e-09	-2.219e-09	6.7291e-10	3.5938e-09	6.5235e-09	9.5051e-09	1.2695e-08	1.6079e-08	1.9449e-08	2.2745e-08	2.6027e-08	2.9393e-08	3.2847e-08	3.6221e-08	3.9402e-08	4.2451e-08	4.5234e-08	4.7501e-08	4.9419e-08	5.1197e-08	5.2643e-08	5.3403e-08	5.3443e-08	5.2923e-08	5.192e-08	5.0438e-08	4.8519e-08	4.6249e-08	4.3683e-08	4.0852e-08	3.7781e-08	3.4488e-08	3.0998e-08	2.7361e-08	2.3557e-08	1.9543e-08	1.5357e-08	1.1083e-08	6.7247e-09	2.224e-09	-2.4167e-09	-7.182e-09	-1.2086e-08	-1.704e-08	-2.1599e-08	-2.5021e-08	-2.6836e-08	-2.7352e-08	-2.6787e-08	-2.5828e-08	-2.5018e-08	-2.4333e-08	-2.374e-08	-2.3356e-08	-2.3105e-08	-2.2878e-08	-2.2737e-08	-2.2698e-08	-2.2677e-08	-2.2657e-08	-2.2727e-08	-2.2894e-08	-2.3097e-08	-2.3315e-08	-2.3485e-08	-2.3455e-08	-2.3187e-08	-2.2912e-08	-2.2713e-08	-2.241e-08	-2.1917e-08	-2.1508e-08	-2.1503e-08	-2.1743e-08	-2.1863e-08	-2.1727e-08	-2.1506e-08	-2.1407e-08	-2.1538e-08	-2.1796e-08	-2.1951e-08	-2.1906e-08	-2.1709e-08	-2.1486e-08	-2.1252e-08	-2.0918e-08	-2.0584e-08	-2.0615e-08	-2.103e-08	-2.1405e-08	-2.1432e-08	-2.1305e-08	-2.1336e-08	-2.148e-08	-2.1455e-08	-2.1131e-08	-2.0642e-08	-2.0273e-08	-2.0056e-08	-1.9833e-08	-1.9501e-08	-1.9223e-08	-1.9309e-08	-1.9656e-08	-1.9855e-08	-1.9625e-08	-1.9075e-08	-1.8662e-08	-1.8759e-08	-1.9217e-08	-1.9612e-08	-1.9805e-08	-1.9968e-08	-2.0141e-08	-2.0219e-08	-2.0093e-08	-1.9784e-08	-1.9464e-08	-1.9316e-08	-1.9302e-08	-1.9237e-08	-1.9078e-08	-1.8923e-08	-1.8953e-08	-1.9308e-08	-1.9836e-08	-2.0245e-08	-2.0396e-08	-2.0548e-08	-2.0922e-08	-2.136e-08	-2.1658e-08	-2.1781e-08	-2.1752e-08	-2.1527e-08
-2.9858e-08	-2.9946e-08	-3.0211e-08	-3.0334e-08	-3.0113e-08	-2.973e-08	-2.9499e-08	-2.9425e-08	-2.9358e-08	-2.929e-08	-2.921e-08	-2.9012e-08	-2.875e-08	-2.8682e-08	-2.8832e-08	-2.9016e-08	-2.9094e-08	-2.9189e-08	-2.9406e-08	-2.9684e-08	-2.9808e-08	-2.9691e-08	-2.9421e-08	-2.9048e-08	-2.856e-08	-2.7994e-08	-2.7444e-08	-2.7111e-08	-2.708e-08	-2.7256e-08	-2.7545e-08	-2.79e-08	-2.8221e-08	-2.8514e-08	-2.8642e-08	-2.8225e-08	-2.7057e-08	-2.5199e-08	-2.2918e-08	-2.0324e-08	-1.7431e-08	-1.4483e-08	-1.1691e-08	-9.0571e-09	-6.4477e-09	-3.763e-09	-9.7454e-10	1.9015e-09	4.7882e-09	7.6767e-09	1.0641e-08	1.3858e-08	1.7301e-08	2.0718e-08	2.4034e-08	2.7319e-08	3.0685e-08	3.4155e-08	3.7559e-08	4.0749e-08	4.3768e-08	4.6511e-08	4.8749e-08	5.0632e-08	5.2367e-08	5.3784e-08	5.4521e-08	5.4501e-08	5.3869e-08	5.2724e-08	5.1106e-08	4.9079e-08	4.6734e-08	4.4125e-08	4.1278e-08	3.821e-08	3.4925e-08	3.1438e-08	2.7797e-08	2.4001e-08	2.0002e-08	1.5825e-08	1.1546e-08	7.1684e-09	2.6243e-09	-2.0809e-09	-6.9066e-09	-1.1853e-08	-1.6847e-08	-2.1468e-08	-2.496e-08	-2.6819e-08	-2.7335e-08	-2.6728e-08	-2.5671e-08	-2.4756e-08	-2.3985e-08	-2.3325e-08	-2.2895e-08	-2.2628e-08	-2.2399e-08	-2.2252e-08	-2.2201e-08	-2.2153e-08	-2.2093e-08	-2.2125e-08	-2.2264e-08	-2.2441e-08	-2.2637e-08	-2.28e-08	-2.2776e-08	-2.2508e-08	-2.2234e-08	-2.2054e-08	-2.1773e-08	-2.1272e-08	-2.0825e-08	-2.0783e-08	-2.1006e-08	-2.1126e-08	-2.099e-08	-2.0757e-08	-2.0639e-08	-2.0756e-08	-2.103e-08	-2.124e-08	-2.1254e-08	-2.108e-08	-2.0842e-08	-2.0586e-08	-2.0237e-08	-1.9893e-08	-1.9902e-08	-2.0294e-08	-2.0668e-08	-2.0708e-08	-2.0574e-08	-2.0566e-08	-2.0665e-08	-2.061e-08	-2.027e-08	-1.9781e-08	-1.9433e-08	-1.9257e-08	-1.9055e-08	-1.871e-08	-1.8406e-08	-1.8489e-08	-1.8862e-08	-1.9086e-08	-1.8867e-08	-1.8313e-08	-1.789e-08	-1.7975e-08	-1.8431e-08	-1.8837e-08	-1.9035e-08	-1.9188e-08	-1.9353e-08	-1.9424e-08	-1.928e-08	-1.8943e-08	-1.862e-08	-1.8519e-08	-1.861e-08	-1.8674e-08	-1.8619e-08	-1.852e-08	-1.8561e-08	-1.8904e-08	-1.94e-08	-1.9743e-08	-1.9801e-08	-1.9851e-08	-2.0147e-08	-2.0548e-08	-2.0842e-08	-2.0993e-08	-2.1022e-08	-2.0874e-08
-2.8788e-08	-2.8941e-08	-2.9268e-08	-2.9433e-08	-2.9228e-08	-2.8831e-08	-2.8572e-08	-2.8459e-08	-2.8344e-08	-2.8248e-08	-2.8185e-08	-2.8033e-08	-2.7792e-08	-2.7687e-08	-2.7786e-08	-2.7939e-08	-2.8001e-08	-2.8054e-08	-2.8225e-08	-2.8494e-08	-2.8646e-08	-2.8558e-08	-2.8306e-08	-2.7959e-08	-2.7519e-08	-2.7023e-08	-2.657e-08	-2.6331e-08	-2.6354e-08	-2.6517e-08	-2.6736e-08	-2.6998e-08	-2.7243e-08	-2.748e-08	-2.7564e-08	-2.7093e-08	-2.5851e-08	-2.3927e-08	-2.1606e-08	-1.9003e-08	-1.6112e-08	-1.3166e-08	-1.0384e-08	-7.7725e-09	-5.1873e-09	-2.515e-09	2.6778e-10	3.1304e-09	5.9859e-09	8.8335e-09	1.1776e-08	1.5013e-08	1.8508e-08	2.197e-08	2.5302e-08	2.8584e-08	3.1946e-08	3.5426e-08	3.8853e-08	4.2052e-08	4.5043e-08	4.7749e-08	4.9964e-08	5.1819e-08	5.3518e-08	5.4909e-08	5.5623e-08	5.5545e-08	5.4804e-08	5.3517e-08	5.176e-08	4.9621e-08	4.7197e-08	4.454e-08	4.1673e-08	3.8603e-08	3.5327e-08	3.1841e-08	2.8197e-08	2.4405e-08	2.0419e-08	1.6251e-08	1.1971e-08	7.5798e-09	3e-09	-1.764e-09	-6.6495e-09	-1.1639e-08	-1.6674e-08	-2.1359e-08	-2.4929e-08	-2.6848e-08	-2.7376e-08	-2.6741e-08	-2.5591e-08	-2.4569e-08	-2.3711e-08	-2.2981e-08	-2.2504e-08	-2.222e-08	-2.1985e-08	-2.1827e-08	-2.1757e-08	-2.1678e-08	-2.1577e-08	-2.1573e-08	-2.1686e-08	-2.1837e-08	-2.2007e-08	-2.2159e-08	-2.2141e-08	-2.1882e-08	-2.1615e-08	-2.1457e-08	-2.1201e-08	-2.07e-08	-2.022e-08	-2.0138e-08	-2.0342e-08	-2.0462e-08	-2.0334e-08	-2.0099e-08	-1.9964e-08	-2.0061e-08	-2.0342e-08	-2.0598e-08	-2.0676e-08	-2.0545e-08	-2.0318e-08	-2.0063e-08	-1.9716e-08	-1.9365e-08	-1.9345e-08	-1.9702e-08	-2.0063e-08	-2.0109e-08	-1.9962e-08	-1.9907e-08	-1.9951e-08	-1.9864e-08	-1.9517e-08	-1.9035e-08	-1.871e-08	-1.8572e-08	-1.8393e-08	-1.8039e-08	-1.7712e-08	-1.7782e-08	-1.8173e-08	-1.8422e-08	-1.8218e-08	-1.767e-08	-1.7241e-08	-1.7314e-08	-1.7763e-08	-1.8176e-08	-1.838e-08	-1.8523e-08	-1.8672e-08	-1.8725e-08	-1.8554e-08	-1.8188e-08	-1.7868e-08	-1.7828e-08	-1.804e-08	-1.8255e-08	-1.8327e-08	-1.8303e-08	-1.8361e-08	-1.8687e-08	-1.9146e-08	-1.9421e-08	-1.9387e-08	-1.9329e-08	-1.9536e-08	-1.9885e-08	-2.0157e-08	-2.0316e-08	-2.0383e-08	-2.0299e-08
-2.7717e-08	-2.7932e-08	-2.8322e-08	-2.853e-08	-2.8346e-08	-2.794e-08	-2.7653e-08	-2.7503e-08	-2.7341e-08	-2.7211e-08	-2.716e-08	-2.7052e-08	-2.6836e-08	-2.6703e-08	-2.6752e-08	-2.6874e-08	-2.6922e-08	-2.6936e-08	-2.7062e-08	-2.7319e-08	-2.75e-08	-2.7442e-08	-2.7208e-08	-2.6889e-08	-2.6494e-08	-2.6066e-08	-2.5707e-08	-2.5565e-08	-2.5651e-08	-2.5818e-08	-2.5982e-08	-2.6161e-08	-2.6334e-08	-2.6514e-08	-2.6553e-08	-2.603e-08	-2.4719e-08	-2.2728e-08	-2.0362e-08	-1.7745e-08	-1.4857e-08	-1.1911e-08	-9.1371e-09	-6.5428e-09	-3.9762e-09	-1.3127e-09	1.4675e-09	4.32e-09	7.1479e-09	9.9555e-09	1.2873e-08	1.6123e-08	1.9662e-08	2.3162e-08	2.6505e-08	2.978e-08	3.3133e-08	3.6614e-08	4.0059e-08	4.3266e-08	4.6232e-08	4.8907e-08	5.1107e-08	5.2944e-08	5.4618e-08	5.5987e-08	5.6681e-08	5.655e-08	5.5705e-08	5.4282e-08	5.2387e-08	5.0133e-08	4.7625e-08	4.4917e-08	4.2026e-08	3.8953e-08	3.5683e-08	3.2201e-08	2.8552e-08	2.4761e-08	2.0786e-08	1.6628e-08	1.235e-08	7.9516e-09	3.3452e-09	-1.4702e-09	-6.413e-09	-1.1447e-08	-1.6524e-08	-2.1275e-08	-2.4934e-08	-2.6931e-08	-2.7487e-08	-2.6837e-08	-2.5603e-08	-2.4474e-08	-2.3525e-08	-2.2725e-08	-2.2201e-08	-2.1897e-08	-2.1653e-08	-2.1477e-08	-2.138e-08	-2.1265e-08	-2.1123e-08	-2.1084e-08	-2.1173e-08	-2.13e-08	-2.1442e-08	-2.1578e-08	-2.1565e-08	-2.1324e-08	-2.1072e-08	-2.0941e-08	-2.0712e-08	-2.0218e-08	-1.971e-08	-1.9588e-08	-1.977e-08	-1.9891e-08	-1.9779e-08	-1.955e-08	-1.9406e-08	-1.9478e-08	-1.9752e-08	-2.0047e-08	-2.0192e-08	-2.0123e-08	-1.9936e-08	-1.9709e-08	-1.9383e-08	-1.9032e-08	-1.8976e-08	-1.9283e-08	-1.9617e-08	-1.966e-08	-1.9493e-08	-1.9382e-08	-1.9361e-08	-1.924e-08	-1.8893e-08	-1.843e-08	-1.8129e-08	-1.8025e-08	-1.787e-08	-1.7512e-08	-1.7161e-08	-1.7212e-08	-1.7608e-08	-1.7878e-08	-1.7698e-08	-1.7164e-08	-1.6736e-08	-1.6793e-08	-1.7229e-08	-1.7645e-08	-1.7857e-08	-1.7989e-08	-1.8114e-08	-1.8138e-08	-1.793e-08	-1.7532e-08	-1.7221e-08	-1.7255e-08	-1.7605e-08	-1.7992e-08	-1.8213e-08	-1.8282e-08	-1.8364e-08	-1.8666e-08	-1.9081e-08	-1.9289e-08	-1.916e-08	-1.899e-08	-1.9096e-08	-1.9378e-08	-1.9614e-08	-1.9759e-08	-1.9843e-08	-1.9808e-08
-2.6675e-08	-2.6944e-08	-2.7396e-08	-2.765e-08	-2.749e-08	-2.7081e-08	-2.6769e-08	-2.6583e-08	-2.6374e-08	-2.6209e-08	-2.6163e-08	-2.6094e-08	-2.5906e-08	-2.5752e-08	-2.5759e-08	-2.585e-08	-2.5882e-08	-2.586e-08	-2.5944e-08	-2.619e-08	-2.6398e-08	-2.6373e-08	-2.6158e-08	-2.5864e-08	-2.5514e-08	-2.5151e-08	-2.4879e-08	-2.4833e-08	-2.499e-08	-2.5176e-08	-2.5305e-08	-2.5416e-08	-2.5523e-08	-2.5646e-08	-2.5638e-08	-2.507e-08	-2.3698e-08	-2.1644e-08	-1.9228e-08	-1.6593e-08	-1.3707e-08	-1.0763e-08	-7.9943e-09	-5.4108e-09	-2.8564e-09	-1.971e-10	2.584e-09	5.4303e-09	8.235e-09	1.1004e-08	1.3895e-08	1.7149e-08	2.0722e-08	2.4254e-08	2.7601e-08	3.0865e-08	3.4202e-08	3.7678e-08	4.1132e-08	4.4344e-08	4.7291e-08	4.9942e-08	5.2138e-08	5.3972e-08	5.5632e-08	5.6988e-08	5.7669e-08	5.7491e-08	5.6551e-08	5.5e-08	5.297e-08	5.0601e-08	4.8009e-08	4.5247e-08	4.2328e-08	3.9251e-08	3.5986e-08	3.2507e-08	2.8853e-08	2.5061e-08	2.1095e-08	1.6946e-08	1.2674e-08	8.2759e-09	3.6536e-09	-1.2036e-09	-6.1995e-09	-1.1279e-08	-1.6398e-08	-2.1218e-08	-2.4978e-08	-2.7074e-08	-2.7676e-08	-2.703e-08	-2.5721e-08	-2.4485e-08	-2.3443e-08	-2.2572e-08	-2.1999e-08	-2.1675e-08	-2.1419e-08	-2.1218e-08	-2.1085e-08	-2.0928e-08	-2.0744e-08	-2.0671e-08	-2.0741e-08	-2.0846e-08	-2.0958e-08	-2.1072e-08	-2.1064e-08	-2.0847e-08	-2.0621e-08	-2.0521e-08	-2.0324e-08	-1.9841e-08	-1.9313e-08	-1.9151e-08	-1.9307e-08	-1.9429e-08	-1.934e-08	-1.9131e-08	-1.8983e-08	-1.9026e-08	-1.928e-08	-1.9601e-08	-1.9814e-08	-1.9827e-08	-1.9709e-08	-1.9541e-08	-1.9258e-08	-1.8916e-08	-1.8816e-08	-1.9057e-08	-1.9348e-08	-1.9378e-08	-1.9184e-08	-1.9009e-08	-1.891e-08	-1.8751e-08	-1.8412e-08	-1.7977e-08	-1.7703e-08	-1.7628e-08	-1.7493e-08	-1.7135e-08	-1.6763e-08	-1.6786e-08	-1.7177e-08	-1.7463e-08	-1.7308e-08	-1.6799e-08	-1.6375e-08	-1.6416e-08	-1.6832e-08	-1.7246e-08	-1.7465e-08	-1.7585e-08	-1.7681e-08	-1.7663e-08	-1.7408e-08	-1.6974e-08	-1.6676e-08	-1.6792e-08	-1.7293e-08	-1.7868e-08	-1.8258e-08	-1.8435e-08	-1.8549e-08	-1.8823e-08	-1.9188e-08	-1.9325e-08	-1.9103e-08	-1.8817e-08	-1.8814e-08	-1.9018e-08	-1.9202e-08	-1.9317e-08	-1.9399e-08	-1.9396e-08
-2.5689e-08	-2.6003e-08	-2.6513e-08	-2.6815e-08	-2.6685e-08	-2.6278e-08	-2.5943e-08	-2.5724e-08	-2.547e-08	-2.5266e-08	-2.522e-08	-2.5185e-08	-2.5027e-08	-2.4861e-08	-2.4831e-08	-2.4893e-08	-2.4909e-08	-2.4856e-08	-2.49e-08	-2.5136e-08	-2.5372e-08	-2.538e-08	-2.5186e-08	-2.4914e-08	-2.4605e-08	-2.4302e-08	-2.4112e-08	-2.4157e-08	-2.439e-08	-2.4612e-08	-2.4726e-08	-2.4787e-08	-2.4838e-08	-2.4905e-08	-2.4853e-08	-2.4248e-08	-2.2824e-08	-2.0713e-08	-1.8246e-08	-1.5589e-08	-1.2705e-08	-9.7638e-09	-6.9983e-09	-4.4193e-09	-1.8698e-09	7.9052e-10	3.5768e-09	6.4212e-09	9.208e-09	1.1942e-08	1.4802e-08	1.8051e-08	2.1649e-08	2.5205e-08	2.8548e-08	3.1794e-08	3.5109e-08	3.8572e-08	4.2029e-08	4.5244e-08	4.8175e-08	5.0811e-08	5.3017e-08	5.4865e-08	5.6529e-08	5.7883e-08	5.8559e-08	5.8343e-08	5.732e-08	5.565e-08	5.3494e-08	5.1013e-08	4.8336e-08	4.5519e-08	4.2572e-08	3.9486e-08	3.6226e-08	3.2751e-08	2.9093e-08	2.5298e-08	2.1337e-08	1.7198e-08	1.2935e-08	8.545e-09	3.9189e-09	-9.6871e-10	-6.0116e-09	-1.1137e-08	-1.63e-08	-2.1192e-08	-2.5067e-08	-2.7282e-08	-2.7953e-08	-2.7329e-08	-2.5958e-08	-2.4617e-08	-2.3478e-08	-2.2534e-08	-2.1913e-08	-2.1567e-08	-2.1294e-08	-2.1061e-08	-2.0883e-08	-2.0677e-08	-2.0449e-08	-2.0346e-08	-2.04e-08	-2.0487e-08	-2.0567e-08	-2.0652e-08	-2.0647e-08	-2.0461e-08	-2.0271e-08	-2.0207e-08	-2.0045e-08	-1.958e-08	-1.9038e-08	-1.8838e-08	-1.8963e-08	-1.9083e-08	-1.9024e-08	-1.8846e-08	-1.87e-08	-1.871e-08	-1.8929e-08	-1.9264e-08	-1.9545e-08	-1.9655e-08	-1.9633e-08	-1.955e-08	-1.9331e-08	-1.9008e-08	-1.8859e-08	-1.9017e-08	-1.9248e-08	-1.9254e-08	-1.9028e-08	-1.8779e-08	-1.8593e-08	-1.8389e-08	-1.8063e-08	-1.7666e-08	-1.7421e-08	-1.737e-08	-1.7254e-08	-1.6898e-08	-1.6506e-08	-1.6495e-08	-1.687e-08	-1.7165e-08	-1.7039e-08	-1.656e-08	-1.6146e-08	-1.617e-08	-1.656e-08	-1.6966e-08	-1.7191e-08	-1.7301e-08	-1.7362e-08	-1.7294e-08	-1.6984e-08	-1.6508e-08	-1.6223e-08	-1.6427e-08	-1.7086e-08	-1.7862e-08	-1.8436e-08	-1.8735e-08	-1.8889e-08	-1.9132e-08	-1.9443e-08	-1.9508e-08	-1.9194e-08	-1.8791e-08	-1.8674e-08	-1.879e-08	-1.8911e-08	-1.8982e-08	-1.9043e-08	-1.9058e-08
-2.4788e-08	-2.5135e-08	-2.5697e-08	-2.6047e-08	-2.5952e-08	-2.5555e-08	-2.5202e-08	-2.4952e-08	-2.4655e-08	-2.4411e-08	-2.4357e-08	-2.435e-08	-2.4222e-08	-2.4052e-08	-2.3993e-08	-2.403e-08	-2.4028e-08	-2.3948e-08	-2.3959e-08	-2.4187e-08	-2.4451e-08	-2.4495e-08	-2.4321e-08	-2.4069e-08	-2.3797e-08	-2.3548e-08	-2.3429e-08	-2.3557e-08	-2.387e-08	-2.4143e-08	-2.4264e-08	-2.4297e-08	-2.4305e-08	-2.4322e-08	-2.4228e-08	-2.3594e-08	-2.2134e-08	-1.9976e-08	-1.7458e-08	-1.4774e-08	-1.1892e-08	-8.9556e-09	-6.1921e-09	-3.6114e-09	-1.0586e-09	1.609e-09	4.4052e-09	7.2526e-09	1.0027e-08	1.2729e-08	1.5557e-08	1.8792e-08	2.2403e-08	2.5972e-08	2.9304e-08	3.2524e-08	3.5812e-08	3.9255e-08	4.2704e-08	4.5919e-08	4.884e-08	5.1472e-08	5.3703e-08	5.5585e-08	5.7274e-08	5.8642e-08	5.9323e-08	5.9082e-08	5.7989e-08	5.6217e-08	5.3945e-08	5.1358e-08	4.8599e-08	4.5727e-08	4.2749e-08	3.9653e-08	3.6397e-08	3.2927e-08	2.9265e-08	2.5465e-08	2.1507e-08	1.7376e-08	1.3126e-08	8.7532e-09	4.136e-09	-7.6894e-10	-5.8512e-09	-1.1021e-08	-1.623e-08	-2.1197e-08	-2.5198e-08	-2.7555e-08	-2.8316e-08	-2.7733e-08	-2.6314e-08	-2.4869e-08	-2.3632e-08	-2.2613e-08	-2.1943e-08	-2.1574e-08	-2.128e-08	-2.1006e-08	-2.0775e-08	-2.0512e-08	-2.0238e-08	-2.0107e-08	-2.0149e-08	-2.0221e-08	-2.0266e-08	-2.0319e-08	-2.0311e-08	-2.0161e-08	-2.0015e-08	-1.9994e-08	-1.9867e-08	-1.9425e-08	-1.8875e-08	-1.8637e-08	-1.8729e-08	-1.8844e-08	-1.8819e-08	-1.8681e-08	-1.8546e-08	-1.8519e-08	-1.8692e-08	-1.9026e-08	-1.9372e-08	-1.9591e-08	-1.9687e-08	-1.9713e-08	-1.9577e-08	-1.928e-08	-1.9082e-08	-1.9144e-08	-1.93e-08	-1.9273e-08	-1.9007e-08	-1.868e-08	-1.8397e-08	-1.8142e-08	-1.7833e-08	-1.7482e-08	-1.7268e-08	-1.7238e-08	-1.7137e-08	-1.6787e-08	-1.6376e-08	-1.6328e-08	-1.6678e-08	-1.6975e-08	-1.6877e-08	-1.6434e-08	-1.6035e-08	-1.6042e-08	-1.6401e-08	-1.6793e-08	-1.7023e-08	-1.7123e-08	-1.7147e-08	-1.7022e-08	-1.665e-08	-1.6128e-08	-1.5853e-08	-1.6146e-08	-1.6968e-08	-1.7953e-08	-1.8722e-08	-1.9156e-08	-1.9357e-08	-1.957e-08	-1.9822e-08	-1.9815e-08	-1.9411e-08	-1.8892e-08	-1.8658e-08	-1.868e-08	-1.873e-08	-1.8744e-08	-1.8771e-08	-1.8789e-08
-2.3999e-08	-2.4364e-08	-2.4971e-08	-2.537e-08	-2.5316e-08	-2.4935e-08	-2.457e-08	-2.4292e-08	-2.3956e-08	-2.3671e-08	-2.3603e-08	-2.3615e-08	-2.3515e-08	-2.3351e-08	-2.3273e-08	-2.3287e-08	-2.3268e-08	-2.3165e-08	-2.3148e-08	-2.3373e-08	-2.3667e-08	-2.3748e-08	-2.3594e-08	-2.3358e-08	-2.3118e-08	-2.2914e-08	-2.2856e-08	-2.3057e-08	-2.3449e-08	-2.3787e-08	-2.3941e-08	-2.397e-08	-2.3951e-08	-2.3926e-08	-2.3793e-08	-2.3142e-08	-2.1662e-08	-1.947e-08	-1.6904e-08	-1.4189e-08	-1.1308e-08	-8.3772e-09	-5.6144e-09	-3.0251e-09	-4.5925e-10	2.2232e-09	5.0351e-09	7.8916e-09	1.0661e-08	1.3336e-08	1.6132e-08	1.9344e-08	2.2957e-08	2.6528e-08	2.9839e-08	3.3028e-08	3.6282e-08	3.9698e-08	4.3132e-08	4.6342e-08	4.9258e-08	5.1899e-08	5.4173e-08	5.6112e-08	5.7849e-08	5.925e-08	5.995e-08	5.9696e-08	5.8549e-08	5.669e-08	5.4317e-08	5.1632e-08	4.8794e-08	4.5869e-08	4.286e-08	3.9752e-08	3.65e-08	3.3036e-08	2.9371e-08	2.5564e-08	2.1607e-08	1.7485e-08	1.325e-08	8.901e-09	4.3048e-09	-6.0469e-10	-5.7179e-09	-1.0929e-08	-1.6184e-08	-2.1227e-08	-2.5361e-08	-2.7878e-08	-2.8749e-08	-2.8224e-08	-2.677e-08	-2.5228e-08	-2.3889e-08	-2.2795e-08	-2.2076e-08	-2.1682e-08	-2.1365e-08	-2.1046e-08	-2.0752e-08	-2.0427e-08	-2.0103e-08	-1.9945e-08	-1.998e-08	-2.004e-08	-2.0051e-08	-2.0065e-08	-2.0052e-08	-1.994e-08	-1.9845e-08	-1.987e-08	-1.9781e-08	-1.9363e-08	-1.881e-08	-1.8539e-08	-1.8593e-08	-1.87e-08	-1.8711e-08	-1.8622e-08	-1.8503e-08	-1.8439e-08	-1.8555e-08	-1.8878e-08	-1.9283e-08	-1.9619e-08	-1.985e-08	-2.0004e-08	-1.9966e-08	-1.9706e-08	-1.9458e-08	-1.9416e-08	-1.9485e-08	-1.9416e-08	-1.9108e-08	-1.8699e-08	-1.8311e-08	-1.7997e-08	-1.7707e-08	-1.7409e-08	-1.7231e-08	-1.7218e-08	-1.713e-08	-1.6786e-08	-1.6359e-08	-1.6272e-08	-1.6588e-08	-1.688e-08	-1.6809e-08	-1.6406e-08	-1.6026e-08	-1.6017e-08	-1.6341e-08	-1.6712e-08	-1.6947e-08	-1.704e-08	-1.7025e-08	-1.6839e-08	-1.6399e-08	-1.5826e-08	-1.5558e-08	-1.5939e-08	-1.6922e-08	-1.8119e-08	-1.9091e-08	-1.967e-08	-1.9928e-08	-2.0111e-08	-2.03e-08	-2.0222e-08	-1.9732e-08	-1.9099e-08	-1.8748e-08	-1.8674e-08	-1.8646e-08	-1.8596e-08	-1.8574e-08	-1.8583e-08
-2.3352e-08	-2.372e-08	-2.4359e-08	-2.4805e-08	-2.4799e-08	-2.4444e-08	-2.4072e-08	-2.377e-08	-2.3398e-08	-2.3072e-08	-2.2984e-08	-2.3005e-08	-2.293e-08	-2.2779e-08	-2.2692e-08	-2.2689e-08	-2.2652e-08	-2.2528e-08	-2.2492e-08	-2.2719e-08	-2.3044e-08	-2.3162e-08	-2.3028e-08	-2.2804e-08	-2.2589e-08	-2.2422e-08	-2.2411e-08	-2.2673e-08	-2.3141e-08	-2.3557e-08	-2.3768e-08	-2.3819e-08	-2.3793e-08	-2.3734e-08	-2.3566e-08	-2.2908e-08	-2.1425e-08	-1.9213e-08	-1.6603e-08	-1.3851e-08	-1.0967e-08	-8.0426e-09	-5.2783e-09	-2.6726e-09	-8.25e-11	2.6243e-09	5.4592e-09	8.3321e-09	1.1105e-08	1.376e-08	1.6524e-08	1.9709e-08	2.3314e-08	2.6878e-08	3.0161e-08	3.3314e-08	3.6532e-08	3.9916e-08	4.3329e-08	4.6532e-08	4.945e-08	5.211e-08	5.4443e-08	5.646e-08	5.8266e-08	5.9717e-08	6.0447e-08	6.0192e-08	5.9005e-08	5.7075e-08	5.4614e-08	5.1841e-08	4.8928e-08	4.5951e-08	4.2911e-08	3.9791e-08	3.6541e-08	3.3085e-08	2.9418e-08	2.5604e-08	2.1644e-08	1.7529e-08	1.331e-08	8.9917e-09	4.4268e-09	-4.7536e-10	-5.6108e-09	-1.086e-08	-1.616e-08	-2.1277e-08	-2.5548e-08	-2.8236e-08	-2.9235e-08	-2.8782e-08	-2.7308e-08	-2.5674e-08	-2.4234e-08	-2.3063e-08	-2.2296e-08	-2.1877e-08	-2.1536e-08	-2.1168e-08	-2.0806e-08	-2.0413e-08	-2.0037e-08	-1.9853e-08	-1.9883e-08	-1.9935e-08	-1.9913e-08	-1.9885e-08	-1.9863e-08	-1.9789e-08	-1.9751e-08	-1.9826e-08	-1.9774e-08	-1.9383e-08	-1.8833e-08	-1.8531e-08	-1.8546e-08	-1.864e-08	-1.8688e-08	-1.8653e-08	-1.8557e-08	-1.8457e-08	-1.8507e-08	-1.8808e-08	-1.9266e-08	-1.9721e-08	-2.01e-08	-2.0398e-08	-2.0471e-08	-2.0257e-08	-1.9964e-08	-1.9811e-08	-1.9781e-08	-1.9664e-08	-1.9312e-08	-1.882e-08	-1.8322e-08	-1.7943e-08	-1.7672e-08	-1.7432e-08	-1.7296e-08	-1.7297e-08	-1.7217e-08	-1.6881e-08	-1.6442e-08	-1.6315e-08	-1.6591e-08	-1.6869e-08	-1.6823e-08	-1.6462e-08	-1.6105e-08	-1.6081e-08	-1.6367e-08	-1.6711e-08	-1.6949e-08	-1.7037e-08	-1.6985e-08	-1.6736e-08	-1.6226e-08	-1.5596e-08	-1.533e-08	-1.5794e-08	-1.6934e-08	-1.834e-08	-1.952e-08	-2.0252e-08	-2.0575e-08	-2.0729e-08	-2.0855e-08	-2.0706e-08	-2.0133e-08	-1.9392e-08	-1.8927e-08	-1.8755e-08	-1.8648e-08	-1.8527e-08	-1.8448e-08	-1.8434e-08
-2.2868e-08	-2.322e-08	-2.3878e-08	-2.4369e-08	-2.4415e-08	-2.4096e-08	-2.3724e-08	-2.3401e-08	-2.2996e-08	-2.2631e-08	-2.2516e-08	-2.2535e-08	-2.2479e-08	-2.2346e-08	-2.2262e-08	-2.2246e-08	-2.219e-08	-2.2047e-08	-2.1997e-08	-2.2232e-08	-2.2589e-08	-2.2744e-08	-2.2627e-08	-2.241e-08	-2.2211e-08	-2.2073e-08	-2.2096e-08	-2.2404e-08	-2.2942e-08	-2.3446e-08	-2.3734e-08	-2.3832e-08	-2.3817e-08	-2.3731e-08	-2.353e-08	-2.287e-08	-2.1399e-08	-1.918e-08	-1.6529e-08	-1.3735e-08	-1.0845e-08	-7.9273e-09	-5.16e-09	-2.5315e-09	9.292e-11	2.8328e-09	5.6976e-09	8.594e-09	1.1378e-08	1.402e-08	1.6755e-08	1.9909e-08	2.3499e-08	2.7048e-08	3.0297e-08	3.3411e-08	3.6591e-08	3.994e-08	4.3327e-08	4.652e-08	4.9444e-08	5.2134e-08	5.4537e-08	5.665e-08	5.8542e-08	6.0056e-08	6.0828e-08	6.0581e-08	5.9367e-08	5.738e-08	5.4844e-08	5.1991e-08	4.9009e-08	4.5982e-08	4.2911e-08	3.9777e-08	3.6529e-08	3.308e-08	2.9412e-08	2.559e-08	2.1626e-08	1.7515e-08	1.3314e-08	9.0288e-09	4.5037e-09	-3.8019e-10	-5.5291e-09	-1.0812e-08	-1.6153e-08	-2.1341e-08	-2.5747e-08	-2.8615e-08	-2.9755e-08	-2.9386e-08	-2.7905e-08	-2.6189e-08	-2.4649e-08	-2.3403e-08	-2.2588e-08	-2.2146e-08	-2.1781e-08	-2.1362e-08	-2.0929e-08	-2.0462e-08	-2.0032e-08	-1.9823e-08	-1.985e-08	-1.9897e-08	-1.9844e-08	-1.9773e-08	-1.9738e-08	-1.97e-08	-1.9723e-08	-1.985e-08	-1.9836e-08	-1.9472e-08	-1.8929e-08	-1.8601e-08	-1.8576e-08	-1.8652e-08	-1.8735e-08	-1.8759e-08	-1.8692e-08	-1.8557e-08	-1.8536e-08	-1.8803e-08	-1.9309e-08	-1.9884e-08	-2.0417e-08	-2.0869e-08	-2.1065e-08	-2.0906e-08	-2.0572e-08	-2.0305e-08	-2.017e-08	-2e-08	-1.9603e-08	-1.903e-08	-1.8418e-08	-1.7966e-08	-1.7715e-08	-1.7539e-08	-1.7447e-08	-1.746e-08	-1.7385e-08	-1.7058e-08	-1.661e-08	-1.6444e-08	-1.6674e-08	-1.6932e-08	-1.6907e-08	-1.6588e-08	-1.6257e-08	-1.6221e-08	-1.6464e-08	-1.6777e-08	-1.7016e-08	-1.7103e-08	-1.7017e-08	-1.6704e-08	-1.6122e-08	-1.5432e-08	-1.516e-08	-1.5701e-08	-1.6988e-08	-1.8598e-08	-1.9986e-08	-2.0875e-08	-2.1271e-08	-2.1401e-08	-2.1463e-08	-2.1244e-08	-2.0593e-08	-1.975e-08	-1.9176e-08	-1.8908e-08	-1.8723e-08	-1.8529e-08	-1.8385e-08	-1.8338e-08
-2.2549e-08	-2.2866e-08	-2.3527e-08	-2.4056e-08	-2.4158e-08	-2.3882e-08	-2.3516e-08	-2.3175e-08	-2.274e-08	-2.2336e-08	-2.219e-08	-2.2197e-08	-2.2151e-08	-2.2042e-08	-2.1969e-08	-2.1946e-08	-2.1871e-08	-2.1707e-08	-2.1649e-08	-2.1898e-08	-2.2288e-08	-2.2478e-08	-2.2377e-08	-2.2162e-08	-2.1973e-08	-2.1853e-08	-2.1899e-08	-2.2241e-08	-2.2843e-08	-2.3439e-08	-2.3822e-08	-2.3988e-08	-2.3998e-08	-2.3894e-08	-2.366e-08	-2.3002e-08	-2.1552e-08	-1.9339e-08	-1.6652e-08	-1.3812e-08	-1.0912e-08	-8.0008e-09	-5.2298e-09	-2.5741e-09	9.3142e-11	2.8739e-09	5.7745e-09	8.7006e-09	1.1502e-08	1.414e-08	1.6849e-08	1.9968e-08	2.3537e-08	2.7065e-08	3.0277e-08	3.3348e-08	3.6488e-08	3.98e-08	4.3157e-08	4.6338e-08	4.9271e-08	5.1998e-08	5.448e-08	5.6701e-08	5.8695e-08	6.0284e-08	6.1104e-08	6.0874e-08	5.9642e-08	5.7612e-08	5.5014e-08	5.209e-08	4.9043e-08	4.5969e-08	4.2868e-08	3.9719e-08	3.6471e-08	3.3029e-08	2.9361e-08	2.553e-08	2.1559e-08	1.7451e-08	1.3265e-08	9.016e-09	4.5376e-09	-3.1828e-10	-5.4719e-09	-1.0783e-08	-1.6162e-08	-2.1414e-08	-2.595e-08	-2.8999e-08	-3.0292e-08	-3.0016e-08	-2.8543e-08	-2.6754e-08	-2.5118e-08	-2.3798e-08	-2.2938e-08	-2.2474e-08	-2.2085e-08	-2.1616e-08	-2.111e-08	-2.0567e-08	-2.008e-08	-1.9845e-08	-1.9873e-08	-1.9919e-08	-1.9838e-08	-1.9723e-08	-1.9669e-08	-1.9667e-08	-1.9752e-08	-1.9934e-08	-1.9955e-08	-1.9619e-08	-1.9087e-08	-1.8737e-08	-1.8671e-08	-1.8724e-08	-1.8841e-08	-1.8926e-08	-1.8893e-08	-1.8725e-08	-1.8628e-08	-1.8854e-08	-1.9399e-08	-2.009e-08	-2.0781e-08	-2.1395e-08	-2.1719e-08	-2.1622e-08	-2.1255e-08	-2.0875e-08	-2.063e-08	-2.0404e-08	-1.9964e-08	-1.9313e-08	-1.8586e-08	-1.8056e-08	-1.7822e-08	-1.7713e-08	-1.767e-08	-1.7695e-08	-1.7621e-08	-1.7302e-08	-1.6849e-08	-1.6645e-08	-1.6826e-08	-1.7058e-08	-1.7047e-08	-1.6772e-08	-1.6468e-08	-1.642e-08	-1.6621e-08	-1.6896e-08	-1.7135e-08	-1.7224e-08	-1.7107e-08	-1.6734e-08	-1.6081e-08	-1.5327e-08	-1.5043e-08	-1.5648e-08	-1.707e-08	-1.8873e-08	-2.0466e-08	-2.1514e-08	-2.199e-08	-2.2099e-08	-2.2097e-08	-2.1811e-08	-2.1087e-08	-2.0151e-08	-1.9475e-08	-1.9118e-08	-1.8858e-08	-1.8591e-08	-1.8376e-08	-1.8288e-08
-2.238e-08	-2.2646e-08	-2.3294e-08	-2.3854e-08	-2.4014e-08	-2.3787e-08	-2.3434e-08	-2.3077e-08	-2.2613e-08	-2.2173e-08	-2.1992e-08	-2.1978e-08	-2.1935e-08	-2.1851e-08	-2.1797e-08	-2.1773e-08	-2.1679e-08	-2.1496e-08	-2.1433e-08	-2.17e-08	-2.2123e-08	-2.2346e-08	-2.226e-08	-2.2042e-08	-2.1856e-08	-2.1749e-08	-2.1808e-08	-2.2172e-08	-2.283e-08	-2.3522e-08	-2.4014e-08	-2.4265e-08	-2.4315e-08	-2.4199e-08	-2.3931e-08	-2.3275e-08	-2.1855e-08	-1.9657e-08	-1.694e-08	-1.405e-08	-1.1136e-08	-8.2328e-09	-5.4583e-09	-2.7723e-09	-5.5464e-11	2.7728e-09	5.7144e-09	8.6756e-09	1.1502e-08	1.4141e-08	1.6827e-08	1.9911e-08	2.3454e-08	2.6957e-08	3.0127e-08	3.3155e-08	3.6254e-08	3.9528e-08	4.2852e-08	4.6017e-08	4.8961e-08	5.1731e-08	5.4298e-08	5.6637e-08	5.8742e-08	6.0415e-08	6.129e-08	6.1081e-08	5.9841e-08	5.7778e-08	5.513e-08	5.2144e-08	4.9038e-08	4.592e-08	4.2789e-08	3.9623e-08	3.6375e-08	3.294e-08	2.9272e-08	2.5432e-08	2.1451e-08	1.7342e-08	1.317e-08	8.9574e-09	4.5307e-09	-2.8863e-10	-5.4384e-09	-1.0773e-08	-1.6183e-08	-2.1491e-08	-2.6149e-08	-2.9378e-08	-3.0829e-08	-3.0652e-08	-2.9201e-08	-2.7351e-08	-2.5622e-08	-2.4232e-08	-2.333e-08	-2.2846e-08	-2.2436e-08	-2.1918e-08	-2.1339e-08	-2.0719e-08	-2.0173e-08	-1.9913e-08	-1.9942e-08	-1.9991e-08	-1.9885e-08	-1.9726e-08	-1.9653e-08	-1.9682e-08	-1.9829e-08	-2.0067e-08	-2.0122e-08	-1.9812e-08	-1.9295e-08	-1.8927e-08	-1.882e-08	-1.8846e-08	-1.8992e-08	-1.914e-08	-1.9144e-08	-1.8947e-08	-1.8772e-08	-1.8949e-08	-1.9524e-08	-2.0327e-08	-2.1175e-08	-2.1951e-08	-2.2407e-08	-2.2379e-08	-2.1988e-08	-2.1498e-08	-2.114e-08	-2.0858e-08	-2.0377e-08	-1.9653e-08	-1.8812e-08	-1.82e-08	-1.7982e-08	-1.7942e-08	-1.7952e-08	-1.7987e-08	-1.7909e-08	-1.7598e-08	-1.7144e-08	-1.6907e-08	-1.7036e-08	-1.7234e-08	-1.7233e-08	-1.6998e-08	-1.6723e-08	-1.6666e-08	-1.6822e-08	-1.7055e-08	-1.7291e-08	-1.7387e-08	-1.7244e-08	-1.6815e-08	-1.6093e-08	-1.5274e-08	-1.4971e-08	-1.5628e-08	-1.7168e-08	-1.9148e-08	-2.0936e-08	-2.2142e-08	-2.2705e-08	-2.2798e-08	-2.2734e-08	-2.2383e-08	-2.1594e-08	-2.0573e-08	-1.9806e-08	-1.9368e-08	-1.9039e-08	-1.8703e-08	-1.8416e-08	-1.8278e-08
-2.2345e-08	-2.2547e-08	-2.3168e-08	-2.375e-08	-2.3968e-08	-2.3795e-08	-2.3459e-08	-2.3089e-08	-2.2598e-08	-2.2125e-08	-2.1909e-08	-2.1867e-08	-2.1818e-08	-2.176e-08	-2.1732e-08	-2.1713e-08	-2.16e-08	-2.1396e-08	-2.1333e-08	-2.1621e-08	-2.2078e-08	-2.2333e-08	-2.2259e-08	-2.2034e-08	-2.1846e-08	-2.1746e-08	-2.181e-08	-2.2185e-08	-2.2892e-08	-2.3681e-08	-2.4291e-08	-2.4643e-08	-2.4745e-08	-2.4623e-08	-2.432e-08	-2.3663e-08	-2.2278e-08	-2.0103e-08	-1.7362e-08	-1.442e-08	-1.1489e-08	-8.593e-09	-5.8156e-09	-3.0978e-09	-3.2628e-10	2.5548e-09	5.5417e-09	8.5426e-09	1.1399e-08	1.4046e-08	1.6714e-08	1.9763e-08	2.3277e-08	2.6749e-08	2.9876e-08	3.286e-08	3.5918e-08	3.9155e-08	4.2443e-08	4.5589e-08	4.8544e-08	5.136e-08	5.4016e-08	5.6478e-08	5.8702e-08	6.0465e-08	6.1398e-08	6.1215e-08	5.9972e-08	5.7886e-08	5.5198e-08	5.216e-08	4.9001e-08	4.5841e-08	4.2682e-08	3.95e-08	3.6248e-08	3.2819e-08	2.9151e-08	2.5303e-08	2.1311e-08	1.7197e-08	1.3035e-08	8.8571e-09	4.4853e-09	-2.9009e-10	-5.4278e-09	-1.0778e-08	-1.6215e-08	-2.1568e-08	-2.6335e-08	-2.9737e-08	-3.135e-08	-3.1276e-08	-2.9857e-08	-2.7958e-08	-2.6146e-08	-2.4689e-08	-2.3748e-08	-2.3247e-08	-2.282e-08	-2.2257e-08	-2.1608e-08	-2.0909e-08	-2.0304e-08	-2.0018e-08	-2.005e-08	-2.0105e-08	-1.9978e-08	-1.9778e-08	-1.9682e-08	-1.9738e-08	-1.9947e-08	-2.0239e-08	-2.0326e-08	-2.004e-08	-1.9539e-08	-1.9159e-08	-1.9012e-08	-1.9007e-08	-1.9177e-08	-1.9386e-08	-1.943e-08	-1.9207e-08	-1.8952e-08	-1.9076e-08	-1.9674e-08	-2.058e-08	-2.1579e-08	-2.2514e-08	-2.3103e-08	-2.3149e-08	-2.2743e-08	-2.2149e-08	-2.168e-08	-2.1342e-08	-2.0825e-08	-2.0036e-08	-1.9082e-08	-1.8385e-08	-1.818e-08	-1.8211e-08	-1.8277e-08	-1.8322e-08	-1.8237e-08	-1.7933e-08	-1.7482e-08	-1.7216e-08	-1.7291e-08	-1.745e-08	-1.7453e-08	-1.7255e-08	-1.7009e-08	-1.6943e-08	-1.7054e-08	-1.724e-08	-1.7472e-08	-1.7578e-08	-1.7415e-08	-1.6937e-08	-1.6152e-08	-1.5267e-08	-1.4937e-08	-1.5632e-08	-1.7268e-08	-1.9404e-08	-2.1375e-08	-2.2736e-08	-2.3389e-08	-2.3473e-08	-2.335e-08	-2.2937e-08	-2.209e-08	-2.0996e-08	-2.0149e-08	-1.9641e-08	-1.9252e-08	-1.8854e-08	-1.8495e-08	-1.8302e-08
-2.243e-08	-2.2557e-08	-2.3135e-08	-2.373e-08	-2.4004e-08	-2.389e-08	-2.3577e-08	-2.3195e-08	-2.2679e-08	-2.2177e-08	-2.1926e-08	-2.185e-08	-2.1787e-08	-2.1753e-08	-2.1757e-08	-2.1749e-08	-2.162e-08	-2.1393e-08	-2.1331e-08	-2.1644e-08	-2.2136e-08	-2.2421e-08	-2.2357e-08	-2.2122e-08	-2.1927e-08	-2.1829e-08	-2.1891e-08	-2.227e-08	-2.3018e-08	-2.3903e-08	-2.4638e-08	-2.51e-08	-2.5264e-08	-2.5142e-08	-2.4801e-08	-2.4139e-08	-2.279e-08	-2.0646e-08	-1.7886e-08	-1.489e-08	-1.1938e-08	-9.0511e-09	-6.2719e-09	-3.5221e-09	-6.9244e-10	2.2455e-09	5.2809e-09	8.3253e-09	1.1217e-08	1.3878e-08	1.6533e-08	1.9547e-08	2.3029e-08	2.6469e-08	2.9553e-08	3.2493e-08	3.5511e-08	3.8711e-08	4.1961e-08	4.5085e-08	4.8052e-08	5.0916e-08	5.3661e-08	5.6249e-08	5.8595e-08	6.045e-08	6.1442e-08	6.1285e-08	6.0045e-08	5.7943e-08	5.5227e-08	5.2146e-08	4.8939e-08	4.5741e-08	4.2555e-08	3.9356e-08	3.61e-08	3.2675e-08	2.9006e-08	2.5149e-08	2.1144e-08	1.7022e-08	1.2866e-08	8.7197e-09	4.4041e-09	-3.2142e-10	-5.4394e-09	-1.0799e-08	-1.6254e-08	-2.1641e-08	-2.6501e-08	-3.0065e-08	-3.1837e-08	-3.1867e-08	-3.0491e-08	-2.8557e-08	-2.667e-08	-2.5153e-08	-2.4178e-08	-2.3663e-08	-2.3223e-08	-2.262e-08	-2.1905e-08	-2.1129e-08	-2.0463e-08	-2.0152e-08	-2.0187e-08	-2.0252e-08	-2.011e-08	-1.987e-08	-1.975e-08	-1.9829e-08	-2.0097e-08	-2.044e-08	-2.0555e-08	-2.029e-08	-1.9807e-08	-1.942e-08	-1.9235e-08	-1.9195e-08	-1.9383e-08	-1.9651e-08	-1.9735e-08	-1.9489e-08	-1.9156e-08	-1.9223e-08	-1.9837e-08	-2.0837e-08	-2.1977e-08	-2.3064e-08	-2.3779e-08	-2.3901e-08	-2.3491e-08	-2.2803e-08	-2.2227e-08	-2.1837e-08	-2.129e-08	-2.0444e-08	-1.9384e-08	-1.86e-08	-1.8406e-08	-1.8507e-08	-1.8632e-08	-1.8685e-08	-1.8589e-08	-1.8291e-08	-1.7848e-08	-1.7559e-08	-1.7581e-08	-1.7694e-08	-1.7694e-08	-1.7528e-08	-1.731e-08	-1.7237e-08	-1.7302e-08	-1.7439e-08	-1.7664e-08	-1.7783e-08	-1.7609e-08	-1.709e-08	-1.6248e-08	-1.53e-08	-1.4936e-08	-1.565e-08	-1.7359e-08	-1.9626e-08	-2.1761e-08	-2.3269e-08	-2.4015e-08	-2.4096e-08	-2.3919e-08	-2.3449e-08	-2.255e-08	-2.1395e-08	-2.0484e-08	-1.9919e-08	-1.9484e-08	-1.9034e-08	-1.8607e-08	-1.8354e-08
-2.2617e-08	-2.266e-08	-2.3184e-08	-2.3782e-08	-2.4108e-08	-2.4055e-08	-2.377e-08	-2.3378e-08	-2.2838e-08	-2.2312e-08	-2.2029e-08	-2.1916e-08	-2.1831e-08	-2.1816e-08	-2.1858e-08	-2.1866e-08	-2.1723e-08	-2.1472e-08	-2.1413e-08	-2.1754e-08	-2.228e-08	-2.2592e-08	-2.2536e-08	-2.2288e-08	-2.2082e-08	-2.1982e-08	-2.2038e-08	-2.2415e-08	-2.3195e-08	-2.4173e-08	-2.5037e-08	-2.5618e-08	-2.5851e-08	-2.5732e-08	-2.5351e-08	-2.4678e-08	-2.3363e-08	-2.1253e-08	-1.848e-08	-1.5429e-08	-1.2455e-08	-9.5768e-09	-6.7973e-09	-4.0163e-09	-1.1268e-09	1.8707e-09	4.9569e-09	8.0477e-09	1.0979e-08	1.366e-08	1.6306e-08	1.9287e-08	2.2737e-08	2.6144e-08	2.9184e-08	3.2082e-08	3.5063e-08	3.8226e-08	4.1439e-08	4.4538e-08	4.7516e-08	5.0428e-08	5.326e-08	5.5972e-08	5.8439e-08	6.0387e-08	6.1436e-08	6.1305e-08	6.0069e-08	5.7958e-08	5.5223e-08	5.2108e-08	4.886e-08	4.5628e-08	4.2416e-08	3.92e-08	3.5937e-08	3.2514e-08	2.8844e-08	2.4978e-08	2.0958e-08	1.6825e-08	1.2669e-08	8.5498e-09	4.2898e-09	-3.8122e-10	-5.4725e-09	-1.0835e-08	-1.63e-08	-2.1706e-08	-2.6641e-08	-3.0351e-08	-3.2276e-08	-3.2406e-08	-3.1083e-08	-2.9128e-08	-2.7176e-08	-2.5608e-08	-2.4604e-08	-2.4079e-08	-2.363e-08	-2.2995e-08	-2.222e-08	-2.137e-08	-2.0644e-08	-2.0308e-08	-2.0346e-08	-2.0422e-08	-2.027e-08	-1.9996e-08	-1.9851e-08	-1.9948e-08	-2.0271e-08	-2.0662e-08	-2.08e-08	-2.0552e-08	-2.0088e-08	-1.9697e-08	-1.9478e-08	-1.94e-08	-1.9599e-08	-1.9922e-08	-2.0045e-08	-1.9778e-08	-1.937e-08	-1.938e-08	-2.0003e-08	-2.1083e-08	-2.2353e-08	-2.3577e-08	-2.441e-08	-2.4609e-08	-2.4205e-08	-2.3435e-08	-2.2761e-08	-2.2323e-08	-2.1754e-08	-2.0861e-08	-1.9703e-08	-1.8833e-08	-1.8646e-08	-1.8816e-08	-1.9002e-08	-1.9064e-08	-1.8953e-08	-1.8659e-08	-1.8228e-08	-1.7922e-08	-1.7892e-08	-1.7957e-08	-1.7947e-08	-1.7806e-08	-1.7613e-08	-1.7534e-08	-1.7554e-08	-1.7638e-08	-1.7854e-08	-1.7989e-08	-1.7812e-08	-1.7262e-08	-1.6373e-08	-1.5367e-08	-1.4961e-08	-1.5676e-08	-1.7429e-08	-1.9796e-08	-2.2073e-08	-2.3717e-08	-2.4556e-08	-2.4642e-08	-2.4415e-08	-2.3894e-08	-2.2952e-08	-2.1749e-08	-2.079e-08	-2.0185e-08	-1.9719e-08	-1.923e-08	-1.8741e-08	-1.8427e-08
-2.289e-08	-2.2845e-08	-2.3301e-08	-2.3893e-08	-2.4265e-08	-2.4275e-08	-2.4022e-08	-2.3622e-08	-2.306e-08	-2.2514e-08	-2.2204e-08	-2.2052e-08	-2.1937e-08	-2.1938e-08	-2.2018e-08	-2.2048e-08	-2.1894e-08	-2.1618e-08	-2.1563e-08	-2.1935e-08	-2.2493e-08	-2.283e-08	-2.2781e-08	-2.2516e-08	-2.2294e-08	-2.219e-08	-2.2238e-08	-2.2607e-08	-2.3413e-08	-2.4479e-08	-2.5472e-08	-2.6177e-08	-2.6483e-08	-2.637e-08	-2.5947e-08	-2.5254e-08	-2.3969e-08	-2.1894e-08	-1.9113e-08	-1.6008e-08	-1.3009e-08	-1.014e-08	-7.3616e-09	-4.5514e-09	-1.6021e-09	1.4561e-09	4.5945e-09	7.7336e-09	1.0708e-08	1.3414e-08	1.6056e-08	1.9008e-08	2.2426e-08	2.5798e-08	2.8798e-08	3.1657e-08	3.4602e-08	3.7732e-08	4.0907e-08	4.3979e-08	4.6966e-08	4.9925e-08	5.2839e-08	5.5672e-08	5.8255e-08	6.0292e-08	6.1394e-08	6.1286e-08	6.0055e-08	5.794e-08	5.5192e-08	5.2053e-08	4.877e-08	4.5508e-08	4.2273e-08	3.9039e-08	3.5769e-08	3.2344e-08	2.8672e-08	2.4797e-08	2.0762e-08	1.6613e-08	1.245e-08	8.3524e-09	4.1456e-09	-4.68e-10	-5.5264e-09	-1.0885e-08	-1.635e-08	-2.1761e-08	-2.6749e-08	-3.0585e-08	-3.2651e-08	-3.2875e-08	-3.1612e-08	-2.9649e-08	-2.7648e-08	-2.6038e-08	-2.501e-08	-2.448e-08	-2.4028e-08	-2.3368e-08	-2.2542e-08	-2.1624e-08	-2.0839e-08	-2.0478e-08	-2.0518e-08	-2.0607e-08	-2.045e-08	-2.0149e-08	-1.998e-08	-2.009e-08	-2.0461e-08	-2.0894e-08	-2.1049e-08	-2.0815e-08	-2.037e-08	-1.9979e-08	-1.9728e-08	-1.9611e-08	-1.9815e-08	-2.0184e-08	-2.0344e-08	-2.0058e-08	-1.958e-08	-1.9533e-08	-2.016e-08	-2.1309e-08	-2.2689e-08	-2.4034e-08	-2.4971e-08	-2.5243e-08	-2.4856e-08	-2.4019e-08	-2.3258e-08	-2.2781e-08	-2.2197e-08	-2.127e-08	-2.0025e-08	-1.9072e-08	-1.8889e-08	-1.9125e-08	-1.9372e-08	-1.9443e-08	-1.9313e-08	-1.9022e-08	-1.8606e-08	-1.829e-08	-1.8212e-08	-1.8226e-08	-1.8199e-08	-1.8076e-08	-1.7903e-08	-1.7817e-08	-1.7793e-08	-1.7823e-08	-1.8028e-08	-1.8183e-08	-1.801e-08	-1.7442e-08	-1.6519e-08	-1.5461e-08	-1.5009e-08	-1.5704e-08	-1.7468e-08	-1.99e-08	-2.2291e-08	-2.4054e-08	-2.4986e-08	-2.5084e-08	-2.4814e-08	-2.4247e-08	-2.3272e-08	-2.2035e-08	-2.1047e-08	-2.0422e-08	-1.9943e-08	-1.9431e-08	-1.889e-08	-1.8516e-08
-2.3233e-08	-2.3096e-08	-2.3476e-08	-2.4049e-08	-2.4462e-08	-2.4534e-08	-2.4316e-08	-2.3909e-08	-2.3327e-08	-2.2768e-08	-2.2436e-08	-2.2244e-08	-2.2092e-08	-2.2102e-08	-2.2223e-08	-2.228e-08	-2.2119e-08	-2.1816e-08	-2.1766e-08	-2.2169e-08	-2.2759e-08	-2.3117e-08	-2.3072e-08	-2.2789e-08	-2.2549e-08	-2.2438e-08	-2.2476e-08	-2.2834e-08	-2.3659e-08	-2.4808e-08	-2.5929e-08	-2.6758e-08	-2.7139e-08	-2.7033e-08	-2.6564e-08	-2.5842e-08	-2.4578e-08	-2.2538e-08	-1.9752e-08	-1.6593e-08	-1.3568e-08	-1.071e-08	-7.9345e-09	-5.0979e-09	-2.0906e-09	1.0278e-09	4.2186e-09	7.4072e-09	1.0426e-08	1.3163e-08	1.5806e-08	1.8734e-08	2.212e-08	2.5458e-08	2.8422e-08	3.1245e-08	3.4159e-08	3.7258e-08	4.0396e-08	4.344e-08	4.6434e-08	4.9437e-08	5.2428e-08	5.5372e-08	5.8064e-08	6.0182e-08	6.1331e-08	6.1241e-08	6.0012e-08	5.7895e-08	5.5143e-08	5.1988e-08	4.8678e-08	4.5389e-08	4.2132e-08	3.8882e-08	3.5602e-08	3.2174e-08	2.8497e-08	2.4613e-08	2.0561e-08	1.6393e-08	1.2217e-08	8.1327e-09	3.9745e-09	-5.8014e-10	-5.6005e-09	-1.0948e-08	-1.6404e-08	-2.1802e-08	-2.682e-08	-3.0756e-08	-3.2946e-08	-3.3255e-08	-3.2056e-08	-3.0101e-08	-2.8065e-08	-2.6425e-08	-2.5382e-08	-2.4851e-08	-2.4401e-08	-2.3726e-08	-2.2859e-08	-2.188e-08	-2.104e-08	-2.0654e-08	-2.0695e-08	-2.0798e-08	-2.0642e-08	-2.032e-08	-2.0131e-08	-2.0249e-08	-2.0661e-08	-2.1127e-08	-2.1292e-08	-2.1067e-08	-2.064e-08	-2.0253e-08	-1.9974e-08	-1.9818e-08	-2.0018e-08	-2.0426e-08	-2.0616e-08	-2.0313e-08	-1.9771e-08	-1.9671e-08	-2.0298e-08	-2.1502e-08	-2.2973e-08	-2.4414e-08	-2.5436e-08	-2.5775e-08	-2.5413e-08	-2.4529e-08	-2.3697e-08	-2.3191e-08	-2.2602e-08	-2.1654e-08	-2.0334e-08	-1.9304e-08	-1.9123e-08	-1.942e-08	-1.9728e-08	-1.9808e-08	-1.9657e-08	-1.9365e-08	-1.897e-08	-1.8652e-08	-1.8529e-08	-1.8491e-08	-1.8439e-08	-1.8326e-08	-1.8167e-08	-1.8073e-08	-1.8006e-08	-1.7981e-08	-1.8172e-08	-1.8349e-08	-1.8191e-08	-1.7618e-08	-1.6675e-08	-1.5577e-08	-1.5074e-08	-1.5726e-08	-1.7466e-08	-1.9923e-08	-2.2393e-08	-2.4257e-08	-2.5277e-08	-2.5394e-08	-2.509e-08	-2.4485e-08	-2.3484e-08	-2.223e-08	-2.1232e-08	-2.0609e-08	-2.014e-08	-1.9624e-08	-1.9044e-08	-1.8614e-08
-2.3628e-08	-2.34e-08	-2.3694e-08	-2.4238e-08	-2.4684e-08	-2.4817e-08	-2.4637e-08	-2.4224e-08	-2.3622e-08	-2.3056e-08	-2.2709e-08	-2.2481e-08	-2.2286e-08	-2.2298e-08	-2.2457e-08	-2.2546e-08	-2.2381e-08	-2.2052e-08	-2.2006e-08	-2.2441e-08	-2.3062e-08	-2.3437e-08	-2.3393e-08	-2.3089e-08	-2.2828e-08	-2.271e-08	-2.2738e-08	-2.3083e-08	-2.3924e-08	-2.5149e-08	-2.6392e-08	-2.7343e-08	-2.7797e-08	-2.7698e-08	-2.7179e-08	-2.6417e-08	-2.5164e-08	-2.3153e-08	-2.0364e-08	-1.7156e-08	-1.4104e-08	-1.1256e-08	-8.4856e-09	-5.6261e-09	-2.5646e-09	6.1206e-10	3.8544e-09	7.0924e-09	1.0158e-08	1.293e-08	1.558e-08	1.8487e-08	2.1843e-08	2.5149e-08	2.8082e-08	3.0877e-08	3.3764e-08	3.6835e-08	3.9938e-08	4.2953e-08	4.5952e-08	4.8996e-08	5.2055e-08	5.51e-08	5.7888e-08	6.0076e-08	6.1262e-08	6.1181e-08	5.9951e-08	5.7833e-08	5.5083e-08	5.1921e-08	4.859e-08	4.5278e-08	4.2003e-08	3.8738e-08	3.5445e-08	3.201e-08	2.8327e-08	2.4433e-08	2.0364e-08	1.6173e-08	1.1976e-08	7.8959e-09	3.7801e-09	-7.1588e-10	-5.694e-09	-1.1023e-08	-1.646e-08	-2.1828e-08	-2.6849e-08	-3.0856e-08	-3.3148e-08	-3.3527e-08	-3.2395e-08	-3.0463e-08	-2.841e-08	-2.6753e-08	-2.5704e-08	-2.5176e-08	-2.4735e-08	-2.4056e-08	-2.3161e-08	-2.213e-08	-2.124e-08	-2.0828e-08	-2.0869e-08	-2.0985e-08	-2.0836e-08	-2.0502e-08	-2.0298e-08	-2.042e-08	-2.0862e-08	-2.1352e-08	-2.1519e-08	-2.1297e-08	-2.0886e-08	-2.0505e-08	-2.0204e-08	-2.0008e-08	-2.0199e-08	-2.0634e-08	-2.0847e-08	-2.0526e-08	-1.9927e-08	-1.9783e-08	-2.0406e-08	-2.1651e-08	-2.3189e-08	-2.4698e-08	-2.5781e-08	-2.6176e-08	-2.5848e-08	-2.4937e-08	-2.4054e-08	-2.3531e-08	-2.295e-08	-2.1995e-08	-2.0616e-08	-1.9519e-08	-1.9337e-08	-1.969e-08	-2.0056e-08	-2.0145e-08	-1.997e-08	-1.9675e-08	-1.9303e-08	-1.8991e-08	-1.883e-08	-1.874e-08	-1.8658e-08	-1.8544e-08	-1.839e-08	-1.8286e-08	-1.8178e-08	-1.8099e-08	-1.8275e-08	-1.8475e-08	-1.8341e-08	-1.7779e-08	-1.6833e-08	-1.5707e-08	-1.5152e-08	-1.5737e-08	-1.7414e-08	-1.985e-08	-2.2361e-08	-2.4303e-08	-2.5404e-08	-2.5548e-08	-2.522e-08	-2.4584e-08	-2.3569e-08	-2.2314e-08	-2.1329e-08	-2.0733e-08	-2.0297e-08	-1.98e-08	-1.9196e-08	-1.8715e-08
-2.4058e-08	-2.3741e-08	-2.3945e-08	-2.4449e-08	-2.4917e-08	-2.5108e-08	-2.4967e-08	-2.455e-08	-2.3929e-08	-2.3362e-08	-2.3009e-08	-2.2748e-08	-2.2505e-08	-2.2511e-08	-2.2706e-08	-2.283e-08	-2.2666e-08	-2.231e-08	-2.2268e-08	-2.2735e-08	-2.3384e-08	-2.3773e-08	-2.3727e-08	-2.34e-08	-2.3117e-08	-2.299e-08	-2.3009e-08	-2.3343e-08	-2.4194e-08	-2.5489e-08	-2.6847e-08	-2.7913e-08	-2.8436e-08	-2.8342e-08	-2.7768e-08	-2.6954e-08	-2.5698e-08	-2.3709e-08	-2.0919e-08	-1.7663e-08	-1.4586e-08	-1.175e-08	-8.9846e-09	-6.1062e-09	-2.9958e-09	2.3514e-10	3.5272e-09	6.8137e-09	9.9262e-09	1.2736e-08	1.5399e-08	1.8292e-08	2.1619e-08	2.4896e-08	2.7806e-08	3.0579e-08	3.3445e-08	3.6492e-08	3.9564e-08	4.2549e-08	4.5551e-08	4.8632e-08	5.175e-08	5.488e-08	5.7748e-08	5.999e-08	6.1201e-08	6.112e-08	5.9883e-08	5.7763e-08	5.5018e-08	5.1857e-08	4.8514e-08	4.5184e-08	4.1893e-08	3.8613e-08	3.5307e-08	3.186e-08	2.8167e-08	2.4265e-08	2.0179e-08	1.5961e-08	1.1734e-08	7.6477e-09	3.5659e-09	-8.7337e-10	-5.8064e-09	-1.1112e-08	-1.6517e-08	-2.1836e-08	-2.6832e-08	-3.0876e-08	-3.3241e-08	-3.3674e-08	-3.2607e-08	-3.0712e-08	-2.8664e-08	-2.7007e-08	-2.596e-08	-2.544e-08	-2.5016e-08	-2.4344e-08	-2.3435e-08	-2.2365e-08	-2.1429e-08	-2.0993e-08	-2.1031e-08	-2.116e-08	-2.1024e-08	-2.0688e-08	-2.0475e-08	-2.0598e-08	-2.1059e-08	-2.156e-08	-2.172e-08	-2.1495e-08	-2.1096e-08	-2.0723e-08	-2.0405e-08	-2.0174e-08	-2.0347e-08	-2.0796e-08	-2.1021e-08	-2.0681e-08	-2.0035e-08	-1.9856e-08	-2.0476e-08	-2.1747e-08	-2.3324e-08	-2.4867e-08	-2.5979e-08	-2.6415e-08	-2.6128e-08	-2.5216e-08	-2.4309e-08	-2.3782e-08	-2.3219e-08	-2.2272e-08	-2.0859e-08	-1.9711e-08	-1.9525e-08	-1.9921e-08	-2.0338e-08	-2.0437e-08	-2.0237e-08	-1.9937e-08	-1.9594e-08	-1.9297e-08	-1.9105e-08	-1.8965e-08	-1.8847e-08	-1.872e-08	-1.8565e-08	-1.8446e-08	-1.8301e-08	-1.8174e-08	-1.8328e-08	-1.8544e-08	-1.8442e-08	-1.7907e-08	-1.6981e-08	-1.5862e-08	-1.5267e-08	-1.5762e-08	-1.7331e-08	-1.9684e-08	-2.2179e-08	-2.4164e-08	-2.5334e-08	-2.5525e-08	-2.519e-08	-2.4532e-08	-2.3517e-08	-2.229e-08	-2.1343e-08	-2.0791e-08	-2.0406e-08	-1.9947e-08	-1.9343e-08	-1.8828e-08
-2.4505e-08	-2.4105e-08	-2.4214e-08	-2.4668e-08	-2.5148e-08	-2.5391e-08	-2.5291e-08	-2.4869e-08	-2.4231e-08	-2.3669e-08	-2.3319e-08	-2.3032e-08	-2.2739e-08	-2.2729e-08	-2.2955e-08	-2.3116e-08	-2.2957e-08	-2.2577e-08	-2.2539e-08	-2.3035e-08	-2.3709e-08	-2.4108e-08	-2.4055e-08	-2.3704e-08	-2.3396e-08	-2.3262e-08	-2.3275e-08	-2.3601e-08	-2.446e-08	-2.5816e-08	-2.728e-08	-2.8452e-08	-2.9035e-08	-2.8942e-08	-2.8309e-08	-2.743e-08	-2.6154e-08	-2.4175e-08	-2.1383e-08	-1.8084e-08	-1.4983e-08	-1.2159e-08	-9.4006e-09	-6.5079e-09	-3.356e-09	-7.6433e-11	3.2622e-09	6.5952e-09	9.7545e-09	1.2606e-08	1.5287e-08	1.8172e-08	2.1474e-08	2.4725e-08	2.762e-08	3.0381e-08	3.3232e-08	3.626e-08	3.9303e-08	4.2261e-08	4.5264e-08	4.8376e-08	5.1541e-08	5.4739e-08	5.7666e-08	5.9945e-08	6.1163e-08	6.107e-08	5.9817e-08	5.7691e-08	5.4955e-08	5.1803e-08	4.8457e-08	4.5114e-08	4.1809e-08	3.8517e-08	3.5195e-08	3.1732e-08	2.8025e-08	2.4113e-08	2.0011e-08	1.5765e-08	1.1501e-08	7.3944e-09	3.332e-09	-1.0567e-09	-5.9421e-09	-1.1213e-08	-1.6573e-08	-2.182e-08	-2.6751e-08	-3.0783e-08	-3.318e-08	-3.3651e-08	-3.2657e-08	-3.0825e-08	-2.8814e-08	-2.7181e-08	-2.6145e-08	-2.563e-08	-2.5221e-08	-2.457e-08	-2.3665e-08	-2.2577e-08	-2.1614e-08	-2.1154e-08	-2.1176e-08	-2.1307e-08	-2.1189e-08	-2.0873e-08	-2.0667e-08	-2.0788e-08	-2.1245e-08	-2.173e-08	-2.1872e-08	-2.1645e-08	-2.126e-08	-2.0896e-08	-2.0569e-08	-2.0318e-08	-2.0463e-08	-2.0894e-08	-2.1106e-08	-2.0753e-08	-2.01e-08	-1.9911e-08	-2.0525e-08	-2.1795e-08	-2.3369e-08	-2.4894e-08	-2.5996e-08	-2.6455e-08	-2.6218e-08	-2.5351e-08	-2.4459e-08	-2.3932e-08	-2.3388e-08	-2.2462e-08	-2.1058e-08	-1.9897e-08	-1.9695e-08	-2.0109e-08	-2.0561e-08	-2.0672e-08	-2.0454e-08	-2.0149e-08	-1.9838e-08	-1.9564e-08	-1.935e-08	-1.9165e-08	-1.9006e-08	-1.8857e-08	-1.8691e-08	-1.8553e-08	-1.8375e-08	-1.8212e-08	-1.8338e-08	-1.8562e-08	-1.8497e-08	-1.8005e-08	-1.7121e-08	-1.6033e-08	-1.5409e-08	-1.5796e-08	-1.722e-08	-1.9442e-08	-2.1873e-08	-2.3873e-08	-2.5099e-08	-2.5348e-08	-2.5019e-08	-2.4349e-08	-2.3346e-08	-2.2165e-08	-2.1274e-08	-2.0783e-08	-2.0466e-08	-2.0064e-08	-1.948e-08	-1.8942e-08
-2.4949e-08	-2.4476e-08	-2.4489e-08	-2.4883e-08	-2.5364e-08	-2.5653e-08	-2.5591e-08	-2.5164e-08	-2.451e-08	-2.3961e-08	-2.3625e-08	-2.332e-08	-2.2977e-08	-2.2941e-08	-2.3189e-08	-2.3385e-08	-2.3238e-08	-2.2841e-08	-2.2807e-08	-2.3327e-08	-2.4019e-08	-2.442e-08	-2.4359e-08	-2.3984e-08	-2.3653e-08	-2.3511e-08	-2.3525e-08	-2.385e-08	-2.4718e-08	-2.6123e-08	-2.7673e-08	-2.8932e-08	-2.9561e-08	-2.9464e-08	-2.8774e-08	-2.7815e-08	-2.6492e-08	-2.4505e-08	-2.1712e-08	-1.8391e-08	-1.5273e-08	-1.2456e-08	-9.6995e-09	-6.7941e-09	-3.6134e-09	-2.9458e-10	3.0846e-09	6.4567e-09	9.6581e-09	1.2556e-08	1.5272e-08	1.8161e-08	2.1428e-08	2.4651e-08	2.7548e-08	3.0314e-08	3.3161e-08	3.6169e-08	3.9185e-08	4.2122e-08	4.5128e-08	4.8262e-08	5.1461e-08	5.4693e-08	5.764e-08	5.9916e-08	6.1115e-08	6.1001e-08	5.9734e-08	5.7608e-08	5.4889e-08	5.176e-08	4.8425e-08	4.5076e-08	4.176e-08	3.8456e-08	3.5114e-08	3.1626e-08	2.7902e-08	2.398e-08	1.9865e-08	1.5592e-08	1.1288e-08	7.1444e-09	3.0787e-09	-1.2706e-09	-6.1052e-09	-1.1329e-08	-1.6626e-08	-2.1776e-08	-2.66e-08	-3.0562e-08	-3.2946e-08	-3.3444e-08	-3.2526e-08	-3.0784e-08	-2.8845e-08	-2.7259e-08	-2.6245e-08	-2.5734e-08	-2.5342e-08	-2.4725e-08	-2.3843e-08	-2.2759e-08	-2.1784e-08	-2.1301e-08	-2.1299e-08	-2.1424e-08	-2.1331e-08	-2.1048e-08	-2.0861e-08	-2.0978e-08	-2.1415e-08	-2.1867e-08	-2.1982e-08	-2.1749e-08	-2.1375e-08	-2.1017e-08	-2.0689e-08	-2.0426e-08	-2.0538e-08	-2.0935e-08	-2.1121e-08	-2.0754e-08	-2.0105e-08	-1.9919e-08	-2.0528e-08	-2.1784e-08	-2.3329e-08	-2.4805e-08	-2.5867e-08	-2.6332e-08	-2.6146e-08	-2.5347e-08	-2.4497e-08	-2.3986e-08	-2.3472e-08	-2.2582e-08	-2.1209e-08	-2.0051e-08	-1.9832e-08	-2.0257e-08	-2.0737e-08	-2.0859e-08	-2.0627e-08	-2.0315e-08	-2.0035e-08	-1.9791e-08	-1.9563e-08	-1.9342e-08	-1.9143e-08	-1.8962e-08	-1.8778e-08	-1.8617e-08	-1.841e-08	-1.8215e-08	-1.8313e-08	-1.8544e-08	-1.8521e-08	-1.8084e-08	-1.7255e-08	-1.6212e-08	-1.5561e-08	-1.5828e-08	-1.7082e-08	-1.9139e-08	-2.1474e-08	-2.3462e-08	-2.4731e-08	-2.504e-08	-2.4729e-08	-2.4057e-08	-2.3073e-08	-2.1948e-08	-2.1126e-08	-2.0713e-08	-2.0481e-08	-2.0152e-08	-1.9602e-08	-1.9052e-08
-2.5377e-08	-2.4856e-08	-2.4773e-08	-2.5087e-08	-2.5546e-08	-2.5865e-08	-2.5836e-08	-2.5411e-08	-2.4755e-08	-2.4228e-08	-2.3909e-08	-2.3595e-08	-2.3217e-08	-2.3144e-08	-2.3392e-08	-2.3613e-08	-2.3486e-08	-2.3096e-08	-2.307e-08	-2.3598e-08	-2.4289e-08	-2.4684e-08	-2.4613e-08	-2.4224e-08	-2.3874e-08	-2.3724e-08	-2.3746e-08	-2.4084e-08	-2.4964e-08	-2.64e-08	-2.8011e-08	-2.933e-08	-2.9988e-08	-2.9882e-08	-2.9139e-08	-2.8086e-08	-2.6688e-08	-2.4671e-08	-2.1876e-08	-1.8554e-08	-1.5424e-08	-1.2609e-08	-9.8507e-09	-6.9362e-09	-3.7402e-09	-3.9311e-10	3.0199e-09	6.4252e-09	9.6654e-09	1.2612e-08	1.5371e-08	1.8273e-08	2.1506e-08	2.4705e-08	2.7618e-08	3.0402e-08	3.3253e-08	3.6247e-08	3.9242e-08	4.2165e-08	4.5171e-08	4.832e-08	5.1537e-08	5.4778e-08	5.7714e-08	5.9961e-08	6.112e-08	6.097e-08	5.9678e-08	5.7545e-08	5.4841e-08	5.1741e-08	4.8424e-08	4.5074e-08	4.175e-08	3.8436e-08	3.5072e-08	3.1556e-08	2.7812e-08	2.3877e-08	1.9749e-08	1.5447e-08	1.1096e-08	6.9037e-09	2.8217e-09	-1.4969e-09	-6.2824e-09	-1.1452e-08	-1.6674e-08	-2.1711e-08	-2.64e-08	-3.0254e-08	-3.2585e-08	-3.3087e-08	-3.2235e-08	-3.0592e-08	-2.875e-08	-2.7231e-08	-2.625e-08	-2.5751e-08	-2.5384e-08	-2.4811e-08	-2.3968e-08	-2.2906e-08	-2.193e-08	-2.1426e-08	-2.1398e-08	-2.1515e-08	-2.145e-08	-2.1211e-08	-2.1051e-08	-2.1166e-08	-2.157e-08	-2.1976e-08	-2.2056e-08	-2.1812e-08	-2.1444e-08	-2.1093e-08	-2.0768e-08	-2.05e-08	-2.0575e-08	-2.0927e-08	-2.1077e-08	-2.0694e-08	-2.0058e-08	-1.9884e-08	-2.0491e-08	-2.1724e-08	-2.3218e-08	-2.4616e-08	-2.5613e-08	-2.6068e-08	-2.5932e-08	-2.5218e-08	-2.4431e-08	-2.3952e-08	-2.3479e-08	-2.2638e-08	-2.1313e-08	-2.0172e-08	-1.9941e-08	-2.0368e-08	-2.087e-08	-2.1004e-08	-2.076e-08	-2.0441e-08	-2.019e-08	-1.9978e-08	-1.9749e-08	-1.95e-08	-1.9261e-08	-1.9044e-08	-1.8833e-08	-1.8647e-08	-1.8414e-08	-1.8192e-08	-1.8264e-08	-1.85e-08	-1.8521e-08	-1.8147e-08	-1.7385e-08	-1.6396e-08	-1.5723e-08	-1.5864e-08	-1.6929e-08	-1.8793e-08	-2.1e-08	-2.2952e-08	-2.4251e-08	-2.462e-08	-2.4335e-08	-2.367e-08	-2.2713e-08	-2.1651e-08	-2.0908e-08	-2.0586e-08	-2.0451e-08	-2.0208e-08	-1.9707e-08	-1.9157e-08
-2.5762e-08	-2.5209e-08	-2.5038e-08	-2.5268e-08	-2.5689e-08	-2.6024e-08	-2.6024e-08	-2.5601e-08	-2.4946e-08	-2.4445e-08	-2.4154e-08	-2.3843e-08	-2.3436e-08	-2.3318e-08	-2.3553e-08	-2.3794e-08	-2.3693e-08	-2.3318e-08	-2.3299e-08	-2.3826e-08	-2.4511e-08	-2.4896e-08	-2.4811e-08	-2.4406e-08	-2.4037e-08	-2.3881e-08	-2.3917e-08	-2.4276e-08	-2.5173e-08	-2.6634e-08	-2.8288e-08	-2.9645e-08	-3.0312e-08	-3.0185e-08	-2.9384e-08	-2.8228e-08	-2.6732e-08	-2.4661e-08	-2.1857e-08	-1.854e-08	-1.5405e-08	-1.2591e-08	-9.8321e-09	-6.9145e-09	-3.716e-09	-3.5282e-10	3.0861e-09	6.5191e-09	9.795e-09	1.2789e-08	1.5595e-08	1.8514e-08	2.172e-08	2.4904e-08	2.7842e-08	3.0655e-08	3.3519e-08	3.6503e-08	3.9483e-08	4.2397e-08	4.5401e-08	4.8557e-08	5.1778e-08	5.5e-08	5.7896e-08	6.0086e-08	6.1183e-08	6.0983e-08	5.9653e-08	5.7506e-08	5.4815e-08	5.1747e-08	4.8456e-08	4.5111e-08	4.1782e-08	3.8459e-08	3.5073e-08	3.1526e-08	2.7755e-08	2.3806e-08	1.9666e-08	1.5334e-08	1.093e-08	6.6789e-09	2.5686e-09	-1.7279e-09	-6.4663e-09	-1.1578e-08	-1.6716e-08	-2.1626e-08	-2.6159e-08	-2.9872e-08	-3.2116e-08	-3.26e-08	-3.1804e-08	-3.0265e-08	-2.8539e-08	-2.7106e-08	-2.617e-08	-2.569e-08	-2.5352e-08	-2.4833e-08	-2.4045e-08	-2.3019e-08	-2.2052e-08	-2.1532e-08	-2.1477e-08	-2.1584e-08	-2.1547e-08	-2.1359e-08	-2.1235e-08	-2.1347e-08	-2.1711e-08	-2.206e-08	-2.2099e-08	-2.184e-08	-2.1474e-08	-2.1128e-08	-2.0811e-08	-2.0543e-08	-2.0581e-08	-2.0879e-08	-2.0985e-08	-2.0584e-08	-1.9966e-08	-1.9813e-08	-2.042e-08	-2.1621e-08	-2.3046e-08	-2.4345e-08	-2.5256e-08	-2.5685e-08	-2.5595e-08	-2.4978e-08	-2.4273e-08	-2.3841e-08	-2.3417e-08	-2.2635e-08	-2.1373e-08	-2.0264e-08	-2.0023e-08	-2.0448e-08	-2.0964e-08	-2.111e-08	-2.0856e-08	-2.0528e-08	-2.0306e-08	-2.013e-08	-1.9908e-08	-1.9639e-08	-1.9365e-08	-1.911e-08	-1.8866e-08	-1.8652e-08	-1.8396e-08	-1.8153e-08	-1.82e-08	-1.844e-08	-1.8506e-08	-1.8199e-08	-1.7512e-08	-1.6587e-08	-1.5896e-08	-1.5907e-08	-1.677e-08	-1.842e-08	-2.0472e-08	-2.2366e-08	-2.368e-08	-2.4107e-08	-2.3856e-08	-2.3205e-08	-2.228e-08	-2.1288e-08	-2.063e-08	-2.0406e-08	-2.0379e-08	-2.0233e-08	-1.9794e-08	-1.9254e-08
-2.6084e-08	-2.5518e-08	-2.5271e-08	-2.5411e-08	-2.5782e-08	-2.6118e-08	-2.6137e-08	-2.5718e-08	-2.5068e-08	-2.4595e-08	-2.4342e-08	-2.405e-08	-2.3624e-08	-2.3452e-08	-2.366e-08	-2.3915e-08	-2.3846e-08	-2.3494e-08	-2.3479e-08	-2.4001e-08	-2.4674e-08	-2.5044e-08	-2.4941e-08	-2.4518e-08	-2.4131e-08	-2.3971e-08	-2.4027e-08	-2.4418e-08	-2.5338e-08	-2.6818e-08	-2.85e-08	-2.9873e-08	-3.0528e-08	-3.0369e-08	-2.9506e-08	-2.8238e-08	-2.6621e-08	-2.4475e-08	-2.1652e-08	-1.8348e-08	-1.5215e-08	-1.2404e-08	-9.6453e-09	-6.7307e-09	-3.5424e-09	-1.7614e-10	3.2794e-09	6.7335e-09	1.0041e-08	1.3081e-08	1.5934e-08	1.8875e-08	2.2058e-08	2.5233e-08	2.8204e-08	3.1056e-08	3.3938e-08	3.6917e-08	3.9886e-08	4.2794e-08	4.5795e-08	4.8949e-08	5.216e-08	5.5341e-08	5.8172e-08	6.0281e-08	6.1299e-08	6.1034e-08	5.9658e-08	5.7492e-08	5.4812e-08	5.1779e-08	4.8519e-08	4.5184e-08	4.1853e-08	3.8522e-08	3.5114e-08	3.1533e-08	2.7734e-08	2.3768e-08	1.9616e-08	1.5255e-08	1.0794e-08	6.4765e-09	2.3276e-09	-1.9553e-09	-6.6491e-09	-1.17e-08	-1.6749e-08	-2.1523e-08	-2.5883e-08	-2.9429e-08	-3.1557e-08	-3.2004e-08	-3.1251e-08	-2.9822e-08	-2.8225e-08	-2.6894e-08	-2.6015e-08	-2.5559e-08	-2.5256e-08	-2.4798e-08	-2.4075e-08	-2.31e-08	-2.2152e-08	-2.1619e-08	-2.1538e-08	-2.1634e-08	-2.1625e-08	-2.1492e-08	-2.1411e-08	-2.1522e-08	-2.1839e-08	-2.2123e-08	-2.2114e-08	-2.1838e-08	-2.1471e-08	-2.1129e-08	-2.0823e-08	-2.0558e-08	-2.0561e-08	-2.08e-08	-2.0855e-08	-2.0435e-08	-1.9838e-08	-1.971e-08	-2.0319e-08	-2.1482e-08	-2.2825e-08	-2.4007e-08	-2.4815e-08	-2.5204e-08	-2.5156e-08	-2.4643e-08	-2.4035e-08	-2.366e-08	-2.3293e-08	-2.2579e-08	-2.1394e-08	-2.0329e-08	-2.0083e-08	-2.05e-08	-2.1024e-08	-2.1181e-08	-2.0919e-08	-2.0583e-08	-2.0386e-08	-2.0249e-08	-2.0044e-08	-1.9765e-08	-1.946e-08	-1.9166e-08	-1.8887e-08	-1.8642e-08	-1.8366e-08	-1.8107e-08	-1.8131e-08	-1.8372e-08	-1.8483e-08	-1.8246e-08	-1.764e-08	-1.6783e-08	-1.6081e-08	-1.5963e-08	-1.6616e-08	-1.8034e-08	-1.991e-08	-2.1724e-08	-2.3039e-08	-2.352e-08	-2.3308e-08	-2.2678e-08	-2.179e-08	-2.0869e-08	-2.0301e-08	-2.0181e-08	-2.0266e-08	-2.0226e-08	-1.986e-08	-1.9342e-08
-2.6331e-08	-2.5771e-08	-2.5462e-08	-2.5512e-08	-2.5818e-08	-2.6141e-08	-2.6171e-08	-2.5757e-08	-2.5113e-08	-2.4673e-08	-2.4467e-08	-2.4209e-08	-2.3773e-08	-2.3543e-08	-2.3711e-08	-2.3974e-08	-2.3941e-08	-2.362e-08	-2.361e-08	-2.4119e-08	-2.4777e-08	-2.5127e-08	-2.5002e-08	-2.4561e-08	-2.4158e-08	-2.3996e-08	-2.4079e-08	-2.4511e-08	-2.5462e-08	-2.696e-08	-2.8655e-08	-3.0025e-08	-3.0652e-08	-3.0451e-08	-2.9524e-08	-2.8138e-08	-2.6385e-08	-2.4145e-08	-2.1292e-08	-1.8005e-08	-1.4881e-08	-1.2074e-08	-9.3165e-09	-6.4094e-09	-3.2415e-09	1.1623e-10	3.5795e-09	7.0483e-09	1.0382e-08	1.3465e-08	1.6367e-08	1.9332e-08	2.2498e-08	2.5668e-08	2.8677e-08	3.1575e-08	3.4483e-08	3.746e-08	4.0423e-08	4.3328e-08	4.6324e-08	4.9471e-08	5.266e-08	5.5782e-08	5.8526e-08	6.0535e-08	6.1459e-08	6.112e-08	5.9691e-08	5.7502e-08	5.4832e-08	5.1836e-08	4.8613e-08	4.5293e-08	4.1961e-08	3.8625e-08	3.5195e-08	3.1578e-08	2.7747e-08	2.3762e-08	1.9599e-08	1.5211e-08	1.0693e-08	6.3025e-09	2.1062e-09	-2.1707e-09	-6.8232e-09	-1.1813e-08	-1.677e-08	-2.1401e-08	-2.5578e-08	-2.8939e-08	-3.0927e-08	-3.132e-08	-3.06e-08	-2.9279e-08	-2.7823e-08	-2.6606e-08	-2.5793e-08	-2.5369e-08	-2.5104e-08	-2.4712e-08	-2.4064e-08	-2.315e-08	-2.2231e-08	-2.169e-08	-2.1583e-08	-2.1666e-08	-2.1684e-08	-2.161e-08	-2.1577e-08	-2.1689e-08	-2.1954e-08	-2.2167e-08	-2.2107e-08	-2.181e-08	-2.144e-08	-2.1102e-08	-2.0809e-08	-2.0551e-08	-2.0519e-08	-2.0697e-08	-2.0698e-08	-2.0256e-08	-1.9682e-08	-1.9584e-08	-2.0195e-08	-2.1316e-08	-2.2566e-08	-2.362e-08	-2.431e-08	-2.4646e-08	-2.4633e-08	-2.4229e-08	-2.3727e-08	-2.342e-08	-2.3116e-08	-2.2476e-08	-2.1378e-08	-2.0369e-08	-2.0122e-08	-2.0528e-08	-2.1055e-08	-2.1221e-08	-2.0954e-08	-2.0608e-08	-2.0434e-08	-2.0338e-08	-2.0157e-08	-1.9879e-08	-1.9551e-08	-1.9219e-08	-1.8902e-08	-1.8626e-08	-1.8333e-08	-1.8063e-08	-1.8067e-08	-1.8307e-08	-1.846e-08	-1.8294e-08	-1.7769e-08	-1.6985e-08	-1.6277e-08	-1.6035e-08	-1.6475e-08	-1.765e-08	-1.9331e-08	-2.1046e-08	-2.2349e-08	-2.2878e-08	-2.271e-08	-2.2105e-08	-2.1258e-08	-2.041e-08	-1.9932e-08	-1.9917e-08	-2.0117e-08	-2.0188e-08	-1.9904e-08	-1.9418e-08
-2.6502e-08	-2.5967e-08	-2.561e-08	-2.5572e-08	-2.5804e-08	-2.6099e-08	-2.6133e-08	-2.5723e-08	-2.509e-08	-2.4684e-08	-2.4534e-08	-2.4323e-08	-2.3888e-08	-2.3599e-08	-2.3714e-08	-2.3978e-08	-2.3983e-08	-2.3701e-08	-2.3695e-08	-2.4188e-08	-2.4824e-08	-2.5153e-08	-2.5004e-08	-2.4543e-08	-2.4126e-08	-2.3964e-08	-2.408e-08	-2.4562e-08	-2.5552e-08	-2.7067e-08	-2.8765e-08	-3.0119e-08	-3.0706e-08	-3.0454e-08	-2.9461e-08	-2.7955e-08	-2.6054e-08	-2.3703e-08	-2.0812e-08	-1.7542e-08	-1.4431e-08	-1.163e-08	-8.8739e-09	-5.9772e-09	-2.8372e-09	5.0211e-10	3.9648e-09	7.4424e-09	1.0798e-08	1.3921e-08	1.6872e-08	1.9864e-08	2.3017e-08	2.6185e-08	2.9236e-08	3.2186e-08	3.5124e-08	3.8105e-08	4.1064e-08	4.3969e-08	4.6959e-08	5.0093e-08	5.3251e-08	5.6302e-08	5.8943e-08	6.0837e-08	6.1655e-08	6.1235e-08	5.975e-08	5.7536e-08	5.4875e-08	5.1918e-08	4.8736e-08	4.5435e-08	4.2106e-08	3.8764e-08	3.5314e-08	3.1661e-08	2.7795e-08	2.379e-08	1.9617e-08	1.5204e-08	1.0629e-08	6.1626e-09	1.9121e-09	-2.366e-09	-6.9805e-09	-1.1909e-08	-1.6774e-08	-2.1262e-08	-2.5249e-08	-2.8412e-08	-3.0243e-08	-3.0566e-08	-2.9868e-08	-2.8655e-08	-2.7346e-08	-2.6255e-08	-2.5517e-08	-2.5128e-08	-2.4904e-08	-2.4581e-08	-2.4014e-08	-2.317e-08	-2.229e-08	-2.1747e-08	-2.1616e-08	-2.1684e-08	-2.1728e-08	-2.1712e-08	-2.173e-08	-2.1847e-08	-2.2058e-08	-2.2195e-08	-2.2079e-08	-2.176e-08	-2.1387e-08	-2.1052e-08	-2.0772e-08	-2.0525e-08	-2.0462e-08	-2.0577e-08	-2.0522e-08	-2.0059e-08	-1.9507e-08	-1.944e-08	-2.0055e-08	-2.113e-08	-2.2281e-08	-2.3196e-08	-2.376e-08	-2.4032e-08	-2.4048e-08	-2.3752e-08	-2.3364e-08	-2.3132e-08	-2.2894e-08	-2.2333e-08	-2.133e-08	-2.0386e-08	-2.0144e-08	-2.0538e-08	-2.1061e-08	-2.1234e-08	-2.0963e-08	-2.0608e-08	-2.0453e-08	-2.0399e-08	-2.0252e-08	-1.9984e-08	-1.9642e-08	-1.9276e-08	-1.8921e-08	-1.8614e-08	-1.8306e-08	-1.8029e-08	-1.8016e-08	-1.8255e-08	-1.8446e-08	-1.8347e-08	-1.7904e-08	-1.7193e-08	-1.6486e-08	-1.6127e-08	-1.6355e-08	-1.7282e-08	-1.8754e-08	-2.0353e-08	-2.163e-08	-2.2201e-08	-2.2077e-08	-2.1504e-08	-2.0699e-08	-1.9923e-08	-1.9533e-08	-1.9621e-08	-1.9935e-08	-2.0118e-08	-1.9924e-08	-1.948e-08
-2.6602e-08	-2.6108e-08	-2.5719e-08	-2.5596e-08	-2.5746e-08	-2.6003e-08	-2.6034e-08	-2.5629e-08	-2.5007e-08	-2.4637e-08	-2.4548e-08	-2.4396e-08	-2.3973e-08	-2.3625e-08	-2.3679e-08	-2.3936e-08	-2.3979e-08	-2.374e-08	-2.3741e-08	-2.4214e-08	-2.4825e-08	-2.513e-08	-2.4954e-08	-2.4473e-08	-2.4043e-08	-2.3885e-08	-2.4036e-08	-2.4576e-08	-2.5615e-08	-2.7148e-08	-2.8843e-08	-3.017e-08	-3.0709e-08	-3.0399e-08	-2.934e-08	-2.7715e-08	-2.5659e-08	-2.3183e-08	-2.0242e-08	-1.699e-08	-1.3896e-08	-1.11e-08	-8.3458e-09	-5.4605e-09	-2.3535e-09	9.5903e-10	4.4135e-09	7.8943e-09	1.1267e-08	1.4428e-08	1.7425e-08	2.0447e-08	2.3592e-08	2.676e-08	2.9854e-08	3.286e-08	3.5834e-08	3.8821e-08	4.178e-08	4.4687e-08	4.7671e-08	5.0789e-08	5.391e-08	5.6879e-08	5.9406e-08	6.1173e-08	6.1878e-08	6.1374e-08	5.9833e-08	5.7593e-08	5.4941e-08	5.2024e-08	4.8887e-08	4.561e-08	4.2284e-08	3.8939e-08	3.5469e-08	3.178e-08	2.7878e-08	2.3852e-08	1.967e-08	1.5235e-08	1.0606e-08	6.0624e-09	1.7524e-09	-2.5332e-09	-7.1134e-09	-1.1983e-08	-1.6758e-08	-2.1104e-08	-2.4901e-08	-2.7858e-08	-2.9521e-08	-2.9763e-08	-2.9077e-08	-2.7968e-08	-2.6809e-08	-2.5852e-08	-2.5196e-08	-2.4848e-08	-2.4665e-08	-2.4412e-08	-2.393e-08	-2.3164e-08	-2.233e-08	-2.179e-08	-2.1639e-08	-2.1691e-08	-2.1756e-08	-2.1798e-08	-2.187e-08	-2.1993e-08	-2.215e-08	-2.2208e-08	-2.2035e-08	-2.1694e-08	-2.1317e-08	-2.0986e-08	-2.072e-08	-2.0485e-08	-2.0394e-08	-2.0449e-08	-2.0339e-08	-1.9853e-08	-1.9321e-08	-1.9287e-08	-1.9904e-08	-2.093e-08	-2.1978e-08	-2.2752e-08	-2.3183e-08	-2.3384e-08	-2.342e-08	-2.3229e-08	-2.2958e-08	-2.2805e-08	-2.2635e-08	-2.2156e-08	-2.1254e-08	-2.0383e-08	-2.0153e-08	-2.0531e-08	-2.1046e-08	-2.1223e-08	-2.0951e-08	-2.0587e-08	-2.0448e-08	-2.0436e-08	-2.0329e-08	-2.0082e-08	-1.9737e-08	-1.9344e-08	-1.8953e-08	-1.8614e-08	-1.8294e-08	-1.8015e-08	-1.799e-08	-1.8226e-08	-1.8449e-08	-1.8413e-08	-1.8047e-08	-1.7409e-08	-1.6707e-08	-1.624e-08	-1.6264e-08	-1.6942e-08	-1.8197e-08	-1.9665e-08	-2.0902e-08	-2.1508e-08	-2.143e-08	-2.0891e-08	-2.0129e-08	-1.9422e-08	-1.9116e-08	-1.9301e-08	-1.9724e-08	-2.0019e-08	-1.9919e-08	-1.9527e-08
-2.6637e-08	-2.6199e-08	-2.5793e-08	-2.5592e-08	-2.5654e-08	-2.5862e-08	-2.5883e-08	-2.5483e-08	-2.4875e-08	-2.454e-08	-2.4516e-08	-2.4431e-08	-2.4031e-08	-2.3628e-08	-2.3614e-08	-2.3856e-08	-2.3937e-08	-2.3745e-08	-2.3752e-08	-2.4203e-08	-2.4786e-08	-2.5065e-08	-2.4862e-08	-2.436e-08	-2.3918e-08	-2.3766e-08	-2.3957e-08	-2.4561e-08	-2.5655e-08	-2.7211e-08	-2.8901e-08	-3.0196e-08	-3.0679e-08	-3.0309e-08	-2.9183e-08	-2.7444e-08	-2.5229e-08	-2.2617e-08	-1.9617e-08	-1.6379e-08	-1.3303e-08	-1.0514e-08	-7.7605e-09	-4.8863e-09	-1.815e-09	1.4643e-09	4.904e-09	8.3827e-09	1.1769e-08	1.4962e-08	1.8006e-08	2.1058e-08	2.42e-08	2.737e-08	3.0505e-08	3.3571e-08	3.6583e-08	3.9581e-08	4.2541e-08	4.5453e-08	4.8432e-08	5.153e-08	5.461e-08	5.7491e-08	5.9896e-08	6.153e-08	6.2119e-08	6.153e-08	5.9934e-08	5.7672e-08	5.5031e-08	5.2155e-08	4.9066e-08	4.5815e-08	4.2496e-08	3.9146e-08	3.5659e-08	3.1935e-08	2.7996e-08	2.3947e-08	1.9758e-08	1.5305e-08	1.0626e-08	6.0068e-09	1.6343e-09	-2.6643e-09	-7.214e-09	-1.2027e-08	-1.6716e-08	-2.0927e-08	-2.4537e-08	-2.7289e-08	-2.8776e-08	-2.8928e-08	-2.8247e-08	-2.7236e-08	-2.6229e-08	-2.5409e-08	-2.4841e-08	-2.4537e-08	-2.4395e-08	-2.4212e-08	-2.3817e-08	-2.3134e-08	-2.2352e-08	-2.1822e-08	-2.1654e-08	-2.169e-08	-2.1773e-08	-2.1869e-08	-2.1995e-08	-2.2127e-08	-2.2231e-08	-2.2209e-08	-2.1978e-08	-2.1614e-08	-2.1236e-08	-2.0909e-08	-2.0655e-08	-2.0434e-08	-2.032e-08	-2.0319e-08	-2.0155e-08	-1.9647e-08	-1.9135e-08	-1.9131e-08	-1.975e-08	-2.0725e-08	-2.1667e-08	-2.23e-08	-2.2596e-08	-2.272e-08	-2.2769e-08	-2.2677e-08	-2.2523e-08	-2.2452e-08	-2.2349e-08	-2.1952e-08	-2.1154e-08	-2.0364e-08	-2.015e-08	-2.0513e-08	-2.1014e-08	-2.1193e-08	-2.0921e-08	-2.0548e-08	-2.0421e-08	-2.0451e-08	-2.0391e-08	-2.0176e-08	-1.9839e-08	-1.9427e-08	-1.9004e-08	-1.8636e-08	-1.8305e-08	-1.803e-08	-1.7997e-08	-1.823e-08	-1.8479e-08	-1.8498e-08	-1.8204e-08	-1.7633e-08	-1.6941e-08	-1.6378e-08	-1.6209e-08	-1.6642e-08	-1.7676e-08	-1.9002e-08	-2.0188e-08	-2.0818e-08	-2.0785e-08	-2.0282e-08	-1.9564e-08	-1.8922e-08	-1.8693e-08	-1.8965e-08	-1.949e-08	-1.9891e-08	-1.9888e-08	-1.9555e-08
-2.6612e-08	-2.6242e-08	-2.5835e-08	-2.5563e-08	-2.5536e-08	-2.5686e-08	-2.5691e-08	-2.5297e-08	-2.4703e-08	-2.4403e-08	-2.4445e-08	-2.4433e-08	-2.4066e-08	-2.3614e-08	-2.3527e-08	-2.3747e-08	-2.3863e-08	-2.3719e-08	-2.3735e-08	-2.4161e-08	-2.4714e-08	-2.4965e-08	-2.4735e-08	-2.4213e-08	-2.376e-08	-2.3615e-08	-2.385e-08	-2.4524e-08	-2.5682e-08	-2.7265e-08	-2.895e-08	-3.021e-08	-3.0636e-08	-3.0204e-08	-2.9015e-08	-2.7166e-08	-2.4792e-08	-2.2037e-08	-1.897e-08	-1.574e-08	-1.2684e-08	-9.9004e-09	-7.1464e-09	-4.2816e-09	-1.2464e-09	1.995e-09	5.4141e-09	8.8863e-09	1.2281e-08	1.5504e-08	1.8591e-08	2.1676e-08	2.4817e-08	2.7989e-08	3.1165e-08	3.429e-08	3.7344e-08	4.0355e-08	4.3319e-08	4.6237e-08	4.9212e-08	5.229e-08	5.5326e-08	5.8116e-08	6.0397e-08	6.1895e-08	6.2366e-08	6.1695e-08	6.0051e-08	5.7771e-08	5.5144e-08	5.231e-08	4.9272e-08	4.6051e-08	4.2739e-08	3.9385e-08	3.5882e-08	3.2124e-08	2.8149e-08	2.4077e-08	1.9881e-08	1.5415e-08	1.0693e-08	6.0007e-09	1.5645e-09	-2.7515e-09	-7.2742e-09	-1.2035e-08	-1.6646e-08	-2.0729e-08	-2.416e-08	-2.6711e-08	-2.8024e-08	-2.8081e-08	-2.7397e-08	-2.6479e-08	-2.5619e-08	-2.4939e-08	-2.4463e-08	-2.4205e-08	-2.4104e-08	-2.3987e-08	-2.3679e-08	-2.3083e-08	-2.2359e-08	-2.1844e-08	-2.1663e-08	-2.1684e-08	-2.1779e-08	-2.1925e-08	-2.2104e-08	-2.2247e-08	-2.23e-08	-2.2199e-08	-2.191e-08	-2.1525e-08	-2.1148e-08	-2.0827e-08	-2.0585e-08	-2.0378e-08	-2.0245e-08	-2.0192e-08	-1.998e-08	-1.9453e-08	-1.8957e-08	-1.898e-08	-1.9598e-08	-2.052e-08	-2.1358e-08	-2.1853e-08	-2.2017e-08	-2.2062e-08	-2.2116e-08	-2.2114e-08	-2.2073e-08	-2.2082e-08	-2.2045e-08	-2.1728e-08	-2.1036e-08	-2.0332e-08	-2.0141e-08	-2.0488e-08	-2.0971e-08	-2.1148e-08	-2.0877e-08	-2.0496e-08	-2.0378e-08	-2.0449e-08	-2.044e-08	-2.0268e-08	-1.9953e-08	-1.9532e-08	-1.9082e-08	-1.8687e-08	-1.8349e-08	-1.8083e-08	-1.8048e-08	-1.8276e-08	-1.8545e-08	-1.861e-08	-1.8377e-08	-1.7868e-08	-1.7188e-08	-1.6542e-08	-1.6194e-08	-1.6395e-08	-1.7207e-08	-1.8384e-08	-1.9506e-08	-2.0151e-08	-2.0161e-08	-1.9695e-08	-1.9019e-08	-1.8437e-08	-1.8276e-08	-1.8623e-08	-1.9236e-08	-1.9736e-08	-1.983e-08	-1.9564e-08
-2.6533e-08	-2.6242e-08	-2.5847e-08	-2.5515e-08	-2.5397e-08	-2.5483e-08	-2.5468e-08	-2.5079e-08	-2.4502e-08	-2.4235e-08	-2.4341e-08	-2.4408e-08	-2.4083e-08	-2.3589e-08	-2.3427e-08	-2.3617e-08	-2.3764e-08	-2.3669e-08	-2.3695e-08	-2.4095e-08	-2.4616e-08	-2.4839e-08	-2.4582e-08	-2.4039e-08	-2.3577e-08	-2.3442e-08	-2.3722e-08	-2.4471e-08	-2.57e-08	-2.7317e-08	-2.9e-08	-3.0227e-08	-3.0598e-08	-3.0104e-08	-2.8855e-08	-2.6905e-08	-2.4378e-08	-2.1476e-08	-1.8333e-08	-1.5105e-08	-1.2068e-08	-9.2884e-09	-6.532e-09	-3.6735e-09	-6.7279e-10	2.5279e-09	5.9219e-09	9.3836e-09	1.2782e-08	1.6032e-08	1.916e-08	2.2277e-08	2.5422e-08	2.8595e-08	3.1807e-08	3.499e-08	3.8089e-08	4.1115e-08	4.4084e-08	4.7011e-08	4.9983e-08	5.304e-08	5.6031e-08	5.8732e-08	6.0888e-08	6.2253e-08	6.261e-08	6.1864e-08	6.018e-08	5.7889e-08	5.528e-08	5.249e-08	4.9505e-08	4.6316e-08	4.3012e-08	3.9654e-08	3.6136e-08	3.2347e-08	2.8336e-08	2.4241e-08	2.004e-08	1.5567e-08	1.0808e-08	6.0485e-09	1.5495e-09	-2.7869e-09	-7.2863e-09	-1.2e-08	-1.654e-08	-2.0507e-08	-2.3772e-08	-2.6134e-08	-2.7277e-08	-2.7238e-08	-2.6547e-08	-2.5714e-08	-2.4997e-08	-2.4457e-08	-2.4074e-08	-2.3863e-08	-2.38e-08	-2.3746e-08	-2.3523e-08	-2.3013e-08	-2.2351e-08	-2.1858e-08	-2.1669e-08	-2.1674e-08	-2.1778e-08	-2.1967e-08	-2.2197e-08	-2.2352e-08	-2.2357e-08	-2.2179e-08	-2.1834e-08	-2.1431e-08	-2.1059e-08	-2.0746e-08	-2.0514e-08	-2.032e-08	-2.0174e-08	-2.0077e-08	-1.9823e-08	-1.928e-08	-1.8798e-08	-1.8844e-08	-1.9457e-08	-2.0323e-08	-2.1058e-08	-2.1422e-08	-2.1462e-08	-2.1429e-08	-2.1482e-08	-2.1559e-08	-2.1622e-08	-2.1709e-08	-2.1733e-08	-2.1493e-08	-2.0905e-08	-2.029e-08	-2.0127e-08	-2.0459e-08	-2.092e-08	-2.1091e-08	-2.0821e-08	-2.0433e-08	-2.0322e-08	-2.0431e-08	-2.0479e-08	-2.0361e-08	-2.0081e-08	-1.9665e-08	-1.9195e-08	-1.8777e-08	-1.8435e-08	-1.8182e-08	-1.8151e-08	-1.8376e-08	-1.8656e-08	-1.8756e-08	-1.8572e-08	-1.8114e-08	-1.7449e-08	-1.6733e-08	-1.6226e-08	-1.6209e-08	-1.6806e-08	-1.7829e-08	-1.8878e-08	-1.9527e-08	-1.9576e-08	-1.9147e-08	-1.8511e-08	-1.7982e-08	-1.7877e-08	-1.8285e-08	-1.897e-08	-1.9557e-08	-1.9744e-08	-1.9551e-08
-2.6406e-08	-2.6202e-08	-2.5835e-08	-2.5454e-08	-2.5247e-08	-2.5264e-08	-2.5224e-08	-2.4841e-08	-2.4281e-08	-2.4043e-08	-2.4212e-08	-2.4359e-08	-2.4085e-08	-2.3559e-08	-2.332e-08	-2.3475e-08	-2.3647e-08	-2.3601e-08	-2.3637e-08	-2.4011e-08	-2.4499e-08	-2.4694e-08	-2.441e-08	-2.3848e-08	-2.3378e-08	-2.3255e-08	-2.3582e-08	-2.441e-08	-2.5717e-08	-2.7376e-08	-2.9061e-08	-3.0261e-08	-3.0582e-08	-3.0031e-08	-2.8728e-08	-2.6687e-08	-2.4013e-08	-2.0964e-08	-1.7739e-08	-1.4506e-08	-1.1485e-08	-8.7074e-09	-5.9459e-09	-3.0894e-09	-1.196e-10	3.0396e-09	6.4052e-09	9.8529e-09	1.3252e-08	1.6524e-08	1.969e-08	2.2839e-08	2.599e-08	2.9164e-08	3.2406e-08	3.5645e-08	3.8789e-08	4.1833e-08	4.4808e-08	4.7744e-08	5.0715e-08	5.3752e-08	5.6698e-08	5.9313e-08	6.1351e-08	6.2588e-08	6.2839e-08	6.2026e-08	6.0314e-08	5.8025e-08	5.5438e-08	5.2695e-08	4.9763e-08	4.6609e-08	4.3313e-08	3.9951e-08	3.6421e-08	3.2603e-08	2.8557e-08	2.4439e-08	2.0235e-08	1.576e-08	1.0973e-08	6.1545e-09	1.5956e-09	-2.763e-09	-7.2423e-09	-1.1914e-08	-1.6393e-08	-2.026e-08	-2.3375e-08	-2.5564e-08	-2.6549e-08	-2.6417e-08	-2.5717e-08	-2.4963e-08	-2.438e-08	-2.3975e-08	-2.3685e-08	-2.3522e-08	-2.3493e-08	-2.3496e-08	-2.3353e-08	-2.2929e-08	-2.2331e-08	-2.1865e-08	-2.1673e-08	-2.1665e-08	-2.1771e-08	-2.1996e-08	-2.2272e-08	-2.244e-08	-2.24e-08	-2.215e-08	-2.1752e-08	-2.1335e-08	-2.0973e-08	-2.0671e-08	-2.0448e-08	-2.0267e-08	-2.011e-08	-1.9977e-08	-1.9691e-08	-1.9137e-08	-1.8666e-08	-1.8729e-08	-1.9333e-08	-2.0141e-08	-2.0777e-08	-2.102e-08	-2.0946e-08	-2.084e-08	-2.0887e-08	-2.103e-08	-2.1188e-08	-2.1344e-08	-2.1421e-08	-2.1252e-08	-2.0766e-08	-2.0242e-08	-2.0112e-08	-2.043e-08	-2.0865e-08	-2.1027e-08	-2.0759e-08	-2.0365e-08	-2.0257e-08	-2.0402e-08	-2.051e-08	-2.0455e-08	-2.0226e-08	-1.9829e-08	-1.935e-08	-1.8914e-08	-1.8572e-08	-1.8336e-08	-1.8316e-08	-1.8538e-08	-1.8822e-08	-1.8943e-08	-1.8794e-08	-1.8376e-08	-1.7724e-08	-1.6953e-08	-1.6309e-08	-1.6095e-08	-1.6488e-08	-1.7356e-08	-1.8324e-08	-1.8966e-08	-1.9048e-08	-1.8655e-08	-1.8056e-08	-1.7572e-08	-1.7509e-08	-1.7959e-08	-1.8697e-08	-1.9355e-08	-1.963e-08	-1.9515e-08
-2.6239e-08	-2.6128e-08	-2.5801e-08	-2.5383e-08	-2.5092e-08	-2.5036e-08	-2.4969e-08	-2.4591e-08	-2.4049e-08	-2.3839e-08	-2.4066e-08	-2.4292e-08	-2.4076e-08	-2.3528e-08	-2.3215e-08	-2.3329e-08	-2.352e-08	-2.3521e-08	-2.3568e-08	-2.3915e-08	-2.4368e-08	-2.4536e-08	-2.4228e-08	-2.3647e-08	-2.3171e-08	-2.3061e-08	-2.3437e-08	-2.4347e-08	-2.5739e-08	-2.745e-08	-2.9145e-08	-3.0325e-08	-3.0605e-08	-3.0005e-08	-2.8654e-08	-2.6534e-08	-2.3726e-08	-2.0532e-08	-1.7221e-08	-1.3975e-08	-1.0965e-08	-8.1868e-09	-5.4166e-09	-2.5569e-09	3.8744e-10	3.5064e-09	6.8417e-09	1.0273e-08	1.3668e-08	1.6958e-08	2.0159e-08	2.334e-08	2.65e-08	2.9673e-08	3.2939e-08	3.6229e-08	3.9417e-08	4.2479e-08	4.5461e-08	4.8407e-08	5.138e-08	5.4398e-08	5.7302e-08	5.9837e-08	6.1764e-08	6.2885e-08	6.304e-08	6.2174e-08	6.045e-08	5.8174e-08	5.562e-08	5.2923e-08	5.0047e-08	4.6929e-08	4.3641e-08	4.0275e-08	3.6733e-08	3.2889e-08	2.8812e-08	2.4671e-08	2.0466e-08	1.5995e-08	1.1191e-08	6.3224e-09	1.709e-09	-2.6722e-09	-7.1342e-09	-1.177e-08	-1.62e-08	-1.9983e-08	-2.2969e-08	-2.5006e-08	-2.5852e-08	-2.5635e-08	-2.4927e-08	-2.4243e-08	-2.3786e-08	-2.3508e-08	-2.3307e-08	-2.319e-08	-2.3193e-08	-2.3246e-08	-2.3176e-08	-2.2833e-08	-2.23e-08	-2.1867e-08	-2.1679e-08	-2.1658e-08	-2.1762e-08	-2.2014e-08	-2.233e-08	-2.2511e-08	-2.243e-08	-2.2112e-08	-2.1666e-08	-2.1241e-08	-2.0896e-08	-2.0608e-08	-2.0393e-08	-2.0221e-08	-2.0058e-08	-1.99e-08	-1.9591e-08	-1.9034e-08	-1.8573e-08	-1.8647e-08	-1.9233e-08	-1.9979e-08	-2.0521e-08	-2.0656e-08	-2.0485e-08	-2.0314e-08	-2.0351e-08	-2.0548e-08	-2.0784e-08	-2.1001e-08	-2.1121e-08	-2.1015e-08	-2.0625e-08	-2.0192e-08	-2.01e-08	-2.0405e-08	-2.0811e-08	-2.0959e-08	-2.0693e-08	-2.0295e-08	-2.0188e-08	-2.0365e-08	-2.0534e-08	-2.0554e-08	-2.0392e-08	-2.0031e-08	-1.9554e-08	-1.9107e-08	-1.8768e-08	-1.8555e-08	-1.8552e-08	-1.8773e-08	-1.9054e-08	-1.9181e-08	-1.9048e-08	-1.8654e-08	-1.8013e-08	-1.7201e-08	-1.6446e-08	-1.6062e-08	-1.6268e-08	-1.6985e-08	-1.7864e-08	-1.8488e-08	-1.8597e-08	-1.8236e-08	-1.7671e-08	-1.7222e-08	-1.7188e-08	-1.7658e-08	-1.8425e-08	-1.9135e-08	-1.9488e-08	-1.9453e-08
-2.6039e-08	-2.6023e-08	-2.5749e-08	-2.5308e-08	-2.4939e-08	-2.4809e-08	-2.4711e-08	-2.4341e-08	-2.3817e-08	-2.3632e-08	-2.391e-08	-2.4212e-08	-2.406e-08	-2.3503e-08	-2.3119e-08	-2.3187e-08	-2.3392e-08	-2.3434e-08	-2.3493e-08	-2.3813e-08	-2.4231e-08	-2.4372e-08	-2.4044e-08	-2.3446e-08	-2.2965e-08	-2.2871e-08	-2.3296e-08	-2.429e-08	-2.5774e-08	-2.7545e-08	-2.9261e-08	-3.0433e-08	-3.0684e-08	-3.0044e-08	-2.8655e-08	-2.6471e-08	-2.3543e-08	-2.0211e-08	-1.681e-08	-1.3544e-08	-1.054e-08	-7.7562e-09	-4.9728e-09	-2.1038e-09	8.223e-10	3.9044e-09	7.2089e-09	1.0621e-08	1.4009e-08	1.7314e-08	2.0546e-08	2.3756e-08	2.6927e-08	3.0097e-08	3.3381e-08	3.6715e-08	3.9944e-08	4.3026e-08	4.6015e-08	4.8972e-08	5.1948e-08	5.4949e-08	5.7815e-08	6.0279e-08	6.2108e-08	6.3125e-08	6.3201e-08	6.2299e-08	6.058e-08	5.8335e-08	5.5822e-08	5.3177e-08	5.0356e-08	4.7275e-08	4.3996e-08	4.0623e-08	3.7071e-08	3.3205e-08	2.9099e-08	2.4938e-08	2.0734e-08	1.6274e-08	1.1462e-08	6.5558e-09	1.8954e-09	-2.5069e-09	-6.954e-09	-1.156e-08	-1.5953e-08	-1.9673e-08	-2.2555e-08	-2.4468e-08	-2.5196e-08	-2.4907e-08	-2.4196e-08	-2.3576e-08	-2.3231e-08	-2.3071e-08	-2.2954e-08	-2.288e-08	-2.2909e-08	-2.3003e-08	-2.2998e-08	-2.2729e-08	-2.226e-08	-2.1865e-08	-2.1687e-08	-2.1657e-08	-2.1754e-08	-2.2022e-08	-2.237e-08	-2.2562e-08	-2.2445e-08	-2.2065e-08	-2.1578e-08	-2.1153e-08	-2.0832e-08	-2.0563e-08	-2.0355e-08	-2.0189e-08	-2.0023e-08	-1.9849e-08	-1.9531e-08	-1.8979e-08	-1.8528e-08	-1.8605e-08	-1.9166e-08	-1.9846e-08	-2.0297e-08	-2.0341e-08	-2.0092e-08	-1.987e-08	-1.9897e-08	-2.0131e-08	-2.0429e-08	-2.0691e-08	-2.0843e-08	-2.079e-08	-2.0488e-08	-2.0145e-08	-2.0093e-08	-2.0387e-08	-2.0762e-08	-2.0891e-08	-2.0626e-08	-2.0226e-08	-2.0118e-08	-2.0323e-08	-2.0554e-08	-2.0659e-08	-2.0581e-08	-2.0274e-08	-1.9813e-08	-1.9363e-08	-1.9031e-08	-1.8847e-08	-1.8869e-08	-1.9092e-08	-1.936e-08	-1.9477e-08	-1.9341e-08	-1.8953e-08	-1.8316e-08	-1.7478e-08	-1.664e-08	-1.6117e-08	-1.6158e-08	-1.6731e-08	-1.7517e-08	-1.8112e-08	-1.8238e-08	-1.7906e-08	-1.7369e-08	-1.6947e-08	-1.6923e-08	-1.739e-08	-1.816e-08	-1.8901e-08	-1.932e-08	-1.9365e-08
-2.5811e-08	-2.5894e-08	-2.5683e-08	-2.5233e-08	-2.4793e-08	-2.4591e-08	-2.4462e-08	-2.4098e-08	-2.3595e-08	-2.3431e-08	-2.3753e-08	-2.4126e-08	-2.4042e-08	-2.3487e-08	-2.304e-08	-2.3059e-08	-2.3269e-08	-2.3349e-08	-2.3418e-08	-2.3712e-08	-2.4094e-08	-2.421e-08	-2.3864e-08	-2.3252e-08	-2.2769e-08	-2.2692e-08	-2.3167e-08	-2.4246e-08	-2.5827e-08	-2.7669e-08	-2.9417e-08	-3.0595e-08	-3.0833e-08	-3.0168e-08	-2.8754e-08	-2.6521e-08	-2.349e-08	-2.0031e-08	-1.654e-08	-1.3245e-08	-1.024e-08	-7.4452e-09	-4.6435e-09	-1.7579e-09	1.1586e-09	4.2094e-09	7.4843e-09	1.0877e-08	1.4254e-08	1.757e-08	2.0829e-08	2.4067e-08	2.725e-08	3.0416e-08	3.3708e-08	3.7077e-08	4.0344e-08	4.3445e-08	4.6441e-08	4.9408e-08	5.239e-08	5.5378e-08	5.821e-08	6.0613e-08	6.2359e-08	6.3293e-08	6.3308e-08	6.239e-08	6.07e-08	5.8506e-08	5.6047e-08	5.3456e-08	5.0691e-08	4.7646e-08	4.4375e-08	4.0995e-08	3.7434e-08	3.355e-08	2.9418e-08	2.5239e-08	2.1038e-08	1.6595e-08	1.1788e-08	6.8578e-09	2.1603e-09	-2.26e-09	-6.6938e-09	-1.1277e-08	-1.5647e-08	-1.9325e-08	-2.2131e-08	-2.3951e-08	-2.4593e-08	-2.425e-08	-2.3542e-08	-2.2982e-08	-2.2734e-08	-2.2678e-08	-2.2636e-08	-2.2601e-08	-2.2651e-08	-2.2777e-08	-2.2825e-08	-2.2623e-08	-2.2214e-08	-2.1861e-08	-2.1699e-08	-2.1665e-08	-2.1749e-08	-2.2023e-08	-2.2394e-08	-2.2592e-08	-2.2444e-08	-2.2009e-08	-2.149e-08	-2.1072e-08	-2.0785e-08	-2.0542e-08	-2.0339e-08	-2.0175e-08	-2.0008e-08	-1.983e-08	-1.9518e-08	-1.8983e-08	-1.8542e-08	-1.8614e-08	-1.9138e-08	-1.9746e-08	-2.0112e-08	-2.0083e-08	-1.978e-08	-1.9526e-08	-1.9544e-08	-1.98e-08	-2.0138e-08	-2.0428e-08	-2.0597e-08	-2.0584e-08	-2.0361e-08	-2.0104e-08	-2.0096e-08	-2.038e-08	-2.0721e-08	-2.0827e-08	-2.0562e-08	-2.0162e-08	-2.0051e-08	-2.0279e-08	-2.0572e-08	-2.077e-08	-2.0792e-08	-2.056e-08	-2.0129e-08	-1.9685e-08	-1.9365e-08	-1.9213e-08	-1.9266e-08	-1.9493e-08	-1.9742e-08	-1.9832e-08	-1.9673e-08	-1.9272e-08	-1.8631e-08	-1.7778e-08	-1.6887e-08	-1.6257e-08	-1.6156e-08	-1.6594e-08	-1.7284e-08	-1.7838e-08	-1.7973e-08	-1.7665e-08	-1.7152e-08	-1.6748e-08	-1.672e-08	-1.7162e-08	-1.791e-08	-1.8659e-08	-1.913e-08	-1.9255e-08
-2.5564e-08	-2.5744e-08	-2.5606e-08	-2.5161e-08	-2.4662e-08	-2.439e-08	-2.423e-08	-2.3874e-08	-2.3393e-08	-2.3246e-08	-2.3603e-08	-2.404e-08	-2.4025e-08	-2.3484e-08	-2.2983e-08	-2.2952e-08	-2.316e-08	-2.327e-08	-2.3348e-08	-2.3616e-08	-2.3964e-08	-2.4057e-08	-2.3696e-08	-2.3074e-08	-2.2591e-08	-2.2533e-08	-2.3058e-08	-2.4224e-08	-2.5907e-08	-2.7829e-08	-2.9623e-08	-3.0824e-08	-3.1069e-08	-3.0395e-08	-2.897e-08	-2.6705e-08	-2.3592e-08	-2.002e-08	-1.6443e-08	-1.3112e-08	-1.0097e-08	-7.2837e-09	-4.4573e-09	-1.5475e-09	1.3697e-09	4.3969e-09	7.6453e-09	1.1017e-08	1.4382e-08	1.7704e-08	2.0986e-08	2.425e-08	2.7446e-08	3.0604e-08	3.3895e-08	3.7289e-08	4.0588e-08	4.3708e-08	4.6709e-08	4.9687e-08	5.2677e-08	5.5655e-08	5.8459e-08	6.0813e-08	6.2496e-08	6.337e-08	6.3347e-08	6.2437e-08	6.08e-08	5.8681e-08	5.6291e-08	5.376e-08	5.1051e-08	4.8042e-08	4.4778e-08	4.1388e-08	3.7819e-08	3.392e-08	2.9768e-08	2.5573e-08	2.1379e-08	1.696e-08	1.217e-08	7.2314e-09	2.5092e-09	-1.924e-09	-6.3454e-09	-1.0912e-08	-1.5273e-08	-1.8934e-08	-2.1696e-08	-2.3461e-08	-2.4051e-08	-2.3678e-08	-2.2986e-08	-2.248e-08	-2.2315e-08	-2.2346e-08	-2.2366e-08	-2.2364e-08	-2.2429e-08	-2.2576e-08	-2.2665e-08	-2.2518e-08	-2.2164e-08	-2.1855e-08	-2.1718e-08	-2.1683e-08	-2.175e-08	-2.2019e-08	-2.24e-08	-2.26e-08	-2.2424e-08	-2.1945e-08	-2.1402e-08	-2.1003e-08	-2.0759e-08	-2.0548e-08	-2.0351e-08	-2.0183e-08	-2.0016e-08	-1.9845e-08	-1.9555e-08	-1.905e-08	-1.8621e-08	-1.868e-08	-1.9155e-08	-1.9683e-08	-1.9968e-08	-1.9885e-08	-1.9555e-08	-1.9288e-08	-1.93e-08	-1.9564e-08	-1.9919e-08	-2.0217e-08	-2.0388e-08	-2.0401e-08	-2.0246e-08	-2.0072e-08	-2.0107e-08	-2.0385e-08	-2.0689e-08	-2.0767e-08	-2.0501e-08	-2.0104e-08	-1.9988e-08	-2.0234e-08	-2.0586e-08	-2.0884e-08	-2.1021e-08	-2.088e-08	-2.0494e-08	-2.0064e-08	-1.9759e-08	-1.9642e-08	-1.9732e-08	-1.9967e-08	-2.0191e-08	-2.0239e-08	-2.0038e-08	-1.9607e-08	-1.8953e-08	-1.8095e-08	-1.7176e-08	-1.6468e-08	-1.6248e-08	-1.6563e-08	-1.7154e-08	-1.7659e-08	-1.7795e-08	-1.7508e-08	-1.7016e-08	-1.6623e-08	-1.658e-08	-1.6977e-08	-1.768e-08	-1.8417e-08	-1.8925e-08	-1.9127e-08
-2.5305e-08	-2.5579e-08	-2.5522e-08	-2.5097e-08	-2.4551e-08	-2.4215e-08	-2.4024e-08	-2.3678e-08	-2.322e-08	-2.3088e-08	-2.347e-08	-2.3959e-08	-2.4014e-08	-2.35e-08	-2.2955e-08	-2.2875e-08	-2.3073e-08	-2.3205e-08	-2.329e-08	-2.3532e-08	-2.3845e-08	-2.3918e-08	-2.3548e-08	-2.2919e-08	-2.244e-08	-2.2402e-08	-2.2978e-08	-2.4231e-08	-2.6019e-08	-2.8032e-08	-2.9887e-08	-3.113e-08	-3.1405e-08	-3.0745e-08	-2.9324e-08	-2.7048e-08	-2.3875e-08	-2.0209e-08	-1.6551e-08	-1.3177e-08	-1.0142e-08	-7.3017e-09	-4.4433e-09	-1.5008e-09	1.4285e-09	4.4423e-09	7.669e-09	1.1021e-08	1.437e-08	1.7696e-08	2.0996e-08	2.4283e-08	2.7491e-08	3.064e-08	3.3921e-08	3.7327e-08	4.065e-08	4.3785e-08	4.6791e-08	4.978e-08	5.2779e-08	5.5751e-08	5.8534e-08	6.0854e-08	6.2496e-08	6.3336e-08	6.3304e-08	6.2429e-08	6.0876e-08	5.8859e-08	5.6556e-08	5.409e-08	5.1436e-08	4.8463e-08	4.5204e-08	4.1801e-08	3.8224e-08	3.4315e-08	3.0147e-08	2.5942e-08	2.1757e-08	1.7367e-08	1.2608e-08	7.6786e-09	2.9464e-09	-1.4925e-09	-5.9015e-09	-1.0458e-08	-1.4825e-08	-1.8496e-08	-2.1248e-08	-2.2998e-08	-2.3577e-08	-2.3202e-08	-2.254e-08	-2.2087e-08	-2.1987e-08	-2.2084e-08	-2.2153e-08	-2.2176e-08	-2.2249e-08	-2.2406e-08	-2.2523e-08	-2.2417e-08	-2.2111e-08	-2.1849e-08	-2.1743e-08	-2.1712e-08	-2.1759e-08	-2.2011e-08	-2.2391e-08	-2.2588e-08	-2.2387e-08	-2.187e-08	-2.1314e-08	-2.0944e-08	-2.0752e-08	-2.0582e-08	-2.0391e-08	-2.0214e-08	-2.0045e-08	-1.989e-08	-1.9637e-08	-1.9175e-08	-1.876e-08	-1.8799e-08	-1.9216e-08	-1.9657e-08	-1.9863e-08	-1.9741e-08	-1.9408e-08	-1.9147e-08	-1.9159e-08	-1.9417e-08	-1.9769e-08	-2.0057e-08	-2.0214e-08	-2.0241e-08	-2.0143e-08	-2.0045e-08	-2.0126e-08	-2.0398e-08	-2.0666e-08	-2.0712e-08	-2.0442e-08	-2.0049e-08	-1.9929e-08	-2.0187e-08	-2.0595e-08	-2.0996e-08	-2.1258e-08	-2.1224e-08	-2.0896e-08	-2.0487e-08	-2.02e-08	-2.0119e-08	-2.0251e-08	-2.0498e-08	-2.0692e-08	-2.0688e-08	-2.043e-08	-1.9953e-08	-1.9278e-08	-1.8423e-08	-1.7497e-08	-1.6738e-08	-1.6421e-08	-1.6622e-08	-1.7115e-08	-1.7565e-08	-1.7696e-08	-1.7428e-08	-1.6956e-08	-1.6569e-08	-1.6501e-08	-1.6838e-08	-1.7476e-08	-1.8183e-08	-1.8714e-08	-1.8986e-08
-2.5042e-08	-2.5404e-08	-2.5435e-08	-2.5044e-08	-2.4466e-08	-2.4073e-08	-2.3853e-08	-2.3519e-08	-2.3088e-08	-2.2967e-08	-2.3363e-08	-2.389e-08	-2.4012e-08	-2.3538e-08	-2.2964e-08	-2.2836e-08	-2.3016e-08	-2.3161e-08	-2.3249e-08	-2.3465e-08	-2.3745e-08	-2.3801e-08	-2.3427e-08	-2.2796e-08	-2.2324e-08	-2.2308e-08	-2.2934e-08	-2.4274e-08	-2.6171e-08	-2.8284e-08	-3.0217e-08	-3.1524e-08	-3.1856e-08	-3.1234e-08	-2.9839e-08	-2.7569e-08	-2.4363e-08	-2.0625e-08	-1.6896e-08	-1.3474e-08	-1.0407e-08	-7.5286e-09	-4.63e-09	-1.6458e-09	1.3084e-09	4.3214e-09	7.5333e-09	1.0867e-08	1.4198e-08	1.7524e-08	2.0839e-08	2.4144e-08	2.7364e-08	3.0502e-08	3.3762e-08	3.7165e-08	4.0504e-08	4.3652e-08	4.6661e-08	4.9659e-08	5.267e-08	5.5641e-08	5.8409e-08	6.0711e-08	6.2337e-08	6.3176e-08	6.3167e-08	6.2357e-08	6.0919e-08	5.9034e-08	5.6838e-08	5.4445e-08	5.1845e-08	4.8906e-08	4.565e-08	4.2233e-08	3.8647e-08	3.4731e-08	3.0554e-08	2.6342e-08	2.2169e-08	1.7815e-08	1.3099e-08	8.1953e-09	3.4685e-09	-9.685e-10	-5.3648e-09	-9.9163e-09	-1.4304e-08	-1.8009e-08	-2.0786e-08	-2.256e-08	-2.3167e-08	-2.2821e-08	-2.2203e-08	-2.18e-08	-2.1751e-08	-2.1893e-08	-2.1996e-08	-2.2036e-08	-2.211e-08	-2.2267e-08	-2.2399e-08	-2.2322e-08	-2.2056e-08	-2.1842e-08	-2.1774e-08	-2.1751e-08	-2.1777e-08	-2.2001e-08	-2.237e-08	-2.2558e-08	-2.2334e-08	-2.1788e-08	-2.1226e-08	-2.0891e-08	-2.0761e-08	-2.0638e-08	-2.0455e-08	-2.0263e-08	-2.0092e-08	-1.996e-08	-1.9756e-08	-1.9347e-08	-1.8953e-08	-1.8965e-08	-1.9315e-08	-1.9663e-08	-1.9791e-08	-1.9643e-08	-1.9327e-08	-1.9092e-08	-1.9109e-08	-1.9351e-08	-1.9683e-08	-1.9945e-08	-2.0074e-08	-2.0101e-08	-2.0051e-08	-2.0024e-08	-2.015e-08	-2.0418e-08	-2.0648e-08	-2.0659e-08	-2.0384e-08	-1.9998e-08	-1.9873e-08	-2.0138e-08	-2.0595e-08	-2.11e-08	-2.1497e-08	-2.1581e-08	-2.1323e-08	-2.0944e-08	-2.0677e-08	-2.0632e-08	-2.0808e-08	-2.107e-08	-2.1232e-08	-2.1168e-08	-2.084e-08	-2.0304e-08	-1.9601e-08	-1.8752e-08	-1.7839e-08	-1.7055e-08	-1.6661e-08	-1.676e-08	-1.7156e-08	-1.7545e-08	-1.7667e-08	-1.7417e-08	-1.6966e-08	-1.6584e-08	-1.6483e-08	-1.6748e-08	-1.7305e-08	-1.7963e-08	-1.8502e-08	-1.8838e-08
-2.4784e-08	-2.5226e-08	-2.5348e-08	-2.5007e-08	-2.4411e-08	-2.3971e-08	-2.3727e-08	-2.3408e-08	-2.3006e-08	-2.2895e-08	-2.3292e-08	-2.3841e-08	-2.4023e-08	-2.3602e-08	-2.3014e-08	-2.2844e-08	-2.2999e-08	-2.3146e-08	-2.3231e-08	-2.3421e-08	-2.3669e-08	-2.3711e-08	-2.3339e-08	-2.2713e-08	-2.2252e-08	-2.2259e-08	-2.2936e-08	-2.4361e-08	-2.6369e-08	-2.8593e-08	-3.062e-08	-3.2015e-08	-3.2433e-08	-3.188e-08	-3.0531e-08	-2.829e-08	-2.5077e-08	-2.1293e-08	-1.7504e-08	-1.4029e-08	-1.0916e-08	-7.9857e-09	-5.0367e-09	-2.0007e-09	9.9265e-10	4.0197e-09	7.2263e-09	1.0544e-08	1.3858e-08	1.7181e-08	2.0508e-08	2.3829e-08	2.7059e-08	3.0186e-08	3.3417e-08	3.6803e-08	4.0147e-08	4.3306e-08	4.6317e-08	4.9325e-08	5.2351e-08	5.5325e-08	5.8087e-08	6.0386e-08	6.2022e-08	6.289e-08	6.2934e-08	6.222e-08	6.0928e-08	5.9204e-08	5.7134e-08	5.4821e-08	5.2276e-08	4.9368e-08	4.6114e-08	4.268e-08	3.9085e-08	3.5166e-08	3.0984e-08	2.6771e-08	2.2612e-08	1.8297e-08	1.3634e-08	8.7718e-09	4.0644e-09	-3.6315e-10	-4.746e-09	-9.2974e-09	-1.3717e-08	-1.7477e-08	-2.0308e-08	-2.2141e-08	-2.2812e-08	-2.2521e-08	-2.1963e-08	-2.161e-08	-2.1598e-08	-2.1767e-08	-2.1889e-08	-2.194e-08	-2.201e-08	-2.2158e-08	-2.2292e-08	-2.2234e-08	-2.1999e-08	-2.1832e-08	-2.1807e-08	-2.1799e-08	-2.1801e-08	-2.1991e-08	-2.2339e-08	-2.2512e-08	-2.2268e-08	-2.1697e-08	-2.1135e-08	-2.0843e-08	-2.0779e-08	-2.071e-08	-2.0538e-08	-2.033e-08	-2.0153e-08	-2.0048e-08	-1.9902e-08	-1.9557e-08	-1.9188e-08	-1.9172e-08	-1.9448e-08	-1.9698e-08	-1.9749e-08	-1.9584e-08	-1.9303e-08	-1.911e-08	-1.9138e-08	-1.9357e-08	-1.9654e-08	-1.9875e-08	-1.9965e-08	-1.9982e-08	-1.9968e-08	-2.0006e-08	-2.0177e-08	-2.0442e-08	-2.0635e-08	-2.0607e-08	-2.0325e-08	-1.9948e-08	-1.982e-08	-2.0086e-08	-2.0586e-08	-2.1194e-08	-2.1728e-08	-2.1942e-08	-2.1763e-08	-2.142e-08	-2.1175e-08	-2.1165e-08	-2.1388e-08	-2.1667e-08	-2.1798e-08	-2.1667e-08	-2.1261e-08	-2.0657e-08	-1.9917e-08	-1.9078e-08	-1.8194e-08	-1.7405e-08	-1.6954e-08	-1.6962e-08	-1.7264e-08	-1.7591e-08	-1.7701e-08	-1.747e-08	-1.704e-08	-1.6663e-08	-1.6526e-08	-1.6709e-08	-1.717e-08	-1.7765e-08	-1.8298e-08	-1.8688e-08
-2.4538e-08	-2.505e-08	-2.5265e-08	-2.4987e-08	-2.4393e-08	-2.3918e-08	-2.3653e-08	-2.3352e-08	-2.2983e-08	-2.288e-08	-2.3265e-08	-2.3817e-08	-2.4052e-08	-2.3693e-08	-2.311e-08	-2.2905e-08	-2.3027e-08	-2.3164e-08	-2.324e-08	-2.3403e-08	-2.3621e-08	-2.3652e-08	-2.3288e-08	-2.2673e-08	-2.2227e-08	-2.2259e-08	-2.2985e-08	-2.4494e-08	-2.6613e-08	-2.8953e-08	-3.1089e-08	-3.2595e-08	-3.3127e-08	-3.2673e-08	-3.1393e-08	-2.9199e-08	-2.6005e-08	-2.22e-08	-1.8364e-08	-1.4831e-08	-1.1657e-08	-8.6622e-09	-5.6522e-09	-2.5551e-09	4.907e-10	3.5473e-09	6.7589e-09	1.0065e-08	1.3362e-08	1.6681e-08	2.0018e-08	2.3351e-08	2.6593e-08	2.971e-08	3.2906e-08	3.6261e-08	3.9603e-08	4.277e-08	4.5785e-08	4.8802e-08	5.1846e-08	5.483e-08	5.7593e-08	5.99e-08	6.1567e-08	6.2492e-08	6.2617e-08	6.2022e-08	6.0901e-08	5.9364e-08	5.7439e-08	5.5213e-08	5.2722e-08	4.9845e-08	4.6591e-08	4.3139e-08	3.9533e-08	3.5614e-08	3.1433e-08	2.7223e-08	2.308e-08	1.8808e-08	1.4205e-08	9.3973e-09	4.7219e-09	3.112e-10	-4.0571e-09	-8.6115e-09	-1.3071e-08	-1.6904e-08	-1.9815e-08	-2.1737e-08	-2.2504e-08	-2.2293e-08	-2.1808e-08	-2.1506e-08	-2.152e-08	-2.17e-08	-2.1828e-08	-2.1881e-08	-2.1943e-08	-2.2075e-08	-2.2203e-08	-2.2152e-08	-2.1941e-08	-2.182e-08	-2.1841e-08	-2.1852e-08	-2.1832e-08	-2.1981e-08	-2.23e-08	-2.2455e-08	-2.2191e-08	-2.16e-08	-2.1042e-08	-2.0796e-08	-2.0804e-08	-2.0794e-08	-2.0637e-08	-2.0409e-08	-2.0223e-08	-2.0149e-08	-2.0067e-08	-1.9795e-08	-1.9456e-08	-1.9412e-08	-1.961e-08	-1.9757e-08	-1.973e-08	-1.9555e-08	-1.9324e-08	-1.9189e-08	-1.9237e-08	-1.9427e-08	-1.9675e-08	-1.9843e-08	-1.9884e-08	-1.988e-08	-1.9893e-08	-1.9991e-08	-2.0205e-08	-2.0469e-08	-2.0625e-08	-2.0556e-08	-2.0265e-08	-1.9899e-08	-1.9769e-08	-2.0031e-08	-2.0565e-08	-2.1272e-08	-2.1947e-08	-2.2296e-08	-2.2205e-08	-2.1904e-08	-2.1682e-08	-2.1706e-08	-2.1975e-08	-2.2274e-08	-2.2374e-08	-2.2174e-08	-2.1683e-08	-2.1003e-08	-2.022e-08	-1.9394e-08	-1.8553e-08	-1.7779e-08	-1.7287e-08	-1.7216e-08	-1.7428e-08	-1.7691e-08	-1.7788e-08	-1.7579e-08	-1.7174e-08	-1.6803e-08	-1.6628e-08	-1.6722e-08	-1.7077e-08	-1.7595e-08	-1.8108e-08	-1.8543e-08
-2.4311e-08	-2.488e-08	-2.5188e-08	-2.4986e-08	-2.4409e-08	-2.3912e-08	-2.3633e-08	-2.3352e-08	-2.3021e-08	-2.2926e-08	-2.3286e-08	-2.3822e-08	-2.4097e-08	-2.3809e-08	-2.325e-08	-2.3018e-08	-2.3101e-08	-2.3216e-08	-2.3276e-08	-2.3411e-08	-2.36e-08	-2.3622e-08	-2.3271e-08	-2.2674e-08	-2.2246e-08	-2.2303e-08	-2.3077e-08	-2.4666e-08	-2.6892e-08	-2.9353e-08	-3.1609e-08	-3.3242e-08	-3.3914e-08	-3.3584e-08	-3.2393e-08	-3.0261e-08	-2.7108e-08	-2.3306e-08	-1.9437e-08	-1.5845e-08	-1.2599e-08	-9.5264e-09	-6.4465e-09	-3.2811e-09	-1.7257e-10	2.9269e-09	6.1532e-09	9.452e-09	1.2732e-08	1.6046e-08	1.9391e-08	2.2735e-08	2.5987e-08	2.9096e-08	3.2253e-08	3.5568e-08	3.89e-08	4.2073e-08	4.5091e-08	4.812e-08	5.1182e-08	5.4181e-08	5.695e-08	5.9276e-08	6.0991e-08	6.1995e-08	6.2223e-08	6.1769e-08	6.0841e-08	5.9512e-08	5.7746e-08	5.5615e-08	5.3178e-08	5.0331e-08	4.7077e-08	4.3606e-08	3.999e-08	3.6073e-08	3.1897e-08	2.7694e-08	2.3569e-08	1.9341e-08	1.4803e-08	1.0061e-08	5.4293e-09	1.0422e-09	-3.3101e-09	-7.8691e-09	-1.2374e-08	-1.6294e-08	-1.9306e-08	-2.1344e-08	-2.2234e-08	-2.2125e-08	-2.1727e-08	-2.1477e-08	-2.1507e-08	-2.1683e-08	-2.1806e-08	-2.1856e-08	-2.1905e-08	-2.2016e-08	-2.213e-08	-2.2077e-08	-2.1882e-08	-2.1804e-08	-2.1875e-08	-2.191e-08	-2.1868e-08	-2.1972e-08	-2.2256e-08	-2.2388e-08	-2.2106e-08	-2.1498e-08	-2.0946e-08	-2.0748e-08	-2.0831e-08	-2.0885e-08	-2.0747e-08	-2.0498e-08	-2.03e-08	-2.0256e-08	-2.0244e-08	-2.0052e-08	-1.9749e-08	-1.9677e-08	-1.9795e-08	-1.9838e-08	-1.9731e-08	-1.9551e-08	-1.9381e-08	-1.9318e-08	-1.9392e-08	-1.955e-08	-1.974e-08	-1.9845e-08	-1.9828e-08	-1.9795e-08	-1.9825e-08	-1.9976e-08	-2.0231e-08	-2.0495e-08	-2.0615e-08	-2.0505e-08	-2.0203e-08	-1.985e-08	-1.9719e-08	-1.9972e-08	-2.0533e-08	-2.1332e-08	-2.2145e-08	-2.2635e-08	-2.2638e-08	-2.2385e-08	-2.2186e-08	-2.224e-08	-2.2553e-08	-2.2874e-08	-2.2946e-08	-2.2676e-08	-2.2099e-08	-2.1338e-08	-2.0506e-08	-1.9693e-08	-1.8906e-08	-1.8164e-08	-1.7647e-08	-1.7507e-08	-1.7634e-08	-1.7834e-08	-1.792e-08	-1.7736e-08	-1.7362e-08	-1.7e-08	-1.6788e-08	-1.6789e-08	-1.7029e-08	-1.746e-08	-1.794e-08	-1.8408e-08
-2.4105e-08	-2.4719e-08	-2.5116e-08	-2.4999e-08	-2.4457e-08	-2.395e-08	-2.366e-08	-2.3402e-08	-2.3113e-08	-2.3025e-08	-2.3352e-08	-2.3852e-08	-2.4157e-08	-2.3944e-08	-2.3425e-08	-2.3177e-08	-2.3216e-08	-2.3298e-08	-2.3337e-08	-2.3442e-08	-2.3602e-08	-2.3619e-08	-2.3285e-08	-2.271e-08	-2.2304e-08	-2.2384e-08	-2.3203e-08	-2.4868e-08	-2.7196e-08	-2.9777e-08	-3.216e-08	-3.3934e-08	-3.4764e-08	-3.4581e-08	-3.3498e-08	-3.1442e-08	-2.8349e-08	-2.4571e-08	-2.0684e-08	-1.7033e-08	-1.3706e-08	-1.0546e-08	-7.3887e-09	-4.1503e-09	-9.7153e-10	2.1821e-09	5.4321e-09	8.7273e-09	1.1991e-08	1.53e-08	1.8651e-08	2.2003e-08	2.5265e-08	2.8369e-08	3.1486e-08	3.4751e-08	3.8065e-08	4.1244e-08	4.4265e-08	4.7304e-08	5.0389e-08	5.3406e-08	5.6185e-08	5.8537e-08	6.0312e-08	6.1413e-08	6.1765e-08	6.1467e-08	6.0748e-08	5.9644e-08	5.8053e-08	5.6022e-08	5.364e-08	5.0822e-08	4.7569e-08	4.4078e-08	4.045e-08	3.6538e-08	3.2372e-08	2.818e-08	2.4074e-08	1.9889e-08	1.5422e-08	1.0754e-08	6.1747e-09	1.8177e-09	-2.5169e-09	-7.0812e-09	-1.1635e-08	-1.5653e-08	-1.8783e-08	-2.0957e-08	-2.1996e-08	-2.2009e-08	-2.1707e-08	-2.1512e-08	-2.1551e-08	-2.1711e-08	-2.1817e-08	-2.1859e-08	-2.1894e-08	-2.1979e-08	-2.2072e-08	-2.2009e-08	-2.1822e-08	-2.1784e-08	-2.1907e-08	-2.197e-08	-2.1908e-08	-2.1964e-08	-2.2209e-08	-2.2315e-08	-2.2015e-08	-2.1393e-08	-2.0848e-08	-2.0697e-08	-2.0855e-08	-2.0978e-08	-2.0863e-08	-2.0594e-08	-2.038e-08	-2.0366e-08	-2.0424e-08	-2.0316e-08	-2.0056e-08	-1.9959e-08	-1.9997e-08	-1.9935e-08	-1.9748e-08	-1.9565e-08	-1.9465e-08	-1.9485e-08	-1.9591e-08	-1.9717e-08	-1.984e-08	-1.9876e-08	-1.9795e-08	-1.9724e-08	-1.9763e-08	-1.9962e-08	-2.0255e-08	-2.0519e-08	-2.0604e-08	-2.045e-08	-2.0137e-08	-1.9799e-08	-1.9669e-08	-1.991e-08	-2.0487e-08	-2.1371e-08	-2.2317e-08	-2.2948e-08	-2.305e-08	-2.2849e-08	-2.2675e-08	-2.2755e-08	-2.3109e-08	-2.3453e-08	-2.3499e-08	-2.3161e-08	-2.2497e-08	-2.1654e-08	-2.077e-08	-1.997e-08	-1.9246e-08	-1.8549e-08	-1.8021e-08	-1.7822e-08	-1.787e-08	-1.8011e-08	-1.8088e-08	-1.7935e-08	-1.7596e-08	-1.7249e-08	-1.7002e-08	-1.691e-08	-1.7031e-08	-1.7367e-08	-1.7801e-08	-1.8291e-08
-2.392e-08	-2.4566e-08	-2.5048e-08	-2.5023e-08	-2.453e-08	-2.4025e-08	-2.3729e-08	-2.3495e-08	-2.325e-08	-2.3173e-08	-2.3457e-08	-2.3907e-08	-2.4227e-08	-2.4092e-08	-2.3629e-08	-2.3373e-08	-2.3367e-08	-2.3408e-08	-2.3419e-08	-2.3494e-08	-2.3625e-08	-2.3637e-08	-2.3324e-08	-2.2777e-08	-2.2395e-08	-2.2497e-08	-2.3356e-08	-2.509e-08	-2.7513e-08	-3.0211e-08	-3.2724e-08	-3.4646e-08	-3.5649e-08	-3.5635e-08	-3.4675e-08	-3.2705e-08	-2.9689e-08	-2.5957e-08	-2.2066e-08	-1.836e-08	-1.4943e-08	-1.1687e-08	-8.4478e-09	-5.1339e-09	-1.8802e-09	1.3367e-09	4.6182e-09	7.9134e-09	1.1163e-08	1.4465e-08	1.7822e-08	2.118e-08	2.4451e-08	2.7554e-08	3.0629e-08	3.3837e-08	3.7127e-08	4.031e-08	4.3335e-08	4.6385e-08	4.9492e-08	5.2531e-08	5.5323e-08	5.7705e-08	5.955e-08	6.0764e-08	6.1253e-08	6.1124e-08	6.0625e-08	5.976e-08	5.8353e-08	5.6429e-08	5.4101e-08	5.1313e-08	4.8061e-08	4.4551e-08	4.0911e-08	3.7005e-08	3.2853e-08	2.8676e-08	2.459e-08	2.0449e-08	1.6052e-08	1.1465e-08	6.9466e-09	2.6254e-09	-1.6897e-09	-6.2588e-09	-1.0863e-08	-1.4985e-08	-1.8246e-08	-2.0576e-08	-2.1782e-08	-2.1933e-08	-2.1738e-08	-2.1598e-08	-2.1641e-08	-2.1775e-08	-2.1855e-08	-2.1885e-08	-2.1903e-08	-2.1959e-08	-2.2026e-08	-2.1947e-08	-2.1762e-08	-2.1761e-08	-2.1936e-08	-2.203e-08	-2.195e-08	-2.1957e-08	-2.2159e-08	-2.2238e-08	-2.1922e-08	-2.1287e-08	-2.0748e-08	-2.0642e-08	-2.0874e-08	-2.1067e-08	-2.0981e-08	-2.0693e-08	-2.046e-08	-2.0472e-08	-2.0602e-08	-2.058e-08	-2.0368e-08	-2.0249e-08	-2.0209e-08	-2.0044e-08	-1.9777e-08	-1.9592e-08	-1.9567e-08	-1.9678e-08	-1.9824e-08	-1.9916e-08	-1.9969e-08	-1.9929e-08	-1.978e-08	-1.9667e-08	-1.9707e-08	-1.9945e-08	-2.0273e-08	-2.0538e-08	-2.0588e-08	-2.0392e-08	-2.0066e-08	-1.9745e-08	-1.9619e-08	-1.9843e-08	-2.0428e-08	-2.1386e-08	-2.2457e-08	-2.3227e-08	-2.3431e-08	-2.3284e-08	-2.3135e-08	-2.3236e-08	-2.3628e-08	-2.3994e-08	-2.4018e-08	-2.3616e-08	-2.2868e-08	-2.1944e-08	-2.1005e-08	-2.022e-08	-1.9564e-08	-1.8924e-08	-1.8396e-08	-1.8147e-08	-1.8123e-08	-1.8209e-08	-1.8281e-08	-1.8166e-08	-1.7872e-08	-1.7547e-08	-1.7269e-08	-1.7084e-08	-1.7085e-08	-1.7321e-08	-1.7701e-08	-1.8198e-08
-2.3759e-08	-2.4423e-08	-2.4984e-08	-2.5055e-08	-2.4622e-08	-2.4131e-08	-2.3832e-08	-2.3623e-08	-2.3427e-08	-2.3363e-08	-2.36e-08	-2.3983e-08	-2.4305e-08	-2.4249e-08	-2.3855e-08	-2.3602e-08	-2.3549e-08	-2.3541e-08	-2.3521e-08	-2.3564e-08	-2.3666e-08	-2.3674e-08	-2.3383e-08	-2.2869e-08	-2.2513e-08	-2.2635e-08	-2.3529e-08	-2.5325e-08	-2.7833e-08	-3.064e-08	-3.3282e-08	-3.5356e-08	-3.6543e-08	-3.6713e-08	-3.589e-08	-3.4017e-08	-3.109e-08	-2.7424e-08	-2.3542e-08	-1.9786e-08	-1.6276e-08	-1.2918e-08	-9.5923e-09	-6.2026e-09	-2.8721e-09	4.1478e-10	3.7343e-09	7.0329e-09	1.0269e-08	1.3565e-08	1.6926e-08	2.0288e-08	2.3568e-08	2.6673e-08	2.9709e-08	3.2853e-08	3.6114e-08	3.9299e-08	4.2328e-08	4.539e-08	4.8521e-08	5.1583e-08	5.439e-08	5.6803e-08	5.8725e-08	6.0061e-08	6.0699e-08	6.0747e-08	6.0475e-08	5.9858e-08	5.8643e-08	5.6829e-08	5.4557e-08	5.1798e-08	4.855e-08	4.5022e-08	4.137e-08	3.747e-08	3.3336e-08	2.9178e-08	2.5114e-08	2.1013e-08	1.6688e-08	1.2185e-08	7.7339e-09	3.453e-09	-8.4067e-10	-5.4133e-09	-1.0067e-08	-1.4297e-08	-1.77e-08	-2.0196e-08	-2.1586e-08	-2.1889e-08	-2.1809e-08	-2.1726e-08	-2.1768e-08	-2.1866e-08	-2.1914e-08	-2.1927e-08	-2.1928e-08	-2.1954e-08	-2.1992e-08	-2.1892e-08	-2.1701e-08	-2.1734e-08	-2.196e-08	-2.2088e-08	-2.1994e-08	-2.1951e-08	-2.2109e-08	-2.2159e-08	-2.1828e-08	-2.1182e-08	-2.0647e-08	-2.0581e-08	-2.0883e-08	-2.1148e-08	-2.1096e-08	-2.0791e-08	-2.0537e-08	-2.0572e-08	-2.0768e-08	-2.0835e-08	-2.0674e-08	-2.0538e-08	-2.0425e-08	-2.016e-08	-1.9813e-08	-1.9625e-08	-1.9678e-08	-1.9886e-08	-2.0078e-08	-2.0138e-08	-2.0117e-08	-1.9999e-08	-1.9781e-08	-1.962e-08	-1.9654e-08	-1.9926e-08	-2.0285e-08	-2.0549e-08	-2.0567e-08	-2.0329e-08	-1.999e-08	-1.9688e-08	-1.9567e-08	-1.9772e-08	-2.0355e-08	-2.1375e-08	-2.256e-08	-2.3463e-08	-2.3768e-08	-2.368e-08	-2.3556e-08	-2.3673e-08	-2.4094e-08	-2.448e-08	-2.4486e-08	-2.4027e-08	-2.3202e-08	-2.2201e-08	-2.1208e-08	-2.0436e-08	-1.9854e-08	-1.9278e-08	-1.876e-08	-1.8469e-08	-1.8379e-08	-1.8417e-08	-1.8491e-08	-1.8422e-08	-1.8183e-08	-1.7888e-08	-1.7586e-08	-1.7313e-08	-1.7195e-08	-1.733e-08	-1.7645e-08	-1.8136e-08
-2.3623e-08	-2.4292e-08	-2.4923e-08	-2.5092e-08	-2.4729e-08	-2.4261e-08	-2.3963e-08	-2.3779e-08	-2.3635e-08	-2.3589e-08	-2.3775e-08	-2.4078e-08	-2.439e-08	-2.4409e-08	-2.4096e-08	-2.3855e-08	-2.3756e-08	-2.3695e-08	-2.3638e-08	-2.3648e-08	-2.3722e-08	-2.3725e-08	-2.346e-08	-2.2981e-08	-2.2653e-08	-2.2792e-08	-2.3716e-08	-2.5563e-08	-2.8145e-08	-3.1052e-08	-3.3817e-08	-3.6042e-08	-3.7419e-08	-3.7785e-08	-3.7112e-08	-3.5343e-08	-3.2517e-08	-2.8932e-08	-2.5074e-08	-2.1275e-08	-1.7669e-08	-1.4205e-08	-1.079e-08	-7.3269e-09	-3.9205e-09	-5.5932e-10	2.8034e-09	6.1083e-09	9.3338e-09	1.2623e-08	1.5987e-08	1.9351e-08	2.2639e-08	2.575e-08	2.8749e-08	3.1826e-08	3.5054e-08	3.824e-08	4.1275e-08	4.4347e-08	4.7502e-08	5.0589e-08	5.3412e-08	5.5857e-08	5.7857e-08	5.9322e-08	6.0116e-08	6.0345e-08	6.0303e-08	5.9937e-08	5.8918e-08	5.7219e-08	5.5003e-08	5.2272e-08	4.9029e-08	4.5485e-08	4.1821e-08	3.7931e-08	3.3817e-08	2.9682e-08	2.564e-08	2.1578e-08	1.7322e-08	1.2905e-08	8.5253e-09	4.2886e-09	1.7882e-11	-4.5561e-09	-9.2557e-09	-1.3596e-08	-1.7145e-08	-1.9818e-08	-2.1402e-08	-2.1869e-08	-2.1908e-08	-2.1884e-08	-2.1922e-08	-2.1978e-08	-2.1987e-08	-2.1982e-08	-2.1965e-08	-2.1961e-08	-2.1967e-08	-2.1842e-08	-2.1641e-08	-2.1703e-08	-2.1978e-08	-2.2142e-08	-2.2037e-08	-2.1946e-08	-2.2059e-08	-2.2081e-08	-2.1737e-08	-2.1082e-08	-2.0546e-08	-2.0514e-08	-2.088e-08	-2.1215e-08	-2.1202e-08	-2.0884e-08	-2.0608e-08	-2.066e-08	-2.0919e-08	-2.107e-08	-2.0965e-08	-2.0818e-08	-2.0638e-08	-2.0279e-08	-1.9853e-08	-1.9661e-08	-1.9792e-08	-2.0099e-08	-2.034e-08	-2.0371e-08	-2.0276e-08	-2.008e-08	-1.9793e-08	-1.9582e-08	-1.9604e-08	-1.9902e-08	-2.0287e-08	-2.055e-08	-2.0536e-08	-2.0258e-08	-1.9908e-08	-1.9627e-08	-1.9514e-08	-1.9696e-08	-2.0268e-08	-2.1335e-08	-2.2621e-08	-2.3648e-08	-2.4052e-08	-2.4025e-08	-2.3925e-08	-2.4052e-08	-2.4494e-08	-2.4896e-08	-2.4887e-08	-2.438e-08	-2.3487e-08	-2.2416e-08	-2.1372e-08	-2.0615e-08	-2.0108e-08	-1.9603e-08	-1.91e-08	-1.8773e-08	-1.8625e-08	-1.8623e-08	-1.8708e-08	-1.8695e-08	-1.8522e-08	-1.8268e-08	-1.7949e-08	-1.7594e-08	-1.7363e-08	-1.7397e-08	-1.7642e-08	-1.8114e-08
-2.3511e-08	-2.4173e-08	-2.4865e-08	-2.513e-08	-2.4845e-08	-2.4409e-08	-2.4116e-08	-2.3957e-08	-2.3867e-08	-2.3844e-08	-2.3977e-08	-2.419e-08	-2.4478e-08	-2.4569e-08	-2.4344e-08	-2.4126e-08	-2.3983e-08	-2.3864e-08	-2.3769e-08	-2.3745e-08	-2.3789e-08	-2.3788e-08	-2.3548e-08	-2.3109e-08	-2.281e-08	-2.2962e-08	-2.3909e-08	-2.5798e-08	-2.844e-08	-3.1433e-08	-3.4311e-08	-3.6683e-08	-3.8251e-08	-3.8823e-08	-3.8308e-08	-3.6648e-08	-3.3932e-08	-3.0444e-08	-2.6623e-08	-2.2788e-08	-1.9086e-08	-1.5514e-08	-1.201e-08	-8.4769e-09	-4.998e-09	-1.561e-09	1.8483e-09	5.162e-09	8.3787e-09	1.1661e-08	1.5027e-08	1.8392e-08	2.1687e-08	2.481e-08	2.7775e-08	3.0783e-08	3.3975e-08	3.7161e-08	4.0201e-08	4.3285e-08	4.6464e-08	4.9577e-08	5.2416e-08	5.489e-08	5.6969e-08	5.8563e-08	5.9516e-08	5.9928e-08	6.0114e-08	5.9997e-08	5.9176e-08	5.7592e-08	5.5432e-08	5.2731e-08	4.9496e-08	4.5939e-08	4.2263e-08	3.8382e-08	3.4293e-08	3.0184e-08	2.6164e-08	2.2137e-08	1.7947e-08	1.3616e-08	9.3101e-09	5.12e-09	8.736e-10	-3.699e-09	-8.4403e-09	-1.2887e-08	-1.6586e-08	-1.944e-08	-2.1227e-08	-2.1864e-08	-2.2026e-08	-2.2059e-08	-2.209e-08	-2.2101e-08	-2.2068e-08	-2.2043e-08	-2.2008e-08	-2.1974e-08	-2.1949e-08	-2.1797e-08	-2.1583e-08	-2.1668e-08	-2.199e-08	-2.219e-08	-2.2077e-08	-2.1941e-08	-2.2011e-08	-2.2007e-08	-2.1652e-08	-2.0988e-08	-2.0446e-08	-2.0441e-08	-2.0861e-08	-2.1264e-08	-2.1295e-08	-2.097e-08	-2.0671e-08	-2.0734e-08	-2.1046e-08	-2.1279e-08	-2.123e-08	-2.1077e-08	-2.084e-08	-2.0395e-08	-1.9894e-08	-1.9695e-08	-1.9899e-08	-2.0307e-08	-2.0599e-08	-2.0603e-08	-2.0437e-08	-2.0165e-08	-1.9812e-08	-1.9551e-08	-1.9557e-08	-1.9874e-08	-2.0279e-08	-2.0537e-08	-2.0493e-08	-2.0179e-08	-1.9819e-08	-1.9561e-08	-1.9458e-08	-1.9617e-08	-2.0172e-08	-2.1269e-08	-2.2634e-08	-2.3767e-08	-2.4267e-08	-2.4304e-08	-2.4232e-08	-2.4364e-08	-2.4812e-08	-2.522e-08	-2.5199e-08	-2.4655e-08	-2.371e-08	-2.2583e-08	-2.1498e-08	-2.0756e-08	-2.032e-08	-1.9887e-08	-1.9407e-08	-1.9049e-08	-1.885e-08	-1.8817e-08	-1.8919e-08	-1.8973e-08	-1.888e-08	-1.8678e-08	-1.8353e-08	-1.7929e-08	-1.7598e-08	-1.7536e-08	-1.7708e-08	-1.8142e-08
-2.3425e-08	-2.4068e-08	-2.481e-08	-2.5169e-08	-2.4966e-08	-2.457e-08	-2.4284e-08	-2.415e-08	-2.4116e-08	-2.412e-08	-2.4201e-08	-2.4316e-08	-2.4567e-08	-2.4723e-08	-2.4595e-08	-2.4408e-08	-2.4223e-08	-2.4045e-08	-2.3909e-08	-2.3851e-08	-2.3864e-08	-2.3859e-08	-2.3646e-08	-2.3247e-08	-2.2978e-08	-2.314e-08	-2.4103e-08	-2.6022e-08	-2.8707e-08	-3.177e-08	-3.4748e-08	-3.7258e-08	-3.9014e-08	-3.9796e-08	-3.9445e-08	-3.7898e-08	-3.53e-08	-3.192e-08	-2.8148e-08	-2.4287e-08	-2.049e-08	-1.6811e-08	-1.3219e-08	-9.6222e-09	-6.0771e-09	-2.5655e-09	8.9212e-10	4.2165e-09	7.4269e-09	1.0703e-08	1.4071e-08	1.7434e-08	2.0736e-08	2.3874e-08	2.6811e-08	2.975e-08	3.2904e-08	3.6091e-08	3.9137e-08	4.2232e-08	4.5435e-08	4.8574e-08	5.1427e-08	5.3927e-08	5.6081e-08	5.7804e-08	5.8913e-08	5.9504e-08	5.9912e-08	6.0039e-08	5.9411e-08	5.7943e-08	5.5839e-08	5.3169e-08	4.9945e-08	4.6377e-08	4.2691e-08	3.8821e-08	3.4759e-08	3.068e-08	2.6681e-08	2.2686e-08	1.8557e-08	1.431e-08	1.0078e-08	5.9347e-09	1.7118e-09	-2.8555e-09	-7.6287e-09	-1.2173e-08	-1.6018e-08	-1.9052e-08	-2.1043e-08	-2.186e-08	-2.2149e-08	-2.2241e-08	-2.2262e-08	-2.2225e-08	-2.215e-08	-2.2104e-08	-2.2052e-08	-2.1991e-08	-2.1934e-08	-2.1755e-08	-2.1532e-08	-2.1635e-08	-2.1992e-08	-2.2223e-08	-2.2112e-08	-2.194e-08	-2.1963e-08	-2.1929e-08	-2.1569e-08	-2.0907e-08	-2.0364e-08	-2.037e-08	-2.0822e-08	-2.1278e-08	-2.1357e-08	-2.1043e-08	-2.0734e-08	-2.0798e-08	-2.1143e-08	-2.1442e-08	-2.1455e-08	-2.1303e-08	-2.1015e-08	-2.0502e-08	-1.9944e-08	-1.9739e-08	-2.0002e-08	-2.0492e-08	-2.083e-08	-2.0815e-08	-2.0585e-08	-2.0246e-08	-1.9839e-08	-1.9536e-08	-1.9523e-08	-1.9843e-08	-2.0252e-08	-2.0497e-08	-2.0426e-08	-2.0088e-08	-1.9726e-08	-1.9494e-08	-1.9405e-08	-1.9546e-08	-2.008e-08	-2.1183e-08	-2.2591e-08	-2.3802e-08	-2.4394e-08	-2.4505e-08	-2.4469e-08	-2.4602e-08	-2.5034e-08	-2.5429e-08	-2.5397e-08	-2.4832e-08	-2.3856e-08	-2.2695e-08	-2.1585e-08	-2.0859e-08	-2.0483e-08	-2.0119e-08	-1.9667e-08	-1.9282e-08	-1.9042e-08	-1.8989e-08	-1.9118e-08	-1.9249e-08	-1.9249e-08	-1.9111e-08	-1.879e-08	-1.8314e-08	-1.7899e-08	-1.7748e-08	-1.7848e-08	-1.8228e-08
-2.3365e-08	-2.3978e-08	-2.4759e-08	-2.5205e-08	-2.5088e-08	-2.4737e-08	-2.4461e-08	-2.4351e-08	-2.4375e-08	-2.4411e-08	-2.4443e-08	-2.4453e-08	-2.4655e-08	-2.4869e-08	-2.4841e-08	-2.4693e-08	-2.4471e-08	-2.4234e-08	-2.4056e-08	-2.3964e-08	-2.3946e-08	-2.3934e-08	-2.3747e-08	-2.3392e-08	-2.3155e-08	-2.3325e-08	-2.4297e-08	-2.6233e-08	-2.8942e-08	-3.2051e-08	-3.5108e-08	-3.7739e-08	-3.9673e-08	-4.0661e-08	-4.0477e-08	-3.9047e-08	-3.6573e-08	-3.3316e-08	-2.9608e-08	-2.5732e-08	-2.1848e-08	-1.8063e-08	-1.4386e-08	-1.0733e-08	-7.1301e-09	-3.5491e-09	-4.54e-11	3.2916e-09	6.5025e-09	9.7745e-09	1.3141e-08	1.65e-08	1.9805e-08	2.2961e-08	2.5881e-08	2.8759e-08	3.1871e-08	3.5053e-08	3.8112e-08	4.122e-08	4.444e-08	4.7598e-08	5.0463e-08	5.2985e-08	5.5205e-08	5.7042e-08	5.8306e-08	5.9082e-08	5.9695e-08	6.0035e-08	5.959e-08	5.8242e-08	5.6198e-08	5.3559e-08	5.0357e-08	4.6792e-08	4.3096e-08	3.9237e-08	3.521e-08	3.1168e-08	2.7189e-08	2.3217e-08	1.9143e-08	1.4979e-08	1.0819e-08	6.717e-09	2.5106e-09	-2.0434e-09	-6.8286e-09	-1.1448e-08	-1.5432e-08	-1.8636e-08	-2.0825e-08	-2.1841e-08	-2.2262e-08	-2.2411e-08	-2.2424e-08	-2.2341e-08	-2.2228e-08	-2.216e-08	-2.2092e-08	-2.2006e-08	-2.1917e-08	-2.1717e-08	-2.1491e-08	-2.1605e-08	-2.1982e-08	-2.2238e-08	-2.2137e-08	-2.1939e-08	-2.1917e-08	-2.1855e-08	-2.1494e-08	-2.0841e-08	-2.0297e-08	-2.03e-08	-2.0764e-08	-2.1259e-08	-2.1388e-08	-2.11e-08	-2.0789e-08	-2.0845e-08	-2.1208e-08	-2.1559e-08	-2.1628e-08	-2.1484e-08	-2.116e-08	-2.0596e-08	-1.9994e-08	-1.978e-08	-2.0089e-08	-2.0648e-08	-2.1027e-08	-2.0999e-08	-2.0715e-08	-2.0317e-08	-1.9865e-08	-1.9525e-08	-1.9491e-08	-1.9804e-08	-2.0209e-08	-2.0438e-08	-2.0343e-08	-1.9987e-08	-1.9627e-08	-1.9418e-08	-1.9344e-08	-1.947e-08	-1.9978e-08	-2.1068e-08	-2.2496e-08	-2.3762e-08	-2.4436e-08	-2.4618e-08	-2.4618e-08	-2.4746e-08	-2.5147e-08	-2.5519e-08	-2.5479e-08	-2.4907e-08	-2.3919e-08	-2.274e-08	-2.162e-08	-2.0914e-08	-2.0591e-08	-2.0291e-08	-1.9864e-08	-1.9456e-08	-1.9183e-08	-1.9125e-08	-1.9295e-08	-1.9517e-08	-1.9623e-08	-1.956e-08	-1.9258e-08	-1.8745e-08	-1.8262e-08	-1.8036e-08	-1.8064e-08	-1.8376e-08
-2.3346e-08	-2.3911e-08	-2.4703e-08	-2.522e-08	-2.5197e-08	-2.4906e-08	-2.4646e-08	-2.4559e-08	-2.4636e-08	-2.4707e-08	-2.4693e-08	-2.4605e-08	-2.4745e-08	-2.4997e-08	-2.5069e-08	-2.4968e-08	-2.4719e-08	-2.4429e-08	-2.4211e-08	-2.4083e-08	-2.4032e-08	-2.4006e-08	-2.3844e-08	-2.3543e-08	-2.3346e-08	-2.3534e-08	-2.4509e-08	-2.644e-08	-2.9143e-08	-3.2264e-08	-3.537e-08	-3.8097e-08	-4.0188e-08	-4.1371e-08	-4.1352e-08	-4.0048e-08	-3.7708e-08	-3.4587e-08	-3.0959e-08	-2.708e-08	-2.3121e-08	-1.9237e-08	-1.5479e-08	-1.1779e-08	-8.1279e-09	-4.4877e-09	-9.4272e-10	2.4097e-09	5.6279e-09	8.8974e-09	1.2259e-08	1.5612e-08	1.8919e-08	2.2093e-08	2.5006e-08	2.7835e-08	3.0904e-08	3.408e-08	3.7154e-08	4.0276e-08	4.351e-08	4.6682e-08	4.9557e-08	5.2098e-08	5.4375e-08	5.6315e-08	5.7725e-08	5.8677e-08	5.9478e-08	6.0009e-08	5.9734e-08	5.8504e-08	5.652e-08	5.3916e-08	5.074e-08	4.7184e-08	4.3482e-08	3.9636e-08	3.5645e-08	3.164e-08	2.7683e-08	2.3731e-08	1.9706e-08	1.5615e-08	1.1521e-08	7.4571e-09	3.2684e-09	-1.2693e-09	-6.0598e-09	-1.0744e-08	-1.4856e-08	-1.8224e-08	-2.0603e-08	-2.1811e-08	-2.2357e-08	-2.256e-08	-2.2564e-08	-2.2441e-08	-2.2293e-08	-2.2204e-08	-2.2123e-08	-2.2015e-08	-2.19e-08	-2.1683e-08	-2.1455e-08	-2.1573e-08	-2.1962e-08	-2.2239e-08	-2.215e-08	-2.1934e-08	-2.1874e-08	-2.1791e-08	-2.1434e-08	-2.0792e-08	-2.024e-08	-2.0223e-08	-2.0682e-08	-2.1206e-08	-2.1387e-08	-2.1134e-08	-2.0827e-08	-2.087e-08	-2.1235e-08	-2.1623e-08	-2.1742e-08	-2.1611e-08	-2.1268e-08	-2.0673e-08	-2.0038e-08	-1.9812e-08	-2.0152e-08	-2.0765e-08	-2.1179e-08	-2.1144e-08	-2.0816e-08	-2.0372e-08	-1.9886e-08	-1.9515e-08	-1.9458e-08	-1.9757e-08	-2.0149e-08	-2.0358e-08	-2.0241e-08	-1.9874e-08	-1.952e-08	-1.9334e-08	-1.9275e-08	-1.9387e-08	-1.9864e-08	-2.0923e-08	-2.2346e-08	-2.3645e-08	-2.4385e-08	-2.4633e-08	-2.4667e-08	-2.4783e-08	-2.5139e-08	-2.5476e-08	-2.543e-08	-2.4866e-08	-2.3887e-08	-2.2711e-08	-2.1598e-08	-2.0915e-08	-2.0641e-08	-2.0395e-08	-1.9989e-08	-1.956e-08	-1.9263e-08	-1.9214e-08	-1.9441e-08	-1.9769e-08	-1.9995e-08	-2.0021e-08	-1.9749e-08	-1.9216e-08	-1.8684e-08	-1.8396e-08	-1.8357e-08	-1.8591e-08
-2.3359e-08	-2.3868e-08	-2.4653e-08	-2.5227e-08	-2.5294e-08	-2.5068e-08	-2.483e-08	-2.4765e-08	-2.489e-08	-2.4996e-08	-2.4944e-08	-2.4766e-08	-2.4838e-08	-2.5113e-08	-2.5277e-08	-2.5226e-08	-2.496e-08	-2.4622e-08	-2.4365e-08	-2.4204e-08	-2.412e-08	-2.4079e-08	-2.3941e-08	-2.3691e-08	-2.3533e-08	-2.3734e-08	-2.4704e-08	-2.6615e-08	-2.9291e-08	-3.24e-08	-3.5531e-08	-3.8335e-08	-4.0565e-08	-4.1927e-08	-4.207e-08	-4.0896e-08	-3.8691e-08	-3.5705e-08	-3.2161e-08	-2.8292e-08	-2.4269e-08	-2.0297e-08	-1.6465e-08	-1.2727e-08	-9.0406e-09	-5.354e-09	-1.7734e-09	1.5956e-09	4.8243e-09	8.0931e-09	1.1449e-08	1.4796e-08	1.8106e-08	2.1298e-08	2.4209e-08	2.7001e-08	3.003e-08	3.3199e-08	3.629e-08	3.9426e-08	4.2672e-08	4.5857e-08	4.874e-08	5.1296e-08	5.3617e-08	5.5646e-08	5.7189e-08	5.8303e-08	5.927e-08	5.9966e-08	5.9843e-08	5.8725e-08	5.6802e-08	5.4235e-08	5.1089e-08	4.7548e-08	4.3844e-08	4.0013e-08	3.6059e-08	3.2092e-08	2.8157e-08	2.4224e-08	2.0238e-08	1.6209e-08	1.2173e-08	8.1435e-09	3.9729e-09	-5.4526e-10	-5.3332e-09	-1.0069e-08	-1.4297e-08	-1.7817e-08	-2.0376e-08	-2.1766e-08	-2.2427e-08	-2.2676e-08	-2.2672e-08	-2.2515e-08	-2.2338e-08	-2.2231e-08	-2.2138e-08	-2.2014e-08	-2.1878e-08	-2.165e-08	-2.1423e-08	-2.1539e-08	-2.1933e-08	-2.2225e-08	-2.2151e-08	-2.1923e-08	-2.1834e-08	-2.1739e-08	-2.1392e-08	-2.0763e-08	-2.0194e-08	-2.0141e-08	-2.0577e-08	-2.1117e-08	-2.1348e-08	-2.1142e-08	-2.0847e-08	-2.0869e-08	-2.1222e-08	-2.163e-08	-2.1788e-08	-2.1676e-08	-2.133e-08	-2.0724e-08	-2.0071e-08	-1.9832e-08	-2.0186e-08	-2.0835e-08	-2.1278e-08	-2.1239e-08	-2.088e-08	-2.0402e-08	-1.9895e-08	-1.9502e-08	-1.9423e-08	-1.97e-08	-2.0071e-08	-2.0256e-08	-2.0118e-08	-1.9746e-08	-1.9404e-08	-1.924e-08	-1.9196e-08	-1.9299e-08	-1.9741e-08	-2.0752e-08	-2.2144e-08	-2.3449e-08	-2.424e-08	-2.4549e-08	-2.4615e-08	-2.4713e-08	-2.5012e-08	-2.5303e-08	-2.5251e-08	-2.4709e-08	-2.3759e-08	-2.2608e-08	-2.1518e-08	-2.0865e-08	-2.0633e-08	-2.0436e-08	-2.0047e-08	-1.9597e-08	-1.9284e-08	-1.9256e-08	-1.9555e-08	-2e-08	-2.0359e-08	-2.0486e-08	-2.0257e-08	-1.9719e-08	-1.9154e-08	-1.8819e-08	-1.8718e-08	-1.8864e-08
-2.34e-08	-2.3846e-08	-2.4612e-08	-2.5229e-08	-2.5379e-08	-2.5217e-08	-2.5005e-08	-2.4962e-08	-2.5131e-08	-2.5271e-08	-2.5189e-08	-2.4929e-08	-2.493e-08	-2.5216e-08	-2.546e-08	-2.546e-08	-2.5186e-08	-2.481e-08	-2.4517e-08	-2.4323e-08	-2.4206e-08	-2.415e-08	-2.4033e-08	-2.3831e-08	-2.371e-08	-2.3922e-08	-2.4874e-08	-2.6748e-08	-2.9378e-08	-3.245e-08	-3.5578e-08	-3.8435e-08	-4.0781e-08	-4.2303e-08	-4.2601e-08	-4.1558e-08	-3.9485e-08	-3.6633e-08	-3.3178e-08	-2.9326e-08	-2.5255e-08	-2.1206e-08	-1.7311e-08	-1.3545e-08	-9.8389e-09	-6.1214e-09	-2.5131e-09	8.7236e-10	4.1144e-09	7.3846e-09	1.0734e-08	1.4074e-08	1.7387e-08	2.0598e-08	2.3516e-08	2.628e-08	2.9277e-08	3.2441e-08	3.5549e-08	3.8699e-08	4.1956e-08	4.5149e-08	4.8039e-08	5.0603e-08	5.2957e-08	5.5055e-08	5.6714e-08	5.7971e-08	5.908e-08	5.9911e-08	5.9917e-08	5.8901e-08	5.7039e-08	5.451e-08	5.1399e-08	4.7879e-08	4.418e-08	4.0365e-08	3.6449e-08	3.2521e-08	2.8609e-08	2.469e-08	2.0736e-08	1.6755e-08	1.2765e-08	8.7651e-09	4.612e-09	1.1645e-10	-4.6605e-09	-9.433e-09	-1.3761e-08	-1.7417e-08	-2.0141e-08	-2.1698e-08	-2.2462e-08	-2.2749e-08	-2.2737e-08	-2.2554e-08	-2.2354e-08	-2.2235e-08	-2.2132e-08	-2.1998e-08	-2.1849e-08	-2.1618e-08	-2.1394e-08	-2.1506e-08	-2.1894e-08	-2.2195e-08	-2.2137e-08	-2.1906e-08	-2.1796e-08	-2.1699e-08	-2.137e-08	-2.0755e-08	-2.0161e-08	-2.0056e-08	-2.0449e-08	-2.0989e-08	-2.1269e-08	-2.112e-08	-2.0846e-08	-2.0843e-08	-2.1167e-08	-2.1576e-08	-2.1764e-08	-2.1676e-08	-2.1343e-08	-2.0748e-08	-2.0092e-08	-1.984e-08	-2.0193e-08	-2.086e-08	-2.1321e-08	-2.1284e-08	-2.0904e-08	-2.0408e-08	-1.9892e-08	-1.9487e-08	-1.9388e-08	-1.9637e-08	-1.9979e-08	-2.0135e-08	-1.9977e-08	-1.9606e-08	-1.9281e-08	-1.914e-08	-1.9112e-08	-1.9205e-08	-1.961e-08	-2.0558e-08	-2.1897e-08	-2.3186e-08	-2.401e-08	-2.4373e-08	-2.447e-08	-2.4546e-08	-2.4779e-08	-2.5014e-08	-2.4955e-08	-2.4447e-08	-2.3544e-08	-2.2437e-08	-2.1386e-08	-2.0767e-08	-2.0575e-08	-2.042e-08	-2.0045e-08	-1.9576e-08	-1.9253e-08	-1.9257e-08	-1.9637e-08	-2.021e-08	-2.071e-08	-2.0946e-08	-2.0773e-08	-2.0244e-08	-1.9662e-08	-1.9292e-08	-1.9135e-08	-1.9188e-08
-2.3467e-08	-2.3849e-08	-2.4582e-08	-2.5227e-08	-2.5449e-08	-2.5348e-08	-2.5165e-08	-2.5143e-08	-2.5351e-08	-2.5526e-08	-2.5423e-08	-2.5092e-08	-2.5021e-08	-2.5304e-08	-2.5613e-08	-2.5664e-08	-2.5391e-08	-2.4986e-08	-2.4662e-08	-2.4438e-08	-2.4289e-08	-2.4217e-08	-2.4118e-08	-2.3959e-08	-2.3873e-08	-2.409e-08	-2.5014e-08	-2.6834e-08	-2.9395e-08	-3.2401e-08	-3.5498e-08	-3.838e-08	-4.0813e-08	-4.2473e-08	-4.2915e-08	-4.2001e-08	-4.0057e-08	-3.7334e-08	-3.397e-08	-3.0145e-08	-2.6041e-08	-2.193e-08	-1.7983e-08	-1.4203e-08	-1.0493e-08	-6.7628e-09	-3.1375e-09	2.6272e-10	3.5205e-09	6.7945e-09	1.0137e-08	1.3471e-08	1.6786e-08	2.0016e-08	2.2949e-08	2.5699e-08	2.867e-08	3.1832e-08	3.496e-08	3.8124e-08	4.1388e-08	4.4588e-08	4.7481e-08	5.0046e-08	5.2417e-08	5.4564e-08	5.6316e-08	5.7695e-08	5.8916e-08	5.9847e-08	5.9957e-08	5.9029e-08	5.7225e-08	5.4737e-08	5.1665e-08	4.8174e-08	4.4486e-08	4.0689e-08	3.6811e-08	3.2922e-08	2.9034e-08	2.5127e-08	2.1194e-08	1.7248e-08	1.3291e-08	9.3123e-09	5.1751e-09	7.0515e-10	-4.0517e-09	-8.8444e-09	-1.3254e-08	-1.7029e-08	-1.9898e-08	-2.1606e-08	-2.2457e-08	-2.2773e-08	-2.2752e-08	-2.255e-08	-2.2339e-08	-2.2212e-08	-2.2104e-08	-2.1965e-08	-2.181e-08	-2.1584e-08	-2.1369e-08	-2.1472e-08	-2.1847e-08	-2.2151e-08	-2.2109e-08	-2.188e-08	-2.1761e-08	-2.167e-08	-2.1366e-08	-2.0768e-08	-2.0145e-08	-1.9971e-08	-2.0302e-08	-2.0828e-08	-2.1152e-08	-2.107e-08	-2.0825e-08	-2.0796e-08	-2.1078e-08	-2.1472e-08	-2.1679e-08	-2.1616e-08	-2.1311e-08	-2.0746e-08	-2.0103e-08	-1.9838e-08	-2.0177e-08	-2.0846e-08	-2.1317e-08	-2.1283e-08	-2.0894e-08	-2.0392e-08	-1.988e-08	-1.9471e-08	-1.9353e-08	-1.9571e-08	-1.9878e-08	-2.0001e-08	-1.9823e-08	-1.9458e-08	-1.9153e-08	-1.9036e-08	-1.9023e-08	-1.9111e-08	-1.9476e-08	-2.035e-08	-2.1616e-08	-2.2867e-08	-2.371e-08	-2.4118e-08	-2.4244e-08	-2.4297e-08	-2.4455e-08	-2.4626e-08	-2.456e-08	-2.4094e-08	-2.3252e-08	-2.2205e-08	-2.1206e-08	-2.0628e-08	-2.0473e-08	-2.0355e-08	-1.9993e-08	-1.9506e-08	-1.9176e-08	-1.9219e-08	-1.9689e-08	-2.0396e-08	-2.1043e-08	-2.1396e-08	-2.1287e-08	-2.078e-08	-2.0195e-08	-1.9802e-08	-1.9596e-08	-1.9555e-08
-2.3562e-08	-2.3876e-08	-2.4564e-08	-2.5221e-08	-2.55e-08	-2.5456e-08	-2.5303e-08	-2.5303e-08	-2.5543e-08	-2.5751e-08	-2.5638e-08	-2.5247e-08	-2.5107e-08	-2.5373e-08	-2.5731e-08	-2.583e-08	-2.5568e-08	-2.5144e-08	-2.4796e-08	-2.4545e-08	-2.4365e-08	-2.4275e-08	-2.4191e-08	-2.4072e-08	-2.4017e-08	-2.4234e-08	-2.5119e-08	-2.6866e-08	-2.9334e-08	-3.2246e-08	-3.5278e-08	-3.8152e-08	-4.0642e-08	-4.2412e-08	-4.2982e-08	-4.2194e-08	-4.0373e-08	-3.7772e-08	-3.4497e-08	-3.0709e-08	-2.6589e-08	-2.2433e-08	-1.8449e-08	-1.4668e-08	-1.0974e-08	-7.2523e-09	-3.6233e-09	-2.1187e-10	3.0634e-09	6.3437e-09	9.679e-09	1.3005e-08	1.6324e-08	1.9574e-08	2.2529e-08	2.5278e-08	2.8233e-08	3.1396e-08	3.4545e-08	3.7724e-08	4.0995e-08	4.4196e-08	4.7088e-08	4.9647e-08	5.2017e-08	5.4189e-08	5.6009e-08	5.7484e-08	5.8786e-08	5.9781e-08	5.9963e-08	5.9108e-08	5.736e-08	5.4914e-08	5.1886e-08	4.843e-08	4.476e-08	4.0984e-08	3.7144e-08	3.3295e-08	2.9431e-08	2.5534e-08	2.1613e-08	1.7687e-08	1.3752e-08	9.7865e-09	5.6631e-09	1.2207e-09	-3.5081e-09	-8.3056e-09	-1.2778e-08	-1.6654e-08	-1.9651e-08	-2.1492e-08	-2.2417e-08	-2.2751e-08	-2.272e-08	-2.2507e-08	-2.2292e-08	-2.2165e-08	-2.2056e-08	-2.1917e-08	-2.1764e-08	-2.1549e-08	-2.1347e-08	-2.1438e-08	-2.1794e-08	-2.2093e-08	-2.2067e-08	-2.1848e-08	-2.1727e-08	-2.1651e-08	-2.1379e-08	-2.0801e-08	-2.0144e-08	-1.989e-08	-2.0143e-08	-2.0641e-08	-2.1004e-08	-2.0993e-08	-2.0787e-08	-2.0733e-08	-2.0963e-08	-2.1328e-08	-2.1543e-08	-2.1506e-08	-2.124e-08	-2.0721e-08	-2.0105e-08	-1.983e-08	-2.0146e-08	-2.0803e-08	-2.1275e-08	-2.1245e-08	-2.0854e-08	-2.0358e-08	-1.986e-08	-1.9457e-08	-1.9323e-08	-1.9506e-08	-1.9773e-08	-1.9859e-08	-1.9662e-08	-1.9305e-08	-1.9025e-08	-1.8932e-08	-1.8935e-08	-1.9017e-08	-1.9341e-08	-2.0132e-08	-2.131e-08	-2.2505e-08	-2.3351e-08	-2.3796e-08	-2.3949e-08	-2.3976e-08	-2.4056e-08	-2.4158e-08	-2.4081e-08	-2.3663e-08	-2.2894e-08	-2.1921e-08	-2.0984e-08	-2.0451e-08	-2.0332e-08	-2.0248e-08	-1.9898e-08	-1.9395e-08	-1.9062e-08	-1.9148e-08	-1.9714e-08	-2.0558e-08	-2.1355e-08	-2.1829e-08	-2.1792e-08	-2.1316e-08	-2.0741e-08	-2.0338e-08	-2.0091e-08	-1.9955e-08
-2.3681e-08	-2.3927e-08	-2.4559e-08	-2.521e-08	-2.5531e-08	-2.5536e-08	-2.5415e-08	-2.5434e-08	-2.5702e-08	-2.5941e-08	-2.5826e-08	-2.5391e-08	-2.5184e-08	-2.5423e-08	-2.5812e-08	-2.5953e-08	-2.5709e-08	-2.5279e-08	-2.4914e-08	-2.4641e-08	-2.4432e-08	-2.4322e-08	-2.425e-08	-2.4166e-08	-2.4137e-08	-2.435e-08	-2.5183e-08	-2.6839e-08	-2.919e-08	-3.1977e-08	-3.4908e-08	-3.774e-08	-4.0251e-08	-4.2098e-08	-4.2779e-08	-4.2109e-08	-4.0405e-08	-3.7918e-08	-3.4734e-08	-3.099e-08	-2.6873e-08	-2.2692e-08	-1.8689e-08	-1.4924e-08	-1.1267e-08	-7.5759e-09	-3.959e-09	-5.4223e-10	2.7507e-09	6.0391e-09	9.3663e-09	1.2684e-08	1.6005e-08	1.9274e-08	2.2256e-08	2.5017e-08	2.7964e-08	3.1132e-08	3.4303e-08	3.7496e-08	4.077e-08	4.3969e-08	4.6856e-08	4.9401e-08	5.1754e-08	5.3928e-08	5.5791e-08	5.7338e-08	5.8691e-08	5.9716e-08	5.9941e-08	5.9143e-08	5.7446e-08	5.5044e-08	5.2063e-08	4.865e-08	4.5004e-08	4.1252e-08	3.745e-08	3.3641e-08	2.9802e-08	2.5912e-08	2.1996e-08	1.808e-08	1.4153e-08	1.0194e-08	6.0819e-09	1.668e-09	-3.0268e-09	-7.8161e-09	-1.2336e-08	-1.6297e-08	-1.9404e-08	-2.1363e-08	-2.2349e-08	-2.2692e-08	-2.265e-08	-2.2429e-08	-2.2219e-08	-2.2096e-08	-2.199e-08	-2.1856e-08	-2.171e-08	-2.1512e-08	-2.1327e-08	-2.1407e-08	-2.1737e-08	-2.2026e-08	-2.2014e-08	-2.1809e-08	-2.1693e-08	-2.1638e-08	-2.1404e-08	-2.085e-08	-2.0161e-08	-1.9817e-08	-1.998e-08	-2.0436e-08	-2.083e-08	-2.0895e-08	-2.0736e-08	-2.066e-08	-2.0833e-08	-2.1156e-08	-2.1369e-08	-2.1357e-08	-2.1136e-08	-2.0677e-08	-2.01e-08	-1.982e-08	-2.0106e-08	-2.0737e-08	-2.1203e-08	-2.1178e-08	-2.0793e-08	-2.031e-08	-1.9836e-08	-1.9446e-08	-1.93e-08	-1.9446e-08	-1.9668e-08	-1.9714e-08	-1.9497e-08	-1.9151e-08	-1.8899e-08	-1.8831e-08	-1.8849e-08	-1.8927e-08	-1.9209e-08	-1.9912e-08	-2.0987e-08	-2.2112e-08	-2.2945e-08	-2.342e-08	-2.3597e-08	-2.3598e-08	-2.3598e-08	-2.3624e-08	-2.3535e-08	-2.3168e-08	-2.2482e-08	-2.1592e-08	-2.0727e-08	-2.0243e-08	-2.016e-08	-2.0107e-08	-1.9769e-08	-1.9251e-08	-1.8917e-08	-1.905e-08	-1.9713e-08	-2.0694e-08	-2.1642e-08	-2.2239e-08	-2.2279e-08	-2.1844e-08	-2.1289e-08	-2.0887e-08	-2.0607e-08	-2.038e-08
-2.3825e-08	-2.4004e-08	-2.4568e-08	-2.5195e-08	-2.5541e-08	-2.5586e-08	-2.5495e-08	-2.5531e-08	-2.5821e-08	-2.6089e-08	-2.5983e-08	-2.5518e-08	-2.5252e-08	-2.5452e-08	-2.5853e-08	-2.6029e-08	-2.581e-08	-2.5386e-08	-2.5014e-08	-2.4725e-08	-2.4489e-08	-2.4358e-08	-2.4294e-08	-2.4239e-08	-2.4233e-08	-2.4436e-08	-2.5207e-08	-2.6754e-08	-2.8966e-08	-3.1599e-08	-3.4398e-08	-3.7152e-08	-3.9651e-08	-4.1546e-08	-4.2318e-08	-4.176e-08	-4.0167e-08	-3.7789e-08	-3.4693e-08	-3.1003e-08	-2.6908e-08	-2.2721e-08	-1.8716e-08	-1.4982e-08	-1.138e-08	-7.7419e-09	-4.1529e-09	-7.3761e-10	2.5719e-09	5.8698e-09	9.1882e-09	1.2495e-08	1.5816e-08	1.9104e-08	2.2118e-08	2.49e-08	2.7847e-08	3.1022e-08	3.4215e-08	3.7421e-08	4.0695e-08	4.3888e-08	4.6765e-08	4.929e-08	5.1615e-08	5.3772e-08	5.5656e-08	5.7252e-08	5.8632e-08	5.9657e-08	5.9899e-08	5.9141e-08	5.749e-08	5.5132e-08	5.2201e-08	4.8835e-08	4.5221e-08	4.1495e-08	3.7731e-08	3.3962e-08	3.0148e-08	2.6265e-08	2.2348e-08	1.8431e-08	1.4503e-08	1.0543e-08	6.4384e-09	2.0523e-09	-2.6046e-09	-7.3752e-09	-1.1927e-08	-1.5959e-08	-1.9161e-08	-2.1223e-08	-2.2259e-08	-2.2604e-08	-2.2546e-08	-2.2323e-08	-2.2122e-08	-2.2009e-08	-2.1911e-08	-2.1784e-08	-2.165e-08	-2.1475e-08	-2.131e-08	-2.1377e-08	-2.1678e-08	-2.1952e-08	-2.1952e-08	-2.1763e-08	-2.1658e-08	-2.1631e-08	-2.144e-08	-2.0915e-08	-2.0195e-08	-1.9757e-08	-1.9818e-08	-2.0219e-08	-2.0637e-08	-2.0779e-08	-2.0675e-08	-2.0583e-08	-2.0695e-08	-2.0967e-08	-2.1168e-08	-2.1178e-08	-2.1008e-08	-2.0618e-08	-2.0093e-08	-1.9812e-08	-2.0062e-08	-2.0658e-08	-2.111e-08	-2.1089e-08	-2.0714e-08	-2.0253e-08	-1.981e-08	-1.9441e-08	-1.9286e-08	-1.9395e-08	-1.9569e-08	-1.9572e-08	-1.9334e-08	-1.9e-08	-1.8778e-08	-1.8736e-08	-1.877e-08	-1.8843e-08	-1.9085e-08	-1.9694e-08	-2.0657e-08	-2.1697e-08	-2.2506e-08	-2.3001e-08	-2.3199e-08	-2.3175e-08	-2.3095e-08	-2.3043e-08	-2.2939e-08	-2.2625e-08	-2.2027e-08	-2.1227e-08	-2.0441e-08	-2.001e-08	-1.9962e-08	-1.9939e-08	-1.9614e-08	-1.9084e-08	-1.875e-08	-1.893e-08	-1.969e-08	-2.0806e-08	-2.19e-08	-2.262e-08	-2.2741e-08	-2.2353e-08	-2.1828e-08	-2.1438e-08	-2.1134e-08	-2.0819e-08
-2.399e-08	-2.4105e-08	-2.4593e-08	-2.5178e-08	-2.553e-08	-2.5605e-08	-2.5542e-08	-2.5594e-08	-2.5901e-08	-2.6196e-08	-2.6107e-08	-2.5627e-08	-2.5308e-08	-2.5462e-08	-2.5857e-08	-2.606e-08	-2.5872e-08	-2.5465e-08	-2.5096e-08	-2.4796e-08	-2.4536e-08	-2.4383e-08	-2.4324e-08	-2.4293e-08	-2.4306e-08	-2.4496e-08	-2.5196e-08	-2.6621e-08	-2.8675e-08	-3.113e-08	-3.3766e-08	-3.6413e-08	-3.8871e-08	-4.0785e-08	-4.163e-08	-4.1176e-08	-3.9689e-08	-3.7415e-08	-3.4408e-08	-3.0779e-08	-2.672e-08	-2.2547e-08	-1.8555e-08	-1.4864e-08	-1.1334e-08	-7.7665e-09	-4.2197e-09	-8.1306e-10	2.5113e-09	5.8201e-09	9.1293e-09	1.2424e-08	1.5744e-08	1.9048e-08	2.2096e-08	2.4907e-08	2.786e-08	3.1046e-08	3.4261e-08	3.748e-08	4.0752e-08	4.3934e-08	4.6799e-08	4.93e-08	5.1587e-08	5.3713e-08	5.5598e-08	5.7223e-08	5.8608e-08	5.9608e-08	5.9842e-08	5.9109e-08	5.7499e-08	5.5184e-08	5.2305e-08	4.899e-08	4.5412e-08	4.1715e-08	3.7989e-08	3.426e-08	3.0473e-08	2.6595e-08	2.2671e-08	1.8745e-08	1.4809e-08	1.084e-08	6.7391e-09	2.3791e-09	-2.238e-09	-6.9819e-09	-1.1554e-08	-1.5643e-08	-1.8927e-08	-2.1078e-08	-2.2155e-08	-2.2493e-08	-2.2417e-08	-2.2192e-08	-2.2006e-08	-2.1909e-08	-2.1821e-08	-2.1705e-08	-2.1587e-08	-2.1438e-08	-2.1295e-08	-2.1351e-08	-2.1619e-08	-2.1872e-08	-2.1882e-08	-2.1713e-08	-2.1623e-08	-2.1627e-08	-2.1484e-08	-2.0993e-08	-2.0246e-08	-1.9712e-08	-1.9664e-08	-1.9998e-08	-2.0429e-08	-2.0648e-08	-2.0608e-08	-2.0507e-08	-2.0557e-08	-2.077e-08	-2.0951e-08	-2.0979e-08	-2.0861e-08	-2.0549e-08	-2.0085e-08	-1.981e-08	-2.002e-08	-2.0572e-08	-2.1003e-08	-2.0987e-08	-2.0626e-08	-2.0191e-08	-1.9786e-08	-1.9443e-08	-1.9284e-08	-1.9356e-08	-1.948e-08	-1.9437e-08	-1.9177e-08	-1.8856e-08	-1.8666e-08	-1.8652e-08	-1.87e-08	-1.8769e-08	-1.897e-08	-1.9484e-08	-2.0328e-08	-2.1273e-08	-2.2045e-08	-2.2551e-08	-2.2767e-08	-2.272e-08	-2.2561e-08	-2.243e-08	-2.2308e-08	-2.2048e-08	-2.1541e-08	-2.0836e-08	-2.0133e-08	-1.9756e-08	-1.9743e-08	-1.9749e-08	-1.9439e-08	-1.89e-08	-1.8567e-08	-1.8793e-08	-1.9648e-08	-2.0895e-08	-2.2129e-08	-2.2967e-08	-2.3168e-08	-2.2833e-08	-2.2347e-08	-2.1978e-08	-2.1658e-08	-2.1264e-08
-2.4173e-08	-2.4228e-08	-2.4634e-08	-2.5161e-08	-2.5502e-08	-2.5597e-08	-2.556e-08	-2.5627e-08	-2.5946e-08	-2.6266e-08	-2.62e-08	-2.5718e-08	-2.5354e-08	-2.5456e-08	-2.5832e-08	-2.6051e-08	-2.5897e-08	-2.5517e-08	-2.5159e-08	-2.4854e-08	-2.4573e-08	-2.44e-08	-2.4342e-08	-2.4331e-08	-2.4359e-08	-2.4532e-08	-2.5156e-08	-2.6448e-08	-2.8329e-08	-3.0586e-08	-3.3036e-08	-3.5549e-08	-3.7938e-08	-3.9846e-08	-4.0746e-08	-4.0387e-08	-3.9003e-08	-3.6828e-08	-3.3909e-08	-3.0348e-08	-2.6339e-08	-2.2196e-08	-1.823e-08	-1.4593e-08	-1.1148e-08	-7.6666e-09	-4.1748e-09	-7.8372e-10	2.5533e-09	5.8742e-09	9.1741e-09	1.2454e-08	1.577e-08	1.9088e-08	2.2172e-08	2.5018e-08	2.7985e-08	3.1183e-08	3.442e-08	3.7652e-08	4.0919e-08	4.4089e-08	4.6939e-08	4.9413e-08	5.1656e-08	5.3739e-08	5.5609e-08	5.7244e-08	5.8617e-08	5.9571e-08	5.9776e-08	5.9053e-08	5.7477e-08	5.5205e-08	5.2377e-08	4.9118e-08	4.558e-08	4.1915e-08	3.8227e-08	3.4537e-08	3.0778e-08	2.6905e-08	2.2971e-08	1.9029e-08	1.5075e-08	1.1092e-08	6.991e-09	2.654e-09	-1.9232e-09	-6.6349e-09	-1.1217e-08	-1.5352e-08	-1.8706e-08	-2.0933e-08	-2.2043e-08	-2.2366e-08	-2.2268e-08	-2.2042e-08	-2.1876e-08	-2.1798e-08	-2.1724e-08	-2.1622e-08	-2.1521e-08	-2.1402e-08	-2.1283e-08	-2.1328e-08	-2.1561e-08	-2.179e-08	-2.1807e-08	-2.1659e-08	-2.1587e-08	-2.1625e-08	-2.1534e-08	-2.1082e-08	-2.0314e-08	-1.9685e-08	-1.9522e-08	-1.978e-08	-2.0215e-08	-2.0507e-08	-2.0536e-08	-2.0436e-08	-2.0427e-08	-2.0577e-08	-2.073e-08	-2.0771e-08	-2.0705e-08	-2.0475e-08	-2.008e-08	-1.9816e-08	-1.9987e-08	-2.0488e-08	-2.0892e-08	-2.0878e-08	-2.0535e-08	-2.013e-08	-1.9768e-08	-1.9457e-08	-1.9297e-08	-1.9334e-08	-1.9406e-08	-1.9315e-08	-1.9032e-08	-1.8723e-08	-1.8567e-08	-1.8581e-08	-1.8642e-08	-1.8707e-08	-1.8868e-08	-1.9287e-08	-2.0008e-08	-2.0849e-08	-2.1575e-08	-2.2084e-08	-2.2313e-08	-2.2244e-08	-2.201e-08	-2.1801e-08	-2.166e-08	-2.1452e-08	-2.1037e-08	-2.0429e-08	-1.981e-08	-1.9489e-08	-1.9511e-08	-1.9546e-08	-1.9254e-08	-1.8709e-08	-1.8377e-08	-1.8647e-08	-1.9592e-08	-2.096e-08	-2.2325e-08	-2.3274e-08	-2.3555e-08	-2.3275e-08	-2.2835e-08	-2.2496e-08	-2.2169e-08	-2.1704e-08
-2.4369e-08	-2.437e-08	-2.4688e-08	-2.5146e-08	-2.5462e-08	-2.5566e-08	-2.5551e-08	-2.5632e-08	-2.5959e-08	-2.6302e-08	-2.6265e-08	-2.5792e-08	-2.539e-08	-2.5437e-08	-2.578e-08	-2.6009e-08	-2.5889e-08	-2.5544e-08	-2.5204e-08	-2.4902e-08	-2.4603e-08	-2.4408e-08	-2.435e-08	-2.4355e-08	-2.4395e-08	-2.4549e-08	-2.5093e-08	-2.6244e-08	-2.7941e-08	-2.9985e-08	-3.2228e-08	-3.4584e-08	-3.6881e-08	-3.876e-08	-3.9698e-08	-3.9426e-08	-3.814e-08	-3.606e-08	-3.3229e-08	-2.9741e-08	-2.5794e-08	-2.1695e-08	-1.7768e-08	-1.4194e-08	-1.0843e-08	-7.4593e-09	-4.0334e-09	-6.6479e-10	2.6823e-09	6.0164e-09	9.3073e-09	1.257e-08	1.5879e-08	1.921e-08	2.233e-08	2.5215e-08	2.82e-08	3.1413e-08	3.4674e-08	3.7918e-08	4.1178e-08	4.4332e-08	4.7166e-08	4.9613e-08	5.1809e-08	5.3841e-08	5.5682e-08	5.7312e-08	5.8658e-08	5.9549e-08	5.9706e-08	5.8979e-08	5.7431e-08	5.52e-08	5.2424e-08	4.9221e-08	4.5728e-08	4.2097e-08	3.8446e-08	3.4796e-08	3.1064e-08	2.7197e-08	2.325e-08	1.9288e-08	1.531e-08	1.1307e-08	7.2007e-09	2.8828e-09	-1.6564e-09	-6.3323e-09	-1.0915e-08	-1.5088e-08	-1.85e-08	-2.0793e-08	-2.1928e-08	-2.2232e-08	-2.2107e-08	-2.1879e-08	-2.1735e-08	-2.1681e-08	-2.1624e-08	-2.1536e-08	-2.1456e-08	-2.1367e-08	-2.1274e-08	-2.1309e-08	-2.1506e-08	-2.1706e-08	-2.1729e-08	-2.1601e-08	-2.155e-08	-2.1624e-08	-2.1586e-08	-2.1179e-08	-2.0398e-08	-1.9677e-08	-1.9398e-08	-1.9571e-08	-1.9999e-08	-2.0361e-08	-2.0465e-08	-2.0375e-08	-2.0312e-08	-2.0397e-08	-2.0516e-08	-2.0563e-08	-2.0546e-08	-2.04e-08	-2.0082e-08	-1.9836e-08	-1.9967e-08	-2.0413e-08	-2.0784e-08	-2.0771e-08	-2.0447e-08	-2.0075e-08	-1.9758e-08	-1.9484e-08	-1.9326e-08	-1.933e-08	-1.935e-08	-1.921e-08	-1.8902e-08	-1.8606e-08	-1.8485e-08	-1.8527e-08	-1.8601e-08	-1.866e-08	-1.8783e-08	-1.9108e-08	-1.9703e-08	-2.0436e-08	-2.1107e-08	-2.161e-08	-2.185e-08	-2.1759e-08	-2.1457e-08	-2.1173e-08	-2.1011e-08	-2.0853e-08	-2.0528e-08	-2.0015e-08	-1.9479e-08	-1.9213e-08	-1.9272e-08	-1.9336e-08	-1.9065e-08	-1.8519e-08	-1.8187e-08	-1.8498e-08	-1.9525e-08	-2.1005e-08	-2.2487e-08	-2.3538e-08	-2.3893e-08	-2.367e-08	-2.3281e-08	-2.298e-08	-2.2656e-08	-2.2128e-08
-2.4576e-08	-2.4527e-08	-2.4757e-08	-2.5135e-08	-2.5412e-08	-2.5515e-08	-2.5519e-08	-2.5613e-08	-2.5946e-08	-2.6309e-08	-2.6303e-08	-2.5848e-08	-2.5416e-08	-2.5407e-08	-2.5708e-08	-2.5937e-08	-2.5851e-08	-2.5546e-08	-2.5233e-08	-2.4938e-08	-2.4627e-08	-2.4411e-08	-2.435e-08	-2.4368e-08	-2.4416e-08	-2.455e-08	-2.5012e-08	-2.6018e-08	-2.7522e-08	-2.9344e-08	-3.1363e-08	-3.3542e-08	-3.5728e-08	-3.7559e-08	-3.8517e-08	-3.8321e-08	-3.7129e-08	-3.5142e-08	-3.2399e-08	-2.8989e-08	-2.5114e-08	-2.1072e-08	-1.7195e-08	-1.3689e-08	-1.0438e-08	-7.1622e-09	-3.8113e-09	-4.7154e-10	2.8827e-09	6.231e-09	9.5132e-09	1.2757e-08	1.6056e-08	1.9396e-08	2.2551e-08	2.5478e-08	2.8486e-08	3.1716e-08	3.5e-08	3.8256e-08	4.1509e-08	4.4645e-08	4.7461e-08	4.9883e-08	5.2032e-08	5.4007e-08	5.581e-08	5.7421e-08	5.8729e-08	5.9543e-08	5.9636e-08	5.8893e-08	5.7367e-08	5.5174e-08	5.2449e-08	4.9304e-08	4.5859e-08	4.2264e-08	3.865e-08	3.5038e-08	3.1334e-08	2.7473e-08	2.3512e-08	1.9525e-08	1.5519e-08	1.149e-08	7.3751e-09	3.0715e-09	-1.4331e-09	-6.0724e-09	-1.065e-08	-1.4853e-08	-1.8314e-08	-2.0663e-08	-2.1817e-08	-2.2095e-08	-2.194e-08	-2.171e-08	-2.1589e-08	-2.1562e-08	-2.1524e-08	-2.1451e-08	-2.1392e-08	-2.1334e-08	-2.1268e-08	-2.1296e-08	-2.1455e-08	-2.1625e-08	-2.1649e-08	-2.1542e-08	-2.1512e-08	-2.1622e-08	-2.164e-08	-2.1282e-08	-2.0497e-08	-1.9692e-08	-1.9296e-08	-1.9378e-08	-1.9789e-08	-2.0214e-08	-2.0396e-08	-2.0328e-08	-2.0219e-08	-2.024e-08	-2.0321e-08	-2.0368e-08	-2.0394e-08	-2.0331e-08	-2.0093e-08	-1.9872e-08	-1.9966e-08	-2.0354e-08	-2.0688e-08	-2.0673e-08	-2.0369e-08	-2.0032e-08	-1.9762e-08	-1.9527e-08	-1.9376e-08	-1.9348e-08	-1.9317e-08	-1.9127e-08	-1.8793e-08	-1.8508e-08	-1.8423e-08	-1.8494e-08	-1.8579e-08	-1.8631e-08	-1.8717e-08	-1.8951e-08	-1.942e-08	-2.0043e-08	-2.0652e-08	-2.1143e-08	-2.1388e-08	-2.1278e-08	-2.0914e-08	-2.0559e-08	-2.0378e-08	-2.0267e-08	-2.0027e-08	-1.9606e-08	-1.9149e-08	-1.8936e-08	-1.903e-08	-1.9125e-08	-1.888e-08	-1.8337e-08	-1.8007e-08	-1.8353e-08	-1.9454e-08	-2.1031e-08	-2.2615e-08	-2.3753e-08	-2.4176e-08	-2.4008e-08	-2.3674e-08	-2.3419e-08	-2.3106e-08	-2.2526e-08
-2.4788e-08	-2.4698e-08	-2.4838e-08	-2.5128e-08	-2.5355e-08	-2.5449e-08	-2.5468e-08	-2.5572e-08	-2.5909e-08	-2.629e-08	-2.6319e-08	-2.5888e-08	-2.5433e-08	-2.5368e-08	-2.5619e-08	-2.584e-08	-2.5786e-08	-2.5525e-08	-2.5245e-08	-2.4964e-08	-2.4644e-08	-2.441e-08	-2.4344e-08	-2.4372e-08	-2.4426e-08	-2.4538e-08	-2.4918e-08	-2.5777e-08	-2.7085e-08	-2.8676e-08	-3.0462e-08	-3.2449e-08	-3.4506e-08	-3.6271e-08	-3.7235e-08	-3.7104e-08	-3.6001e-08	-3.4105e-08	-3.145e-08	-2.8122e-08	-2.4327e-08	-2.0354e-08	-1.6536e-08	-1.3103e-08	-9.9565e-09	-6.7934e-09	-3.5247e-09	-2.1933e-10	3.139e-09	6.5022e-09	9.7765e-09	1.2999e-08	1.6285e-08	1.9632e-08	2.282e-08	2.5789e-08	2.8823e-08	3.2072e-08	3.5379e-08	3.8647e-08	4.1891e-08	4.5009e-08	4.7806e-08	5.0204e-08	5.2309e-08	5.4227e-08	5.5983e-08	5.7565e-08	5.8827e-08	5.9555e-08	5.9572e-08	5.8801e-08	5.729e-08	5.5133e-08	5.2457e-08	4.937e-08	4.5975e-08	4.2418e-08	3.8841e-08	3.5266e-08	3.159e-08	2.7735e-08	2.376e-08	1.9746e-08	1.5709e-08	1.1651e-08	7.5211e-09	3.2262e-09	-1.2489e-09	-5.8527e-09	-1.0422e-08	-1.4648e-08	-1.8151e-08	-2.0548e-08	-2.1716e-08	-2.1964e-08	-2.1774e-08	-2.1539e-08	-2.1442e-08	-2.1445e-08	-2.1427e-08	-2.1371e-08	-2.1333e-08	-2.1306e-08	-2.1266e-08	-2.1287e-08	-2.1409e-08	-2.1546e-08	-2.157e-08	-2.1483e-08	-2.1474e-08	-2.1618e-08	-2.1693e-08	-2.1389e-08	-2.0609e-08	-1.973e-08	-1.9222e-08	-1.9208e-08	-1.959e-08	-2.0071e-08	-2.0334e-08	-2.0299e-08	-2.0154e-08	-2.0114e-08	-2.0154e-08	-2.0195e-08	-2.0257e-08	-2.0273e-08	-2.0118e-08	-1.9928e-08	-1.9989e-08	-2.0316e-08	-2.061e-08	-2.0592e-08	-2.0309e-08	-2.0006e-08	-1.9783e-08	-1.9589e-08	-1.9447e-08	-1.9392e-08	-1.931e-08	-1.907e-08	-1.871e-08	-1.8434e-08	-1.8384e-08	-1.8485e-08	-1.858e-08	-1.8624e-08	-1.8674e-08	-1.8821e-08	-1.9167e-08	-1.968e-08	-2.0223e-08	-2.0694e-08	-2.094e-08	-2.0813e-08	-2.0394e-08	-1.9976e-08	-1.9776e-08	-1.9709e-08	-1.9549e-08	-1.9211e-08	-1.8828e-08	-1.8664e-08	-1.8792e-08	-1.8918e-08	-1.8705e-08	-1.8172e-08	-1.7843e-08	-1.8219e-08	-1.9383e-08	-2.1041e-08	-2.2708e-08	-2.3916e-08	-2.4396e-08	-2.428e-08	-2.4005e-08	-2.3803e-08	-2.3508e-08	-2.2887e-08
-2.5004e-08	-2.4877e-08	-2.4931e-08	-2.5127e-08	-2.5294e-08	-2.537e-08	-2.5399e-08	-2.5513e-08	-2.5851e-08	-2.6249e-08	-2.6313e-08	-2.5913e-08	-2.5442e-08	-2.5322e-08	-2.5518e-08	-2.5723e-08	-2.5699e-08	-2.5485e-08	-2.5242e-08	-2.498e-08	-2.4656e-08	-2.4406e-08	-2.4335e-08	-2.437e-08	-2.4426e-08	-2.4516e-08	-2.4816e-08	-2.5529e-08	-2.664e-08	-2.7998e-08	-2.9543e-08	-3.1327e-08	-3.3244e-08	-3.4927e-08	-3.5882e-08	-3.5806e-08	-3.4788e-08	-3.298e-08	-3.0414e-08	-2.7172e-08	-2.3464e-08	-1.957e-08	-1.5818e-08	-1.2461e-08	-9.419e-09	-6.3715e-09	-3.1897e-09	7.6436e-11	3.4358e-09	6.8144e-09	1.0082e-08	1.328e-08	1.655e-08	1.99e-08	2.3119e-08	2.613e-08	2.9192e-08	3.2461e-08	3.5791e-08	3.9071e-08	4.2306e-08	4.5403e-08	4.8182e-08	5.056e-08	5.2625e-08	5.4488e-08	5.6193e-08	5.7738e-08	5.8949e-08	5.9584e-08	5.9515e-08	5.8709e-08	5.7208e-08	5.5083e-08	5.2452e-08	4.9422e-08	4.6079e-08	4.2562e-08	3.902e-08	3.5483e-08	3.1834e-08	2.7986e-08	2.3997e-08	1.9955e-08	1.5884e-08	1.1794e-08	7.6458e-09	3.3533e-09	-1.0988e-09	-5.6707e-09	-1.0229e-08	-1.4475e-08	-1.8015e-08	-2.0451e-08	-2.163e-08	-2.1844e-08	-2.1616e-08	-2.1372e-08	-2.1299e-08	-2.1333e-08	-2.1337e-08	-2.1298e-08	-2.1281e-08	-2.1283e-08	-2.1268e-08	-2.1283e-08	-2.137e-08	-2.1473e-08	-2.1493e-08	-2.1425e-08	-2.1437e-08	-2.1613e-08	-2.1743e-08	-2.1497e-08	-2.0734e-08	-1.9792e-08	-1.9179e-08	-1.9066e-08	-1.9411e-08	-1.9937e-08	-2.0283e-08	-2.0292e-08	-2.0124e-08	-2.0031e-08	-2.0027e-08	-2.0055e-08	-2.0145e-08	-2.0233e-08	-2.0162e-08	-2.0007e-08	-2.004e-08	-2.0308e-08	-2.0559e-08	-2.0537e-08	-2.0274e-08	-2.0004e-08	-1.9825e-08	-1.9673e-08	-1.9544e-08	-1.9465e-08	-1.9334e-08	-1.9045e-08	-1.8657e-08	-1.8389e-08	-1.8375e-08	-1.8504e-08	-1.8607e-08	-1.864e-08	-1.8656e-08	-1.8722e-08	-1.8949e-08	-1.9354e-08	-1.9831e-08	-2.0276e-08	-2.0518e-08	-2.0374e-08	-1.9909e-08	-1.9438e-08	-1.9224e-08	-1.9196e-08	-1.9107e-08	-1.8844e-08	-1.8524e-08	-1.8403e-08	-1.8563e-08	-1.8723e-08	-1.8547e-08	-1.8031e-08	-1.7704e-08	-1.8105e-08	-1.9318e-08	-2.1039e-08	-2.2766e-08	-2.4024e-08	-2.4546e-08	-2.4477e-08	-2.4262e-08	-2.4119e-08	-2.385e-08	-2.3199e-08
-2.5218e-08	-2.5063e-08	-2.5034e-08	-2.5133e-08	-2.5232e-08	-2.5282e-08	-2.5318e-08	-2.5439e-08	-2.5778e-08	-2.6189e-08	-2.629e-08	-2.5924e-08	-2.5443e-08	-2.5272e-08	-2.5409e-08	-2.5591e-08	-2.5592e-08	-2.5426e-08	-2.5224e-08	-2.4987e-08	-2.4664e-08	-2.44e-08	-2.4324e-08	-2.4364e-08	-2.4419e-08	-2.4487e-08	-2.4711e-08	-2.5282e-08	-2.6198e-08	-2.7324e-08	-2.8625e-08	-3.0199e-08	-3.1966e-08	-3.3557e-08	-3.4488e-08	-3.4458e-08	-3.3519e-08	-3.1799e-08	-2.9322e-08	-2.6169e-08	-2.2554e-08	-1.8747e-08	-1.5068e-08	-1.1787e-08	-8.8479e-09	-5.9155e-09	-2.823e-09	4.0027e-10	3.7578e-09	7.152e-09	1.0413e-08	1.3586e-08	1.6836e-08	2.0186e-08	2.3431e-08	2.6483e-08	2.9574e-08	3.2862e-08	3.6215e-08	3.9508e-08	4.2732e-08	4.5808e-08	4.857e-08	5.0933e-08	5.2965e-08	5.4779e-08	5.6433e-08	5.7935e-08	5.909e-08	5.9631e-08	5.9471e-08	5.8621e-08	5.7125e-08	5.5028e-08	5.244e-08	4.9465e-08	4.6175e-08	4.2699e-08	3.9192e-08	3.569e-08	3.2068e-08	2.8228e-08	2.4225e-08	2.0157e-08	1.6052e-08	1.1926e-08	7.756e-09	3.4592e-09	-9.779e-10	-5.5236e-09	-1.0072e-08	-1.4335e-08	-1.7907e-08	-2.0378e-08	-2.1564e-08	-2.1741e-08	-2.1472e-08	-2.1217e-08	-2.1166e-08	-2.1231e-08	-2.1259e-08	-2.1236e-08	-2.1239e-08	-2.1266e-08	-2.1276e-08	-2.1286e-08	-2.1338e-08	-2.1406e-08	-2.1422e-08	-2.137e-08	-2.14e-08	-2.1604e-08	-2.1788e-08	-2.1604e-08	-2.0869e-08	-1.9878e-08	-1.917e-08	-1.896e-08	-1.9257e-08	-1.9818e-08	-2.0245e-08	-2.0309e-08	-2.0134e-08	-1.9997e-08	-1.9952e-08	-1.9959e-08	-2.0067e-08	-2.0218e-08	-2.0227e-08	-2.0113e-08	-2.0123e-08	-2.0335e-08	-2.0542e-08	-2.0514e-08	-2.0271e-08	-2.0032e-08	-1.9894e-08	-1.9783e-08	-1.9668e-08	-1.9568e-08	-1.9392e-08	-1.9055e-08	-1.8639e-08	-1.8377e-08	-1.8398e-08	-1.8556e-08	-1.8664e-08	-1.8684e-08	-1.8667e-08	-1.8656e-08	-1.8771e-08	-1.9075e-08	-1.9486e-08	-1.9902e-08	-2.0134e-08	-1.9974e-08	-1.9472e-08	-1.896e-08	-1.8736e-08	-1.8744e-08	-1.8717e-08	-1.8515e-08	-1.8247e-08	-1.8161e-08	-1.835e-08	-1.8545e-08	-1.8414e-08	-1.7922e-08	-1.76e-08	-1.8017e-08	-1.9266e-08	-2.1029e-08	-2.279e-08	-2.4074e-08	-2.4621e-08	-2.459e-08	-2.4436e-08	-2.4356e-08	-2.4121e-08	-2.3452e-08
-2.5428e-08	-2.5252e-08	-2.5145e-08	-2.5146e-08	-2.5171e-08	-2.5189e-08	-2.5226e-08	-2.5354e-08	-2.5692e-08	-2.6116e-08	-2.6252e-08	-2.5923e-08	-2.5437e-08	-2.5219e-08	-2.5295e-08	-2.5448e-08	-2.547e-08	-2.5352e-08	-2.5195e-08	-2.4985e-08	-2.4669e-08	-2.4394e-08	-2.4313e-08	-2.4356e-08	-2.4409e-08	-2.4454e-08	-2.4606e-08	-2.504e-08	-2.5768e-08	-2.6667e-08	-2.7726e-08	-2.9086e-08	-3.07e-08	-3.2189e-08	-3.3086e-08	-3.3089e-08	-3.2226e-08	-3.0592e-08	-2.8206e-08	-2.5145e-08	-2.1627e-08	-1.7914e-08	-1.4313e-08	-1.1107e-08	-8.2661e-09	-5.4448e-09	-2.4415e-09	7.3661e-10	4.0897e-09	7.4994e-09	1.0755e-08	1.39e-08	1.7126e-08	2.0472e-08	2.3739e-08	2.6829e-08	2.9948e-08	3.3256e-08	3.6632e-08	3.9937e-08	4.3151e-08	4.6205e-08	4.8951e-08	5.1303e-08	5.3312e-08	5.5086e-08	5.6691e-08	5.8148e-08	5.9248e-08	5.9695e-08	5.9441e-08	5.8544e-08	5.7047e-08	5.4976e-08	5.2426e-08	4.9503e-08	4.6265e-08	4.283e-08	3.9358e-08	3.589e-08	3.2294e-08	2.8463e-08	2.4448e-08	2.0355e-08	1.6217e-08	1.2055e-08	7.8588e-09	3.5507e-09	-8.8074e-10	-5.4081e-09	-9.949e-09	-1.4229e-08	-1.7831e-08	-2.0332e-08	-2.1523e-08	-2.1663e-08	-2.1349e-08	-2.1079e-08	-2.1048e-08	-2.1144e-08	-2.1195e-08	-2.1188e-08	-2.1208e-08	-2.1259e-08	-2.1289e-08	-2.1295e-08	-2.1313e-08	-2.1348e-08	-2.1357e-08	-2.132e-08	-2.1365e-08	-2.1593e-08	-2.1827e-08	-2.1707e-08	-2.1012e-08	-1.9989e-08	-1.92e-08	-1.8895e-08	-1.9135e-08	-1.972e-08	-2.0224e-08	-2.0355e-08	-2.0189e-08	-2.0021e-08	-1.9937e-08	-1.992e-08	-2.0033e-08	-2.0236e-08	-2.0319e-08	-2.0249e-08	-2.0243e-08	-2.0402e-08	-2.0565e-08	-2.0533e-08	-2.0308e-08	-2.0097e-08	-1.9995e-08	-1.9922e-08	-1.9823e-08	-1.9706e-08	-1.9488e-08	-1.9105e-08	-1.866e-08	-1.8403e-08	-1.8457e-08	-1.8643e-08	-1.8753e-08	-1.8758e-08	-1.8709e-08	-1.8627e-08	-1.8639e-08	-1.8851e-08	-1.9199e-08	-1.9584e-08	-1.98e-08	-1.9623e-08	-1.9094e-08	-1.8556e-08	-1.8331e-08	-1.8372e-08	-1.8393e-08	-1.8237e-08	-1.8006e-08	-1.7944e-08	-1.8157e-08	-1.839e-08	-1.831e-08	-1.7852e-08	-1.7537e-08	-1.7965e-08	-1.9234e-08	-2.1014e-08	-2.2781e-08	-2.4062e-08	-2.4614e-08	-2.4612e-08	-2.4518e-08	-2.4506e-08	-2.431e-08	-2.3633e-08
-2.5629e-08	-2.544e-08	-2.5262e-08	-2.5166e-08	-2.5114e-08	-2.5094e-08	-2.5128e-08	-2.526e-08	-2.5596e-08	-2.6031e-08	-2.6202e-08	-2.5911e-08	-2.5425e-08	-2.5164e-08	-2.518e-08	-2.53e-08	-2.5337e-08	-2.5265e-08	-2.5153e-08	-2.4975e-08	-2.467e-08	-2.4389e-08	-2.4305e-08	-2.4349e-08	-2.4397e-08	-2.442e-08	-2.4505e-08	-2.4812e-08	-2.5359e-08	-2.604e-08	-2.6863e-08	-2.8012e-08	-2.947e-08	-3.0852e-08	-3.1704e-08	-3.1731e-08	-3.0938e-08	-2.939e-08	-2.7096e-08	-2.4131e-08	-2.0714e-08	-1.71e-08	-1.358e-08	-1.0446e-08	-7.6968e-09	-4.9793e-09	-2.0623e-09	1.0698e-09	4.4161e-09	7.8411e-09	1.1091e-08	1.4207e-08	1.7406e-08	2.0744e-08	2.4028e-08	2.715e-08	3.0297e-08	3.3623e-08	3.7021e-08	4.0339e-08	4.3542e-08	4.6573e-08	4.9304e-08	5.1654e-08	5.3651e-08	5.5396e-08	5.6959e-08	5.8372e-08	5.9416e-08	5.9773e-08	5.9427e-08	5.8481e-08	5.6981e-08	5.4931e-08	5.2415e-08	4.954e-08	4.6353e-08	4.2959e-08	3.9521e-08	3.6085e-08	3.2514e-08	2.8692e-08	2.4668e-08	2.0553e-08	1.6384e-08	1.2187e-08	7.9612e-09	3.6345e-09	-8.0169e-10	-5.3207e-09	-9.8596e-09	-1.4159e-08	-1.779e-08	-2.0317e-08	-2.1512e-08	-2.1614e-08	-2.1253e-08	-2.0964e-08	-2.095e-08	-2.1076e-08	-2.115e-08	-2.1158e-08	-2.1193e-08	-2.1263e-08	-2.131e-08	-2.131e-08	-2.1297e-08	-2.13e-08	-2.1301e-08	-2.1276e-08	-2.1333e-08	-2.1579e-08	-2.1858e-08	-2.1803e-08	-2.116e-08	-2.0125e-08	-1.927e-08	-1.8878e-08	-1.9053e-08	-1.9648e-08	-2.0224e-08	-2.0431e-08	-2.0294e-08	-2.0111e-08	-1.9995e-08	-1.9947e-08	-2.0054e-08	-2.0292e-08	-2.0443e-08	-2.0419e-08	-2.0405e-08	-2.0516e-08	-2.0638e-08	-2.0599e-08	-2.0393e-08	-2.0205e-08	-2.0133e-08	-2.0093e-08	-2.0011e-08	-1.9881e-08	-1.9624e-08	-1.9199e-08	-1.8726e-08	-1.8473e-08	-1.8558e-08	-1.877e-08	-1.888e-08	-1.8866e-08	-1.8784e-08	-1.8638e-08	-1.8557e-08	-1.8687e-08	-1.8981e-08	-1.9332e-08	-1.9526e-08	-1.9331e-08	-1.8784e-08	-1.8235e-08	-1.8021e-08	-1.8092e-08	-1.8149e-08	-1.802e-08	-1.7808e-08	-1.7759e-08	-1.799e-08	-1.8261e-08	-1.8241e-08	-1.7826e-08	-1.7523e-08	-1.7954e-08	-1.9226e-08	-2.1e-08	-2.2742e-08	-2.3991e-08	-2.4526e-08	-2.4541e-08	-2.4508e-08	-2.4567e-08	-2.4415e-08	-2.3742e-08
-2.582e-08	-2.5623e-08	-2.5382e-08	-2.5193e-08	-2.5061e-08	-2.4999e-08	-2.5026e-08	-2.516e-08	-2.5494e-08	-2.5939e-08	-2.6143e-08	-2.5891e-08	-2.5408e-08	-2.5108e-08	-2.5067e-08	-2.5149e-08	-2.5198e-08	-2.5168e-08	-2.5102e-08	-2.4959e-08	-2.4669e-08	-2.4387e-08	-2.43e-08	-2.4345e-08	-2.4386e-08	-2.4387e-08	-2.4412e-08	-2.4602e-08	-2.498e-08	-2.5456e-08	-2.6053e-08	-2.6997e-08	-2.8303e-08	-2.9575e-08	-3.0374e-08	-3.0415e-08	-2.9687e-08	-2.8223e-08	-2.6024e-08	-2.3158e-08	-1.9844e-08	-1.6333e-08	-1.2897e-08	-9.832e-09	-7.1635e-09	-4.5395e-09	-1.7029e-09	1.3843e-09	4.722e-09	8.1614e-09	1.1407e-08	1.4492e-08	1.7659e-08	2.0985e-08	2.428e-08	2.743e-08	3.0601e-08	3.3943e-08	3.7362e-08	4.0694e-08	4.3886e-08	4.6893e-08	4.9611e-08	5.1965e-08	5.3964e-08	5.5695e-08	5.7226e-08	5.8598e-08	5.9591e-08	5.9864e-08	5.9431e-08	5.8438e-08	5.6933e-08	5.4899e-08	5.2412e-08	4.958e-08	4.6441e-08	4.3088e-08	3.9684e-08	3.6278e-08	3.273e-08	2.8918e-08	2.4888e-08	2.0755e-08	1.6559e-08	1.2328e-08	8.0705e-09	3.7176e-09	-7.3487e-10	-5.2576e-09	-9.8023e-09	-1.4124e-08	-1.7785e-08	-2.0337e-08	-2.1536e-08	-2.1601e-08	-2.1192e-08	-2.088e-08	-2.0878e-08	-2.1031e-08	-2.1127e-08	-2.1148e-08	-2.1196e-08	-2.1279e-08	-2.1338e-08	-2.1331e-08	-2.1289e-08	-2.1262e-08	-2.1257e-08	-2.1241e-08	-2.1305e-08	-2.1561e-08	-2.188e-08	-2.189e-08	-2.1311e-08	-2.0284e-08	-1.9384e-08	-1.8913e-08	-1.9017e-08	-1.9608e-08	-2.0249e-08	-2.0541e-08	-2.0453e-08	-2.0275e-08	-2.0134e-08	-2.0052e-08	-2.0137e-08	-2.0395e-08	-2.0602e-08	-2.0624e-08	-2.0609e-08	-2.068e-08	-2.0763e-08	-2.072e-08	-2.0531e-08	-2.0362e-08	-2.031e-08	-2.0298e-08	-2.0232e-08	-2.0092e-08	-1.9803e-08	-1.9339e-08	-1.8839e-08	-1.8588e-08	-1.8702e-08	-1.8937e-08	-1.9043e-08	-1.9008e-08	-1.8893e-08	-1.8688e-08	-1.8524e-08	-1.8585e-08	-1.8833e-08	-1.915e-08	-1.9316e-08	-1.91e-08	-1.8543e-08	-1.8e-08	-1.7806e-08	-1.7906e-08	-1.7985e-08	-1.7867e-08	-1.7656e-08	-1.7606e-08	-1.7848e-08	-1.8158e-08	-1.8204e-08	-1.7841e-08	-1.7552e-08	-1.7981e-08	-1.9242e-08	-2.0988e-08	-2.2679e-08	-2.387e-08	-2.4365e-08	-2.4387e-08	-2.4412e-08	-2.4546e-08	-2.4443e-08	-2.3781e-08
-2.5996e-08	-2.5798e-08	-2.5504e-08	-2.5227e-08	-2.5015e-08	-2.4909e-08	-2.4925e-08	-2.5058e-08	-2.5388e-08	-2.5844e-08	-2.608e-08	-2.5865e-08	-2.5386e-08	-2.5053e-08	-2.4958e-08	-2.5002e-08	-2.5056e-08	-2.5065e-08	-2.5043e-08	-2.4935e-08	-2.4665e-08	-2.4388e-08	-2.4302e-08	-2.4346e-08	-2.4378e-08	-2.4358e-08	-2.433e-08	-2.4415e-08	-2.464e-08	-2.4926e-08	-2.5312e-08	-2.6062e-08	-2.7222e-08	-2.8386e-08	-2.9126e-08	-2.9172e-08	-2.8502e-08	-2.7122e-08	-2.502e-08	-2.2257e-08	-1.9048e-08	-1.5643e-08	-1.2291e-08	-9.2902e-09	-6.6905e-09	-4.1462e-09	-1.381e-09	1.6641e-09	4.9923e-09	8.4448e-09	1.1687e-08	1.4739e-08	1.7872e-08	2.1181e-08	2.448e-08	2.7652e-08	3.0842e-08	3.4196e-08	3.7635e-08	4.098e-08	4.4162e-08	4.7144e-08	4.9851e-08	5.2218e-08	5.4235e-08	5.5969e-08	5.7483e-08	5.882e-08	5.9766e-08	5.9965e-08	5.9455e-08	5.842e-08	5.6908e-08	5.4887e-08	5.2422e-08	4.9627e-08	4.6533e-08	4.322e-08	3.9849e-08	3.6472e-08	3.2945e-08	2.9143e-08	2.511e-08	2.0964e-08	1.6746e-08	1.2485e-08	8.1938e-09	3.8073e-09	-6.7409e-10	-5.2147e-09	-9.7754e-09	-1.4126e-08	-1.7819e-08	-2.0395e-08	-2.1598e-08	-2.1628e-08	-2.1171e-08	-2.0833e-08	-2.0838e-08	-2.1013e-08	-2.1129e-08	-2.1164e-08	-2.1219e-08	-2.1311e-08	-2.1376e-08	-2.136e-08	-2.1289e-08	-2.1237e-08	-2.1225e-08	-2.1216e-08	-2.1283e-08	-2.1541e-08	-2.1891e-08	-2.1966e-08	-2.1461e-08	-2.0464e-08	-1.9541e-08	-1.9003e-08	-1.9033e-08	-1.9603e-08	-2.03e-08	-2.0681e-08	-2.0663e-08	-2.051e-08	-2.0354e-08	-2.0235e-08	-2.0286e-08	-2.0545e-08	-2.0795e-08	-2.0862e-08	-2.0853e-08	-2.089e-08	-2.0937e-08	-2.089e-08	-2.0719e-08	-2.0563e-08	-2.0524e-08	-2.0534e-08	-2.0483e-08	-2.0337e-08	-2.0019e-08	-1.9519e-08	-1.8993e-08	-1.8743e-08	-1.8884e-08	-1.914e-08	-1.9239e-08	-1.9179e-08	-1.9032e-08	-1.8774e-08	-1.8536e-08	-1.8538e-08	-1.8749e-08	-1.9033e-08	-1.9166e-08	-1.8926e-08	-1.8364e-08	-1.784e-08	-1.7679e-08	-1.7805e-08	-1.7897e-08	-1.7772e-08	-1.7548e-08	-1.7486e-08	-1.7731e-08	-1.8079e-08	-1.8194e-08	-1.7891e-08	-1.7621e-08	-1.8042e-08	-1.9281e-08	-2.098e-08	-2.2597e-08	-2.3706e-08	-2.4143e-08	-2.4161e-08	-2.424e-08	-2.4451e-08	-2.4401e-08	-2.3758e-08
-2.6154e-08	-2.5961e-08	-2.5624e-08	-2.5265e-08	-2.4977e-08	-2.4825e-08	-2.4828e-08	-2.4956e-08	-2.5283e-08	-2.575e-08	-2.6015e-08	-2.5835e-08	-2.5361e-08	-2.4999e-08	-2.4855e-08	-2.4862e-08	-2.4917e-08	-2.4959e-08	-2.4978e-08	-2.4906e-08	-2.4661e-08	-2.4393e-08	-2.4312e-08	-2.4356e-08	-2.4376e-08	-2.4335e-08	-2.4262e-08	-2.4257e-08	-2.4346e-08	-2.4461e-08	-2.4655e-08	-2.5226e-08	-2.6252e-08	-2.7313e-08	-2.7989e-08	-2.8033e-08	-2.7415e-08	-2.6117e-08	-2.4116e-08	-2.1459e-08	-1.8357e-08	-1.5059e-08	-1.1792e-08	-8.848e-09	-6.3025e-09	-3.8205e-09	-1.1147e-09	1.8935e-09	5.2118e-09	8.676e-09	1.1914e-08	1.4933e-08	1.8027e-08	2.1314e-08	2.4612e-08	2.7797e-08	3.1e-08	3.4362e-08	3.7819e-08	4.118e-08	4.435e-08	4.7307e-08	5.0006e-08	5.2394e-08	5.4445e-08	5.6203e-08	5.7719e-08	5.903e-08	5.9936e-08	6.0073e-08	5.9499e-08	5.843e-08	5.6912e-08	5.4899e-08	5.2451e-08	4.9687e-08	4.6632e-08	4.3358e-08	4.0019e-08	3.6669e-08	3.3159e-08	2.9367e-08	2.5334e-08	2.1182e-08	1.6949e-08	1.2661e-08	8.3364e-09	3.9093e-09	-6.139e-10	-5.1878e-09	-9.7763e-09	-1.4162e-08	-1.7891e-08	-2.0491e-08	-2.1699e-08	-2.1696e-08	-2.1191e-08	-2.0825e-08	-2.0832e-08	-2.1024e-08	-2.1158e-08	-2.1203e-08	-2.1264e-08	-2.1357e-08	-2.1422e-08	-2.1393e-08	-2.1296e-08	-2.1223e-08	-2.1206e-08	-2.1203e-08	-2.1268e-08	-2.152e-08	-2.1892e-08	-2.203e-08	-2.1607e-08	-2.0661e-08	-1.9737e-08	-1.9145e-08	-1.9096e-08	-1.9634e-08	-2.0373e-08	-2.0848e-08	-2.0917e-08	-2.0807e-08	-2.0646e-08	-2.0488e-08	-2.0493e-08	-2.0736e-08	-2.1015e-08	-2.1126e-08	-2.1128e-08	-2.1138e-08	-2.1151e-08	-2.1102e-08	-2.0948e-08	-2.0802e-08	-2.0768e-08	-2.0793e-08	-2.0758e-08	-2.0607e-08	-2.0265e-08	-1.9733e-08	-1.9182e-08	-1.8932e-08	-1.9097e-08	-1.9373e-08	-1.9462e-08	-1.9376e-08	-1.9197e-08	-1.889e-08	-1.8587e-08	-1.8541e-08	-1.8722e-08	-1.8976e-08	-1.9071e-08	-1.8805e-08	-1.8242e-08	-1.7749e-08	-1.7629e-08	-1.7783e-08	-1.7877e-08	-1.7733e-08	-1.7481e-08	-1.7397e-08	-1.7637e-08	-1.8021e-08	-1.8208e-08	-1.797e-08	-1.7722e-08	-1.8133e-08	-1.9339e-08	-2.0976e-08	-2.2501e-08	-2.3509e-08	-2.3869e-08	-2.3872e-08	-2.4003e-08	-2.4291e-08	-2.4296e-08	-2.3678e-08
-2.629e-08	-2.6108e-08	-2.5738e-08	-2.5308e-08	-2.4947e-08	-2.4752e-08	-2.4739e-08	-2.4859e-08	-2.5182e-08	-2.5659e-08	-2.5953e-08	-2.5804e-08	-2.5333e-08	-2.4947e-08	-2.4762e-08	-2.4734e-08	-2.4785e-08	-2.4853e-08	-2.4909e-08	-2.4872e-08	-2.4655e-08	-2.4404e-08	-2.4332e-08	-2.4375e-08	-2.4382e-08	-2.4321e-08	-2.4211e-08	-2.4132e-08	-2.4105e-08	-2.4072e-08	-2.4097e-08	-2.451e-08	-2.5417e-08	-2.6382e-08	-2.6993e-08	-2.7028e-08	-2.6456e-08	-2.5238e-08	-2.3341e-08	-2.0795e-08	-1.7802e-08	-1.4608e-08	-1.1425e-08	-8.5309e-09	-6.0225e-09	-3.5823e-09	-9.2044e-10	2.0585e-09	5.3677e-09	8.8416e-09	1.2077e-08	1.5061e-08	1.8113e-08	2.1373e-08	2.4662e-08	2.7853e-08	3.1062e-08	3.4428e-08	3.7901e-08	4.1277e-08	4.4436e-08	4.7367e-08	5.0059e-08	5.2478e-08	5.4581e-08	5.6388e-08	5.7926e-08	5.9224e-08	6.0095e-08	6.0183e-08	5.9562e-08	5.847e-08	5.6947e-08	5.4937e-08	5.2501e-08	4.976e-08	4.6738e-08	4.3501e-08	4.0194e-08	3.6868e-08	3.3373e-08	2.9591e-08	2.5561e-08	2.1407e-08	1.7165e-08	1.2857e-08	8.4978e-09	4.0243e-09	-5.52e-10	-5.1729e-09	-9.8003e-09	-1.4228e-08	-1.7995e-08	-2.0618e-08	-2.1831e-08	-2.18e-08	-2.1249e-08	-2.0852e-08	-2.0857e-08	-2.1061e-08	-2.1209e-08	-2.1264e-08	-2.1326e-08	-2.1416e-08	-2.1476e-08	-2.1432e-08	-2.1309e-08	-2.1218e-08	-2.1199e-08	-2.1199e-08	-2.1258e-08	-2.1498e-08	-2.1886e-08	-2.2081e-08	-2.1747e-08	-2.087e-08	-1.9963e-08	-1.9331e-08	-1.9204e-08	-1.9697e-08	-2.0468e-08	-2.1034e-08	-2.1203e-08	-2.1154e-08	-2.0997e-08	-2.0799e-08	-2.075e-08	-2.0962e-08	-2.1258e-08	-2.1407e-08	-2.1426e-08	-2.1414e-08	-2.1395e-08	-2.1345e-08	-2.1208e-08	-2.107e-08	-2.1035e-08	-2.107e-08	-2.1048e-08	-2.0896e-08	-2.0534e-08	-1.9974e-08	-1.94e-08	-1.915e-08	-1.9337e-08	-1.9629e-08	-1.9707e-08	-1.9594e-08	-1.9384e-08	-1.9033e-08	-1.8671e-08	-1.8586e-08	-1.8746e-08	-1.8973e-08	-1.9028e-08	-1.8732e-08	-1.817e-08	-1.7717e-08	-1.7648e-08	-1.7829e-08	-1.792e-08	-1.7744e-08	-1.7453e-08	-1.7337e-08	-1.7567e-08	-1.7983e-08	-1.8242e-08	-1.8074e-08	-1.785e-08	-1.8249e-08	-1.9414e-08	-2.0978e-08	-2.2395e-08	-2.3285e-08	-2.3555e-08	-2.3532e-08	-2.3711e-08	-2.4075e-08	-2.4138e-08	-2.3549e-08
-2.6403e-08	-2.6235e-08	-2.5845e-08	-2.5354e-08	-2.4928e-08	-2.4691e-08	-2.466e-08	-2.4768e-08	-2.5086e-08	-2.5575e-08	-2.5897e-08	-2.5775e-08	-2.5303e-08	-2.4897e-08	-2.468e-08	-2.4621e-08	-2.4665e-08	-2.4752e-08	-2.4838e-08	-2.4833e-08	-2.4647e-08	-2.4422e-08	-2.4363e-08	-2.4407e-08	-2.4398e-08	-2.4316e-08	-2.4178e-08	-2.4042e-08	-2.3921e-08	-2.3766e-08	-2.3648e-08	-2.3927e-08	-2.4733e-08	-2.5615e-08	-2.6161e-08	-2.6181e-08	-2.5646e-08	-2.4507e-08	-2.2716e-08	-2.0284e-08	-1.7398e-08	-1.4307e-08	-1.1203e-08	-8.3513e-09	-5.8616e-09	-3.4408e-09	-8.0525e-10	2.1538e-09	5.4558e-09	8.9381e-09	1.217e-08	1.5121e-08	1.8129e-08	2.1358e-08	2.4632e-08	2.7824e-08	3.1032e-08	3.4395e-08	3.7884e-08	4.1276e-08	4.4426e-08	4.733e-08	5.0019e-08	5.2477e-08	5.4648e-08	5.6523e-08	5.8104e-08	5.94e-08	6.0244e-08	6.0294e-08	5.9641e-08	5.8535e-08	5.7009e-08	5.5e-08	5.2569e-08	4.9845e-08	4.6851e-08	4.3648e-08	4.0373e-08	3.7068e-08	3.3586e-08	2.9811e-08	2.5787e-08	2.1637e-08	1.7392e-08	1.3067e-08	8.6749e-09	4.1511e-09	-4.8717e-10	-5.1668e-09	-9.8422e-09	-1.4316e-08	-1.8122e-08	-2.0769e-08	-2.1987e-08	-2.1933e-08	-2.1339e-08	-2.0911e-08	-2.0909e-08	-2.112e-08	-2.128e-08	-2.1343e-08	-2.1403e-08	-2.1486e-08	-2.1535e-08	-2.1473e-08	-2.1326e-08	-2.1221e-08	-2.1201e-08	-2.1204e-08	-2.1255e-08	-2.1477e-08	-2.1872e-08	-2.2122e-08	-2.1879e-08	-2.1085e-08	-2.0215e-08	-1.9556e-08	-1.9352e-08	-1.979e-08	-2.058e-08	-2.1234e-08	-2.1513e-08	-2.1537e-08	-2.1394e-08	-2.1159e-08	-2.1047e-08	-2.1214e-08	-2.1515e-08	-2.1699e-08	-2.1738e-08	-2.1709e-08	-2.166e-08	-2.1609e-08	-2.1491e-08	-2.1359e-08	-2.1318e-08	-2.1357e-08	-2.1349e-08	-2.1197e-08	-2.082e-08	-2.0236e-08	-1.9641e-08	-1.939e-08	-1.9597e-08	-1.9904e-08	-1.9969e-08	-1.9829e-08	-1.9587e-08	-1.9196e-08	-1.8784e-08	-1.8667e-08	-1.8814e-08	-1.9017e-08	-1.9031e-08	-1.8702e-08	-1.8143e-08	-1.7736e-08	-1.7726e-08	-1.7937e-08	-1.8017e-08	-1.7801e-08	-1.7462e-08	-1.7307e-08	-1.7519e-08	-1.7962e-08	-1.8293e-08	-1.8196e-08	-1.8001e-08	-1.8385e-08	-1.9503e-08	-2.0984e-08	-2.2283e-08	-2.3041e-08	-2.3208e-08	-2.3153e-08	-2.3373e-08	-2.3812e-08	-2.3933e-08	-2.3377e-08
-2.649e-08	-2.6338e-08	-2.5939e-08	-2.54e-08	-2.4918e-08	-2.4646e-08	-2.4596e-08	-2.4687e-08	-2.4998e-08	-2.5502e-08	-2.585e-08	-2.5751e-08	-2.5274e-08	-2.4849e-08	-2.461e-08	-2.4527e-08	-2.4562e-08	-2.4659e-08	-2.4767e-08	-2.4791e-08	-2.4639e-08	-2.4446e-08	-2.4407e-08	-2.4451e-08	-2.4426e-08	-2.4322e-08	-2.4162e-08	-2.3986e-08	-2.3793e-08	-2.3538e-08	-2.3304e-08	-2.3473e-08	-2.4198e-08	-2.5006e-08	-2.549e-08	-2.549e-08	-2.4983e-08	-2.3916e-08	-2.2232e-08	-1.9917e-08	-1.7138e-08	-1.4144e-08	-1.1118e-08	-8.2999e-09	-5.8124e-09	-3.3902e-09	-7.6425e-10	2.1843e-09	5.4817e-09	8.971e-09	1.2201e-08	1.512e-08	1.8083e-08	2.1278e-08	2.4533e-08	2.7719e-08	3.092e-08	3.4276e-08	3.7779e-08	4.119e-08	4.4331e-08	4.7209e-08	4.9896e-08	5.2398e-08	5.465e-08	5.6611e-08	5.8254e-08	5.956e-08	6.0381e-08	6.0403e-08	5.9731e-08	5.8624e-08	5.7097e-08	5.5085e-08	5.2655e-08	4.9941e-08	4.6969e-08	4.3798e-08	4.0553e-08	3.7268e-08	3.3795e-08	3.0027e-08	2.6011e-08	2.1868e-08	1.7624e-08	1.3288e-08	8.8649e-09	4.2884e-09	-4.1855e-10	-5.1664e-09	-9.8974e-09	-1.442e-08	-1.8265e-08	-2.0935e-08	-2.2159e-08	-2.2087e-08	-2.1455e-08	-2.0997e-08	-2.0986e-08	-2.1199e-08	-2.1366e-08	-2.1436e-08	-2.1493e-08	-2.1564e-08	-2.1599e-08	-2.1516e-08	-2.1345e-08	-2.123e-08	-2.1211e-08	-2.1217e-08	-2.1258e-08	-2.1458e-08	-2.1853e-08	-2.2151e-08	-2.2001e-08	-2.1303e-08	-2.0486e-08	-1.9814e-08	-1.9535e-08	-1.991e-08	-2.0706e-08	-2.1441e-08	-2.1836e-08	-2.1946e-08	-2.1825e-08	-2.1555e-08	-2.1375e-08	-2.1487e-08	-2.178e-08	-2.1994e-08	-2.2055e-08	-2.2013e-08	-2.1936e-08	-2.1885e-08	-2.1787e-08	-2.1661e-08	-2.1609e-08	-2.1648e-08	-2.1653e-08	-2.1504e-08	-2.1115e-08	-2.0511e-08	-1.9897e-08	-1.9646e-08	-1.987e-08	-2.019e-08	-2.0241e-08	-2.0074e-08	-1.9804e-08	-1.9377e-08	-1.892e-08	-1.8777e-08	-1.8919e-08	-1.9103e-08	-1.9074e-08	-1.8711e-08	-1.8153e-08	-1.7799e-08	-1.7854e-08	-1.8096e-08	-1.8162e-08	-1.7899e-08	-1.7503e-08	-1.7305e-08	-1.7492e-08	-1.7959e-08	-1.8357e-08	-1.8333e-08	-1.8168e-08	-1.8536e-08	-1.9602e-08	-2.0994e-08	-2.2166e-08	-2.2786e-08	-2.284e-08	-2.2744e-08	-2.3002e-08	-2.3512e-08	-2.3689e-08	-2.3169e-08
-2.6551e-08	-2.6417e-08	-2.6021e-08	-2.5447e-08	-2.4918e-08	-2.4615e-08	-2.4546e-08	-2.4617e-08	-2.492e-08	-2.5439e-08	-2.5814e-08	-2.5733e-08	-2.5246e-08	-2.4804e-08	-2.4553e-08	-2.4452e-08	-2.4476e-08	-2.4575e-08	-2.4698e-08	-2.4747e-08	-2.463e-08	-2.4476e-08	-2.4461e-08	-2.4508e-08	-2.4463e-08	-2.4337e-08	-2.4162e-08	-2.3959e-08	-2.3714e-08	-2.3382e-08	-2.3055e-08	-2.3137e-08	-2.3798e-08	-2.4546e-08	-2.497e-08	-2.4944e-08	-2.4456e-08	-2.3455e-08	-2.1877e-08	-1.9679e-08	-1.7004e-08	-1.4105e-08	-1.1152e-08	-8.363e-09	-5.8638e-09	-3.4218e-09	-7.901e-10	2.1569e-09	5.4524e-09	8.9476e-09	1.2177e-08	1.5065e-08	1.7984e-08	2.1142e-08	2.4374e-08	2.7551e-08	3.0738e-08	3.4083e-08	3.7597e-08	4.1028e-08	4.4163e-08	4.7014e-08	4.97e-08	5.2251e-08	5.4593e-08	5.6655e-08	5.8377e-08	5.9705e-08	6.0506e-08	6.0508e-08	5.983e-08	5.873e-08	5.7206e-08	5.5189e-08	5.2755e-08	5.0046e-08	4.709e-08	4.3948e-08	4.0732e-08	3.7467e-08	3.4e-08	3.0237e-08	2.6229e-08	2.2096e-08	1.7859e-08	1.3516e-08	9.0644e-09	4.4345e-09	-3.4563e-10	-5.1691e-09	-9.9615e-09	-1.4535e-08	-1.8418e-08	-2.1107e-08	-2.2338e-08	-2.2255e-08	-2.159e-08	-2.1105e-08	-2.1083e-08	-2.1295e-08	-2.1466e-08	-2.1541e-08	-2.1591e-08	-2.1647e-08	-2.1664e-08	-2.1559e-08	-2.1365e-08	-2.1243e-08	-2.1228e-08	-2.1237e-08	-2.1267e-08	-2.1441e-08	-2.183e-08	-2.217e-08	-2.2111e-08	-2.1519e-08	-2.0769e-08	-2.0097e-08	-1.9749e-08	-2.0054e-08	-2.0846e-08	-2.1653e-08	-2.2165e-08	-2.2369e-08	-2.2277e-08	-2.1976e-08	-2.1726e-08	-2.1771e-08	-2.2046e-08	-2.2284e-08	-2.2369e-08	-2.2317e-08	-2.2213e-08	-2.2162e-08	-2.2086e-08	-2.1967e-08	-2.1901e-08	-2.1935e-08	-2.1953e-08	-2.181e-08	-2.1412e-08	-2.0792e-08	-2.0163e-08	-1.9913e-08	-2.0152e-08	-2.0482e-08	-2.0518e-08	-2.0325e-08	-2.0028e-08	-1.957e-08	-1.9074e-08	-1.8912e-08	-1.9053e-08	-1.9222e-08	-1.9152e-08	-1.8755e-08	-1.8198e-08	-1.7898e-08	-1.8024e-08	-1.8298e-08	-1.8348e-08	-1.8032e-08	-1.7575e-08	-1.7328e-08	-1.7487e-08	-1.7972e-08	-1.8432e-08	-1.8479e-08	-1.8346e-08	-1.8698e-08	-1.9709e-08	-2.1007e-08	-2.2047e-08	-2.2523e-08	-2.246e-08	-2.2317e-08	-2.2607e-08	-2.3183e-08	-2.3415e-08	-2.2932e-08
-2.6588e-08	-2.6473e-08	-2.609e-08	-2.5492e-08	-2.4925e-08	-2.4599e-08	-2.4511e-08	-2.4557e-08	-2.4849e-08	-2.5386e-08	-2.5787e-08	-2.5722e-08	-2.522e-08	-2.4763e-08	-2.4507e-08	-2.4396e-08	-2.4409e-08	-2.4504e-08	-2.4634e-08	-2.4702e-08	-2.462e-08	-2.4511e-08	-2.4525e-08	-2.4575e-08	-2.4511e-08	-2.436e-08	-2.4174e-08	-2.3958e-08	-2.3676e-08	-2.3287e-08	-2.289e-08	-2.2907e-08	-2.3522e-08	-2.4221e-08	-2.4588e-08	-2.4533e-08	-2.4055e-08	-2.3113e-08	-2.1637e-08	-1.9555e-08	-1.6983e-08	-1.4173e-08	-1.1291e-08	-8.5267e-09	-6.0041e-09	-3.5262e-09	-8.7525e-10	2.0784e-09	5.3748e-09	8.8749e-09	1.2105e-08	1.4964e-08	1.784e-08	2.0961e-08	2.4166e-08	2.733e-08	3.0499e-08	3.3827e-08	3.7352e-08	4.0804e-08	4.3934e-08	4.6758e-08	4.9443e-08	5.2045e-08	5.4485e-08	5.666e-08	5.8475e-08	5.9834e-08	6.062e-08	6.0608e-08	5.9934e-08	5.8852e-08	5.7333e-08	5.5309e-08	5.2868e-08	5.0158e-08	4.7214e-08	4.4096e-08	4.091e-08	3.7662e-08	3.4198e-08	3.044e-08	2.644e-08	2.2319e-08	1.8093e-08	1.3747e-08	9.2701e-09	4.5875e-09	-2.683e-10	-5.1724e-09	-1.003e-08	-1.4654e-08	-1.8571e-08	-2.1278e-08	-2.2516e-08	-2.2428e-08	-2.1739e-08	-2.1232e-08	-2.1197e-08	-2.1403e-08	-2.1575e-08	-2.1653e-08	-2.1694e-08	-2.1734e-08	-2.1731e-08	-2.16e-08	-2.1384e-08	-2.1258e-08	-2.1249e-08	-2.1262e-08	-2.1282e-08	-2.1427e-08	-2.1804e-08	-2.2179e-08	-2.2209e-08	-2.173e-08	-2.1059e-08	-2.04e-08	-1.9988e-08	-2.022e-08	-2.0995e-08	-2.1863e-08	-2.2491e-08	-2.2794e-08	-2.2739e-08	-2.241e-08	-2.2088e-08	-2.206e-08	-2.2307e-08	-2.2564e-08	-2.2672e-08	-2.2613e-08	-2.2482e-08	-2.2432e-08	-2.2379e-08	-2.2268e-08	-2.2185e-08	-2.2213e-08	-2.2244e-08	-2.2108e-08	-2.1705e-08	-2.1074e-08	-2.0432e-08	-2.0183e-08	-2.0435e-08	-2.0772e-08	-2.0794e-08	-2.0576e-08	-2.0255e-08	-1.977e-08	-1.9242e-08	-1.9065e-08	-1.921e-08	-1.9367e-08	-1.9258e-08	-1.8827e-08	-1.8274e-08	-1.8031e-08	-1.8227e-08	-1.8531e-08	-1.8561e-08	-1.8193e-08	-1.7676e-08	-1.7381e-08	-1.7506e-08	-1.7999e-08	-1.851e-08	-1.8628e-08	-1.8536e-08	-1.8873e-08	-1.9822e-08	-2.1015e-08	-2.1917e-08	-2.225e-08	-2.2077e-08	-2.1893e-08	-2.2206e-08	-2.2828e-08	-2.3104e-08	-2.2662e-08
-2.6603e-08	-2.6507e-08	-2.6145e-08	-2.5534e-08	-2.4938e-08	-2.4595e-08	-2.4491e-08	-2.4508e-08	-2.4788e-08	-2.5342e-08	-2.5771e-08	-2.5719e-08	-2.5199e-08	-2.4727e-08	-2.4475e-08	-2.4361e-08	-2.4363e-08	-2.4448e-08	-2.4578e-08	-2.4658e-08	-2.4611e-08	-2.455e-08	-2.4598e-08	-2.4653e-08	-2.4568e-08	-2.4391e-08	-2.4196e-08	-2.3977e-08	-2.3675e-08	-2.3245e-08	-2.2798e-08	-2.2771e-08	-2.3357e-08	-2.402e-08	-2.4335e-08	-2.4249e-08	-2.3771e-08	-2.2879e-08	-2.15e-08	-1.9531e-08	-1.7059e-08	-1.4333e-08	-1.1519e-08	-8.7764e-09	-6.2212e-09	-3.6939e-09	-1.0119e-09	1.956e-09	5.2559e-09	8.7599e-09	1.1991e-08	1.4826e-08	1.7661e-08	2.0743e-08	2.392e-08	2.7068e-08	3.0215e-08	3.3522e-08	3.7054e-08	4.0528e-08	4.3655e-08	4.6452e-08	4.9137e-08	5.1791e-08	5.4333e-08	5.6629e-08	5.8551e-08	5.995e-08	6.0721e-08	6.0701e-08	6.0041e-08	5.8984e-08	5.7474e-08	5.5442e-08	5.2992e-08	5.0277e-08	4.7337e-08	4.4242e-08	4.1083e-08	3.7851e-08	3.4389e-08	3.0632e-08	2.6642e-08	2.2535e-08	1.8321e-08	1.3978e-08	9.4784e-09	4.7449e-09	-1.8684e-10	-5.1742e-09	-1.01e-08	-1.4771e-08	-1.8715e-08	-2.1432e-08	-2.2677e-08	-2.2597e-08	-2.1897e-08	-2.1375e-08	-2.1326e-08	-2.1522e-08	-2.169e-08	-2.1769e-08	-2.18e-08	-2.182e-08	-2.1793e-08	-2.1637e-08	-2.1401e-08	-2.1275e-08	-2.1274e-08	-2.1292e-08	-2.1303e-08	-2.1421e-08	-2.1778e-08	-2.2175e-08	-2.2285e-08	-2.1927e-08	-2.1349e-08	-2.072e-08	-2.0261e-08	-2.0418e-08	-2.1156e-08	-2.2064e-08	-2.2799e-08	-2.3201e-08	-2.3189e-08	-2.2844e-08	-2.2459e-08	-2.2354e-08	-2.2557e-08	-2.2821e-08	-2.2951e-08	-2.2888e-08	-2.2736e-08	-2.2684e-08	-2.2654e-08	-2.2555e-08	-2.2459e-08	-2.2475e-08	-2.2512e-08	-2.2381e-08	-2.1979e-08	-2.1349e-08	-2.0714e-08	-2.0471e-08	-2.0716e-08	-2.1043e-08	-2.1053e-08	-2.0819e-08	-2.0476e-08	-1.9973e-08	-1.9433e-08	-1.9243e-08	-1.9382e-08	-1.9522e-08	-1.9378e-08	-1.8924e-08	-1.8386e-08	-1.82e-08	-1.8454e-08	-1.8776e-08	-1.8786e-08	-1.8372e-08	-1.7806e-08	-1.7468e-08	-1.7556e-08	-1.8042e-08	-1.8584e-08	-1.8772e-08	-1.8735e-08	-1.906e-08	-1.9935e-08	-2.1013e-08	-2.1776e-08	-2.1973e-08	-2.1704e-08	-2.1487e-08	-2.1809e-08	-2.2455e-08	-2.2765e-08	-2.2371e-08
-2.6599e-08	-2.6521e-08	-2.6187e-08	-2.5573e-08	-2.4957e-08	-2.4603e-08	-2.4484e-08	-2.447e-08	-2.4734e-08	-2.5306e-08	-2.5764e-08	-2.5725e-08	-2.5184e-08	-2.4697e-08	-2.4455e-08	-2.4345e-08	-2.4338e-08	-2.4408e-08	-2.453e-08	-2.4618e-08	-2.4602e-08	-2.4593e-08	-2.4678e-08	-2.4739e-08	-2.4633e-08	-2.4429e-08	-2.4227e-08	-2.4012e-08	-2.3702e-08	-2.3248e-08	-2.2771e-08	-2.272e-08	-2.3291e-08	-2.3928e-08	-2.4196e-08	-2.4079e-08	-2.3593e-08	-2.274e-08	-2.1449e-08	-1.9589e-08	-1.7215e-08	-1.4569e-08	-1.1821e-08	-9.0991e-09	-6.5028e-09	-3.9135e-09	-1.1886e-09	1.8009e-09	5.1055e-09	8.6056e-09	1.1837e-08	1.4657e-08	1.7458e-08	2.0499e-08	2.3645e-08	2.6776e-08	2.9901e-08	3.3184e-08	3.6715e-08	4.0205e-08	4.3331e-08	4.6108e-08	4.8794e-08	5.1496e-08	5.4139e-08	5.6557e-08	5.8589e-08	6.0034e-08	6.0791e-08	6.077e-08	6.0136e-08	5.9111e-08	5.761e-08	5.5573e-08	5.3115e-08	5.0393e-08	4.7456e-08	4.4382e-08	4.1248e-08	3.8025e-08	3.4561e-08	3.0806e-08	2.6828e-08	2.2735e-08	1.8536e-08	1.4196e-08	9.6756e-09	4.8964e-09	-1.0378e-10	-5.1697e-09	-1.0156e-08	-1.4855e-08	-1.8802e-08	-2.1519e-08	-2.2778e-08	-2.2736e-08	-2.2062e-08	-2.154e-08	-2.1472e-08	-2.1646e-08	-2.1805e-08	-2.1883e-08	-2.1903e-08	-2.1902e-08	-2.1849e-08	-2.1668e-08	-2.1419e-08	-2.1295e-08	-2.1301e-08	-2.1324e-08	-2.1331e-08	-2.1424e-08	-2.1754e-08	-2.216e-08	-2.234e-08	-2.2108e-08	-2.1631e-08	-2.1045e-08	-2.0559e-08	-2.0642e-08	-2.133e-08	-2.2259e-08	-2.3083e-08	-2.3579e-08	-2.3616e-08	-2.3265e-08	-2.2825e-08	-2.2642e-08	-2.2792e-08	-2.3052e-08	-2.3198e-08	-2.3135e-08	-2.2965e-08	-2.2911e-08	-2.2902e-08	-2.2817e-08	-2.2711e-08	-2.2713e-08	-2.2755e-08	-2.2631e-08	-2.2233e-08	-2.1611e-08	-2.0988e-08	-2.075e-08	-2.0985e-08	-2.1298e-08	-2.1298e-08	-2.1051e-08	-2.069e-08	-2.0175e-08	-1.9628e-08	-1.9429e-08	-1.9562e-08	-1.9688e-08	-1.9517e-08	-1.9045e-08	-1.8523e-08	-1.8387e-08	-1.8692e-08	-1.9033e-08	-1.9023e-08	-1.8568e-08	-1.7956e-08	-1.7576e-08	-1.7627e-08	-1.81e-08	-1.8665e-08	-1.8912e-08	-1.8925e-08	-1.9238e-08	-2.0038e-08	-2.1002e-08	-2.1633e-08	-2.1707e-08	-2.1351e-08	-2.1101e-08	-2.1422e-08	-2.2081e-08	-2.2421e-08	-2.2075e-08
-2.6579e-08	-2.6511e-08	-2.6209e-08	-2.5607e-08	-2.4986e-08	-2.4627e-08	-2.4493e-08	-2.445e-08	-2.4698e-08	-2.5276e-08	-2.5751e-08	-2.5724e-08	-2.5178e-08	-2.4683e-08	-2.4452e-08	-2.4353e-08	-2.4337e-08	-2.4388e-08	-2.4493e-08	-2.458e-08	-2.4596e-08	-2.4642e-08	-2.4763e-08	-2.4826e-08	-2.4702e-08	-2.4474e-08	-2.4265e-08	-2.4057e-08	-2.3747e-08	-2.3287e-08	-2.2813e-08	-2.2761e-08	-2.3312e-08	-2.3921e-08	-2.4152e-08	-2.4004e-08	-2.3502e-08	-2.2676e-08	-2.1459e-08	-1.9703e-08	-1.7429e-08	-1.4863e-08	-1.218e-08	-9.4785e-09	-6.8347e-09	-4.1735e-09	-1.395e-09	1.6226e-09	4.931e-09	8.4164e-09	1.1647e-08	1.4465e-08	1.7241e-08	2.024e-08	2.3352e-08	2.6465e-08	2.9569e-08	3.2828e-08	3.6348e-08	3.9846e-08	4.2975e-08	4.5738e-08	4.8428e-08	5.1176e-08	5.3914e-08	5.6453e-08	5.8597e-08	6.0093e-08	6.0841e-08	6.0826e-08	6.0226e-08	5.9235e-08	5.7747e-08	5.5707e-08	5.3243e-08	5.0511e-08	4.7573e-08	4.4515e-08	4.1403e-08	3.8187e-08	3.4721e-08	3.0968e-08	2.7001e-08	2.2922e-08	1.8737e-08	1.4404e-08	9.8658e-09	5.0454e-09	-1.8382e-11	-5.1592e-09	-1.0203e-08	-1.4925e-08	-1.8868e-08	-2.1579e-08	-2.2855e-08	-2.2859e-08	-2.2221e-08	-2.1708e-08	-2.1623e-08	-2.1773e-08	-2.1921e-08	-2.1994e-08	-2.2001e-08	-2.1977e-08	-2.1897e-08	-2.1694e-08	-2.1434e-08	-2.1313e-08	-2.1327e-08	-2.1357e-08	-2.136e-08	-2.1432e-08	-2.1734e-08	-2.2143e-08	-2.2386e-08	-2.2273e-08	-2.19e-08	-2.1365e-08	-2.0864e-08	-2.088e-08	-2.1512e-08	-2.2447e-08	-2.3343e-08	-2.3923e-08	-2.401e-08	-2.366e-08	-2.3171e-08	-2.2912e-08	-2.3005e-08	-2.3252e-08	-2.3409e-08	-2.3345e-08	-2.316e-08	-2.3102e-08	-2.3114e-08	-2.3046e-08	-2.2932e-08	-2.2922e-08	-2.2967e-08	-2.2853e-08	-2.2463e-08	-2.1854e-08	-2.1247e-08	-2.1015e-08	-2.1236e-08	-2.1533e-08	-2.1524e-08	-2.1268e-08	-2.0893e-08	-2.0373e-08	-1.9825e-08	-1.9616e-08	-1.9742e-08	-1.9858e-08	-1.9668e-08	-1.9185e-08	-1.868e-08	-1.8585e-08	-1.8932e-08	-1.929e-08	-1.9265e-08	-1.8774e-08	-1.812e-08	-1.7703e-08	-1.7719e-08	-1.8172e-08	-1.8749e-08	-1.9046e-08	-1.9102e-08	-1.9399e-08	-2.0126e-08	-2.098e-08	-2.1491e-08	-2.1456e-08	-2.1026e-08	-2.0745e-08	-2.1056e-08	-2.1716e-08	-2.2079e-08	-2.1782e-08
-2.6548e-08	-2.6483e-08	-2.6214e-08	-2.5636e-08	-2.5022e-08	-2.4663e-08	-2.4514e-08	-2.4446e-08	-2.4676e-08	-2.5252e-08	-2.574e-08	-2.5726e-08	-2.5181e-08	-2.4682e-08	-2.4464e-08	-2.438e-08	-2.4359e-08	-2.4388e-08	-2.4471e-08	-2.455e-08	-2.4595e-08	-2.4693e-08	-2.485e-08	-2.4918e-08	-2.4778e-08	-2.4526e-08	-2.4309e-08	-2.411e-08	-2.3809e-08	-2.3357e-08	-2.29e-08	-2.2861e-08	-2.3403e-08	-2.3998e-08	-2.4201e-08	-2.4026e-08	-2.3504e-08	-2.2693e-08	-2.1538e-08	-1.9876e-08	-1.7694e-08	-1.5203e-08	-1.2578e-08	-9.8943e-09	-7.2027e-09	-4.4671e-09	-1.6298e-09	1.4199e-09	4.7341e-09	8.2056e-09	1.1437e-08	1.4257e-08	1.7012e-08	1.9972e-08	2.3052e-08	2.6145e-08	2.9227e-08	3.2459e-08	3.5965e-08	3.9469e-08	4.2602e-08	4.5357e-08	4.8051e-08	5.0843e-08	5.3671e-08	5.6328e-08	5.8583e-08	6.0136e-08	6.0883e-08	6.0876e-08	6.0312e-08	5.9357e-08	5.7886e-08	5.5845e-08	5.3373e-08	5.0629e-08	4.7688e-08	4.4642e-08	4.1547e-08	3.8338e-08	3.4869e-08	3.1117e-08	2.7159e-08	2.3092e-08	1.8922e-08	1.4597e-08	1.0045e-08	5.1891e-09	6.8102e-11	-5.1416e-09	-1.0238e-08	-1.4976e-08	-1.8907e-08	-2.1607e-08	-2.29e-08	-2.2958e-08	-2.2368e-08	-2.1872e-08	-2.1773e-08	-2.1901e-08	-2.2033e-08	-2.2098e-08	-2.2091e-08	-2.2044e-08	-2.1938e-08	-2.1712e-08	-2.1443e-08	-2.1326e-08	-2.1351e-08	-2.1389e-08	-2.1391e-08	-2.1444e-08	-2.1718e-08	-2.2125e-08	-2.2422e-08	-2.2421e-08	-2.2151e-08	-2.1673e-08	-2.1169e-08	-2.1127e-08	-2.1701e-08	-2.2626e-08	-2.3573e-08	-2.4224e-08	-2.436e-08	-2.4016e-08	-2.3486e-08	-2.3155e-08	-2.3187e-08	-2.3415e-08	-2.3576e-08	-2.3509e-08	-2.331e-08	-2.3248e-08	-2.3279e-08	-2.3231e-08	-2.3114e-08	-2.3093e-08	-2.3143e-08	-2.3039e-08	-2.2661e-08	-2.207e-08	-2.1484e-08	-2.1258e-08	-2.1463e-08	-2.174e-08	-2.1725e-08	-2.1463e-08	-2.1081e-08	-2.0562e-08	-2.0018e-08	-1.9801e-08	-1.9917e-08	-2.0024e-08	-1.9824e-08	-1.9341e-08	-1.8852e-08	-1.8789e-08	-1.9168e-08	-1.9539e-08	-1.9503e-08	-1.8982e-08	-1.8295e-08	-1.7846e-08	-1.7829e-08	-1.8259e-08	-1.8835e-08	-1.9169e-08	-1.9261e-08	-1.954e-08	-2.0193e-08	-2.0944e-08	-2.1348e-08	-2.1223e-08	-2.0736e-08	-2.0428e-08	-2.0722e-08	-2.1371e-08	-2.1751e-08	-2.15e-08
-2.6507e-08	-2.6442e-08	-2.6207e-08	-2.566e-08	-2.5059e-08	-2.4705e-08	-2.4546e-08	-2.4454e-08	-2.4663e-08	-2.5235e-08	-2.5736e-08	-2.5736e-08	-2.5196e-08	-2.4693e-08	-2.449e-08	-2.4426e-08	-2.4404e-08	-2.4411e-08	-2.4466e-08	-2.4533e-08	-2.46e-08	-2.4747e-08	-2.4938e-08	-2.5013e-08	-2.4859e-08	-2.4584e-08	-2.4359e-08	-2.417e-08	-2.3884e-08	-2.3449e-08	-2.3022e-08	-2.3008e-08	-2.3554e-08	-2.4145e-08	-2.4333e-08	-2.4135e-08	-2.3589e-08	-2.2781e-08	-2.1673e-08	-2.0092e-08	-1.7997e-08	-1.5572e-08	-1.3e-08	-1.0331e-08	-7.5933e-09	-4.7834e-09	-1.8845e-09	1.2e-09	4.5215e-09	7.9804e-09	1.1213e-08	1.404e-08	1.678e-08	1.9705e-08	2.2755e-08	2.5829e-08	2.8888e-08	3.2092e-08	3.5579e-08	3.9087e-08	4.2226e-08	4.4976e-08	4.7676e-08	5.0507e-08	5.3419e-08	5.6187e-08	5.855e-08	6.0164e-08	6.0916e-08	6.0919e-08	6.0391e-08	5.9474e-08	5.8023e-08	5.5984e-08	5.3504e-08	5.0747e-08	4.7799e-08	4.476e-08	4.1679e-08	3.8474e-08	3.5004e-08	3.1252e-08	2.7301e-08	2.3244e-08	1.9087e-08	1.4771e-08	1.0209e-08	5.3243e-09	1.5414e-10	-5.1161e-09	-1.0258e-08	-1.5004e-08	-1.8912e-08	-2.1593e-08	-2.2903e-08	-2.3023e-08	-2.2494e-08	-2.2026e-08	-2.192e-08	-2.2026e-08	-2.214e-08	-2.2192e-08	-2.2167e-08	-2.2097e-08	-2.1966e-08	-2.1721e-08	-2.1446e-08	-2.1334e-08	-2.137e-08	-2.1418e-08	-2.1422e-08	-2.146e-08	-2.1708e-08	-2.2108e-08	-2.2449e-08	-2.2549e-08	-2.2379e-08	-2.1965e-08	-2.1469e-08	-2.1378e-08	-2.1893e-08	-2.2793e-08	-2.3768e-08	-2.4474e-08	-2.4655e-08	-2.4321e-08	-2.3757e-08	-2.3361e-08	-2.3332e-08	-2.3532e-08	-2.3692e-08	-2.3621e-08	-2.3407e-08	-2.3339e-08	-2.3389e-08	-2.3363e-08	-2.3249e-08	-2.322e-08	-2.3273e-08	-2.3183e-08	-2.2821e-08	-2.2252e-08	-2.1692e-08	-2.1474e-08	-2.166e-08	-2.1915e-08	-2.1893e-08	-2.1631e-08	-2.1248e-08	-2.0737e-08	-2.0203e-08	-1.9977e-08	-2.008e-08	-2.0181e-08	-1.9981e-08	-1.9505e-08	-1.9035e-08	-1.8993e-08	-1.9391e-08	-1.9772e-08	-1.9727e-08	-1.9186e-08	-1.8474e-08	-1.8002e-08	-1.7957e-08	-1.8358e-08	-1.8923e-08	-1.9279e-08	-1.9397e-08	-1.9654e-08	-2.0236e-08	-2.0891e-08	-2.1204e-08	-2.101e-08	-2.0486e-08	-2.016e-08	-2.0431e-08	-2.1056e-08	-2.1443e-08	-2.1238e-08
-2.6458e-08	-2.6391e-08	-2.6189e-08	-2.5677e-08	-2.5097e-08	-2.4751e-08	-2.4587e-08	-2.4474e-08	-2.4661e-08	-2.5226e-08	-2.5737e-08	-2.5755e-08	-2.5223e-08	-2.4719e-08	-2.4531e-08	-2.449e-08	-2.4471e-08	-2.4456e-08	-2.448e-08	-2.4529e-08	-2.4613e-08	-2.4802e-08	-2.5027e-08	-2.511e-08	-2.4945e-08	-2.4648e-08	-2.4413e-08	-2.4233e-08	-2.3966e-08	-2.3557e-08	-2.317e-08	-2.3192e-08	-2.3751e-08	-2.4351e-08	-2.4536e-08	-2.4318e-08	-2.3745e-08	-2.2931e-08	-2.1855e-08	-2.0341e-08	-1.8321e-08	-1.5957e-08	-1.343e-08	-1.0774e-08	-7.9925e-09	-5.111e-09	-2.1499e-09	9.7033e-10	4.3e-09	7.7478e-09	1.0983e-08	1.3822e-08	1.6553e-08	1.9447e-08	2.2469e-08	2.5525e-08	2.8563e-08	3.1738e-08	3.5202e-08	3.8709e-08	4.1857e-08	4.4608e-08	4.7314e-08	5.0179e-08	5.3167e-08	5.6038e-08	5.8502e-08	6.0178e-08	6.0941e-08	6.0956e-08	6.0463e-08	5.9582e-08	5.8155e-08	5.6119e-08	5.3632e-08	5.0862e-08	4.7904e-08	4.4868e-08	4.1796e-08	3.8595e-08	3.5123e-08	3.137e-08	2.7424e-08	2.3376e-08	1.923e-08	1.4922e-08	1.0355e-08	5.4477e-09	2.3791e-10	-5.0826e-09	-1.0261e-08	-1.5004e-08	-1.8878e-08	-2.1531e-08	-2.2859e-08	-2.3047e-08	-2.2593e-08	-2.2164e-08	-2.2057e-08	-2.2144e-08	-2.2237e-08	-2.2272e-08	-2.2228e-08	-2.2135e-08	-2.1982e-08	-2.172e-08	-2.144e-08	-2.1335e-08	-2.1383e-08	-2.1443e-08	-2.1452e-08	-2.1481e-08	-2.1703e-08	-2.2093e-08	-2.2469e-08	-2.2658e-08	-2.2582e-08	-2.2232e-08	-2.1757e-08	-2.1629e-08	-2.2085e-08	-2.2946e-08	-2.3923e-08	-2.4664e-08	-2.4882e-08	-2.4562e-08	-2.3975e-08	-2.3521e-08	-2.3432e-08	-2.3599e-08	-2.3749e-08	-2.367e-08	-2.3442e-08	-2.3365e-08	-2.3432e-08	-2.3433e-08	-2.3327e-08	-2.3294e-08	-2.3353e-08	-2.3278e-08	-2.2935e-08	-2.2394e-08	-2.1865e-08	-2.1657e-08	-2.1821e-08	-2.205e-08	-2.2023e-08	-2.1765e-08	-2.139e-08	-2.0894e-08	-2.0375e-08	-2.0141e-08	-2.0227e-08	-2.032e-08	-2.0129e-08	-1.9673e-08	-1.9224e-08	-1.9192e-08	-1.9595e-08	-1.9978e-08	-1.9928e-08	-1.9376e-08	-1.8652e-08	-1.8166e-08	-1.8101e-08	-1.847e-08	-1.9011e-08	-1.9373e-08	-1.9506e-08	-1.9737e-08	-2.0248e-08	-2.0816e-08	-2.1055e-08	-2.0818e-08	-2.0281e-08	-1.995e-08	-2.0193e-08	-2.0781e-08	-2.1165e-08	-2.1002e-08
-2.6405e-08	-2.6333e-08	-2.6161e-08	-2.5688e-08	-2.5134e-08	-2.4802e-08	-2.4635e-08	-2.4506e-08	-2.4669e-08	-2.5222e-08	-2.5744e-08	-2.578e-08	-2.5262e-08	-2.476e-08	-2.4589e-08	-2.4573e-08	-2.4561e-08	-2.4526e-08	-2.4516e-08	-2.4542e-08	-2.4635e-08	-2.4861e-08	-2.5117e-08	-2.5209e-08	-2.5035e-08	-2.4718e-08	-2.447e-08	-2.4298e-08	-2.4052e-08	-2.3675e-08	-2.3336e-08	-2.3401e-08	-2.3983e-08	-2.4602e-08	-2.4796e-08	-2.4565e-08	-2.3965e-08	-2.3132e-08	-2.207e-08	-2.0608e-08	-1.8653e-08	-1.6341e-08	-1.3852e-08	-1.1206e-08	-8.3862e-09	-5.4378e-09	-2.4168e-09	7.3853e-10	4.0767e-09	7.5146e-09	1.0755e-08	1.361e-08	1.6338e-08	1.9207e-08	2.2205e-08	2.5245e-08	2.8263e-08	3.1409e-08	3.4847e-08	3.835e-08	4.1508e-08	4.4264e-08	4.6977e-08	4.9872e-08	5.2925e-08	5.5886e-08	5.8443e-08	6.0181e-08	6.0959e-08	6.0986e-08	6.0525e-08	5.9679e-08	5.8276e-08	5.6248e-08	5.3755e-08	5.0972e-08	4.8003e-08	4.4965e-08	4.1897e-08	3.8698e-08	3.5226e-08	3.1472e-08	2.7528e-08	2.3485e-08	1.9347e-08	1.5047e-08	1.0478e-08	5.5557e-09	3.1731e-10	-5.0409e-09	-1.0244e-08	-1.4973e-08	-1.8799e-08	-2.1413e-08	-2.2756e-08	-2.3021e-08	-2.2657e-08	-2.2281e-08	-2.2181e-08	-2.2251e-08	-2.2322e-08	-2.2335e-08	-2.227e-08	-2.2154e-08	-2.198e-08	-2.1706e-08	-2.1425e-08	-2.1327e-08	-2.1388e-08	-2.1463e-08	-2.148e-08	-2.1504e-08	-2.1706e-08	-2.2082e-08	-2.2481e-08	-2.2745e-08	-2.2755e-08	-2.2471e-08	-2.2026e-08	-2.1875e-08	-2.2275e-08	-2.3083e-08	-2.4035e-08	-2.4785e-08	-2.503e-08	-2.4728e-08	-2.4126e-08	-2.3625e-08	-2.3479e-08	-2.3608e-08	-2.374e-08	-2.365e-08	-2.3404e-08	-2.3317e-08	-2.3401e-08	-2.343e-08	-2.334e-08	-2.3308e-08	-2.3375e-08	-2.3319e-08	-2.2998e-08	-2.2489e-08	-2.1996e-08	-2.1799e-08	-2.194e-08	-2.2141e-08	-2.2109e-08	-2.1861e-08	-2.15e-08	-2.1029e-08	-2.053e-08	-2.0288e-08	-2.0351e-08	-2.0437e-08	-2.0265e-08	-1.984e-08	-1.9416e-08	-1.9384e-08	-1.9776e-08	-2.0153e-08	-2.0101e-08	-1.9548e-08	-1.8823e-08	-1.8336e-08	-1.8258e-08	-1.8593e-08	-1.9098e-08	-1.945e-08	-1.9586e-08	-1.9787e-08	-2.0229e-08	-2.0719e-08	-2.0902e-08	-2.0646e-08	-2.0121e-08	-1.9796e-08	-2.0009e-08	-2.0549e-08	-2.0919e-08	-2.0792e-08
-2.6347e-08	-2.6269e-08	-2.6126e-08	-2.5694e-08	-2.5169e-08	-2.4854e-08	-2.4691e-08	-2.4549e-08	-2.4688e-08	-2.5226e-08	-2.5755e-08	-2.5813e-08	-2.5315e-08	-2.4818e-08	-2.4663e-08	-2.4676e-08	-2.4675e-08	-2.4621e-08	-2.4575e-08	-2.4573e-08	-2.4669e-08	-2.4922e-08	-2.5205e-08	-2.5307e-08	-2.5128e-08	-2.4792e-08	-2.4529e-08	-2.4362e-08	-2.4136e-08	-2.3795e-08	-2.3511e-08	-2.3625e-08	-2.4238e-08	-2.4887e-08	-2.5101e-08	-2.4865e-08	-2.4237e-08	-2.3376e-08	-2.231e-08	-2.0881e-08	-1.8978e-08	-1.6711e-08	-1.4252e-08	-1.1614e-08	-8.7598e-09	-5.7518e-09	-2.6753e-09	5.1256e-10	3.8586e-09	7.288e-09	1.0535e-08	1.3411e-08	1.6143e-08	1.8994e-08	2.1972e-08	2.4998e-08	2.8e-08	3.1117e-08	3.4525e-08	3.8021e-08	4.119e-08	4.3956e-08	4.6677e-08	4.9597e-08	5.2703e-08	5.5741e-08	5.8377e-08	6.0173e-08	6.0971e-08	6.101e-08	6.0576e-08	5.9762e-08	5.8385e-08	5.6367e-08	5.387e-08	5.1074e-08	4.8094e-08	4.5049e-08	4.1981e-08	3.8781e-08	3.5309e-08	3.1554e-08	2.761e-08	2.3568e-08	1.9436e-08	1.5142e-08	1.0574e-08	5.6448e-09	3.8993e-10	-4.9917e-09	-1.0205e-08	-1.4907e-08	-1.867e-08	-2.1232e-08	-2.2588e-08	-2.2937e-08	-2.2677e-08	-2.2369e-08	-2.2287e-08	-2.2344e-08	-2.2391e-08	-2.2378e-08	-2.2289e-08	-2.2151e-08	-2.1959e-08	-2.1677e-08	-2.1398e-08	-2.1309e-08	-2.1384e-08	-2.1475e-08	-2.1504e-08	-2.153e-08	-2.1715e-08	-2.2075e-08	-2.2487e-08	-2.281e-08	-2.2895e-08	-2.2674e-08	-2.227e-08	-2.211e-08	-2.246e-08	-2.3203e-08	-2.4102e-08	-2.4833e-08	-2.5092e-08	-2.4808e-08	-2.4201e-08	-2.3665e-08	-2.3469e-08	-2.3555e-08	-2.3662e-08	-2.3555e-08	-2.3291e-08	-2.3191e-08	-2.329e-08	-2.3351e-08	-2.3284e-08	-2.3259e-08	-2.3337e-08	-2.3301e-08	-2.3006e-08	-2.2533e-08	-2.2082e-08	-2.1899e-08	-2.2016e-08	-2.2185e-08	-2.215e-08	-2.1916e-08	-2.1578e-08	-2.1139e-08	-2.0666e-08	-2.0417e-08	-2.0453e-08	-2.053e-08	-2.0384e-08	-2.0003e-08	-1.9608e-08	-1.9567e-08	-1.9933e-08	-2.0295e-08	-2.0243e-08	-1.9698e-08	-1.8986e-08	-1.8508e-08	-1.8425e-08	-1.8727e-08	-1.9187e-08	-1.9514e-08	-1.9641e-08	-1.9808e-08	-2.0183e-08	-2.0603e-08	-2.0745e-08	-2.0492e-08	-1.9999e-08	-1.9694e-08	-1.9878e-08	-2.0359e-08	-2.0703e-08	-2.0608e-08
-2.6288e-08	-2.6203e-08	-2.6084e-08	-2.5694e-08	-2.5203e-08	-2.4907e-08	-2.4752e-08	-2.4602e-08	-2.4717e-08	-2.5236e-08	-2.5771e-08	-2.5853e-08	-2.5382e-08	-2.4894e-08	-2.4756e-08	-2.4798e-08	-2.4812e-08	-2.4743e-08	-2.4659e-08	-2.4625e-08	-2.4715e-08	-2.4988e-08	-2.5293e-08	-2.5405e-08	-2.5222e-08	-2.487e-08	-2.4591e-08	-2.4424e-08	-2.4216e-08	-2.3913e-08	-2.3686e-08	-2.3855e-08	-2.4505e-08	-2.5192e-08	-2.544e-08	-2.5207e-08	-2.4553e-08	-2.3652e-08	-2.2564e-08	-2.1147e-08	-1.9283e-08	-1.705e-08	-1.4614e-08	-1.1981e-08	-9.0986e-09	-6.0401e-09	-2.9154e-09	3.0053e-10	3.6529e-09	7.0747e-09	1.033e-08	1.3232e-08	1.5975e-08	1.8815e-08	2.178e-08	2.4795e-08	2.7785e-08	3.0875e-08	3.4249e-08	3.7733e-08	4.0915e-08	4.3696e-08	4.6426e-08	4.9366e-08	5.2511e-08	5.5609e-08	5.8309e-08	6.0158e-08	6.0977e-08	6.1027e-08	6.0615e-08	5.9828e-08	5.8477e-08	5.6472e-08	5.3973e-08	5.1166e-08	4.8173e-08	4.5119e-08	4.2045e-08	3.8844e-08	3.5372e-08	3.1616e-08	2.767e-08	2.3625e-08	1.9493e-08	1.5204e-08	1.0639e-08	5.7112e-09	4.5312e-10	-4.9355e-09	-1.0143e-08	-1.4803e-08	-1.8487e-08	-2.0983e-08	-2.2348e-08	-2.2787e-08	-2.2647e-08	-2.2423e-08	-2.237e-08	-2.2419e-08	-2.2442e-08	-2.2399e-08	-2.2283e-08	-2.2123e-08	-2.1917e-08	-2.1632e-08	-2.136e-08	-2.1281e-08	-2.1371e-08	-2.1478e-08	-2.1525e-08	-2.1558e-08	-2.1732e-08	-2.2074e-08	-2.2488e-08	-2.2854e-08	-2.3002e-08	-2.2841e-08	-2.2486e-08	-2.233e-08	-2.2637e-08	-2.3306e-08	-2.4125e-08	-2.4811e-08	-2.5069e-08	-2.4803e-08	-2.4202e-08	-2.3643e-08	-2.3403e-08	-2.3446e-08	-2.3522e-08	-2.3393e-08	-2.3108e-08	-2.2993e-08	-2.3105e-08	-2.3202e-08	-2.3164e-08	-2.3151e-08	-2.3242e-08	-2.3231e-08	-2.2964e-08	-2.253e-08	-2.2125e-08	-2.1959e-08	-2.2053e-08	-2.2188e-08	-2.2148e-08	-2.1934e-08	-2.1625e-08	-2.1224e-08	-2.0783e-08	-2.0528e-08	-2.0534e-08	-2.0601e-08	-2.0486e-08	-2.0158e-08	-1.9798e-08	-1.9742e-08	-2.0069e-08	-2.0408e-08	-2.0356e-08	-1.9828e-08	-1.9138e-08	-1.868e-08	-1.8601e-08	-1.8869e-08	-1.9278e-08	-1.9568e-08	-1.9676e-08	-1.9806e-08	-2.0116e-08	-2.047e-08	-2.0584e-08	-2.035e-08	-1.991e-08	-1.9636e-08	-1.9793e-08	-2.0209e-08	-2.0518e-08	-2.0448e-08
-2.6228e-08	-2.6136e-08	-2.6039e-08	-2.5689e-08	-2.5233e-08	-2.496e-08	-2.4818e-08	-2.4665e-08	-2.4757e-08	-2.5253e-08	-2.5791e-08	-2.59e-08	-2.5462e-08	-2.4991e-08	-2.4869e-08	-2.4941e-08	-2.4972e-08	-2.4892e-08	-2.4771e-08	-2.47e-08	-2.4777e-08	-2.5059e-08	-2.538e-08	-2.55e-08	-2.5316e-08	-2.4951e-08	-2.4654e-08	-2.4481e-08	-2.4288e-08	-2.4021e-08	-2.3853e-08	-2.4081e-08	-2.4772e-08	-2.5506e-08	-2.5799e-08	-2.5579e-08	-2.4902e-08	-2.3952e-08	-2.2822e-08	-2.1396e-08	-1.9553e-08	-1.7344e-08	-1.4922e-08	-1.2291e-08	-9.3875e-09	-6.2897e-09	-3.1267e-09	1.1083e-10	3.4666e-09	6.8817e-09	1.0147e-08	1.308e-08	1.5843e-08	1.868e-08	2.1637e-08	2.4647e-08	2.7628e-08	3.0693e-08	3.4031e-08	3.7499e-08	4.0694e-08	4.3494e-08	4.6235e-08	4.9189e-08	5.236e-08	5.5498e-08	5.8245e-08	6.0137e-08	6.0979e-08	6.1039e-08	6.0642e-08	5.9876e-08	5.8549e-08	5.6559e-08	5.4061e-08	5.1246e-08	4.8241e-08	4.5174e-08	4.209e-08	3.8884e-08	3.5413e-08	3.1657e-08	2.7707e-08	2.3655e-08	1.9519e-08	1.5232e-08	1.0672e-08	5.7537e-09	5.0593e-10	-4.8729e-09	-1.0059e-08	-1.4661e-08	-1.8251e-08	-2.0666e-08	-2.2034e-08	-2.2571e-08	-2.2566e-08	-2.2442e-08	-2.243e-08	-2.2477e-08	-2.2476e-08	-2.24e-08	-2.2254e-08	-2.2073e-08	-2.1857e-08	-2.1573e-08	-2.1311e-08	-2.1244e-08	-2.1349e-08	-2.1476e-08	-2.1541e-08	-2.1587e-08	-2.1755e-08	-2.2077e-08	-2.2486e-08	-2.288e-08	-2.308e-08	-2.2974e-08	-2.2673e-08	-2.2535e-08	-2.2806e-08	-2.3394e-08	-2.4112e-08	-2.4728e-08	-2.4971e-08	-2.4723e-08	-2.4136e-08	-2.3565e-08	-2.329e-08	-2.329e-08	-2.3329e-08	-2.3175e-08	-2.2867e-08	-2.2735e-08	-2.2858e-08	-2.2992e-08	-2.2988e-08	-2.2993e-08	-2.3099e-08	-2.3113e-08	-2.2876e-08	-2.2483e-08	-2.2127e-08	-2.1983e-08	-2.2054e-08	-2.2154e-08	-2.2108e-08	-2.1916e-08	-2.1643e-08	-2.1286e-08	-2.0881e-08	-2.0623e-08	-2.0597e-08	-2.0652e-08	-2.0573e-08	-2.0305e-08	-1.9985e-08	-1.991e-08	-2.0188e-08	-2.0494e-08	-2.0441e-08	-1.9935e-08	-1.9277e-08	-1.8849e-08	-1.878e-08	-1.9019e-08	-1.937e-08	-1.9614e-08	-1.9695e-08	-1.9785e-08	-2.003e-08	-2.0325e-08	-2.042e-08	-2.022e-08	-1.9846e-08	-1.9616e-08	-1.975e-08	-2.0097e-08	-2.036e-08	-2.0309e-08
-2.6169e-08	-2.6071e-08	-2.5991e-08	-2.5679e-08	-2.5259e-08	-2.5012e-08	-2.4887e-08	-2.4738e-08	-2.4807e-08	-2.5277e-08	-2.5814e-08	-2.5952e-08	-2.5557e-08	-2.5108e-08	-2.5003e-08	-2.5104e-08	-2.5157e-08	-2.507e-08	-2.4912e-08	-2.4799e-08	-2.4855e-08	-2.5136e-08	-2.5465e-08	-2.5592e-08	-2.5409e-08	-2.5034e-08	-2.4717e-08	-2.4533e-08	-2.4348e-08	-2.4115e-08	-2.4006e-08	-2.4292e-08	-2.5028e-08	-2.5815e-08	-2.6165e-08	-2.597e-08	-2.5273e-08	-2.4267e-08	-2.3075e-08	-2.1615e-08	-1.9776e-08	-1.758e-08	-1.5164e-08	-1.2531e-08	-9.6135e-09	-6.4893e-09	-3.3002e-09	-4.9682e-11	3.3055e-09	6.7139e-09	9.9906e-09	1.296e-08	1.5749e-08	1.8593e-08	2.1548e-08	2.4558e-08	2.7536e-08	3.0579e-08	3.3878e-08	3.7326e-08	4.0533e-08	4.3356e-08	4.6111e-08	4.9074e-08	5.2255e-08	5.5414e-08	5.8186e-08	6.0111e-08	6.0976e-08	6.1045e-08	6.0658e-08	5.9906e-08	5.8601e-08	5.6629e-08	5.4135e-08	5.1313e-08	4.8297e-08	4.5215e-08	4.2116e-08	3.8904e-08	3.5434e-08	3.1679e-08	2.7724e-08	2.3663e-08	1.9519e-08	1.5231e-08	1.0679e-08	5.7763e-09	5.509e-10	-4.8031e-09	-9.9532e-09	-1.4487e-08	-1.7971e-08	-2.0294e-08	-2.1659e-08	-2.2295e-08	-2.2437e-08	-2.2427e-08	-2.2467e-08	-2.2518e-08	-2.2495e-08	-2.2384e-08	-2.2207e-08	-2.2006e-08	-2.1782e-08	-2.1504e-08	-2.1256e-08	-2.1202e-08	-2.1323e-08	-2.1468e-08	-2.1555e-08	-2.1617e-08	-2.1782e-08	-2.2085e-08	-2.2479e-08	-2.2889e-08	-2.3131e-08	-2.3076e-08	-2.2832e-08	-2.2722e-08	-2.2966e-08	-2.3471e-08	-2.4072e-08	-2.4597e-08	-2.4811e-08	-2.4578e-08	-2.4012e-08	-2.3441e-08	-2.3139e-08	-2.3097e-08	-2.3096e-08	-2.2912e-08	-2.2579e-08	-2.2427e-08	-2.2561e-08	-2.2731e-08	-2.2765e-08	-2.279e-08	-2.2913e-08	-2.2955e-08	-2.275e-08	-2.2398e-08	-2.2092e-08	-2.1973e-08	-2.2024e-08	-2.2087e-08	-2.2034e-08	-2.1867e-08	-2.1634e-08	-2.1325e-08	-2.096e-08	-2.0701e-08	-2.0643e-08	-2.0684e-08	-2.0643e-08	-2.0441e-08	-2.0166e-08	-2.0073e-08	-2.0291e-08	-2.0556e-08	-2.05e-08	-2.0022e-08	-1.9402e-08	-1.9012e-08	-1.8961e-08	-1.9173e-08	-1.9466e-08	-1.9655e-08	-1.9702e-08	-1.9749e-08	-1.9932e-08	-2.0171e-08	-2.0254e-08	-2.0098e-08	-1.9804e-08	-1.9629e-08	-1.9744e-08	-2.0019e-08	-2.0229e-08	-2.0189e-08
