2.6481e-08	2.6573e-08	2.6868e-08	2.7085e-08	2.7199e-08	2.7055e-08	2.7053e-08	2.6919e-08	2.6177e-08	2.6223e-08	2.6331e-08	2.6494e-08	2.6431e-08	2.6431e-08	2.6194e-08	2.6472e-08	2.6378e-08	2.652e-08	2.6679e-08	2.6514e-08	2.6268e-08	2.6368e-08	2.651e-08	2.6448e-08	2.6521e-08	2.6545e-08	2.6388e-08	2.6206e-08	2.5913e-08	2.5665e-08	2.5925e-08	2.5831e-08	2.5691e-08	2.5701e-08	2.5704e-08	2.5753e-08	2.8771e-08	3.6416e-08	4.872e-08	6.1685e-08	7.5463e-08	8.9471e-08	1.0397e-07	1.2006e-07	1.3292e-07	1.4367e-07	1.524e-07	1.5982e-07	1.6721e-07	1.7273e-07	1.7678e-07	1.7855e-07	1.7793e-07	1.7722e-07	1.7844e-07	1.7882e-07	1.7748e-07	1.7396e-07	1.6713e-07	1.5961e-07	1.5114e-07	1.4222e-07	1.4222e-07	1.3188e-07	1.2284e-07	1.1383e-07	1.049e-07	9.5787e-08	8.5266e-08	7.6342e-08	6.7403e-08	5.8629e-08	4.9935e-08	4.0016e-08	3.3013e-08	2.8075e-08	2.517e-08	2.387e-08	2.3114e-08	2.2716e-08	2.2499e-08	2.2533e-08	2.2481e-08	2.2304e-08	2.234e-08	2.2673e-08	2.2714e-08	2.2693e-08	2.2556e-08	2.2574e-08	2.2872e-08	2.3209e-08	2.3397e-08	2.3542e-08	2.3529e-08	2.3633e-08	2.3928e-08	2.3876e-08	2.379e-08	2.3607e-08	2.3732e-08	2.3823e-08	2.4105e-08	2.4174e-08	2.4369e-08	2.4063e-08	2.4071e-08	2.3699e-08	2.3227e-08	2.3629e-08	2.3953e-08	2.3843e-08	2.3843e-08	2.3919e-08	2.4106e-08	2.3671e-08	2.3191e-08	2.3106e-08	2.3023e-08	2.3239e-08	2.3338e-08	2.3376e-08	2.3602e-08	2.3716e-08	2.4203e-08	2.4073e-08	2.4009e-08	2.3856e-08	2.3426e-08	2.3364e-08	2.3285e-08	2.3503e-08	2.3292e-08	2.2812e-08	2.2606e-08	2.3028e-08	2.3324e-08	2.3431e-08
2.6637e-08	2.672e-08	2.687e-08	2.687e-08	2.6822e-08	2.7015e-08	2.6915e-08	2.6931e-08	2.683e-08	2.6175e-08	2.6288e-08	2.6371e-08	2.6497e-08	2.6429e-08	2.6283e-08	2.6565e-08	2.6435e-08	2.6503e-08	2.6679e-08	2.6366e-08	2.615e-08	2.6207e-08	2.6381e-08	2.6448e-08	2.6297e-08	2.6339e-08	2.6262e-08	2.6069e-08	2.5913e-08	2.5449e-08	2.5675e-08	2.5595e-08	2.5431e-08	2.5701e-08	2.546e-08	2.5712e-08	2.9304e-08	3.7506e-08	4.872e-08	6.3577e-08	7.7477e-08	9.1505e-08	1.0585e-07	1.2006e-07	1.3407e-07	1.4456e-07	1.5315e-07	1.6062e-07	1.6721e-07	1.7344e-07	1.7725e-07	1.7852e-07	1.7852e-07	1.7753e-07	1.7704e-07	1.7823e-07	1.7842e-07	1.7676e-07	1.7212e-07	1.6595e-07	1.583e-07	1.498e-07	1.409e-07	1.305e-07	1.2146e-07	1.1247e-07	1.0353e-07	9.4393e-08	8.3868e-08	7.4963e-08	6.6038e-08	5.7263e-08	4.8571e-08	3.8752e-08	3.1928e-08	2.7364e-08	2.4766e-08	2.3656e-08	2.2962e-08	2.26e-08	2.2399e-08	2.2459e-08	2.2394e-08	2.2184e-08	2.225e-08	2.2593e-08	2.2681e-08	2.2667e-08	2.2485e-08	2.2411e-08	2.2661e-08	2.3079e-08	2.3355e-08	2.3486e-08	2.3532e-08	2.3705e-08	2.4077e-08	2.4028e-08	2.3906e-08	2.3728e-08	2.3771e-08	2.3823e-08	2.3823e-08	2.4027e-08	2.4111e-08	2.4283e-08	2.3993e-08	2.4033e-08	2.3563e-08	2.3113e-08	2.347e-08	2.3791e-08	2.373e-08	2.379e-08	2.3822e-08	2.3332e-08	2.2938e-08	2.2892e-08	2.2792e-08	2.3037e-08	2.3222e-08	2.3348e-08	2.3595e-08	2.357e-08	2.4147e-08	2.3955e-08	2.3836e-08	2.3717e-08	2.3222e-08	2.3118e-08	2.3046e-08	2.3262e-08	2.297e-08	2.2522e-08	2.2299e-08	2.2745e-08	2.301e-08	2.3021e-08
2.6791e-08	2.6724e-08	2.6793e-08	2.6759e-08	2.65e-08	2.6706e-08	2.6661e-08	2.67e-08	2.6644e-08	2.6085e-08	2.6296e-08	2.635e-08	2.6444e-08	2.6384e-08	2.6338e-08	2.6621e-08	2.6465e-08	2.6456e-08	2.655e-08	2.6204e-08	2.6024e-08	2.604e-08	2.6238e-08	2.6282e-08	2.6061e-08	2.6108e-08	2.6085e-08	2.5904e-08	2.5776e-08	2.5247e-08	2.5416e-08	2.5369e-08	2.519e-08	2.5473e-08	2.5214e-08	2.5755e-08	2.9963e-08	3.8686e-08	5.0332e-08	6.5546e-08	7.9566e-08	9.3631e-08	9.3631e-08	1.0783e-07	1.2318e-07	1.3522e-07	1.4544e-07	1.539e-07	1.6142e-07	1.6882e-07	1.7413e-07	1.7769e-07	1.7846e-07	1.7714e-07	1.7688e-07	1.7801e-07	1.7799e-07	1.7601e-07	1.7212e-07	1.6472e-07	1.5695e-07	1.4843e-07	1.3955e-07	1.305e-07	1.2007e-07	1.111e-07	1.0214e-07	9.3002e-08	8.3868e-08	7.3616e-08	6.4718e-08	5.595e-08	4.7261e-08	3.8752e-08	3.0894e-08	2.6697e-08	2.4384e-08	2.343e-08	2.2962e-08	2.2466e-08	2.2291e-08	2.2365e-08	2.2289e-08	2.2184e-08	2.2183e-08	2.2513e-08	2.2646e-08	2.2642e-08	2.2485e-08	2.2277e-08	2.2483e-08	2.2975e-08	2.2975e-08	2.3291e-08	2.3415e-08	2.35e-08	2.3723e-08	2.4154e-08	2.4089e-08	2.3938e-08	2.3809e-08	2.3804e-08	2.3811e-08	2.3933e-08	2.4004e-08	2.4117e-08	2.3876e-08	2.3945e-08	2.3457e-08	2.2986e-08	2.3279e-08	2.3584e-08	2.3577e-08	2.3611e-08	2.3461e-08	2.2933e-08	2.2655e-08	2.266e-08	2.2552e-08	2.2819e-08	2.3087e-08	2.3297e-08	2.3556e-08	2.3384e-08	2.4039e-08	2.3797e-08	2.3624e-08	2.3539e-08	2.2992e-08	2.2843e-08	2.2783e-08	2.2998e-08	2.2648e-08	2.2261e-08	2.2042e-08	2.2465e-08	2.2691e-08	2.2645e-08
2.6783e-08	2.6731e-08	2.6782e-08	2.6543e-08	2.6079e-08	2.6293e-08	2.6308e-08	2.637e-08	2.6367e-08	2.5922e-08	2.623e-08	2.6263e-08	2.6337e-08	2.6299e-08	2.635e-08	2.6633e-08	2.6465e-08	2.6389e-08	2.64e-08	2.6044e-08	2.5901e-08	2.5878e-08	2.609e-08	2.6108e-08	2.5823e-08	2.5858e-08	2.5856e-08	2.5712e-08	2.5644e-08	2.5067e-08	2.5159e-08	2.5157e-08	2.4975e-08	2.4975e-08	2.5011e-08	2.4983e-08	2.5888e-08	3.0735e-08	3.9948e-08	5.3787e-08	6.7571e-08	8.1708e-08	9.5819e-08	1.0986e-07	1.2478e-07	1.3639e-07	1.4634e-07	1.5467e-07	1.6221e-07	1.6961e-07	1.7481e-07	1.7808e-07	1.7836e-07	1.7681e-07	1.7676e-07	1.778e-07	1.7756e-07	1.7525e-07	1.7113e-07	1.6346e-07	1.5557e-07	1.4703e-07	1.3817e-07	1.2911e-07	1.1868e-07	1.0973e-07	1.0075e-07	9.1615e-08	8.2493e-08	7.2291e-08	6.3432e-08	5.4678e-08	4.5994e-08	3.7547e-08	2.9919e-08	2.6077e-08	2.4027e-08	2.3201e-08	2.2793e-08	2.2324e-08	2.2186e-08	2.2264e-08	2.2264e-08	2.2185e-08	2.2016e-08	2.2146e-08	2.2446e-08	2.2617e-08	2.2627e-08	2.2422e-08	2.2191e-08	2.2362e-08	2.2907e-08	2.3291e-08	2.3325e-08	2.3416e-08	2.366e-08	2.4125e-08	2.4089e-08	2.3867e-08	2.3837e-08	2.3822e-08	2.3783e-08	2.3933e-08	2.3856e-08	2.3882e-08	2.3718e-08	2.3813e-08	2.3457e-08	2.2849e-08	2.3064e-08	2.3341e-08	2.3387e-08	2.3611e-08	2.3054e-08	2.2506e-08	2.2358e-08	2.2421e-08	2.2552e-08	2.2595e-08	2.2934e-08	2.3216e-08	2.3476e-08	2.3384e-08	2.3868e-08	2.3596e-08	2.3379e-08	2.3323e-08	2.2992e-08	2.2545e-08	2.2501e-08	2.2501e-08	2.2719e-08	2.2078e-08	2.2048e-08	2.1857e-08	2.2201e-08	2.2382e-08
2.6683e-08	2.6647e-08	2.6679e-08	2.6234e-08	2.5581e-08	2.5796e-08	2.5868e-08	2.5953e-08	2.6003e-08	2.5677e-08	2.6071e-08	2.6106e-08	2.618e-08	2.6178e-08	2.6312e-08	2.6594e-08	2.6436e-08	2.6312e-08	2.6246e-08	2.5898e-08	2.579e-08	2.5734e-08	2.5946e-08	2.5946e-08	2.5763e-08	2.5592e-08	2.5602e-08	2.5589e-08	2.5503e-08	2.5408e-08	2.4913e-08	2.4916e-08	2.4962e-08	2.4784e-08	2.4794e-08	2.4784e-08	2.6117e-08	3.1612e-08	4.1284e-08	5.5595e-08	6.9628e-08	8.3878e-08	9.8037e-08	1.1192e-07	1.2642e-07	1.376e-07	1.4729e-07	1.5549e-07	1.6302e-07	1.704e-07	1.7546e-07	1.7839e-07	1.7822e-07	1.7654e-07	1.7668e-07	1.776e-07	1.7715e-07	1.745e-07	1.701e-07	1.6217e-07	1.5416e-07	1.456e-07	1.3676e-07	1.2771e-07	1.1728e-07	1.0835e-07	9.9355e-08	9.0228e-08	8.1134e-08	7.0981e-08	6.2168e-08	5.3431e-08	5.3431e-08	4.476e-08	3.5297e-08	2.9011e-08	2.5508e-08	2.3696e-08	2.2974e-08	2.2441e-08	2.2187e-08	2.2096e-08	2.2169e-08	2.21e-08	2.1998e-08	2.215e-08	2.2401e-08	2.2602e-08	2.2633e-08	2.2455e-08	2.217e-08	2.232e-08	2.2891e-08	2.3266e-08	2.3212e-08	2.3271e-08	2.35e-08	2.3969e-08	2.3946e-08	2.3703e-08	2.3807e-08	2.3814e-08	2.3728e-08	2.3798e-08	2.3668e-08	2.3596e-08	2.353e-08	2.3649e-08	2.3331e-08	2.2703e-08	2.2834e-08	2.3072e-08	2.3163e-08	2.3388e-08	2.2628e-08	2.2082e-08	2.2064e-08	2.2185e-08	2.2314e-08	2.2375e-08	2.2767e-08	2.3096e-08	2.3096e-08	2.3345e-08	2.2884e-08	2.3623e-08	2.3349e-08	2.3103e-08	2.307e-08	2.2478e-08	2.2229e-08	2.2207e-08	2.2433e-08	2.2078e-08	2.1885e-08	2.1745e-08	2.1961e-08	2.2094e-08
2.6483e-08	2.6463e-08	2.6476e-08	2.5843e-08	2.5027e-08	2.5235e-08	2.5355e-08	2.5459e-08	2.5558e-08	2.5341e-08	2.5802e-08	2.5873e-08	2.5975e-08	2.5975e-08	2.5838e-08	2.6216e-08	2.6497e-08	2.6375e-08	2.6233e-08	2.5969e-08	2.5765e-08	2.5686e-08	2.5604e-08	2.5803e-08	2.5593e-08	2.5373e-08	2.5348e-08	2.5304e-08	2.529e-08	2.531e-08	2.4791e-08	2.47e-08	2.4786e-08	2.4619e-08	2.4598e-08	2.4634e-08	2.6449e-08	3.2583e-08	4.2685e-08	5.7432e-08	7.1696e-08	8.6054e-08	1.0026e-07	1.1399e-07	1.2809e-07	1.3889e-07	1.4833e-07	1.5639e-07	1.6387e-07	1.712e-07	1.7607e-07	1.7862e-07	1.7804e-07	1.7636e-07	1.7665e-07	1.7742e-07	1.7677e-07	1.7377e-07	1.6904e-07	1.6085e-07	1.5273e-07	1.4414e-07	1.4414e-07	1.3533e-07	1.2488e-07	1.1588e-07	1.0696e-07	9.7946e-08	8.884e-08	7.8442e-08	6.9678e-08	6.0914e-08	5.2196e-08	4.3547e-08	3.4245e-08	2.8177e-08	2.4994e-08	2.3396e-08	2.2756e-08	2.2273e-08	2.2064e-08	2.2029e-08	2.2094e-08	2.2054e-08	2.2043e-08	2.2202e-08	2.2389e-08	2.2609e-08	2.2667e-08	2.254e-08	2.2224e-08	2.237e-08	2.293e-08	2.3243e-08	2.3078e-08	2.3078e-08	2.3262e-08	2.3706e-08	2.3698e-08	2.3461e-08	2.3717e-08	2.3764e-08	2.3633e-08	2.3619e-08	2.3442e-08	2.3273e-08	2.3318e-08	2.3464e-08	2.3192e-08	2.2551e-08	2.2596e-08	2.2789e-08	2.2789e-08	2.2907e-08	2.2837e-08	2.2214e-08	2.1691e-08	2.179e-08	2.1963e-08	2.1881e-08	2.217e-08	2.2589e-08	2.293e-08	2.3152e-08	2.2568e-08	2.3297e-08	2.3054e-08	2.2801e-08	2.2782e-08	2.2207e-08	2.1907e-08	2.1909e-08	2.2149e-08	2.1852e-08	2.1764e-08	2.1695e-08	2.1753e-08	2.1837e-08
2.6178e-08	2.6168e-08	2.6163e-08	2.6163e-08	2.4856e-08	2.4437e-08	2.4632e-08	2.4782e-08	2.4899e-08	2.4449e-08	2.4909e-08	2.5412e-08	2.5564e-08	2.5724e-08	2.5626e-08	2.6066e-08	2.6346e-08	2.6281e-08	2.6148e-08	2.5835e-08	2.5636e-08	2.5583e-08	2.548e-08	2.5655e-08	2.5422e-08	2.5171e-08	2.5108e-08	2.5022e-08	2.5087e-08	2.5229e-08	2.4705e-08	2.4523e-08	2.4632e-08	2.4483e-08	2.4432e-08	2.4551e-08	2.6891e-08	3.3637e-08	4.4143e-08	5.9281e-08	7.3752e-08	8.8212e-08	1.0245e-07	1.1604e-07	1.298e-07	1.4027e-07	1.4949e-07	1.5739e-07	1.6477e-07	1.72e-07	1.7664e-07	1.7875e-07	1.7875e-07	1.7782e-07	1.7625e-07	1.7664e-07	1.7725e-07	1.7638e-07	1.7305e-07	1.6683e-07	1.595e-07	1.5128e-07	1.4267e-07	1.3387e-07	1.2344e-07	1.1446e-07	1.0555e-07	9.6525e-08	8.7448e-08	7.7097e-08	6.8375e-08	5.9659e-08	5.0959e-08	4.2344e-08	3.3238e-08	2.7427e-08	2.4539e-08	2.3127e-08	2.2554e-08	2.212e-08	2.1967e-08	2.1997e-08	2.2053e-08	2.2064e-08	2.2159e-08	2.2307e-08	2.2416e-08	2.2641e-08	2.2734e-08	2.2658e-08	2.233e-08	2.2485e-08	2.3005e-08	2.3215e-08	2.2927e-08	2.2851e-08	2.2972e-08	2.3368e-08	2.3371e-08	2.3159e-08	2.3565e-08	2.3659e-08	2.3659e-08	2.3487e-08	2.3122e-08	2.3179e-08	2.293e-08	2.3092e-08	2.3267e-08	2.2891e-08	2.2397e-08	2.2358e-08	2.2502e-08	2.2623e-08	2.2524e-08	2.184e-08	2.1364e-08	2.1551e-08	2.1766e-08	2.1705e-08	2.1987e-08	2.24e-08	2.2711e-08	2.289e-08	2.2224e-08	2.2906e-08	2.2724e-08	2.2484e-08	2.247e-08	2.1942e-08	2.1593e-08	2.1619e-08	2.1875e-08	2.1663e-08	2.1678e-08	2.1692e-08	2.1584e-08	2.1618e-08
2.5526e-08	2.5758e-08	2.5751e-08	2.5733e-08	2.4284e-08	2.3834e-08	2.4007e-08	2.4165e-08	2.4285e-08	2.3822e-08	2.4407e-08	2.4929e-08	2.5197e-08	2.5439e-08	2.5392e-08	2.5866e-08	2.6147e-08	2.6152e-08	2.6048e-08	2.5694e-08	2.5506e-08	2.5474e-08	2.5353e-08	2.5497e-08	2.525e-08	2.4992e-08	2.4893e-08	2.4763e-08	2.4905e-08	2.5167e-08	2.4663e-08	2.4397e-08	2.45e-08	2.4374e-08	2.4303e-08	2.4552e-08	2.7448e-08	3.4764e-08	4.5649e-08	6.1125e-08	7.5775e-08	9.0329e-08	9.0329e-08	1.0458e-07	1.1996e-07	1.3155e-07	1.4175e-07	1.5075e-07	1.585e-07	1.6671e-07	1.7278e-07	1.7715e-07	1.7878e-07	1.7757e-07	1.7628e-07	1.7666e-07	1.7708e-07	1.7599e-07	1.7231e-07	1.6568e-07	1.5814e-07	1.4982e-07	1.4119e-07	1.324e-07	1.2199e-07	1.1303e-07	1.0412e-07	9.509e-08	8.6049e-08	7.5744e-08	6.7062e-08	5.8391e-08	4.9706e-08	4.1141e-08	3.2271e-08	2.6767e-08	2.4145e-08	2.2894e-08	2.2372e-08	2.1989e-08	2.1901e-08	2.2005e-08	2.2054e-08	2.2139e-08	2.2321e-08	2.2444e-08	2.2469e-08	2.2688e-08	2.2818e-08	2.2786e-08	2.2461e-08	2.2634e-08	2.2634e-08	2.3094e-08	2.311e-08	2.2762e-08	2.2606e-08	2.2654e-08	2.2983e-08	2.2579e-08	2.281e-08	2.335e-08	2.3483e-08	2.3277e-08	2.2801e-08	2.2883e-08	2.2583e-08	2.286e-08	2.307e-08	2.274e-08	2.2243e-08	2.2129e-08	2.2221e-08	2.2313e-08	2.2195e-08	2.1533e-08	2.113e-08	2.1364e-08	2.1603e-08	2.156e-08	2.1832e-08	2.2209e-08	2.2451e-08	2.2572e-08	2.1873e-08	2.248e-08	2.2381e-08	2.2169e-08	2.2151e-08	2.1693e-08	2.1303e-08	2.135e-08	2.1618e-08	2.1508e-08	2.1619e-08	2.1726e-08	2.1459e-08	2.1446e-08
2.5051e-08	2.5224e-08	2.5207e-08	2.5181e-08	2.369e-08	2.3241e-08	2.3385e-08	2.3532e-08	2.3645e-08	2.3192e-08	2.3871e-08	2.4395e-08	2.4795e-08	2.513e-08	2.5138e-08	2.5622e-08	2.5903e-08	2.5986e-08	2.5923e-08	2.5539e-08	2.5365e-08	2.5352e-08	2.5214e-08	2.5322e-08	2.5076e-08	2.4842e-08	2.4713e-08	2.4547e-08	2.4758e-08	2.5129e-08	2.4667e-08	2.4334e-08	2.4334e-08	2.4393e-08	2.4246e-08	2.4221e-08	2.4652e-08	2.8127e-08	3.5955e-08	4.8778e-08	6.296e-08	7.7757e-08	9.2396e-08	1.0664e-07	1.2184e-07	1.333e-07	1.4328e-07	1.5211e-07	1.5968e-07	1.6772e-07	1.7355e-07	1.7761e-07	1.7874e-07	1.7729e-07	1.7635e-07	1.7669e-07	1.7689e-07	1.7556e-07	1.7154e-07	1.6449e-07	1.5677e-07	1.4835e-07	1.3971e-07	1.3093e-07	1.2052e-07	1.1158e-07	1.0267e-07	9.3639e-08	8.4641e-08	7.4377e-08	6.5732e-08	5.7098e-08	4.8424e-08	3.9926e-08	3.1342e-08	2.62e-08	2.3815e-08	2.2697e-08	2.2217e-08	2.1873e-08	2.1859e-08	2.204e-08	2.204e-08	2.2083e-08	2.2399e-08	2.2502e-08	2.2593e-08	2.2534e-08	2.2736e-08	2.2972e-08	2.29e-08	2.2587e-08	2.2783e-08	2.3171e-08	2.3018e-08	2.2587e-08	2.2358e-08	2.2333e-08	2.2581e-08	2.2165e-08	2.2432e-08	2.3069e-08	2.3222e-08	2.2991e-08	2.2428e-08	2.2554e-08	2.2247e-08	2.2631e-08	2.2883e-08	2.2594e-08	2.209e-08	2.1917e-08	2.1958e-08	2.1982e-08	2.1863e-08	2.13e-08	2.099e-08	2.1229e-08	2.1475e-08	2.1443e-08	2.1702e-08	2.2024e-08	2.217e-08	2.2225e-08	2.1539e-08	2.2052e-08	2.2045e-08	2.1872e-08	2.1844e-08	2.1473e-08	2.105e-08	2.105e-08	2.1112e-08	2.1386e-08	2.1283e-08	2.1581e-08	2.1782e-08	2.1385e-08
2.4517e-08	2.4606e-08	2.4569e-08	2.4541e-08	2.3101e-08	2.2679e-08	2.2793e-08	2.2913e-08	2.3012e-08	2.2593e-08	2.3338e-08	2.3852e-08	2.4384e-08	2.481e-08	2.4868e-08	2.5338e-08	2.5623e-08	2.5783e-08	2.5766e-08	2.536e-08	2.5208e-08	2.521e-08	2.521e-08	2.5056e-08	2.4904e-08	2.4899e-08	2.4727e-08	2.4579e-08	2.4393e-08	2.4621e-08	2.5116e-08	2.4724e-08	2.4346e-08	2.4313e-08	2.4221e-08	2.4184e-08	2.4858e-08	2.8924e-08	3.7206e-08	5.0405e-08	6.4793e-08	7.9707e-08	9.4419e-08	1.0864e-07	1.2365e-07	1.3504e-07	1.4484e-07	1.535e-07	1.6091e-07	1.6873e-07	1.7429e-07	1.78e-07	1.7862e-07	1.7701e-07	1.7642e-07	1.7671e-07	1.7668e-07	1.7508e-07	1.7074e-07	1.6328e-07	1.5539e-07	1.469e-07	1.3823e-07	1.2944e-07	1.1904e-07	1.101e-07	1.012e-07	9.2171e-08	8.3221e-08	7.2991e-08	6.4378e-08	5.577e-08	5.577e-08	4.7101e-08	3.7446e-08	3.045e-08	2.5713e-08	2.3537e-08	2.253e-08	2.1963e-08	2.1768e-08	2.1828e-08	2.2085e-08	2.2125e-08	2.2532e-08	2.2673e-08	2.2731e-08	2.2595e-08	2.2772e-08	2.3005e-08	2.2979e-08	2.2682e-08	2.29e-08	2.3214e-08	2.2889e-08	2.2405e-08	2.2122e-08	2.2036e-08	2.2192e-08	2.1772e-08	2.2039e-08	2.2722e-08	2.2862e-08	2.2618e-08	2.2004e-08	2.2196e-08	2.1939e-08	2.2413e-08	2.2716e-08	2.2456e-08	2.1942e-08	2.1723e-08	2.1714e-08	2.1639e-08	2.154e-08	2.1134e-08	2.0931e-08	2.1139e-08	2.1377e-08	2.1351e-08	2.1597e-08	2.1597e-08	2.1852e-08	2.1889e-08	2.155e-08	2.1246e-08	2.1652e-08	2.1738e-08	2.1608e-08	2.1337e-08	2.1292e-08	2.0849e-08	2.0919e-08	2.1188e-08	2.1206e-08	2.1555e-08	2.185e-08	2.1369e-08
2.3956e-08	2.3947e-08	2.3883e-08	2.3857e-08	2.3101e-08	2.2173e-08	2.2258e-08	2.2341e-08	2.242e-08	2.2593e-08	2.2845e-08	2.334e-08	2.3989e-08	2.3989e-08	2.4491e-08	2.4586e-08	2.5021e-08	2.531e-08	2.5541e-08	2.5567e-08	2.5151e-08	2.5026e-08	2.5039e-08	2.487e-08	2.4904e-08	2.4717e-08	2.4652e-08	2.4501e-08	2.4322e-08	2.4638e-08	2.5123e-08	2.4824e-08	2.4426e-08	2.4255e-08	2.4206e-08	2.4187e-08	2.5161e-08	2.9829e-08	3.852e-08	5.2081e-08	6.6634e-08	8.1635e-08	9.6404e-08	1.1058e-07	1.254e-07	1.3675e-07	1.4639e-07	1.549e-07	1.6215e-07	1.6972e-07	1.7498e-07	1.783e-07	1.7842e-07	1.7671e-07	1.7648e-07	1.7671e-07	1.7643e-07	1.7453e-07	1.6987e-07	1.6203e-07	1.5401e-07	1.4545e-07	1.4545e-07	1.3676e-07	1.2648e-07	1.1754e-07	1.086e-07	9.9692e-08	9.0684e-08	8.0335e-08	7.1581e-08	6.2996e-08	5.4406e-08	4.5737e-08	3.6194e-08	2.9594e-08	2.5289e-08	2.3303e-08	2.2388e-08	2.1854e-08	2.1665e-08	2.1797e-08	2.2124e-08	2.2163e-08	2.2632e-08	2.2806e-08	2.2836e-08	2.2637e-08	2.2783e-08	2.2987e-08	2.2997e-08	2.2717e-08	2.2954e-08	2.3199e-08	2.2714e-08	2.222e-08	2.1913e-08	2.1787e-08	2.1847e-08	2.1424e-08	2.1647e-08	2.2307e-08	2.2392e-08	2.2147e-08	2.1545e-08	2.1822e-08	2.1665e-08	2.221e-08	2.2569e-08	2.2323e-08	2.18e-08	2.18e-08	2.1549e-08	2.1489e-08	2.0976e-08	2.1243e-08	2.1029e-08	2.0936e-08	2.1088e-08	2.1254e-08	2.1279e-08	2.1514e-08	2.1702e-08	2.1629e-08	2.1276e-08	2.1016e-08	2.1313e-08	2.1481e-08	2.1393e-08	2.1173e-08	2.1162e-08	2.0716e-08	2.0781e-08	2.1031e-08	2.1146e-08	2.1535e-08	2.1916e-08	2.1418e-08
2.3399e-08	2.329e-08	2.3194e-08	2.3194e-08	2.3173e-08	2.2057e-08	2.1745e-08	2.1805e-08	2.1847e-08	2.1901e-08	2.1631e-08	2.2427e-08	2.2904e-08	2.3635e-08	2.4184e-08	2.4295e-08	2.4674e-08	2.4971e-08	2.5257e-08	2.5316e-08	2.4904e-08	2.4813e-08	2.4834e-08	2.4647e-08	2.4648e-08	2.453e-08	2.4611e-08	2.4474e-08	2.4331e-08	2.4638e-08	2.5135e-08	2.4945e-08	2.4546e-08	2.4209e-08	2.4206e-08	2.422e-08	2.5555e-08	3.083e-08	3.99e-08	5.2081e-08	6.849e-08	8.3551e-08	9.8359e-08	1.1247e-07	1.254e-07	1.3839e-07	1.479e-07	1.5627e-07	1.6338e-07	1.6972e-07	1.7563e-07	1.7852e-07	1.7852e-07	1.7816e-07	1.7643e-07	1.7652e-07	1.7668e-07	1.7614e-07	1.739e-07	1.6893e-07	1.6076e-07	1.5262e-07	1.4402e-07	1.3531e-07	1.2499e-07	1.1601e-07	1.0708e-07	9.8158e-08	8.9176e-08	7.886e-08	7.0143e-08	6.1581e-08	5.3002e-08	4.4335e-08	3.4945e-08	2.8774e-08	2.4911e-08	2.31e-08	2.2264e-08	2.175e-08	2.1559e-08	2.1755e-08	2.214e-08	2.2182e-08	2.2673e-08	2.2873e-08	2.2886e-08	2.2645e-08	2.2755e-08	2.2898e-08	2.2933e-08	2.2664e-08	2.291e-08	2.3101e-08	2.2488e-08	2.2035e-08	2.1746e-08	2.161e-08	2.1572e-08	2.113e-08	2.1269e-08	2.1845e-08	2.1845e-08	2.1836e-08	2.1028e-08	2.108e-08	2.145e-08	2.1425e-08	2.2022e-08	2.2315e-08	2.2195e-08	2.1667e-08	2.1395e-08	2.1284e-08	2.0686e-08	2.0986e-08	2.0977e-08	2.0991e-08	2.1068e-08	2.1219e-08	2.1225e-08	2.1454e-08	2.1582e-08	2.1411e-08	2.1081e-08	2.0874e-08	2.1064e-08	2.1295e-08	2.1243e-08	2.1092e-08	2.1094e-08	2.0663e-08	2.071e-08	2.0923e-08	2.1102e-08	2.1516e-08	2.197e-08	2.1527e-08
2.3105e-08	2.288e-08	2.2678e-08	2.2547e-08	2.2534e-08	2.1661e-08	2.1419e-08	2.1461e-08	2.1464e-08	2.1488e-08	2.1338e-08	2.2122e-08	2.2583e-08	2.3345e-08	2.3903e-08	2.3998e-08	2.4304e-08	2.4611e-08	2.4932e-08	2.5007e-08	2.462e-08	2.4567e-08	2.4594e-08	2.4389e-08	2.4362e-08	2.4336e-08	2.4587e-08	2.4478e-08	2.4391e-08	2.4688e-08	2.514e-08	2.5064e-08	2.4679e-08	2.4164e-08	2.4187e-08	2.4275e-08	2.6031e-08	3.1914e-08	4.1351e-08	5.3812e-08	7.0372e-08	8.5463e-08	8.5463e-08	1.0029e-07	1.1432e-07	1.2876e-07	1.3996e-07	1.4933e-07	1.5758e-07	1.6456e-07	1.716e-07	1.7622e-07	1.7865e-07	1.7784e-07	1.7615e-07	1.765e-07	1.7661e-07	1.7579e-07	1.7317e-07	1.6791e-07	1.5945e-07	1.5123e-07	1.426e-07	1.3386e-07	1.2499e-07	1.1447e-07	1.0552e-07	9.6596e-08	8.7647e-08	7.886e-08	6.8673e-08	6.0129e-08	5.1558e-08	4.2897e-08	3.4945e-08	2.7988e-08	2.4563e-08	2.2919e-08	2.2153e-08	2.175e-08	2.1442e-08	2.169e-08	2.2117e-08	2.2164e-08	2.2673e-08	2.2845e-08	2.2858e-08	2.2604e-08	2.2677e-08	2.2898e-08	2.2766e-08	2.2497e-08	2.2497e-08	2.274e-08	2.2899e-08	2.2218e-08	2.1853e-08	2.162e-08	2.1502e-08	2.1369e-08	2.0888e-08	2.092e-08	2.1368e-08	2.1239e-08	2.0464e-08	2.0638e-08	2.1099e-08	2.1221e-08	2.185e-08	2.2196e-08	2.207e-08	2.1544e-08	2.1259e-08	2.1096e-08	2.0441e-08	2.0782e-08	2.0971e-08	2.1082e-08	2.1072e-08	2.1194e-08	2.1184e-08	2.1414e-08	2.1502e-08	2.1256e-08	2.0991e-08	2.0841e-08	2.0939e-08	2.1202e-08	2.1174e-08	2.1099e-08	2.1091e-08	2.0695e-08	2.0709e-08	2.0866e-08	2.1073e-08	2.15e-08	2.2008e-08	2.167e-08
2.2675e-08	2.243e-08	2.2152e-08	2.1989e-08	2.1983e-08	2.1386e-08	2.1217e-08	2.1252e-08	2.1223e-08	2.1213e-08	2.1216e-08	2.1963e-08	2.2418e-08	2.3145e-08	2.3657e-08	2.3702e-08	2.3921e-08	2.4239e-08	2.457e-08	2.4643e-08	2.4309e-08	2.4297e-08	2.4325e-08	2.4103e-08	2.4054e-08	2.4134e-08	2.4561e-08	2.4492e-08	2.4475e-08	2.4748e-08	2.5121e-08	2.5158e-08	2.5158e-08	2.4796e-08	2.4107e-08	2.4081e-08	2.4345e-08	2.6582e-08	3.3069e-08	4.2875e-08	5.7459e-08	7.2288e-08	8.7381e-08	1.022e-07	1.1613e-07	1.3036e-07	1.4143e-07	1.5064e-07	1.5878e-07	1.6567e-07	1.7245e-07	1.7674e-07	1.7867e-07	1.7746e-07	1.759e-07	1.7643e-07	1.7648e-07	1.7537e-07	1.7234e-07	1.6681e-07	1.581e-07	1.4983e-07	1.4117e-07	1.3241e-07	1.2349e-07	1.129e-07	1.0394e-07	9.5007e-08	8.6093e-08	7.7358e-08	6.7168e-08	5.8637e-08	5.0072e-08	4.1425e-08	3.3706e-08	2.7237e-08	2.4227e-08	2.2747e-08	2.2048e-08	2.1645e-08	2.1309e-08	2.159e-08	2.159e-08	2.2038e-08	2.2095e-08	2.2479e-08	2.2696e-08	2.2734e-08	2.2499e-08	2.2534e-08	2.2471e-08	2.2502e-08	2.2226e-08	2.2454e-08	2.2605e-08	2.1922e-08	2.1676e-08	2.1525e-08	2.1444e-08	2.1226e-08	2.0696e-08	2.0611e-08	2.0906e-08	2.0649e-08	2.0464e-08	2.0245e-08	2.0788e-08	2.1053e-08	2.1695e-08	2.2196e-08	2.1947e-08	2.1435e-08	2.1143e-08	2.0926e-08	2.0441e-08	2.0646e-08	2.1006e-08	2.1192e-08	2.1093e-08	2.1194e-08	2.1154e-08	2.1393e-08	2.1469e-08	2.1186e-08	2.0991e-08	2.0923e-08	2.0945e-08	2.1207e-08	2.1189e-08	2.1099e-08	2.114e-08	2.114e-08	2.0793e-08	2.0765e-08	2.0853e-08	2.1059e-08	2.1486e-08	2.2026e-08
2.2325e-08	2.2081e-08	2.1757e-08	2.1564e-08	2.1567e-08	2.1262e-08	2.1162e-08	2.1204e-08	2.1154e-08	2.111e-08	2.1261e-08	2.1952e-08	2.241e-08	2.3034e-08	2.3451e-08	2.3413e-08	2.3537e-08	2.3865e-08	2.4187e-08	2.4244e-08	2.3982e-08	2.4009e-08	2.4009e-08	2.4035e-08	2.3798e-08	2.3409e-08	2.3921e-08	2.4515e-08	2.4495e-08	2.4556e-08	2.4803e-08	2.5064e-08	2.5203e-08	2.4869e-08	2.4028e-08	2.3966e-08	2.4421e-08	2.72e-08	3.4283e-08	4.4477e-08	5.9386e-08	7.4246e-08	8.9316e-08	1.041e-07	1.1792e-07	1.3191e-07	1.4278e-07	1.5182e-07	1.5984e-07	1.6667e-07	1.7322e-07	1.7717e-07	1.7859e-07	1.7703e-07	1.7565e-07	1.7628e-07	1.7628e-07	1.7486e-07	1.7141e-07	1.6563e-07	1.5672e-07	1.4841e-07	1.3973e-07	1.3094e-07	1.2196e-07	1.113e-07	1.0232e-07	9.3392e-08	8.4514e-08	7.5824e-08	6.5622e-08	5.7099e-08	5.7099e-08	4.8542e-08	3.9921e-08	3.129e-08	2.6519e-08	2.3886e-08	2.2574e-08	2.1943e-08	2.1408e-08	2.1153e-08	2.1445e-08	2.189e-08	2.1959e-08	2.2229e-08	2.2439e-08	2.2518e-08	2.2332e-08	2.2331e-08	2.2157e-08	2.2167e-08	2.1878e-08	2.2085e-08	2.2246e-08	2.1619e-08	2.1505e-08	2.145e-08	2.1419e-08	2.1129e-08	2.0554e-08	2.0355e-08	2.0493e-08	2.0111e-08	1.9956e-08	1.9931e-08	2.0537e-08	2.0923e-08	2.1559e-08	2.2074e-08	2.1825e-08	2.134e-08	2.1047e-08	2.0772e-08	2.0258e-08	2.0593e-08	2.1073e-08	2.1308e-08	2.1124e-08	2.1176e-08	2.1127e-08	2.1127e-08	2.1387e-08	2.148e-08	2.1203e-08	2.1113e-08	2.1086e-08	2.1053e-08	2.129e-08	2.127e-08	2.1298e-08	2.1228e-08	2.094e-08	2.0863e-08	2.0875e-08	2.1061e-08	2.1479e-08	2.202e-08
2.2082e-08	2.1864e-08	2.1534e-08	2.1317e-08	2.1326e-08	2.1283e-08	2.1247e-08	2.1308e-08	2.1251e-08	2.1172e-08	2.1431e-08	2.2051e-08	2.2051e-08	2.2518e-08	2.299e-08	2.3122e-08	2.3139e-08	2.3168e-08	2.35e-08	2.3797e-08	2.3421e-08	2.365e-08	2.3711e-08	2.373e-08	2.3485e-08	2.3092e-08	2.3696e-08	2.4432e-08	2.4465e-08	2.4604e-08	2.4751e-08	2.4956e-08	2.5177e-08	2.4871e-08	2.3916e-08	2.3791e-08	2.4496e-08	2.7877e-08	3.5545e-08	4.6159e-08	6.1384e-08	7.625e-08	9.1271e-08	1.0599e-07	1.1967e-07	1.3341e-07	1.44e-07	1.5285e-07	1.6078e-07	1.6756e-07	1.7388e-07	1.7749e-07	1.7838e-07	1.7654e-07	1.7539e-07	1.7607e-07	1.7598e-07	1.7426e-07	1.704e-07	1.6437e-07	1.553e-07	1.4695e-07	1.4695e-07	1.3826e-07	1.2944e-07	1.1882e-07	1.0966e-07	1.0068e-07	9.1752e-08	8.2907e-08	7.2647e-08	6.4032e-08	5.5513e-08	4.6966e-08	3.8388e-08	3.0129e-08	2.5834e-08	2.3526e-08	2.2389e-08	2.1833e-08	2.1272e-08	2.0978e-08	2.1262e-08	2.1679e-08	2.1763e-08	2.191e-08	2.2103e-08	2.2233e-08	2.2114e-08	2.2079e-08	2.1801e-08	2.1786e-08	2.1483e-08	2.1667e-08	2.1852e-08	2.1325e-08	2.1344e-08	2.1386e-08	2.1408e-08	2.1064e-08	2.0458e-08	2.0166e-08	2.016e-08	1.9673e-08	1.9546e-08	1.9724e-08	2.0364e-08	2.0831e-08	2.1441e-08	2.1945e-08	2.1703e-08	2.1703e-08	2.1261e-08	2.097e-08	2.0634e-08	2.0118e-08	2.0623e-08	2.1162e-08	2.1414e-08	2.1156e-08	2.1132e-08	2.1094e-08	2.1383e-08	2.1518e-08	2.1279e-08	2.1261e-08	2.1296e-08	2.123e-08	2.1425e-08	2.1395e-08	2.1447e-08	2.134e-08	2.1115e-08	2.0989e-08	2.0924e-08	2.1078e-08	2.1478e-08	2.1986e-08
2.1949e-08	2.1781e-08	2.1483e-08	2.1483e-08	2.125e-08	2.1338e-08	2.1413e-08	2.1431e-08	2.1523e-08	2.147e-08	2.162e-08	2.1682e-08	2.2219e-08	2.2698e-08	2.2987e-08	2.2984e-08	2.2886e-08	2.2828e-08	2.3155e-08	2.3414e-08	2.3037e-08	2.3322e-08	2.3409e-08	2.3417e-08	2.3172e-08	2.279e-08	2.3458e-08	2.4293e-08	2.4382e-08	2.4593e-08	2.4615e-08	2.4781e-08	2.5056e-08	2.4773e-08	2.3759e-08	2.355e-08	2.4566e-08	2.8607e-08	3.6845e-08	4.7922e-08	6.3435e-08	7.8288e-08	9.3237e-08	1.0786e-07	1.2139e-07	1.3482e-07	1.451e-07	1.5375e-07	1.6158e-07	1.6834e-07	1.7443e-07	1.7769e-07	1.7769e-07	1.7805e-07	1.76e-07	1.7478e-07	1.7576e-07	1.7558e-07	1.7355e-07	1.6929e-07	1.6166e-07	1.5383e-07	1.4547e-07	1.3675e-07	1.279e-07	1.1718e-07	1.0799e-07	9.901e-08	9.0087e-08	8.1272e-08	7.0996e-08	6.2395e-08	5.3875e-08	4.5344e-08	3.6828e-08	2.9011e-08	2.5184e-08	2.3148e-08	2.2192e-08	2.1713e-08	2.1129e-08	2.0794e-08	2.1054e-08	2.1427e-08	2.1525e-08	2.1549e-08	2.1721e-08	2.1901e-08	2.1858e-08	2.179e-08	2.1423e-08	2.1384e-08	2.1069e-08	2.1233e-08	2.1452e-08	2.106e-08	2.1193e-08	2.1323e-08	2.1393e-08	2.1017e-08	2.0409e-08	2.0409e-08	2.0055e-08	1.994e-08	1.938e-08	1.9192e-08	1.9652e-08	2.0287e-08	2.0778e-08	2.1342e-08	2.1644e-08	2.1578e-08	2.1199e-08	2.0911e-08	2.0511e-08	2.0146e-08	2.0709e-08	2.1256e-08	2.15e-08	2.1179e-08	2.1089e-08	2.1045e-08	2.1368e-08	2.1558e-08	2.1383e-08	2.1422e-08	2.1518e-08	2.1442e-08	2.1591e-08	2.1545e-08	2.1602e-08	2.1462e-08	2.1301e-08	2.1129e-08	2.099e-08	2.111e-08	2.1485e-08	2.1919e-08
2.1731e-08	2.19e-08	2.18e-08	2.1565e-08	2.1322e-08	2.1505e-08	2.1612e-08	2.1674e-08	2.1802e-08	2.1764e-08	2.1916e-08	2.1969e-08	2.2419e-08	2.2906e-08	2.3001e-08	2.2853e-08	2.2664e-08	2.2531e-08	2.2839e-08	2.3053e-08	2.2698e-08	2.3011e-08	2.3111e-08	2.3104e-08	2.2868e-08	2.2514e-08	2.3206e-08	2.4079e-08	2.4225e-08	2.4493e-08	2.438e-08	2.4531e-08	2.4827e-08	2.4559e-08	2.3551e-08	2.3263e-08	2.4647e-08	2.9388e-08	3.8179e-08	4.9748e-08	6.5518e-08	8.0342e-08	8.0342e-08	9.5202e-08	1.0969e-07	1.2465e-07	1.3614e-07	1.4606e-07	1.5451e-07	1.6225e-07	1.6951e-07	1.7484e-07	1.7774e-07	1.7759e-07	1.7538e-07	1.744e-07	1.7537e-07	1.7505e-07	1.7272e-07	1.681e-07	1.6022e-07	1.5233e-07	1.4393e-07	1.3519e-07	1.263e-07	1.1549e-07	1.0629e-07	9.7307e-08	8.8399e-08	7.9607e-08	6.9315e-08	6.0723e-08	5.2198e-08	4.3688e-08	3.526e-08	2.7945e-08	2.4572e-08	2.2762e-08	2.1985e-08	2.1583e-08	2.0981e-08	2.061e-08	2.0837e-08	2.1156e-08	2.1263e-08	2.1178e-08	2.1325e-08	2.1546e-08	2.1573e-08	2.1477e-08	2.1042e-08	2.1042e-08	2.0985e-08	2.0665e-08	2.0818e-08	2.0752e-08	2.0839e-08	2.1054e-08	2.1251e-08	2.1355e-08	2.0927e-08	2.0404e-08	2.0036e-08	1.9863e-08	1.9279e-08	1.9301e-08	1.972e-08	2.031e-08	2.076e-08	2.1261e-08	2.147e-08	2.1448e-08	2.1142e-08	2.0861e-08	2.0401e-08	2.0211e-08	2.0822e-08	2.1334e-08	2.1552e-08	2.1184e-08	2.1021e-08	2.0967e-08	2.1329e-08	2.1581e-08	2.1483e-08	2.1561e-08	2.1717e-08	2.1655e-08	2.1762e-08	2.1697e-08	2.1741e-08	2.1581e-08	2.1476e-08	2.1267e-08	2.1067e-08	2.1157e-08	2.1503e-08	2.1815e-08
2.1763e-08	2.1913e-08	2.1889e-08	2.1737e-08	2.149e-08	2.1721e-08	2.1841e-08	2.1937e-08	2.2101e-08	2.2087e-08	2.2201e-08	2.2249e-08	2.2609e-08	2.3099e-08	2.3007e-08	2.2721e-08	2.2478e-08	2.2292e-08	2.2565e-08	2.2728e-08	2.2423e-08	2.2726e-08	2.2824e-08	2.2797e-08	2.2582e-08	2.227e-08	2.2938e-08	2.3782e-08	2.3981e-08	2.4287e-08	2.4058e-08	2.4216e-08	2.4216e-08	2.4504e-08	2.4245e-08	2.3006e-08	2.2955e-08	2.4759e-08	3.0222e-08	3.9547e-08	5.3516e-08	6.761e-08	8.2397e-08	9.7154e-08	1.1149e-07	1.2616e-07	1.3736e-07	1.469e-07	1.5514e-07	1.628e-07	1.6989e-07	1.7509e-07	1.7764e-07	1.7699e-07	1.7471e-07	1.7395e-07	1.7487e-07	1.7438e-07	1.7176e-07	1.6683e-07	1.5873e-07	1.5078e-07	1.4235e-07	1.3357e-07	1.2464e-07	1.1375e-07	1.0455e-07	9.5587e-08	8.67e-08	7.7924e-08	6.7624e-08	5.9037e-08	5.0502e-08	4.2019e-08	3.371e-08	2.6941e-08	2.3999e-08	2.2381e-08	2.177e-08	2.1442e-08	2.0833e-08	2.0435e-08	2.0435e-08	2.0627e-08	2.0887e-08	2.0743e-08	2.0824e-08	2.0948e-08	2.1188e-08	2.1271e-08	2.0822e-08	2.0676e-08	2.0616e-08	2.0299e-08	2.0455e-08	2.051e-08	2.0683e-08	2.0931e-08	2.1159e-08	2.1276e-08	2.0861e-08	2.0438e-08	2.0109e-08	1.9936e-08	1.938e-08	1.9558e-08	1.9891e-08	2.0403e-08	2.0764e-08	2.1189e-08	2.1283e-08	2.1308e-08	2.1084e-08	2.0813e-08	2.0301e-08	2.0294e-08	2.0934e-08	2.1379e-08	2.156e-08	2.116e-08	2.0918e-08	2.0851e-08	2.1252e-08	2.1563e-08	2.1548e-08	2.1644e-08	2.1857e-08	2.1837e-08	2.1915e-08	2.1831e-08	2.1843e-08	2.1843e-08	2.1682e-08	2.1623e-08	2.1389e-08	2.1214e-08	2.1219e-08	2.153e-08
2.1832e-08	2.1962e-08	2.2016e-08	2.1957e-08	2.171e-08	2.1943e-08	2.2061e-08	2.2177e-08	2.2377e-08	2.2393e-08	2.243e-08	2.2476e-08	2.2751e-08	2.3234e-08	2.298e-08	2.2579e-08	2.2336e-08	2.2125e-08	2.2342e-08	2.2455e-08	2.2226e-08	2.2475e-08	2.2475e-08	2.2555e-08	2.2502e-08	2.2088e-08	2.2057e-08	2.2662e-08	2.3419e-08	2.3665e-08	2.3617e-08	2.3669e-08	2.3848e-08	2.4108e-08	2.3854e-08	2.2686e-08	2.265e-08	2.492e-08	3.1107e-08	4.0946e-08	5.5422e-08	6.969e-08	8.4436e-08	9.908e-08	1.1323e-07	1.2757e-07	1.3846e-07	1.4761e-07	1.5565e-07	1.6322e-07	1.7012e-07	1.7516e-07	1.7736e-07	1.7624e-07	1.7397e-07	1.7341e-07	1.7426e-07	1.7356e-07	1.7065e-07	1.6548e-07	1.5718e-07	1.4919e-07	1.4073e-07	1.319e-07	1.2293e-07	1.12e-07	1.0281e-07	9.3866e-08	8.5007e-08	7.6241e-08	6.5947e-08	5.7358e-08	5.7358e-08	4.8809e-08	4.0357e-08	3.0775e-08	2.6007e-08	2.347e-08	2.2015e-08	2.1553e-08	2.1119e-08	2.0689e-08	2.0279e-08	2.0438e-08	2.0641e-08	2.0522e-08	2.0517e-08	2.0621e-08	2.085e-08	2.0963e-08	2.0505e-08	2.0346e-08	2.03e-08	2.0001e-08	2.0178e-08	2.0363e-08	2.0596e-08	2.0824e-08	2.1044e-08	2.1148e-08	2.0782e-08	2.0499e-08	2.0249e-08	2.0123e-08	1.9636e-08	1.9907e-08	2.0127e-08	2.0537e-08	2.0778e-08	2.1117e-08	2.1083e-08	2.1154e-08	2.1014e-08	2.0759e-08	2.0209e-08	2.0373e-08	2.1017e-08	2.1371e-08	2.151e-08	2.1097e-08	2.0772e-08	2.0772e-08	2.0686e-08	2.1126e-08	2.1483e-08	2.145e-08	2.1637e-08	2.1905e-08	2.1954e-08	2.2026e-08	2.1964e-08	2.1889e-08	2.1753e-08	2.1725e-08	2.1482e-08	2.1273e-08	2.1288e-08	2.1563e-08
2.1832e-08	2.2021e-08	2.2149e-08	2.2181e-08	2.194e-08	2.1943e-08	2.2232e-08	2.2356e-08	2.2583e-08	2.2636e-08	2.243e-08	2.2606e-08	2.2606e-08	2.2806e-08	2.3268e-08	2.2896e-08	2.2422e-08	2.2241e-08	2.2037e-08	2.2177e-08	2.2242e-08	2.2092e-08	2.2255e-08	2.2302e-08	2.2222e-08	2.2088e-08	2.1873e-08	2.2384e-08	2.3012e-08	2.3298e-08	2.3617e-08	2.3229e-08	2.344e-08	2.366e-08	2.3409e-08	2.2347e-08	2.2375e-08	2.5149e-08	3.2045e-08	4.2375e-08	5.7316e-08	7.1736e-08	8.6444e-08	1.0097e-07	1.1491e-07	1.2886e-07	1.3942e-07	1.4819e-07	1.5603e-07	1.6353e-07	1.7021e-07	1.7504e-07	1.7688e-07	1.7535e-07	1.7316e-07	1.728e-07	1.7356e-07	1.726e-07	1.6941e-07	1.6406e-07	1.556e-07	1.4757e-07	1.4757e-07	1.3906e-07	1.3019e-07	1.1941e-07	1.1024e-07	1.0108e-07	9.2165e-08	8.3336e-08	7.2951e-08	6.4305e-08	5.5707e-08	4.714e-08	3.8724e-08	2.9442e-08	2.5154e-08	2.2986e-08	2.1675e-08	2.1335e-08	2.0935e-08	2.0552e-08	2.0152e-08	2.0286e-08	2.0441e-08	2.0351e-08	2.0285e-08	2.0376e-08	2.0555e-08	2.0662e-08	2.0209e-08	2.0063e-08	2.0052e-08	1.9786e-08	2.0003e-08	2.0295e-08	2.0566e-08	2.0732e-08	2.0913e-08	2.0984e-08	2.0692e-08	2.0574e-08	2.0431e-08	2.038e-08	1.9991e-08	2.0297e-08	2.0386e-08	2.068e-08	2.0786e-08	2.1037e-08	2.0874e-08	2.0874e-08	2.0984e-08	2.0923e-08	2.0692e-08	2.0043e-08	2.0428e-08	2.104e-08	2.1292e-08	2.1392e-08	2.0811e-08	2.0576e-08	2.0461e-08	2.0936e-08	2.132e-08	2.1231e-08	2.1513e-08	2.1831e-08	2.1977e-08	2.2074e-08	2.1943e-08	2.1878e-08	2.1788e-08	2.1779e-08	2.1542e-08	2.1316e-08	2.1356e-08	2.1591e-08
2.1911e-08	2.2067e-08	2.2067e-08	2.2255e-08	2.2368e-08	2.2136e-08	2.2231e-08	2.2316e-08	2.2433e-08	2.2677e-08	2.2768e-08	2.2556e-08	2.2611e-08	2.2748e-08	2.3172e-08	2.2738e-08	2.2251e-08	2.2181e-08	2.2009e-08	2.2058e-08	2.2079e-08	2.2003e-08	2.2058e-08	2.2066e-08	2.1959e-08	2.1878e-08	2.1714e-08	2.2113e-08	2.2585e-08	2.2899e-08	2.3194e-08	2.2756e-08	2.3004e-08	2.3181e-08	2.2935e-08	2.2347e-08	2.2154e-08	2.5466e-08	3.3034e-08	4.3833e-08	5.7316e-08	7.3728e-08	8.8403e-08	1.028e-07	1.165e-07	1.2886e-07	1.4023e-07	1.4863e-07	1.563e-07	1.6371e-07	1.7021e-07	1.7475e-07	1.7475e-07	1.7624e-07	1.7433e-07	1.723e-07	1.7216e-07	1.7279e-07	1.7153e-07	1.6807e-07	1.6259e-07	1.5399e-07	1.4592e-07	1.3737e-07	1.2845e-07	1.1941e-07	1.085e-07	9.9388e-08	9.0501e-08	8.1706e-08	7.2951e-08	6.2719e-08	5.4106e-08	4.5515e-08	3.714e-08	2.8236e-08	2.439e-08	2.2551e-08	2.1375e-08	2.112e-08	2.0733e-08	2.0427e-08	2.0062e-08	2.0185e-08	2.0307e-08	2.0241e-08	2.0145e-08	2.0229e-08	2.0316e-08	2.0375e-08	1.9942e-08	1.983e-08	1.9867e-08	1.9645e-08	1.9915e-08	2.0286e-08	2.058e-08	2.0655e-08	2.0772e-08	2.0795e-08	2.0595e-08	2.0595e-08	2.0651e-08	2.0629e-08	2.0666e-08	2.0778e-08	2.0674e-08	2.0628e-08	2.0802e-08	2.0777e-08	2.0818e-08	2.0657e-08	2.0793e-08	2.0802e-08	2.0604e-08	1.9964e-08	2.0437e-08	2.0977e-08	2.1123e-08	2.1193e-08	2.0573e-08	2.0323e-08	2.017e-08	2.0675e-08	2.1057e-08	2.0911e-08	2.1287e-08	2.1648e-08	2.191e-08	2.2059e-08	2.1869e-08	2.1814e-08	2.1786e-08	2.1788e-08	2.1569e-08	2.134e-08	2.1414e-08	2.1608e-08
2.2021e-08	2.1997e-08	2.2075e-08	2.2302e-08	2.2475e-08	2.2255e-08	2.2223e-08	2.2287e-08	2.2381e-08	2.2629e-08	2.2761e-08	2.2442e-08	2.2506e-08	2.2593e-08	2.2964e-08	2.2519e-08	2.207e-08	2.214e-08	2.202e-08	2.1972e-08	2.1953e-08	2.1942e-08	2.1881e-08	2.1847e-08	2.1716e-08	2.169e-08	2.1578e-08	2.1856e-08	2.2161e-08	2.2489e-08	2.2737e-08	2.227e-08	2.2555e-08	2.2692e-08	2.2454e-08	2.1996e-08	2.2012e-08	2.5889e-08	3.4075e-08	4.5317e-08	5.918e-08	7.5644e-08	7.5644e-08	9.0299e-08	1.0458e-07	1.1801e-07	1.3106e-07	1.4092e-07	1.4896e-07	1.5648e-07	1.6381e-07	1.7003e-07	1.7432e-07	1.7546e-07	1.7325e-07	1.7145e-07	1.7151e-07	1.7199e-07	1.7039e-07	1.6666e-07	1.6106e-07	1.5234e-07	1.4425e-07	1.3566e-07	1.267e-07	1.1765e-07	1.0681e-07	9.7745e-08	8.8893e-08	8.0133e-08	7.1381e-08	6.1212e-08	5.2575e-08	4.3957e-08	3.5625e-08	2.8236e-08	2.3724e-08	2.2167e-08	2.1123e-08	2.0912e-08	2.0733e-08	2.0313e-08	2.0013e-08	2.0142e-08	2.025e-08	2.0241e-08	2.0083e-08	2.0165e-08	2.0128e-08	2.0111e-08	1.9942e-08	1.9712e-08	1.9647e-08	1.9739e-08	1.9566e-08	1.9896e-08	2.0318e-08	2.0621e-08	2.0592e-08	2.0631e-08	2.0596e-08	2.0494e-08	2.0715e-08	2.0817e-08	2.0939e-08	2.0778e-08	2.0984e-08	2.0814e-08	2.0871e-08	2.0735e-08	2.0661e-08	2.0433e-08	2.0577e-08	2.0643e-08	2.0487e-08	1.9886e-08	2.0384e-08	2.0804e-08	2.0852e-08	2.0906e-08	2.0283e-08	2.0027e-08	1.9829e-08	2.0356e-08	2.0714e-08	2.0527e-08	2.0987e-08	2.1384e-08	2.1768e-08	2.1985e-08	2.1745e-08	2.1701e-08	2.1744e-08	2.1754e-08	2.1561e-08	2.1342e-08	2.1454e-08	2.1605e-08
2.2079e-08	2.1961e-08	2.2026e-08	2.2268e-08	2.2473e-08	2.2267e-08	2.2119e-08	2.2162e-08	2.2222e-08	2.2461e-08	2.2633e-08	2.2243e-08	2.2317e-08	2.2367e-08	2.2674e-08	2.2254e-08	2.188e-08	2.2104e-08	2.2046e-08	2.1905e-08	2.1851e-08	2.189e-08	2.1716e-08	2.1644e-08	2.1495e-08	2.1523e-08	2.1463e-08	2.162e-08	2.1762e-08	2.2088e-08	2.2267e-08	2.1786e-08	2.1786e-08	2.2105e-08	2.2212e-08	2.1989e-08	2.1296e-08	2.1973e-08	2.6437e-08	3.5167e-08	4.6828e-08	6.2765e-08	7.7484e-08	9.2128e-08	1.0629e-07	1.1943e-07	1.3199e-07	1.4151e-07	1.4924e-07	1.5661e-07	1.6385e-07	1.6984e-07	1.738e-07	1.7458e-07	1.7216e-07	1.7062e-07	1.7089e-07	1.7117e-07	1.6922e-07	1.652e-07	1.595e-07	1.5068e-07	1.4257e-07	1.3394e-07	1.2496e-07	1.1591e-07	1.0517e-07	9.6175e-08	8.736e-08	7.8635e-08	6.9886e-08	5.9805e-08	5.1136e-08	4.2485e-08	3.42e-08	2.7184e-08	2.3156e-08	2.183e-08	2.0922e-08	2.0711e-08	2.0517e-08	2.029e-08	2.0208e-08	1.9994e-08	2.0144e-08	2.0258e-08	2.0185e-08	2.0086e-08	2.0167e-08	1.9987e-08	1.9878e-08	1.9526e-08	1.9516e-08	1.966e-08	1.9539e-08	1.9927e-08	2.0373e-08	2.0676e-08	2.0542e-08	2.0497e-08	2.0399e-08	2.0392e-08	2.0756e-08	2.097e-08	2.1158e-08	2.11e-08	2.1175e-08	2.0904e-08	2.0857e-08	2.0647e-08	2.0661e-08	2.0204e-08	2.0336e-08	2.0439e-08	2.0335e-08	1.9886e-08	2.0277e-08	2.0544e-08	2.0501e-08	2.055e-08	2.0283e-08	1.9709e-08	1.9464e-08	2.0002e-08	2.032e-08	2.0527e-08	2.0643e-08	2.1064e-08	2.1563e-08	2.1858e-08	2.1745e-08	2.1576e-08	2.1543e-08	2.166e-08	2.1679e-08	2.1518e-08	2.1317e-08	2.1467e-08
2.2055e-08	2.187e-08	2.1926e-08	2.2162e-08	2.2373e-08	2.2183e-08	2.1943e-08	2.1967e-08	2.1987e-08	2.2206e-08	2.2415e-08	2.1989e-08	2.2069e-08	2.2094e-08	2.233e-08	2.196e-08	2.1684e-08	2.2057e-08	2.2065e-08	2.1843e-08	2.1758e-08	2.1828e-08	2.1828e-08	2.1559e-08	2.1456e-08	2.1299e-08	2.1248e-08	2.1365e-08	2.1412e-08	2.1411e-08	2.1717e-08	2.1366e-08	2.1324e-08	2.1666e-08	2.1763e-08	2.1564e-08	2.0968e-08	2.2043e-08	2.7106e-08	3.631e-08	4.8361e-08	6.449e-08	7.9258e-08	9.3897e-08	1.0794e-07	1.2077e-07	1.3285e-07	1.4205e-07	1.495e-07	1.5674e-07	1.6388e-07	1.6964e-07	1.7322e-07	1.7366e-07	1.711e-07	1.6987e-07	1.7032e-07	1.7037e-07	1.6803e-07	1.6373e-07	1.5791e-07	1.49e-07	1.4088e-07	1.3221e-07	1.2324e-07	1.1421e-07	1.0362e-07	9.4696e-08	8.5921e-08	7.7229e-08	6.8485e-08	5.8496e-08	5.8496e-08	4.9788e-08	4.1105e-08	3.2873e-08	2.5528e-08	2.2665e-08	2.1525e-08	2.0755e-08	2.0514e-08	2.0059e-08	2.0107e-08	1.9996e-08	2.0177e-08	2.0319e-08	2.0229e-08	2.014e-08	2.0218e-08	1.9888e-08	1.9681e-08	1.9391e-08	1.9436e-08	1.9624e-08	1.9554e-08	1.9991e-08	2.043e-08	2.0729e-08	2.0506e-08	2.0378e-08	2.0218e-08	2.0292e-08	2.0759e-08	2.1061e-08	2.1279e-08	2.13e-08	2.1203e-08	2.0864e-08	2.0735e-08	2.0504e-08	2.0464e-08	1.9975e-08	2.0075e-08	2.0199e-08	2.0156e-08	1.9808e-08	2.0133e-08	2.023e-08	2.0108e-08	2.0157e-08	1.9966e-08	1.9644e-08	1.9389e-08	1.9099e-08	1.9637e-08	1.9908e-08	1.9712e-08	2.0283e-08	2.0715e-08	2.1311e-08	2.1682e-08	2.1367e-08	2.1344e-08	2.1532e-08	2.1567e-08	2.1439e-08	2.1262e-08	2.1444e-08
2.1961e-08	2.1736e-08	2.1783e-08	2.1998e-08	2.2193e-08	2.2021e-08	2.1717e-08	2.1728e-08	2.1705e-08	2.1895e-08	2.2135e-08	2.1705e-08	2.1705e-08	2.179e-08	2.1799e-08	2.1959e-08	2.1352e-08	2.1486e-08	2.1984e-08	2.2054e-08	2.1771e-08	2.1551e-08	2.1739e-08	2.1403e-08	2.1284e-08	2.113e-08	2.1136e-08	2.1283e-08	2.1239e-08	2.1129e-08	2.1394e-08	2.0966e-08	2.0895e-08	2.1249e-08	2.1353e-08	2.1186e-08	2.0672e-08	2.2217e-08	2.7883e-08	3.7502e-08	4.9916e-08	6.618e-08	8.0977e-08	9.5609e-08	1.0953e-07	1.2204e-07	1.3366e-07	1.4258e-07	1.498e-07	1.5691e-07	1.6393e-07	1.6946e-07	1.7263e-07	1.7273e-07	1.7014e-07	1.6924e-07	1.6985e-07	1.6961e-07	1.6688e-07	1.6227e-07	1.5631e-07	1.4732e-07	1.4732e-07	1.392e-07	1.3049e-07	1.2155e-07	1.1102e-07	1.0216e-07	9.3309e-08	8.4573e-08	7.5912e-08	6.5916e-08	5.7244e-08	4.8494e-08	3.9789e-08	3.163e-08	2.4864e-08	2.2229e-08	2.1236e-08	2.0603e-08	2.0317e-08	1.983e-08	2.0007e-08	2.0007e-08	2.0229e-08	2.0419e-08	2.0313e-08	2.0232e-08	2.0299e-08	1.9825e-08	1.9528e-08	1.9315e-08	1.941e-08	1.9624e-08	1.9597e-08	2.0069e-08	2.0473e-08	2.0767e-08	2.0481e-08	2.0282e-08	2.0065e-08	2.0197e-08	2.0714e-08	2.1069e-08	2.1268e-08	2.1334e-08	2.1078e-08	2.0706e-08	2.0518e-08	2.0311e-08	2.0235e-08	1.9985e-08	1.9751e-08	1.9805e-08	1.9939e-08	1.9961e-08	1.9662e-08	1.9969e-08	1.9898e-08	1.9708e-08	1.9755e-08	1.9341e-08	1.9088e-08	1.876e-08	1.9283e-08	1.9507e-08	1.9352e-08	1.9936e-08	2.0365e-08	2.1025e-08	2.1464e-08	2.1121e-08	2.1108e-08	2.1357e-08	2.1419e-08	2.1324e-08	2.1174e-08	2.1377e-08
2.1814e-08	2.1567e-08	2.1567e-08	2.1606e-08	2.179e-08	2.1954e-08	2.1544e-08	2.1465e-08	2.147e-08	2.1406e-08	2.1561e-08	2.1512e-08	2.142e-08	2.1503e-08	2.1507e-08	2.159e-08	2.1071e-08	2.1288e-08	2.187e-08	2.1991e-08	2.1677e-08	2.141e-08	2.1605e-08	2.1244e-08	2.1127e-08	2.0989e-08	2.1039e-08	2.1212e-08	2.11e-08	2.092e-08	2.1126e-08	2.0611e-08	2.0506e-08	2.0862e-08	2.0987e-08	2.0855e-08	2.0423e-08	2.2492e-08	2.8754e-08	3.8741e-08	5.1488e-08	6.7841e-08	8.2652e-08	9.727e-08	1.1106e-07	1.2326e-07	1.3444e-07	1.4313e-07	1.5017e-07	1.5716e-07	1.6404e-07	1.6934e-07	1.6934e-07	1.7206e-07	1.7182e-07	1.6932e-07	1.6845e-07	1.695e-07	1.6893e-07	1.6578e-07	1.6085e-07	1.5311e-07	1.4563e-07	1.3751e-07	1.2879e-07	1.1989e-07	1.0951e-07	1.0075e-07	9.1979e-08	8.328e-08	7.4645e-08	6.4666e-08	5.6002e-08	4.7213e-08	3.8507e-08	3.0454e-08	2.4265e-08	2.1826e-08	2.0946e-08	2.0448e-08	2.0117e-08	1.9609e-08	1.9903e-08	2.0017e-08	2.0285e-08	2.0545e-08	2.0432e-08	2.0347e-08	2.0395e-08	1.9794e-08	1.9426e-08	1.9306e-08	1.9437e-08	1.9653e-08	1.966e-08	2.0143e-08	2.0482e-08	2.0775e-08	2.0466e-08	2.0212e-08	1.9951e-08	1.9862e-08	2.0097e-08	2.0616e-08	2.0992e-08	2.1133e-08	2.0962e-08	2.0832e-08	2.0457e-08	2.0231e-08	2.0083e-08	1.9728e-08	1.9537e-08	1.9538e-08	1.9673e-08	1.9759e-08	1.9596e-08	1.9801e-08	1.9582e-08	1.9338e-08	1.9374e-08	1.9079e-08	1.8827e-08	1.8471e-08	1.8963e-08	1.9149e-08	1.9073e-08	1.9631e-08	2.004e-08	2.0719e-08	2.1209e-08	2.0843e-08	2.084e-08	2.1132e-08	2.1238e-08	2.1172e-08	2.1042e-08	2.1255e-08
2.1435e-08	2.1429e-08	2.1376e-08	2.1405e-08	2.1553e-08	2.1673e-08	2.1266e-08	2.121e-08	2.1219e-08	2.1122e-08	2.1235e-08	2.1228e-08	2.1161e-08	2.1236e-08	2.1244e-08	2.1251e-08	2.0827e-08	2.1094e-08	2.1702e-08	2.1855e-08	2.1547e-08	2.1242e-08	2.143e-08	2.1083e-08	2.0984e-08	2.0875e-08	2.0953e-08	2.1147e-08	2.0989e-08	2.0772e-08	2.091e-08	2.0308e-08	2.0167e-08	2.0516e-08	2.0668e-08	2.0574e-08	2.0233e-08	2.2862e-08	2.9706e-08	4.0025e-08	5.3076e-08	6.9482e-08	6.9482e-08	8.4293e-08	9.8885e-08	1.1254e-07	1.2556e-07	1.3521e-07	1.4374e-07	1.5067e-07	1.5752e-07	1.6459e-07	1.6932e-07	1.7156e-07	1.7099e-07	1.687e-07	1.6835e-07	1.6928e-07	1.6833e-07	1.6477e-07	1.5949e-07	1.5153e-07	1.4395e-07	1.3583e-07	1.2709e-07	1.1827e-07	1.0802e-07	9.9359e-08	9.0669e-08	8.2001e-08	7.3386e-08	6.3383e-08	5.4724e-08	4.5906e-08	3.7231e-08	2.9327e-08	2.37e-08	2.1433e-08	2.0639e-08	2.0269e-08	1.991e-08	1.9402e-08	1.979e-08	2.0015e-08	2.0333e-08	2.0685e-08	2.058e-08	2.0472e-08	2.0486e-08	1.9789e-08	1.9382e-08	1.94e-08	1.9366e-08	1.9514e-08	1.9703e-08	1.9729e-08	2.0216e-08	2.0447e-08	2.0741e-08	2.0446e-08	2.0155e-08	1.9779e-08	1.9981e-08	2.0464e-08	2.0837e-08	2.0898e-08	2.0616e-08	2.0493e-08	2.0145e-08	1.9899e-08	1.9832e-08	1.9475e-08	1.9337e-08	1.9282e-08	1.9417e-08	1.9563e-08	1.9538e-08	1.9646e-08	1.9317e-08	1.9034e-08	1.9044e-08	1.8881e-08	1.8626e-08	1.8257e-08	1.8699e-08	1.8864e-08	1.8908e-08	1.9395e-08	1.9765e-08	2.0408e-08	2.0921e-08	2.0532e-08	2.0537e-08	2.0856e-08	2.1021e-08	2.0977e-08	2.0852e-08	2.1064e-08
2.1267e-08	2.1226e-08	2.117e-08	2.1188e-08	2.1303e-08	2.1371e-08	2.0987e-08	2.0976e-08	2.1001e-08	2.0881e-08	2.0948e-08	2.0999e-08	2.0954e-08	2.1011e-08	2.1032e-08	2.0968e-08	2.0624e-08	2.0906e-08	2.1486e-08	2.1653e-08	2.1385e-08	2.1055e-08	2.1226e-08	2.0925e-08	2.0856e-08	2.0783e-08	2.0875e-08	2.1084e-08	2.0902e-08	2.0678e-08	2.0745e-08	2.0063e-08	2.0063e-08	1.9886e-08	2.0218e-08	2.0399e-08	2.0157e-08	2.0118e-08	2.3324e-08	3.0725e-08	4.1353e-08	5.6288e-08	7.1108e-08	8.591e-08	1.0046e-07	1.1397e-07	1.2666e-07	1.36e-07	1.4445e-07	1.5134e-07	1.5806e-07	1.6508e-07	1.694e-07	1.7113e-07	1.7026e-07	1.683e-07	1.684e-07	1.6916e-07	1.6779e-07	1.638e-07	1.5818e-07	1.4995e-07	1.4228e-07	1.3415e-07	1.2541e-07	1.1666e-07	1.0653e-07	9.7963e-08	8.9342e-08	8.0696e-08	7.2094e-08	6.2022e-08	5.3364e-08	4.453e-08	3.593e-08	2.8234e-08	2.3136e-08	2.1029e-08	2.0299e-08	2.005e-08	1.9692e-08	1.9461e-08	1.9215e-08	1.9665e-08	1.999e-08	2.0358e-08	2.0951e-08	2.075e-08	2.0591e-08	2.0557e-08	1.9802e-08	1.9457e-08	1.9471e-08	1.962e-08	1.9757e-08	1.979e-08	2.0192e-08	2.0362e-08	2.0655e-08	2.0401e-08	2.0087e-08	1.968e-08	1.9836e-08	2.0257e-08	2.0611e-08	2.0584e-08	2.0201e-08	2.0093e-08	1.9796e-08	1.9549e-08	1.9571e-08	1.924e-08	1.9157e-08	1.9049e-08	1.9187e-08	1.9384e-08	1.9488e-08	1.9522e-08	1.9139e-08	1.8833e-08	1.8794e-08	1.8769e-08	1.8503e-08	1.8143e-08	1.8514e-08	1.8681e-08	1.8853e-08	1.9228e-08	1.9541e-08	2.0092e-08	2.06e-08	2.0241e-08	2.0183e-08	2.0197e-08	2.0527e-08	2.0755e-08	2.0422e-08	2.059e-08
2.1102e-08	2.1226e-08	2.0962e-08	2.0964e-08	2.1053e-08	2.1065e-08	2.0724e-08	2.0784e-08	2.0839e-08	2.0712e-08	2.0732e-08	2.0829e-08	2.0803e-08	2.0834e-08	2.0875e-08	2.0748e-08	2.0461e-08	2.073e-08	2.1239e-08	2.1405e-08	2.1201e-08	2.0859e-08	2.0859e-08	2.1008e-08	2.0777e-08	2.0743e-08	2.0645e-08	2.0801e-08	2.1019e-08	2.0832e-08	2.0628e-08	2.0555e-08	1.9884e-08	1.967e-08	1.9977e-08	2.0185e-08	2.0023e-08	2.0091e-08	2.3873e-08	3.1795e-08	4.2723e-08	5.7907e-08	7.2727e-08	8.7514e-08	1.02e-07	1.1536e-07	1.2774e-07	1.3681e-07	1.4528e-07	1.5219e-07	1.5876e-07	1.6567e-07	1.6956e-07	1.7077e-07	1.6961e-07	1.6808e-07	1.6856e-07	1.6909e-07	1.6727e-07	1.6287e-07	1.569e-07	1.4839e-07	1.4061e-07	1.3248e-07	1.2373e-07	1.1506e-07	1.0502e-07	9.6526e-08	8.7958e-08	7.9324e-08	7.0727e-08	6.9242e-08	6.0542e-08	5.1876e-08	4.3046e-08	3.4574e-08	2.6081e-08	2.2539e-08	2.0591e-08	1.9908e-08	1.977e-08	1.9211e-08	1.9052e-08	1.9524e-08	1.9933e-08	2.0347e-08	2.1044e-08	2.0914e-08	2.0684e-08	2.0591e-08	1.9818e-08	1.9525e-08	1.9587e-08	1.9725e-08	1.9796e-08	1.9825e-08	2.0112e-08	2.0219e-08	2.0506e-08	2.0312e-08	1.9989e-08	1.9546e-08	1.9651e-08	1.9993e-08	2.032e-08	2.0214e-08	1.9748e-08	1.9661e-08	1.9436e-08	1.9204e-08	1.9313e-08	1.9035e-08	1.9003e-08	1.8849e-08	1.8996e-08	1.9231e-08	1.9448e-08	1.9443e-08	1.908e-08	1.8769e-08	1.8652e-08	1.8611e-08	1.8735e-08	1.8453e-08	1.8118e-08	1.8402e-08	1.8566e-08	1.8863e-08	1.9097e-08	1.934e-08	1.976e-08	1.9836e-08	1.979e-08	1.9813e-08	2.0143e-08	2.0433e-08	2.0043e-08	2.024e-08
2.0952e-08	2.1039e-08	2.0759e-08	2.0742e-08	2.0817e-08	2.0775e-08	2.0724e-08	2.0638e-08	2.0734e-08	2.0615e-08	2.0588e-08	2.0829e-08	2.0708e-08	2.0698e-08	2.0699e-08	2.0764e-08	2.0582e-08	2.0336e-08	2.0572e-08	2.098e-08	2.1132e-08	2.1008e-08	2.0663e-08	2.0788e-08	2.0645e-08	2.0645e-08	2.0645e-08	2.0729e-08	2.0946e-08	2.0774e-08	2.0612e-08	2.0555e-08	1.9779e-08	1.9529e-08	1.9803e-08	2.0028e-08	2.0023e-08	2.0166e-08	2.4505e-08	3.2905e-08	4.4133e-08	5.7907e-08	7.4345e-08	8.9112e-08	1.035e-07	1.167e-07	1.288e-07	1.3765e-07	1.4619e-07	1.5318e-07	1.596e-07	1.663e-07	1.6975e-07	1.7044e-07	1.6904e-07	1.6799e-07	1.6877e-07	1.6903e-07	1.6674e-07	1.6195e-07	1.5564e-07	1.5438e-07	1.4684e-07	1.3896e-07	1.3081e-07	1.2205e-07	1.1184e-07	1.0346e-07	9.5014e-08	8.6482e-08	7.7845e-08	6.7597e-08	5.8899e-08	5.0214e-08	4.1412e-08	3.3135e-08	2.4992e-08	2.1885e-08	2.0102e-08	1.9455e-08	1.9416e-08	1.8939e-08	1.89e-08	1.9358e-08	1.9834e-08	2.029e-08	2.1081e-08	2.1043e-08	2.0728e-08	2.0572e-08	1.9816e-08	1.9573e-08	1.9681e-08	1.98e-08	1.98e-08	1.9819e-08	1.9967e-08	2.0009e-08	2.0283e-08	2.016e-08	1.9836e-08	1.9356e-08	1.9414e-08	1.9671e-08	1.997e-08	1.981e-08	1.9286e-08	1.9227e-08	1.9093e-08	1.889e-08	1.9073e-08	1.8861e-08	1.8871e-08	1.8877e-08	1.8693e-08	1.886e-08	1.9031e-08	1.9406e-08	1.9401e-08	1.9131e-08	1.883e-08	1.8623e-08	1.8738e-08	1.8437e-08	1.814e-08	1.8327e-08	1.855e-08	1.8891e-08	1.8969e-08	1.9136e-08	1.94e-08	1.938e-08	1.9348e-08	1.9382e-08	1.97e-08	2.0042e-08	1.9584e-08	1.9788e-08
2.0833e-08	2.0884e-08	2.0765e-08	2.0571e-08	2.0531e-08	2.0602e-08	2.0509e-08	2.0274e-08	2.0527e-08	2.0673e-08	2.0573e-08	2.0502e-08	2.0625e-08	2.0627e-08	2.0601e-08	2.0691e-08	2.0464e-08	2.0248e-08	2.0435e-08	2.0726e-08	2.0858e-08	2.0819e-08	2.0477e-08	2.058e-08	2.0533e-08	2.0562e-08	2.0589e-08	2.0655e-08	2.0861e-08	2.0721e-08	2.0621e-08	2.0526e-08	1.9753e-08	1.947e-08	1.9704e-08	1.9933e-08	1.9938e-08	2.0348e-08	2.5213e-08	3.4042e-08	4.5578e-08	5.9531e-08	7.5962e-08	9.0705e-08	1.0498e-07	1.1799e-07	1.288e-07	1.3851e-07	1.4715e-07	1.5424e-07	1.6051e-07	1.663e-07	1.6694e-07	1.6992e-07	1.7012e-07	1.6854e-07	1.6801e-07	1.6898e-07	1.6893e-07	1.6619e-07	1.6102e-07	1.5438e-07	1.4531e-07	1.3732e-07	1.2914e-07	1.2038e-07	1.1184e-07	1.0183e-07	9.3397e-08	8.4874e-08	7.6218e-08	6.7597e-08	5.7061e-08	4.8344e-08	3.9599e-08	3.159e-08	2.4992e-08	2.1178e-08	1.9567e-08	1.8949e-08	1.8994e-08	1.8642e-08	1.8745e-08	1.916e-08	1.9686e-08	2.0178e-08	2.104e-08	2.1104e-08	2.07e-08	2.0483e-08	1.9777e-08	1.9573e-08	1.972e-08	1.9816e-08	1.975e-08	1.9755e-08	1.9744e-08	1.9725e-08	1.9977e-08	1.9926e-08	1.9608e-08	1.9284e-08	1.909e-08	1.9113e-08	1.9291e-08	1.9569e-08	1.8995e-08	1.8844e-08	1.8821e-08	1.8793e-08	1.8632e-08	1.8677e-08	1.8746e-08	1.8775e-08	1.8575e-08	1.8771e-08	1.8947e-08	1.9337e-08	1.9362e-08	1.9237e-08	1.896e-08	1.8641e-08	1.8735e-08	1.8418e-08	1.8165e-08	1.8256e-08	1.8504e-08	1.8888e-08	1.8811e-08	1.8901e-08	1.8998e-08	1.8866e-08	1.885e-08	1.8897e-08	1.9198e-08	1.9573e-08	1.9035e-08	1.9218e-08
2.11e-08	2.0746e-08	2.0677e-08	2.0401e-08	2.0336e-08	2.0411e-08	2.0271e-08	2.0086e-08	2.0444e-08	2.0643e-08	2.0569e-08	2.0462e-08	2.0569e-08	2.0581e-08	2.0532e-08	2.0646e-08	2.0386e-08	2.0194e-08	2.0326e-08	2.0496e-08	2.0603e-08	2.0643e-08	2.0309e-08	2.0398e-08	2.0448e-08	2.0495e-08	2.0537e-08	2.0575e-08	2.0759e-08	2.067e-08	2.0647e-08	2.0538e-08	1.9803e-08	1.9491e-08	1.968e-08	1.9894e-08	1.9901e-08	2.0625e-08	2.5986e-08	3.5202e-08	4.7049e-08	6.1157e-08	6.278e-08	7.7581e-08	9.2293e-08	1.0643e-07	1.1925e-07	1.3084e-07	1.3939e-07	1.4814e-07	1.5534e-07	1.6145e-07	1.6752e-07	1.7003e-07	1.6978e-07	1.681e-07	1.6808e-07	1.6916e-07	1.6877e-07	1.6557e-07	1.6005e-07	1.5311e-07	1.4379e-07	1.357e-07	1.2747e-07	1.1871e-07	1.102e-07	1.0012e-07	9.1647e-08	8.3107e-08	7.4412e-08	6.5761e-08	5.5058e-08	4.6299e-08	3.7643e-08	2.9968e-08	2.3899e-08	2.0437e-08	1.9002e-08	1.841e-08	1.8521e-08	1.8642e-08	1.8568e-08	1.8923e-08	1.948e-08	2e-08	2.104e-08	2.1065e-08	2.0578e-08	2.0309e-08	1.9678e-08	1.9678e-08	1.9495e-08	1.9669e-08	1.9744e-08	1.9625e-08	1.9615e-08	1.9434e-08	1.936e-08	1.9575e-08	1.9591e-08	1.9284e-08	1.8727e-08	1.8737e-08	1.885e-08	1.9122e-08	1.8995e-08	1.8431e-08	1.8451e-08	1.8539e-08	1.8431e-08	1.8677e-08	1.8639e-08	1.8679e-08	1.8476e-08	1.8704e-08	1.8947e-08	1.9215e-08	1.9291e-08	1.9342e-08	1.9099e-08	1.8616e-08	1.8685e-08	1.8358e-08	1.8146e-08	1.8152e-08	1.8385e-08	1.8809e-08	1.859e-08	1.8607e-08	1.8544e-08	1.8287e-08	1.8292e-08	1.8354e-08	1.8635e-08	1.9015e-08	1.8386e-08	1.8515e-08
2.0955e-08	2.0684e-08	2.0617e-08	2.0255e-08	2.0164e-08	2.0246e-08	2.0065e-08	1.9925e-08	2.0379e-08	2.0628e-08	2.0588e-08	2.0453e-08	2.0529e-08	2.0549e-08	2.0487e-08	2.062e-08	2.0341e-08	2.0173e-08	2.0248e-08	2.0308e-08	2.0388e-08	2.0495e-08	2.0169e-08	2.0255e-08	2.0396e-08	2.0442e-08	2.0482e-08	2.0488e-08	2.0638e-08	2.0613e-08	2.0677e-08	2.0584e-08	2.0645e-08	1.9905e-08	1.9569e-08	1.971e-08	1.9898e-08	1.9932e-08	2.0984e-08	2.6815e-08	3.6379e-08	4.8534e-08	6.4399e-08	7.9202e-08	9.3875e-08	1.0785e-07	1.2046e-07	1.3183e-07	1.4028e-07	1.4911e-07	1.5641e-07	1.6236e-07	1.6801e-07	1.7004e-07	1.694e-07	1.6771e-07	1.6816e-07	1.6924e-07	1.6849e-07	1.6486e-07	1.5902e-07	1.5182e-07	1.423e-07	1.3411e-07	1.2581e-07	1.1703e-07	1.0851e-07	9.832e-08	8.9783e-08	8.12e-08	7.2453e-08	6.3763e-08	5.2939e-08	4.4138e-08	3.5601e-08	2.8313e-08	2.282e-08	1.9682e-08	1.842e-08	1.7853e-08	1.8011e-08	1.8011e-08	1.7957e-08	1.8354e-08	1.8638e-08	1.921e-08	1.9746e-08	2.0635e-08	2.0896e-08	2.0337e-08	2.0034e-08	1.9502e-08	1.9309e-08	1.9496e-08	1.9553e-08	1.9407e-08	1.9384e-08	1.9027e-08	1.8907e-08	1.9069e-08	1.9136e-08	1.8841e-08	1.827e-08	1.8288e-08	1.8357e-08	1.8638e-08	1.8611e-08	1.8036e-08	1.8103e-08	1.831e-08	1.8262e-08	1.8504e-08	1.8531e-08	1.8571e-08	1.8377e-08	1.8629e-08	1.8836e-08	1.9015e-08	1.9153e-08	1.9389e-08	1.9186e-08	1.8616e-08	1.8547e-08	1.822e-08	1.804e-08	1.798e-08	1.8385e-08	1.8606e-08	1.8273e-08	1.8227e-08	1.8025e-08	1.8025e-08	1.7639e-08	1.7667e-08	1.7747e-08	1.8007e-08	1.8358e-08	1.7638e-08
2.0803e-08	2.0641e-08	2.0581e-08	2.0139e-08	2.0023e-08	2.011e-08	1.9894e-08	1.9791e-08	2.0323e-08	2.0617e-08	2.061e-08	2.0462e-08	2.0495e-08	2.0521e-08	2.0459e-08	2.0606e-08	2.0321e-08	2.0183e-08	2.0207e-08	2.0179e-08	2.0237e-08	2.0385e-08	2.0316e-08	2.006e-08	2.0156e-08	2.0374e-08	2.0401e-08	2.0344e-08	2.0388e-08	2.0498e-08	2.0546e-08	2.0701e-08	2.0702e-08	2.0031e-08	1.9682e-08	1.9775e-08	1.9925e-08	1.9984e-08	2.1413e-08	2.7689e-08	3.7569e-08	5.0024e-08	6.601e-08	8.0826e-08	9.5451e-08	1.0926e-07	1.2163e-07	1.3279e-07	1.4117e-07	1.5004e-07	1.574e-07	1.632e-07	1.6834e-07	1.6992e-07	1.6895e-07	1.6736e-07	1.6821e-07	1.6919e-07	1.6807e-07	1.6404e-07	1.5791e-07	1.505e-07	1.4082e-07	1.3253e-07	1.2414e-07	1.1535e-07	1.068e-07	9.6464e-08	8.7834e-08	7.9193e-08	7.0384e-08	7.0384e-08	5.9475e-08	5.0756e-08	4.192e-08	3.353e-08	2.6669e-08	2.0772e-08	1.8928e-08	1.7837e-08	1.7299e-08	1.748e-08	1.7562e-08	1.8085e-08	1.8297e-08	1.8868e-08	1.9408e-08	2.0226e-08	2.0564e-08	1.9956e-08	1.9641e-08	1.9226e-08	1.8988e-08	1.9168e-08	1.9217e-08	1.9076e-08	1.9046e-08	1.8529e-08	1.8374e-08	1.8468e-08	1.8569e-08	1.8286e-08	1.7742e-08	1.7787e-08	1.7829e-08	1.8128e-08	1.8237e-08	1.7648e-08	1.7761e-08	1.8087e-08	1.8102e-08	1.8324e-08	1.8401e-08	1.8434e-08	1.8257e-08	1.8518e-08	1.8669e-08	1.8712e-08	1.8913e-08	1.9322e-08	1.9164e-08	1.9164e-08	1.8247e-08	1.8277e-08	1.7966e-08	1.7802e-08	1.7704e-08	1.7758e-08	1.8232e-08	1.7827e-08	1.7732e-08	1.7429e-08	1.692e-08	1.6976e-08	1.7078e-08	1.7318e-08	1.76e-08	1.6812e-08
2.065e-08	2.0612e-08	2.0564e-08	2.0057e-08	1.992e-08	2.0004e-08	1.9762e-08	1.9684e-08	2.0267e-08	2.0595e-08	2.0621e-08	2.0473e-08	2.0475e-08	2.0456e-08	2.0486e-08	2.0442e-08	2.0592e-08	2.0329e-08	2.0219e-08	2.0202e-08	2.0115e-08	2.0154e-08	2.0275e-08	1.9973e-08	2.0086e-08	2.0369e-08	2.036e-08	2.025e-08	2.0273e-08	2.0341e-08	2.0464e-08	2.0707e-08	2.0739e-08	2.0157e-08	1.9805e-08	1.9854e-08	1.9959e-08	2.0047e-08	2.1898e-08	2.8598e-08	3.8767e-08	5.1507e-08	6.7609e-08	8.2456e-08	9.7021e-08	1.1064e-07	1.2276e-07	1.3372e-07	1.4207e-07	1.5089e-07	1.5825e-07	1.6392e-07	1.6849e-07	1.6962e-07	1.6841e-07	1.6704e-07	1.682e-07	1.69e-07	1.675e-07	1.631e-07	1.5672e-07	1.5672e-07	1.4773e-07	1.3934e-07	1.3096e-07	1.2247e-07	1.1367e-07	1.0328e-07	9.4567e-08	8.5831e-08	7.7123e-08	6.8252e-08	5.7284e-08	4.8559e-08	3.9702e-08	3.149e-08	2.5081e-08	1.9838e-08	1.8196e-08	1.7266e-08	1.6763e-08	1.6942e-08	1.7126e-08	1.7746e-08	1.7892e-08	1.8445e-08	1.8975e-08	1.9653e-08	2.0041e-08	1.9412e-08	1.9116e-08	1.8833e-08	1.853e-08	1.8686e-08	1.8738e-08	1.8635e-08	1.8603e-08	1.7966e-08	1.7786e-08	1.7802e-08	1.7921e-08	1.765e-08	1.7167e-08	1.7252e-08	1.7283e-08	1.7603e-08	1.7863e-08	1.7254e-08	1.7411e-08	1.7848e-08	1.7926e-08	1.7926e-08	1.7874e-08	1.823e-08	1.8249e-08	1.8098e-08	1.8344e-08	1.8056e-08	1.8279e-08	1.8535e-08	1.9086e-08	1.8971e-08	1.7807e-08	1.7835e-08	1.7557e-08	1.7387e-08	1.7289e-08	1.7183e-08	1.7659e-08	1.7234e-08	1.7109e-08	1.6751e-08	1.6151e-08	1.6239e-08	1.6364e-08	1.6584e-08	1.6766e-08	1.5939e-08
2.0507e-08	2.059e-08	2.0569e-08	2.0563e-08	2.0016e-08	1.986e-08	1.9931e-08	1.9627e-08	1.9605e-08	2.0202e-08	2.0549e-08	2.0602e-08	2.0456e-08	2.0403e-08	2.0437e-08	2.0428e-08	2.0573e-08	2.0339e-08	2.0268e-08	2.0218e-08	2.0099e-08	2.0125e-08	2.0247e-08	1.9899e-08	2.0031e-08	2.0365e-08	2.0309e-08	2.0131e-08	2.0138e-08	2.0167e-08	2.0361e-08	2.0683e-08	2.0734e-08	2.0255e-08	1.9914e-08	1.9927e-08	1.9982e-08	2.0112e-08	2.2425e-08	2.953e-08	3.9967e-08	5.2974e-08	6.9193e-08	8.4092e-08	9.8585e-08	1.1201e-07	1.2386e-07	1.3463e-07	1.4296e-07	1.5165e-07	1.5893e-07	1.5893e-07	1.6485e-07	1.6846e-07	1.6916e-07	1.6781e-07	1.6676e-07	1.6796e-07	1.6868e-07	1.6678e-07	1.6205e-07	1.5545e-07	1.4628e-07	1.3785e-07	1.2938e-07	1.2079e-07	1.1197e-07	1.0149e-07	9.2646e-08	8.3805e-08	7.5029e-08	6.61e-08	5.5126e-08	4.6398e-08	3.7543e-08	2.9536e-08	2.3592e-08	1.8986e-08	1.7502e-08	1.6722e-08	1.6266e-08	1.6415e-08	1.6646e-08	1.732e-08	1.7416e-08	1.7934e-08	1.8438e-08	1.8926e-08	1.9335e-08	1.8719e-08	1.8469e-08	1.8325e-08	1.7966e-08	1.8086e-08	1.8149e-08	1.8108e-08	1.8081e-08	1.7365e-08	1.7167e-08	1.7104e-08	1.7227e-08	1.7227e-08	1.6271e-08	1.6569e-08	1.6702e-08	1.6735e-08	1.7074e-08	1.708e-08	1.6842e-08	1.7038e-08	1.7572e-08	1.771e-08	1.7569e-08	1.7996e-08	1.7999e-08	1.7878e-08	1.8076e-08	1.7553e-08	1.7691e-08	1.7985e-08	1.8622e-08	1.8548e-08	1.7154e-08	1.7197e-08	1.6974e-08	1.6771e-08	1.6716e-08	1.6455e-08	1.692e-08	1.6521e-08	1.6385e-08	1.6014e-08	1.5359e-08	1.548e-08	1.5625e-08	1.5823e-08	1.5888e-08	1.5047e-08
2.0154e-08	2.0381e-08	2.0544e-08	2.0573e-08	2.0019e-08	1.9851e-08	1.9893e-08	1.9625e-08	1.9551e-08	2.0122e-08	2.0471e-08	2.0545e-08	2.0412e-08	2.0332e-08	2.037e-08	2.0408e-08	2.0541e-08	2.0342e-08	2.0317e-08	2.0244e-08	2.0112e-08	2.0128e-08	2.0216e-08	1.9827e-08	1.9976e-08	2.0348e-08	2.0236e-08	1.9981e-08	1.9981e-08	1.9976e-08	2.0232e-08	2.0616e-08	2.0671e-08	2.03e-08	1.9986e-08	1.9972e-08	1.9976e-08	2.0171e-08	2.2982e-08	3.0475e-08	4.1165e-08	4.1165e-08	5.5818e-08	7.076e-08	8.5734e-08	1.0014e-07	1.1337e-07	1.2595e-07	1.3551e-07	1.4384e-07	1.5231e-07	1.5946e-07	1.6511e-07	1.6829e-07	1.6858e-07	1.6716e-07	1.6649e-07	1.6775e-07	1.6825e-07	1.6595e-07	1.609e-07	1.5411e-07	1.4478e-07	1.3633e-07	1.2779e-07	1.1909e-07	1.1027e-07	9.9692e-08	9.0721e-08	8.1786e-08	7.2948e-08	6.3973e-08	5.3052e-08	4.4324e-08	3.5501e-08	2.7728e-08	2.2247e-08	1.8234e-08	1.6866e-08	1.622e-08	1.5824e-08	1.5911e-08	1.6128e-08	1.6813e-08	1.6878e-08	1.7347e-08	1.7809e-08	1.8093e-08	1.8499e-08	1.792e-08	1.7738e-08	1.7738e-08	1.7081e-08	1.7326e-08	1.7407e-08	1.7485e-08	1.7521e-08	1.6896e-08	1.6751e-08	1.6543e-08	1.6404e-08	1.6521e-08	1.5595e-08	1.5972e-08	1.6159e-08	1.6205e-08	1.6553e-08	1.6651e-08	1.6402e-08	1.6627e-08	1.7238e-08	1.7428e-08	1.7187e-08	1.768e-08	1.7667e-08	1.7579e-08	1.7689e-08	1.6895e-08	1.694e-08	1.7248e-08	1.7903e-08	1.7863e-08	1.6329e-08	1.6398e-08	1.6246e-08	1.5993e-08	1.6012e-08	1.5616e-08	1.606e-08	1.5727e-08	1.5596e-08	1.5242e-08	1.4567e-08	1.4723e-08	1.4882e-08	1.5054e-08	1.4995e-08	1.4166e-08
1.9988e-08	2.0282e-08	2.0508e-08	2.0588e-08	2.0065e-08	1.9892e-08	1.9888e-08	1.9652e-08	1.9514e-08	2.0027e-08	2.0363e-08	2.0453e-08	2.0339e-08	2.0242e-08	2.0285e-08	2.0371e-08	2.0491e-08	2.0329e-08	2.0354e-08	2.0264e-08	2.0135e-08	2.0143e-08	2.0168e-08	1.9748e-08	1.9906e-08	2.03e-08	2.0129e-08	1.9795e-08	1.9797e-08	1.9771e-08	2.0072e-08	2.0494e-08	2.0307e-08	2.053e-08	2.0265e-08	1.9996e-08	1.997e-08	1.9816e-08	2.0218e-08	2.356e-08	3.1425e-08	4.2358e-08	5.7204e-08	7.2315e-08	8.7378e-08	1.0169e-07	1.147e-07	1.2696e-07	1.3637e-07	1.4472e-07	1.529e-07	1.5986e-07	1.6528e-07	1.6801e-07	1.6792e-07	1.665e-07	1.6626e-07	1.6748e-07	1.6771e-07	1.65e-07	1.5966e-07	1.527e-07	1.4323e-07	1.3478e-07	1.2617e-07	1.1739e-07	1.0854e-07	9.7884e-08	8.881e-08	7.9805e-08	7.092e-08	6.1916e-08	5.1108e-08	4.2386e-08	3.3633e-08	2.6121e-08	2.109e-08	1.758e-08	1.6292e-08	1.5764e-08	1.544e-08	1.544e-08	1.4996e-08	1.5588e-08	1.6249e-08	1.6299e-08	1.6709e-08	1.6402e-08	1.7202e-08	1.7586e-08	1.7066e-08	1.6962e-08	1.6402e-08	1.6641e-08	1.6685e-08	1.6782e-08	1.6899e-08	1.6282e-08	1.6152e-08	1.5939e-08	1.5734e-08	1.5836e-08	1.4972e-08	1.54e-08	1.564e-08	1.5708e-08	1.6049e-08	1.6186e-08	1.592e-08	1.6163e-08	1.6826e-08	1.7057e-08	1.6719e-08	1.7269e-08	1.724e-08	1.7187e-08	1.7165e-08	1.6118e-08	1.6067e-08	1.6367e-08	1.6981e-08	1.6969e-08	1.5387e-08	1.5483e-08	1.5414e-08	1.5104e-08	1.5216e-08	1.4707e-08	1.5123e-08	1.4887e-08	1.4887e-08	1.4777e-08	1.37e-08	1.3801e-08	1.3992e-08	1.4155e-08	1.4295e-08	1.3291e-08
1.9876e-08	2.0209e-08	2.0508e-08	2.0598e-08	2.0137e-08	1.9963e-08	1.9903e-08	1.9652e-08	1.9485e-08	1.9917e-08	2.023e-08	2.0331e-08	2.0234e-08	2.0127e-08	2.0177e-08	2.0305e-08	2.0415e-08	2.0291e-08	2.0365e-08	2.0264e-08	2.015e-08	2.0152e-08	2.0133e-08	2.0087e-08	1.9653e-08	1.9806e-08	2.0208e-08	1.977e-08	1.9566e-08	1.9583e-08	1.9552e-08	1.9876e-08	2.0044e-08	2.0298e-08	2.0131e-08	1.9927e-08	1.9903e-08	1.9657e-08	2.0267e-08	2.4165e-08	3.2394e-08	4.3562e-08	5.8592e-08	7.3865e-08	8.9014e-08	1.0321e-07	1.1602e-07	1.2794e-07	1.3723e-07	1.4558e-07	1.5344e-07	1.6018e-07	1.6539e-07	1.6765e-07	1.6721e-07	1.6587e-07	1.6604e-07	1.6717e-07	1.6708e-07	1.6396e-07	1.5833e-07	1.5122e-07	1.4163e-07	1.3318e-07	1.2452e-07	1.1567e-07	1.068e-07	9.6074e-08	8.6932e-08	7.7892e-08	6.8981e-08	6.8981e-08	5.8151e-08	4.9305e-08	4.0595e-08	3.1951e-08	2.4728e-08	1.9317e-08	1.7006e-08	1.5774e-08	1.535e-08	1.5103e-08	1.458e-08	1.5042e-08	1.5655e-08	1.5704e-08	1.6051e-08	1.569e-08	1.6301e-08	1.6649e-08	1.6202e-08	1.6179e-08	1.5723e-08	1.5942e-08	1.5958e-08	1.6073e-08	1.6268e-08	1.5687e-08	1.5592e-08	1.538e-08	1.5126e-08	1.5207e-08	1.4436e-08	1.4877e-08	1.5165e-08	1.5261e-08	1.5575e-08	1.5678e-08	1.5392e-08	1.5639e-08	1.6322e-08	1.6583e-08	1.6176e-08	1.677e-08	1.6729e-08	1.671e-08	1.6526e-08	1.5265e-08	1.5124e-08	1.5401e-08	1.5926e-08	1.5926e-08	1.482e-08	1.4381e-08	1.4497e-08	1.4517e-08	1.4154e-08	1.3498e-08	1.3769e-08	1.4154e-08	1.4038e-08	1.3964e-08	1.2983e-08	1.3085e-08	1.331e-08	1.3466e-08	1.3566e-08	1.2541e-08
1.9805e-08	2.0149e-08	2.0455e-08	2.0591e-08	2.0215e-08	2.0046e-08	1.9926e-08	1.9692e-08	1.9456e-08	1.9793e-08	2.0073e-08	2.0185e-08	2.0185e-08	2.0092e-08	1.9984e-08	2.0045e-08	2.0202e-08	2.0308e-08	2.0218e-08	2.0339e-08	2.0231e-08	2.0136e-08	2.0133e-08	1.9958e-08	1.9532e-08	1.9661e-08	2.0056e-08	1.977e-08	1.9292e-08	1.9339e-08	1.9322e-08	1.9641e-08	2.0044e-08	1.9991e-08	1.991e-08	1.9785e-08	1.9776e-08	1.9657e-08	2.0338e-08	2.4813e-08	3.3399e-08	4.4797e-08	5.8592e-08	7.5417e-08	9.0635e-08	1.0471e-07	1.173e-07	1.2794e-07	1.3807e-07	1.4642e-07	1.5395e-07	1.6046e-07	1.6547e-07	1.6725e-07	1.6648e-07	1.6528e-07	1.6585e-07	1.6681e-07	1.6636e-07	1.6282e-07	1.5693e-07	1.5693e-07	1.4807e-07	1.3997e-07	1.3152e-07	1.2283e-07	1.1393e-07	1.0326e-07	9.4263e-08	8.5091e-08	7.6054e-08	6.7139e-08	5.6426e-08	4.7612e-08	3.8923e-08	3.0427e-08	2.3516e-08	1.863e-08	1.6494e-08	1.5307e-08	1.4972e-08	1.4801e-08	1.4189e-08	1.4505e-08	1.5059e-08	1.5118e-08	1.54e-08	1.5017e-08	1.5438e-08	1.5742e-08	1.5376e-08	1.5428e-08	1.5075e-08	1.5259e-08	1.5265e-08	1.5395e-08	1.5653e-08	1.5136e-08	1.5099e-08	1.4892e-08	1.4609e-08	1.4666e-08	1.4007e-08	1.4418e-08	1.4747e-08	1.4875e-08	1.5136e-08	1.5137e-08	1.4829e-08	1.5066e-08	1.5742e-08	1.5742e-08	1.5388e-08	1.5573e-08	1.6196e-08	1.6147e-08	1.6161e-08	1.5024e-08	1.4378e-08	1.4163e-08	1.4406e-08	1.4809e-08	1.3703e-08	1.3366e-08	1.3486e-08	1.3596e-08	1.3195e-08	1.2653e-08	1.2843e-08	1.3197e-08	1.3218e-08	1.3191e-08	1.2335e-08	1.2444e-08	1.2701e-08	1.2835e-08	1.2884e-08	1.1896e-08
1.9757e-08	2.0087e-08	2.0087e-08	2.0269e-08	2.0559e-08	2.0283e-08	2.0123e-08	1.9942e-08	1.9753e-08	1.9417e-08	1.9653e-08	1.9897e-08	2.0018e-08	1.9911e-08	1.9811e-08	1.9886e-08	2.0049e-08	2.0163e-08	2.0103e-08	2.0261e-08	2.0151e-08	2.0076e-08	2.0068e-08	1.977e-08	1.9377e-08	1.946e-08	1.9832e-08	1.9498e-08	1.8989e-08	1.9076e-08	1.9088e-08	1.9379e-08	1.9725e-08	1.9637e-08	1.9627e-08	1.9587e-08	1.96e-08	1.9468e-08	2.0453e-08	2.5518e-08	3.4459e-08	4.6084e-08	6.0006e-08	7.6978e-08	9.2234e-08	1.0618e-07	1.1855e-07	1.2892e-07	1.3892e-07	1.4725e-07	1.5446e-07	1.5446e-07	1.6074e-07	1.6554e-07	1.6684e-07	1.6579e-07	1.6477e-07	1.6567e-07	1.6642e-07	1.6557e-07	1.6161e-07	1.5546e-07	1.4807e-07	1.3827e-07	1.2981e-07	1.2109e-07	1.1217e-07	1.0326e-07	9.2451e-08	8.328e-08	7.4274e-08	6.5376e-08	5.6426e-08	4.5999e-08	3.7339e-08	2.9027e-08	2.245e-08	1.863e-08	1.6024e-08	1.4883e-08	1.4626e-08	1.4522e-08	1.4189e-08	1.3995e-08	1.4486e-08	1.4564e-08	1.4785e-08	1.4415e-08	1.4661e-08	1.4919e-08	1.4636e-08	1.4748e-08	1.4485e-08	1.4623e-08	1.4641e-08	1.4782e-08	1.5079e-08	1.4645e-08	1.4687e-08	1.4488e-08	1.4203e-08	1.4203e-08	1.3891e-08	1.3664e-08	1.4011e-08	1.4369e-08	1.4531e-08	1.4324e-08	1.4575e-08	1.4247e-08	1.4461e-08	1.5105e-08	1.4712e-08	1.4928e-08	1.5559e-08	1.5508e-08	1.5551e-08	1.422e-08	1.3501e-08	1.3236e-08	1.3437e-08	1.3697e-08	1.2648e-08	1.2395e-08	1.2496e-08	1.269e-08	1.2277e-08	1.1867e-08	1.1972e-08	1.2296e-08	1.2463e-08	1.2495e-08	1.178e-08	1.1901e-08	1.2186e-08	1.228e-08	1.2267e-08	1.1355e-08
2.0203e-08	1.9716e-08	2.0008e-08	2.0123e-08	2.0489e-08	2.032e-08	2.0172e-08	1.9941e-08	1.9744e-08	1.9359e-08	1.9499e-08	1.9704e-08	1.9837e-08	1.9687e-08	1.9604e-08	1.9697e-08	1.9837e-08	1.9975e-08	1.9938e-08	2.0122e-08	2.0012e-08	1.9954e-08	1.9939e-08	1.9533e-08	1.9194e-08	1.9215e-08	1.955e-08	1.9179e-08	1.8678e-08	1.8813e-08	1.8863e-08	1.9108e-08	1.9372e-08	1.9262e-08	1.931e-08	1.935e-08	1.9387e-08	1.9268e-08	2.0631e-08	2.6294e-08	3.5593e-08	3.5593e-08	4.7443e-08	6.2998e-08	7.8556e-08	9.3803e-08	1.076e-07	1.1975e-07	1.3088e-07	1.3976e-07	1.4805e-07	1.5498e-07	1.6105e-07	1.6564e-07	1.6645e-07	1.6515e-07	1.6436e-07	1.6552e-07	1.6599e-07	1.6472e-07	1.6033e-07	1.5394e-07	1.4642e-07	1.3652e-07	1.2805e-07	1.1932e-07	1.1039e-07	1.0146e-07	9.0635e-08	8.1488e-08	7.2534e-08	6.3667e-08	5.4773e-08	4.4434e-08	3.5813e-08	2.772e-08	2.1497e-08	1.8029e-08	1.5577e-08	1.4497e-08	1.4307e-08	1.4254e-08	1.382e-08	1.3526e-08	1.3964e-08	1.4066e-08	1.4235e-08	1.4415e-08	1.4019e-08	1.4233e-08	1.403e-08	1.403e-08	1.4178e-08	1.3973e-08	1.4056e-08	1.4112e-08	1.4258e-08	1.4564e-08	1.4205e-08	1.434e-08	1.4151e-08	1.3887e-08	1.3891e-08	1.3379e-08	1.3638e-08	1.4014e-08	1.4208e-08	1.4324e-08	1.4004e-08	1.3663e-08	1.3843e-08	1.4433e-08	1.4712e-08	1.4255e-08	1.4872e-08	1.4824e-08	1.4891e-08	1.422e-08	1.2677e-08	1.2394e-08	1.2553e-08	1.2661e-08	1.2648e-08	1.1522e-08	1.1571e-08	1.1841e-08	1.1451e-08	1.1175e-08	1.1192e-08	1.1494e-08	1.1807e-08	1.1908e-08	1.1315e-08	1.1449e-08	1.1759e-08	1.1799e-08	1.1715e-08	1.0899e-08
2.0286e-08	1.9667e-08	1.9898e-08	1.9933e-08	2.0372e-08	2.0309e-08	2.0177e-08	1.9907e-08	1.9688e-08	1.9275e-08	1.9331e-08	1.9499e-08	1.9645e-08	1.9418e-08	1.9362e-08	1.9479e-08	1.9559e-08	1.9739e-08	1.9731e-08	1.993e-08	1.9823e-08	1.9777e-08	1.9755e-08	1.9261e-08	1.8995e-08	1.8943e-08	1.9233e-08	1.8838e-08	1.8382e-08	1.8568e-08	1.8657e-08	1.8657e-08	1.8846e-08	1.8669e-08	1.8893e-08	1.8981e-08	1.909e-08	1.9148e-08	1.8905e-08	2.0893e-08	2.7156e-08	3.6818e-08	4.8894e-08	6.462e-08	8.0158e-08	9.5333e-08	1.0898e-07	1.2092e-07	1.3187e-07	1.4062e-07	1.4883e-07	1.5554e-07	1.6143e-07	1.6577e-07	1.6608e-07	1.6459e-07	1.6407e-07	1.6537e-07	1.6551e-07	1.6379e-07	1.5899e-07	1.5236e-07	1.4473e-07	1.3474e-07	1.2625e-07	1.1751e-07	1.086e-07	9.9643e-08	8.8814e-08	7.9707e-08	7.0818e-08	6.1992e-08	5.3163e-08	4.2886e-08	3.4315e-08	2.6472e-08	2.0623e-08	1.7477e-08	1.5134e-08	1.4141e-08	1.4009e-08	1.4009e-08	1.3986e-08	1.314e-08	1.3115e-08	1.3518e-08	1.3648e-08	1.3778e-08	1.3542e-08	1.3541e-08	1.3717e-08	1.3587e-08	1.3742e-08	1.353e-08	1.3551e-08	1.3663e-08	1.3805e-08	1.4097e-08	1.3801e-08	1.4032e-08	1.3856e-08	1.3632e-08	1.3607e-08	1.3124e-08	1.328e-08	1.3663e-08	1.3884e-08	1.3926e-08	1.3434e-08	1.3091e-08	1.3226e-08	1.3744e-08	1.4011e-08	1.3571e-08	1.4147e-08	1.411e-08	1.4195e-08	1.3419e-08	1.195e-08	1.169e-08	1.1809e-08	1.177e-08	1.1722e-08	1.0796e-08	1.0754e-08	1.1085e-08	1.0764e-08	1.1175e-08	1.0513e-08	1.0798e-08	1.0798e-08	1.1253e-08	1.1426e-08	1.0919e-08	1.1065e-08	1.1396e-08	1.1375e-08	1.1219e-08
2.0314e-08	1.9591e-08	1.9742e-08	1.9693e-08	2.0197e-08	2.0232e-08	2.0116e-08	1.9829e-08	1.9574e-08	1.9156e-08	1.9149e-08	1.9284e-08	1.9448e-08	1.9116e-08	1.9091e-08	1.9237e-08	1.923e-08	1.9465e-08	1.9493e-08	1.9699e-08	1.9597e-08	1.9597e-08	1.9559e-08	1.9273e-08	1.8973e-08	1.879e-08	1.8664e-08	1.8902e-08	1.8182e-08	1.8122e-08	1.8359e-08	1.8481e-08	1.861e-08	1.8369e-08	1.8558e-08	1.8668e-08	1.8826e-08	1.8896e-08	1.878e-08	2.1261e-08	2.8118e-08	3.8154e-08	5.0458e-08	6.6356e-08	8.179e-08	9.6818e-08	1.1031e-07	1.2203e-07	1.3287e-07	1.4148e-07	1.4957e-07	1.5613e-07	1.6188e-07	1.6589e-07	1.6573e-07	1.6409e-07	1.6385e-07	1.6521e-07	1.6498e-07	1.628e-07	1.576e-07	1.5075e-07	1.43e-07	1.3294e-07	1.2443e-07	1.1568e-07	1.0679e-07	9.7814e-08	8.6985e-08	7.7927e-08	6.9107e-08	6.9107e-08	6.0328e-08	4.9967e-08	4.1324e-08	3.2815e-08	2.5253e-08	1.9792e-08	1.6377e-08	1.4676e-08	1.3808e-08	1.3728e-08	1.3705e-08	1.2823e-08	1.277e-08	1.3165e-08	1.3325e-08	1.343e-08	1.3267e-08	1.32e-08	1.3347e-08	1.3281e-08	1.3417e-08	1.314e-08	1.3097e-08	1.3268e-08	1.3403e-08	1.3663e-08	1.3421e-08	1.374e-08	1.3579e-08	1.3409e-08	1.3354e-08	1.287e-08	1.292e-08	1.3295e-08	1.3535e-08	1.3518e-08	1.2877e-08	1.2547e-08	1.2629e-08	1.306e-08	1.3306e-08	1.2892e-08	1.3396e-08	1.3379e-08	1.3473e-08	1.2651e-08	1.1358e-08	1.1169e-08	1.1169e-08	1.1257e-08	1.1088e-08	1.0446e-08	1.0223e-08	1.0056e-08	1.0431e-08	1.0219e-08	1.0081e-08	9.9259e-09	1.0199e-08	1.0784e-08	1.1029e-08	1.0572e-08	1.0724e-08	1.1073e-08	1.0993e-08	1.0768e-08
2.026e-08	1.9474e-08	1.9523e-08	1.9399e-08	1.9956e-08	2.0074e-08	1.9976e-08	1.9697e-08	1.9409e-08	1.901e-08	1.8959e-08	1.9066e-08	1.9066e-08	1.9053e-08	1.8797e-08	1.8804e-08	1.8979e-08	1.8871e-08	1.8857e-08	1.9237e-08	1.9443e-08	1.9348e-08	1.9313e-08	1.9004e-08	1.8684e-08	1.859e-08	1.8396e-08	1.8579e-08	1.7917e-08	1.792e-08	1.8205e-08	1.8348e-08	1.8417e-08	1.8136e-08	1.8282e-08	1.8395e-08	1.8573e-08	1.8642e-08	1.8717e-08	2.1753e-08	2.9195e-08	3.9617e-08	5.2155e-08	6.8196e-08	8.3449e-08	9.8256e-08	1.1158e-07	1.2309e-07	1.3386e-07	1.4233e-07	1.5029e-07	1.5675e-07	1.6236e-07	1.6596e-07	1.6537e-07	1.6364e-07	1.637e-07	1.6503e-07	1.6438e-07	1.6174e-07	1.5617e-07	1.5617e-07	1.491e-07	1.3949e-07	1.3113e-07	1.2259e-07	1.1384e-07	1.0497e-07	9.4127e-08	8.5146e-08	7.614e-08	6.7385e-08	5.8654e-08	4.8328e-08	3.9717e-08	3.1282e-08	2.4028e-08	1.897e-08	1.5766e-08	1.4189e-08	1.3492e-08	1.3456e-08	1.3401e-08	1.2513e-08	1.2477e-08	1.2886e-08	1.3075e-08	1.3169e-08	1.3058e-08	1.2959e-08	1.3084e-08	1.3075e-08	1.3174e-08	1.279e-08	1.2681e-08	1.2905e-08	1.3029e-08	1.3248e-08	1.3049e-08	1.344e-08	1.3295e-08	1.3189e-08	1.3104e-08	1.2589e-08	1.254e-08	1.2892e-08	1.3141e-08	1.3088e-08	1.2345e-08	1.2048e-08	1.2048e-08	1.2069e-08	1.2399e-08	1.197e-08	1.2232e-08	1.2631e-08	1.2644e-08	1.2738e-08	1.1299e-08	1.0895e-08	1.082e-08	1.0887e-08	1.061e-08	1.0059e-08	9.7772e-09	9.467e-09	9.8701e-09	9.7931e-09	9.6549e-09	9.421e-09	9.6839e-09	1.0382e-08	1.0691e-08	1.0254e-08	1.0404e-08	1.0767e-08	1.0634e-08	1.0353e-08
2.0104e-08	1.9302e-08	1.9302e-08	1.8889e-08	1.9065e-08	1.9662e-08	1.9847e-08	1.9767e-08	1.9305e-08	1.9208e-08	1.8848e-08	1.877e-08	1.8849e-08	1.886e-08	1.8479e-08	1.8512e-08	1.8716e-08	1.8504e-08	1.8551e-08	1.8975e-08	1.9175e-08	1.9091e-08	1.9055e-08	1.8737e-08	1.8411e-08	1.8405e-08	1.816e-08	1.8287e-08	1.7725e-08	1.7798e-08	1.8122e-08	1.8267e-08	1.8285e-08	1.7995e-08	1.8092e-08	1.8187e-08	1.8348e-08	1.8396e-08	1.8723e-08	2.2371e-08	3.038e-08	4.1201e-08	5.3974e-08	7.0105e-08	8.5121e-08	9.9655e-08	1.1281e-07	1.2411e-07	1.3484e-07	1.4317e-07	1.5096e-07	1.5096e-07	1.5736e-07	1.6327e-07	1.6596e-07	1.6498e-07	1.6324e-07	1.6359e-07	1.6454e-07	1.6372e-07	1.6061e-07	1.5469e-07	1.4744e-07	1.3773e-07	1.2932e-07	1.2074e-07	1.1199e-07	1.0313e-07	9.2275e-08	8.3296e-08	7.4335e-08	6.5632e-08	5.6948e-08	4.6632e-08	3.8041e-08	2.9698e-08	2.2778e-08	1.8131e-08	1.5112e-08	1.3677e-08	1.3183e-08	1.3185e-08	1.307e-08	1.2201e-08	1.2217e-08	1.2656e-08	1.2875e-08	1.2965e-08	1.2884e-08	1.278e-08	1.2892e-08	1.2933e-08	1.2982e-08	1.2464e-08	1.2293e-08	1.2549e-08	1.266e-08	1.2837e-08	1.2671e-08	1.3106e-08	1.2981e-08	1.2981e-08	1.2943e-08	1.2495e-08	1.2252e-08	1.2122e-08	1.2435e-08	1.2679e-08	1.2113e-08	1.1849e-08	1.1606e-08	1.1559e-08	1.178e-08	1.1365e-08	1.1598e-08	1.1865e-08	1.1915e-08	1.2e-08	1.0709e-08	1.0528e-08	1.0595e-08	1.0651e-08	1.0292e-08	9.7878e-09	9.4348e-09	8.9777e-09	9.3929e-09	9.463e-09	9.2932e-09	8.989e-09	9.2432e-09	1.0032e-08	1.039e-08	9.945e-09	1.0081e-08	1.0452e-08	1.0284e-08	9.9628e-09
1.9982e-08	1.9859e-08	1.9084e-08	1.8515e-08	1.8709e-08	1.9335e-08	1.9571e-08	1.951e-08	1.9074e-08	1.8985e-08	1.8682e-08	1.8587e-08	1.864e-08	1.8676e-08	1.8177e-08	1.8226e-08	1.8455e-08	1.8153e-08	1.8263e-08	1.8719e-08	1.8909e-08	1.8838e-08	1.8798e-08	1.8484e-08	1.8171e-08	1.8246e-08	1.7972e-08	1.8048e-08	1.7631e-08	1.7778e-08	1.8128e-08	1.825e-08	1.8231e-08	1.7942e-08	1.7988e-08	1.8046e-08	1.8153e-08	1.8166e-08	1.8798e-08	2.3097e-08	3.1652e-08	3.1652e-08	4.2869e-08	5.7815e-08	7.2044e-08	8.6791e-08	1.0102e-07	1.14e-07	1.2607e-07	1.358e-07	1.4397e-07	1.5159e-07	1.5794e-07	1.6361e-07	1.6584e-07	1.6454e-07	1.6287e-07	1.6348e-07	1.642e-07	1.6298e-07	1.5942e-07	1.5319e-07	1.4577e-07	1.3598e-07	1.2752e-07	1.189e-07	1.1014e-07	1.0129e-07	9.0419e-08	8.1433e-08	7.2506e-08	6.3837e-08	5.5193e-08	4.4878e-08	3.6304e-08	2.8073e-08	2.1509e-08	1.7276e-08	1.4425e-08	1.3145e-08	1.287e-08	1.2902e-08	1.271e-08	1.1879e-08	1.1971e-08	1.2451e-08	1.2697e-08	1.2789e-08	1.2713e-08	1.2626e-08	1.2734e-08	1.2734e-08	1.2817e-08	1.2631e-08	1.2146e-08	1.192e-08	1.2178e-08	1.2273e-08	1.1968e-08	1.2274e-08	1.2716e-08	1.2611e-08	1.2643e-08	1.2082e-08	1.1835e-08	1.1649e-08	1.1906e-08	1.213e-08	1.1563e-08	1.1388e-08	1.122e-08	1.1101e-08	1.1207e-08	1.0797e-08	1.0991e-08	1.111e-08	1.1198e-08	1.1266e-08	1.0161e-08	1.0222e-08	1.0448e-08	1.0504e-08	1.0088e-08	9.5957e-09	9.1716e-09	8.5787e-09	8.9903e-09	9.2052e-09	8.9839e-09	8.6206e-09	8.8654e-09	9.7165e-09	1.0103e-08	9.6238e-09	9.73e-09	1.0106e-08	9.9262e-09	9.5889e-09
1.9667e-08	1.9552e-08	1.8837e-08	1.8138e-08	1.8351e-08	1.8992e-08	1.9268e-08	1.9224e-08	1.8838e-08	1.8755e-08	1.8522e-08	1.8419e-08	1.8444e-08	1.8502e-08	1.7909e-08	1.7957e-08	1.8206e-08	1.7838e-08	1.8006e-08	1.848e-08	1.866e-08	1.8604e-08	1.8557e-08	1.826e-08	1.7979e-08	1.8124e-08	1.7853e-08	1.7883e-08	1.7629e-08	1.7849e-08	1.8212e-08	1.8212e-08	1.8287e-08	1.8302e-08	1.7948e-08	1.7942e-08	1.7951e-08	1.7978e-08	1.7752e-08	1.894e-08	2.3913e-08	3.2986e-08	4.4587e-08	5.9752e-08	7.3973e-08	8.8444e-08	1.0236e-07	1.1516e-07	1.2703e-07	1.3672e-07	1.4473e-07	1.5217e-07	1.5848e-07	1.6382e-07	1.6556e-07	1.6403e-07	1.6253e-07	1.6335e-07	1.6378e-07	1.6215e-07	1.5816e-07	1.5167e-07	1.441e-07	1.3424e-07	1.2573e-07	1.1708e-07	1.0829e-07	9.9439e-08	8.8551e-08	7.9551e-08	7.0649e-08	6.1997e-08	5.3387e-08	4.3068e-08	3.4514e-08	2.6427e-08	2.0237e-08	1.641e-08	1.3717e-08	1.2599e-08	1.2544e-08	1.2544e-08	1.2598e-08	1.1891e-08	1.1539e-08	1.1719e-08	1.2246e-08	1.2516e-08	1.2398e-08	1.2512e-08	1.2459e-08	1.2573e-08	1.2692e-08	1.2411e-08	1.1823e-08	1.155e-08	1.1767e-08	1.1847e-08	1.1482e-08	1.1845e-08	1.2247e-08	1.2164e-08	1.2262e-08	1.1592e-08	1.1339e-08	1.1125e-08	1.1315e-08	1.1504e-08	1.0987e-08	1.0954e-08	1.0872e-08	1.0682e-08	1.0674e-08	1.0265e-08	1.041e-08	1.0378e-08	1.0503e-08	1.0546e-08	9.6456e-09	9.944e-09	1.033e-08	1.0397e-08	9.9543e-09	9.4445e-09	8.9633e-09	8.2605e-09	8.6533e-09	8.996e-09	8.715e-09	8.3064e-09	8.3064e-09	8.5394e-09	9.4183e-09	9.4768e-09	9.2705e-09	9.3285e-09	9.704e-09	9.5437e-09
1.9315e-08	1.921e-08	1.8577e-08	1.8138e-08	1.801e-08	1.8654e-08	1.8957e-08	1.8929e-08	1.8838e-08	1.8532e-08	1.838e-08	1.8272e-08	1.8268e-08	1.8502e-08	1.769e-08	1.7717e-08	1.7978e-08	1.7583e-08	1.8006e-08	1.8271e-08	1.8441e-08	1.8441e-08	1.8403e-08	1.8162e-08	1.8066e-08	1.7835e-08	1.8035e-08	1.7797e-08	1.7743e-08	1.7684e-08	1.7975e-08	1.8335e-08	1.8347e-08	1.8365e-08	1.7981e-08	1.7926e-08	1.7878e-08	1.7809e-08	1.7568e-08	1.9146e-08	2.4799e-08	3.4357e-08	4.6319e-08	6.1646e-08	7.5856e-08	9.0066e-08	1.0368e-07	1.163e-07	1.2799e-07	1.376e-07	1.4544e-07	1.5269e-07	1.5894e-07	1.6386e-07	1.651e-07	1.6344e-07	1.6219e-07	1.6318e-07	1.6325e-07	1.6123e-07	1.5683e-07	1.5012e-07	1.4244e-07	1.325e-07	1.2394e-07	1.1525e-07	1.0644e-07	9.7571e-08	8.6665e-08	7.7648e-08	6.8762e-08	6.8762e-08	6.0115e-08	4.9627e-08	4.1206e-08	3.2683e-08	2.4777e-08	1.8977e-08	1.4665e-08	1.2999e-08	1.2045e-08	1.2194e-08	1.2262e-08	1.1426e-08	1.1171e-08	1.1442e-08	1.2016e-08	1.2306e-08	1.2124e-08	1.2249e-08	1.2242e-08	1.2371e-08	1.252e-08	1.2124e-08	1.1479e-08	1.1172e-08	1.1296e-08	1.136e-08	1.0961e-08	1.1385e-08	1.1706e-08	1.1646e-08	1.1804e-08	1.1047e-08	1.0786e-08	1.0566e-08	1.0681e-08	1.0827e-08	1.0401e-08	1.0541e-08	1.0549e-08	1.0293e-08	1.0175e-08	9.7633e-09	9.8578e-09	9.6812e-09	9.8367e-09	9.8479e-09	9.1516e-09	9.6589e-09	9.6589e-09	1.0195e-08	1.0285e-08	9.7156e-09	9.2961e-09	8.7855e-09	8.0136e-09	8.3725e-09	8.6305e-09	8.4745e-09	8.0369e-09	8.2542e-09	9.121e-09	9.1034e-09	8.8764e-09	8.8677e-09	9.2378e-09	9.1289e-09
1.8957e-08	1.8859e-08	1.8321e-08	1.7785e-08	1.7707e-08	1.8339e-08	1.8659e-08	1.8644e-08	1.861e-08	1.8331e-08	1.8266e-08	1.8266e-08	1.8155e-08	1.8117e-08	1.8198e-08	1.7537e-08	1.7515e-08	1.7779e-08	1.7407e-08	1.7624e-08	1.8089e-08	1.8251e-08	1.8233e-08	1.8162e-08	1.7892e-08	1.7723e-08	1.7963e-08	1.7781e-08	1.7743e-08	1.7761e-08	1.8115e-08	1.8457e-08	1.84e-08	1.8365e-08	1.801e-08	1.7911e-08	1.7808e-08	1.7634e-08	1.7568e-08	1.9413e-08	2.5738e-08	3.5742e-08	4.8029e-08	6.1646e-08	7.7653e-08	9.1642e-08	1.0499e-07	1.1743e-07	1.2799e-07	1.3842e-07	1.4608e-07	1.5316e-07	1.5932e-07	1.6386e-07	1.6444e-07	1.6275e-07	1.6187e-07	1.6295e-07	1.6263e-07	1.6021e-07	1.5544e-07	1.5544e-07	1.4855e-07	1.3909e-07	1.3075e-07	1.2214e-07	1.1341e-07	1.0457e-07	9.376e-08	8.4752e-08	7.5717e-08	6.6843e-08	5.819e-08	4.7676e-08	3.9293e-08	3.0822e-08	2.3143e-08	1.7743e-08	1.3797e-08	1.2283e-08	1.149e-08	1.1811e-08	1.1882e-08	1.092e-08	1.0768e-08	1.1123e-08	1.1736e-08	1.2043e-08	1.1761e-08	1.1896e-08	1.1941e-08	1.2094e-08	1.2268e-08	1.1762e-08	1.1111e-08	1.0783e-08	1.0767e-08	1.0818e-08	1.0421e-08	1.0907e-08	1.1118e-08	1.108e-08	1.1289e-08	1.0469e-08	1.0197e-08	9.9876e-09	1.0029e-08	1.0128e-08	9.8188e-09	1.0139e-08	1.0139e-08	1.0236e-08	9.9219e-09	9.2538e-09	9.288e-09	9.3336e-09	9.0324e-09	9.2062e-09	8.5528e-09	8.6684e-09	9.333e-09	9.9935e-09	1.0119e-08	9.5208e-09	9.1129e-09	8.6141e-09	7.8286e-09	8.139e-09	8.4349e-09	8.2522e-09	7.8032e-09	7.9996e-09	8.8135e-09	8.6951e-09	8.4528e-09	8.3655e-09	8.7231e-09	8.6878e-09
1.8621e-08	1.8525e-08	1.8525e-08	1.8085e-08	1.725e-08	1.746e-08	1.8066e-08	1.8394e-08	1.8391e-08	1.8236e-08	1.8165e-08	1.8193e-08	1.8074e-08	1.7996e-08	1.8068e-08	1.7447e-08	1.7353e-08	1.7609e-08	1.731e-08	1.7483e-08	1.792e-08	1.8076e-08	1.8082e-08	1.7998e-08	1.7727e-08	1.7626e-08	1.789e-08	1.7777e-08	1.7717e-08	1.7823e-08	1.8228e-08	1.8538e-08	1.8414e-08	1.8401e-08	1.8005e-08	1.787e-08	1.7716e-08	1.7442e-08	1.7399e-08	1.9741e-08	2.671e-08	3.7117e-08	4.9681e-08	6.3453e-08	7.9326e-08	9.3157e-08	1.063e-07	1.1855e-07	1.2896e-07	1.3917e-07	1.4665e-07	1.4665e-07	1.5356e-07	1.5959e-07	1.6336e-07	1.636e-07	1.6199e-07	1.6153e-07	1.6265e-07	1.619e-07	1.591e-07	1.5398e-07	1.4694e-07	1.3909e-07	1.2897e-07	1.2032e-07	1.1155e-07	1.0268e-07	9.376e-08	8.2804e-08	7.3756e-08	6.4889e-08	5.6225e-08	4.7676e-08	3.7333e-08	2.8941e-08	2.1543e-08	1.6551e-08	1.3797e-08	1.1578e-08	1.094e-08	1.1383e-08	1.1448e-08	1.092e-08	1.0322e-08	1.0743e-08	1.1383e-08	1.1701e-08	1.1761e-08	1.145e-08	1.1551e-08	1.1736e-08	1.1928e-08	1.1762e-08	1.0717e-08	1.0383e-08	1.0201e-08	1.024e-08	9.8761e-09	1.0421e-08	1.0421e-08	1.0507e-08	1.0489e-08	1.0172e-08	9.8802e-09	9.5922e-09	9.4047e-09	9.3804e-09	8.7714e-09	9.2556e-09	9.7419e-09	9.9168e-09	9.5583e-09	8.8196e-09	8.8349e-09	8.8384e-09	8.4436e-09	8.6193e-09	7.9727e-09	8.1854e-09	8.9325e-09	9.6799e-09	9.8539e-09	9.2382e-09	8.8738e-09	8.4321e-09	7.6936e-09	7.9428e-09	8.223e-09	8.0417e-09	7.5973e-09	7.7672e-09	8.495e-09	8.2631e-09	8.0128e-09	7.8418e-09	8.1786e-09	8.2281e-09
1.8814e-08	1.8337e-08	1.8237e-08	1.7886e-08	1.712e-08	1.7288e-08	1.7854e-08	1.8183e-08	1.8187e-08	1.8102e-08	1.8035e-08	1.8154e-08	1.8024e-08	1.7902e-08	1.7943e-08	1.7399e-08	1.7218e-08	1.7456e-08	1.7267e-08	1.7353e-08	1.7749e-08	1.79e-08	1.7932e-08	1.7838e-08	1.7559e-08	1.7526e-08	1.7801e-08	1.7759e-08	1.7685e-08	1.7835e-08	1.8275e-08	1.8538e-08	1.8358e-08	1.838e-08	1.7933e-08	1.7774e-08	1.7581e-08	1.7221e-08	1.7246e-08	2.0127e-08	2.7696e-08	2.7696e-08	3.8457e-08	5.124e-08	6.6659e-08	8.0853e-08	9.4604e-08	1.0761e-07	1.1968e-07	1.3092e-07	1.3986e-07	1.4715e-07	1.539e-07	1.5975e-07	1.6287e-07	1.6263e-07	1.6118e-07	1.6118e-07	1.6227e-07	1.6107e-07	1.5789e-07	1.5244e-07	1.4528e-07	1.3736e-07	1.2715e-07	1.1846e-07	1.0964e-07	1.0075e-07	9.1803e-08	8.0813e-08	7.176e-08	6.29e-08	5.4221e-08	4.568e-08	3.5329e-08	2.7051e-08	1.9994e-08	1.5414e-08	1.2938e-08	1.0896e-08	1.0399e-08	1.0903e-08	1.095e-08	1.0372e-08	9.8376e-09	1.0302e-08	1.0957e-08	1.1281e-08	1.131e-08	1.0931e-08	1.0931e-08	1.1088e-08	1.1309e-08	1.1513e-08	1.0848e-08	1.0298e-08	9.9721e-09	9.6142e-09	9.6449e-09	9.3429e-09	9.9381e-09	9.8974e-09	9.8967e-09	1.0172e-08	9.3031e-09	8.9926e-09	8.8333e-09	8.7575e-09	8.7714e-09	8.7261e-09	9.3421e-09	9.577e-09	9.1913e-09	8.8196e-09	8.4001e-09	8.3728e-09	7.9272e-09	8.0835e-09	7.9727e-09	7.7002e-09	8.4461e-09	9.2353e-09	9.4686e-09	9.2382e-09	8.5864e-09	8.2357e-09	7.5925e-09	7.7734e-09	8.223e-09	7.8366e-09	7.4111e-09	7.5484e-09	8.1659e-09	7.8187e-09	7.5696e-09	7.3171e-09	7.6226e-09	7.7574e-09
1.8628e-08	1.8132e-08	1.8018e-08	1.7739e-08	1.7088e-08	1.719e-08	1.7702e-08	1.8026e-08	1.8035e-08	1.799e-08	1.7924e-08	1.8132e-08	1.7989e-08	1.7822e-08	1.7813e-08	1.737e-08	1.7099e-08	1.7309e-08	1.725e-08	1.7218e-08	1.7561e-08	1.7708e-08	1.777e-08	1.7671e-08	1.7377e-08	1.7407e-08	1.7676e-08	1.7702e-08	1.7621e-08	1.7761e-08	1.8215e-08	1.8215e-08	1.8415e-08	1.8201e-08	1.8033e-08	1.7763e-08	1.7595e-08	1.7381e-08	1.6957e-08	1.6987e-08	2.0568e-08	2.8684e-08	3.9747e-08	5.2684e-08	6.8068e-08	8.2266e-08	9.5994e-08	1.0891e-07	1.2079e-07	1.3189e-07	1.405e-07	1.4759e-07	1.5419e-07	1.5982e-07	1.6225e-07	1.6158e-07	1.6035e-07	1.6081e-07	1.6181e-07	1.6013e-07	1.5659e-07	1.5084e-07	1.4358e-07	1.3559e-07	1.2527e-07	1.1655e-07	1.0769e-07	9.8776e-08	8.9802e-08	7.8773e-08	6.9723e-08	6.0873e-08	5.2178e-08	4.364e-08	3.3283e-08	2.5164e-08	1.8515e-08	1.4346e-08	1.2094e-08	1.0243e-08	9.8721e-09	9.8721e-09	1.0376e-08	1.0397e-08	9.1943e-09	9.3269e-09	9.8145e-09	1.047e-08	1.0797e-08	1.0212e-08	1.0356e-08	1.0569e-08	1.0824e-08	1.1032e-08	1.0312e-08	9.8553e-09	9.5514e-09	9.0275e-09	9.0521e-09	8.836e-09	9.4698e-09	9.3135e-09	9.3256e-09	9.6128e-09	8.7599e-09	8.4191e-09	8.2888e-09	8.1827e-09	8.1692e-09	8.245e-09	8.9319e-09	9.2018e-09	8.8103e-09	8.3949e-09	7.9822e-09	7.9383e-09	7.489e-09	7.6043e-09	7.4472e-09	7.2249e-09	7.9006e-09	8.6911e-09	8.9891e-09	8.883e-09	8.2613e-09	8.0218e-09	7.5089e-09	7.6199e-09	7.9935e-09	7.6308e-09	7.6308e-09	7.2367e-09	7.3348e-09	7.8262e-09	7.373e-09	7.1363e-09	6.8116e-09	7.0737e-09
1.8483e-08	1.8008e-08	1.7871e-08	1.7643e-08	1.7124e-08	1.7142e-08	1.7593e-08	1.7905e-08	1.7918e-08	1.7884e-08	1.7818e-08	1.8104e-08	1.795e-08	1.7741e-08	1.7669e-08	1.734e-08	1.6984e-08	1.7156e-08	1.7233e-08	1.7061e-08	1.7339e-08	1.7339e-08	1.7486e-08	1.7581e-08	1.7261e-08	1.7169e-08	1.7252e-08	1.75e-08	1.7579e-08	1.7288e-08	1.7565e-08	1.8009e-08	1.8131e-08	1.7912e-08	1.7656e-08	1.7475e-08	1.7314e-08	1.7101e-08	1.6645e-08	1.6893e-08	2.1067e-08	2.9675e-08	4.0999e-08	5.4041e-08	6.9404e-08	8.3606e-08	9.7343e-08	1.102e-07	1.2189e-07	1.3282e-07	1.4109e-07	1.4799e-07	1.5443e-07	1.5978e-07	1.6151e-07	1.605e-07	1.5952e-07	1.6039e-07	1.6125e-07	1.5909e-07	1.5519e-07	1.4916e-07	1.418e-07	1.3376e-07	1.2331e-07	1.1457e-07	1.0568e-07	9.674e-08	8.7751e-08	7.6676e-08	6.7644e-08	6.7644e-08	5.8806e-08	5.01e-08	3.9456e-08	3.1219e-08	2.3299e-08	1.7116e-08	1.3353e-08	1.0483e-08	9.6199e-09	9.3587e-09	9.8176e-09	9.8071e-09	8.599e-09	8.8016e-09	9.2905e-09	9.9329e-09	1.026e-08	9.602e-09	9.7419e-09	1.0009e-08	1.0293e-08	1.0496e-08	9.7336e-09	9.3879e-09	9.1211e-09	8.4591e-09	8.4813e-09	8.3707e-09	9.0271e-09	8.7798e-09	8.7992e-09	9.0805e-09	8.2725e-09	7.8924e-09	7.7868e-09	7.6784e-09	7.6544e-09	7.8205e-09	8.5094e-09	8.7863e-09	8.4119e-09	7.9787e-09	7.5848e-09	7.5372e-09	7.1244e-09	7.1826e-09	6.9801e-09	6.7728e-09	6.7728e-09	7.3269e-09	8.0835e-09	8.4454e-09	8.0321e-09	7.9088e-09	7.7879e-09	7.4264e-09	7.4715e-09	7.4765e-09	7.4178e-09	7.066e-09	7.1182e-09	7.4763e-09	6.9371e-09	6.7262e-09	6.3454e-09	6.5506e-09
1.8363e-08	1.7941e-08	1.7775e-08	1.7582e-08	1.7195e-08	1.7124e-08	1.7507e-08	1.7803e-08	1.7816e-08	1.777e-08	1.7701e-08	1.7701e-08	1.8051e-08	1.7891e-08	1.7525e-08	1.7501e-08	1.7286e-08	1.6861e-08	1.6987e-08	1.7097e-08	1.6867e-08	1.7069e-08	1.7217e-08	1.7349e-08	1.6992e-08	1.6925e-08	1.7043e-08	1.7255e-08	1.7363e-08	1.6978e-08	1.7226e-08	1.7633e-08	1.7662e-08	1.7474e-08	1.7159e-08	1.7085e-08	1.6943e-08	1.6749e-08	1.6294e-08	1.6837e-08	2.1621e-08	3.0676e-08	4.2231e-08	5.5344e-08	7.0711e-08	8.4913e-08	9.8668e-08	1.1149e-07	1.2296e-07	1.3372e-07	1.4163e-07	1.4835e-07	1.5462e-07	1.5965e-07	1.607e-07	1.5941e-07	1.5873e-07	1.5993e-07	1.606e-07	1.5794e-07	1.5368e-07	1.5368e-07	1.474e-07	1.3996e-07	1.2984e-07	1.2128e-07	1.1251e-07	1.0359e-07	9.4637e-08	8.35e-08	7.454e-08	6.554e-08	5.6718e-08	4.8005e-08	3.7363e-08	2.9168e-08	2.1485e-08	1.5803e-08	1.2431e-08	9.7356e-09	9.0287e-09	8.86e-09	9.2437e-09	9.2001e-09	8.0216e-09	8.2734e-09	8.7426e-09	9.3594e-09	9.6862e-09	8.9743e-09	9.1069e-09	9.4244e-09	9.7269e-09	9.9155e-09	9.1204e-09	8.8965e-09	8.6819e-09	7.9282e-09	7.9519e-09	7.9621e-09	8.6212e-09	8.3204e-09	8.3403e-09	8.5961e-09	7.8531e-09	7.4257e-09	7.3372e-09	7.2558e-09	7.2398e-09	7.4501e-09	7.4501e-09	8.0825e-09	8.3429e-09	8.0058e-09	7.1996e-09	7.212e-09	7.1723e-09	6.8278e-09	6.8195e-09	6.2352e-09	6.3572e-09	6.7558e-09	7.4489e-09	7.868e-09	7.5748e-09	7.5396e-09	7.5309e-09	7.3287e-09	7.3174e-09	7.1864e-09	7.1915e-09	6.8909e-09	6.89e-09	7.1162e-09	6.5224e-09	6.3524e-09	5.9388e-09	6.0716e-09
1.8251e-08	1.8251e-08	1.7902e-08	1.7706e-08	1.7484e-08	1.727e-08	1.7111e-08	1.7424e-08	1.7701e-08	1.7593e-08	1.7632e-08	1.7556e-08	1.7953e-08	1.7794e-08	1.7363e-08	1.73e-08	1.7185e-08	1.6717e-08	1.679e-08	1.6924e-08	1.6618e-08	1.6736e-08	1.6887e-08	1.7059e-08	1.6671e-08	1.6638e-08	1.677e-08	1.6931e-08	1.7041e-08	1.6582e-08	1.6767e-08	1.7117e-08	1.7044e-08	1.6913e-08	1.6571e-08	1.6612e-08	1.6502e-08	1.6337e-08	1.5919e-08	1.683e-08	2.2233e-08	3.1693e-08	4.3461e-08	5.663e-08	7.2033e-08	8.6229e-08	9.9985e-08	1.1275e-07	1.2399e-07	1.3454e-07	1.4213e-07	1.4213e-07	1.4868e-07	1.5478e-07	1.5913e-07	1.5982e-07	1.5839e-07	1.5799e-07	1.5942e-07	1.5899e-07	1.5668e-07	1.5208e-07	1.4557e-07	1.3803e-07	1.2776e-07	1.1916e-07	1.1039e-07	1.0144e-07	9.2483e-08	8.1346e-08	7.2397e-08	6.344e-08	5.4637e-08	4.5921e-08	3.5309e-08	2.7162e-08	1.9746e-08	1.4582e-08	1.158e-08	9.0392e-09	8.4715e-09	8.3769e-09	8.6696e-09	8.5946e-09	7.4792e-09	7.7543e-09	8.1828e-09	8.7614e-09	9.0876e-09	8.347e-09	8.4686e-09	8.8302e-09	9.1385e-09	9.3019e-09	8.4806e-09	8.3813e-09	8.2342e-09	7.4535e-09	7.4833e-09	7.6163e-09	7.6163e-09	8.2568e-09	7.9452e-09	7.9592e-09	7.7984e-09	7.4969e-09	7.019e-09	6.9403e-09	6.9076e-09	6.6618e-09	7.1301e-09	7.6601e-09	7.8859e-09	7.6031e-09	6.8522e-09	6.8678e-09	6.8462e-09	6.5934e-09	6.5156e-09	5.9644e-09	5.9917e-09	6.2181e-09	6.8234e-09	7.2869e-09	7.1218e-09	7.1641e-09	7.2481e-09	7.1992e-09	7.1468e-09	6.8736e-09	6.9457e-09	6.7036e-09	6.6419e-09	6.7463e-09	6.1386e-09	6.0257e-09	5.608e-09	5.653e-09
1.8124e-08	1.8128e-08	1.7866e-08	1.7642e-08	1.7409e-08	1.7318e-08	1.708e-08	1.7325e-08	1.7581e-08	1.7436e-08	1.7455e-08	1.7369e-08	1.7789e-08	1.7642e-08	1.7145e-08	1.7056e-08	1.7017e-08	1.6542e-08	1.6553e-08	1.6655e-08	1.6305e-08	1.6332e-08	1.6487e-08	1.6704e-08	1.6305e-08	1.6313e-08	1.6443e-08	1.6543e-08	1.6629e-08	1.6124e-08	1.6221e-08	1.6499e-08	1.6321e-08	1.6264e-08	1.5923e-08	1.6077e-08	1.6007e-08	1.5879e-08	1.5534e-08	1.6883e-08	2.2903e-08	2.2903e-08	3.2732e-08	4.4706e-08	5.9286e-08	7.3415e-08	8.7594e-08	1.0131e-07	1.14e-07	1.2591e-07	1.3529e-07	1.4259e-07	1.49e-07	1.549e-07	1.5874e-07	1.589e-07	1.5745e-07	1.5733e-07	1.5884e-07	1.5803e-07	1.5533e-07	1.504e-07	1.4368e-07	1.3604e-07	1.2563e-07	1.1701e-07	1.0823e-07	9.9263e-08	9.031e-08	7.9214e-08	7.0279e-08	6.1371e-08	5.2589e-08	4.3876e-08	3.3325e-08	2.5233e-08	1.8111e-08	1.3459e-08	1.0797e-08	8.4032e-09	7.9502e-09	7.9104e-09	8.1106e-09	8.0097e-09	6.9886e-09	7.2561e-09	7.623e-09	8.1511e-09	8.4782e-09	7.738e-09	7.738e-09	7.8445e-09	8.2427e-09	8.539e-09	8.0199e-09	7.8264e-09	7.8485e-09	7.7815e-09	7.0441e-09	6.7484e-09	7.3233e-09	7.9278e-09	7.6395e-09	7.6434e-09	7.4719e-09	7.197e-09	6.6712e-09	6.5952e-09	6.6242e-09	6.4697e-09	6.8568e-09	7.2509e-09	7.4296e-09	7.2146e-09	6.5432e-09	6.5562e-09	6.5616e-09	6.4155e-09	6.2719e-09	5.7659e-09	5.6896e-09	5.7445e-09	6.2434e-09	6.7325e-09	6.6925e-09	6.7928e-09	6.9367e-09	7.0217e-09	6.949e-09	6.5384e-09	6.6761e-09	6.4977e-09	6.368e-09	6.368e-09	5.7889e-09	5.7435e-09	5.347e-09	5.2973e-09
1.7962e-08	1.7976e-08	1.7806e-08	1.756e-08	1.7293e-08	1.7307e-08	1.7009e-08	1.7191e-08	1.7423e-08	1.7224e-08	1.7226e-08	1.7123e-08	1.7538e-08	1.7416e-08	1.6864e-08	1.6763e-08	1.6765e-08	1.6325e-08	1.627e-08	1.6305e-08	1.5938e-08	1.5873e-08	1.6036e-08	1.6296e-08	1.5907e-08	1.5961e-08	1.6076e-08	1.6111e-08	1.6155e-08	1.5627e-08	1.562e-08	1.562e-08	1.5816e-08	1.554e-08	1.4844e-08	1.5243e-08	1.5503e-08	1.5478e-08	1.5386e-08	1.4785e-08	1.7006e-08	2.363e-08	3.3797e-08	4.5983e-08	6.0727e-08	7.4902e-08	8.905e-08	1.0266e-07	1.1521e-07	1.2679e-07	1.3595e-07	1.4302e-07	1.4931e-07	1.5499e-07	1.5827e-07	1.5796e-07	1.5661e-07	1.5676e-07	1.582e-07	1.5699e-07	1.539e-07	1.4865e-07	1.4175e-07	1.3401e-07	1.2348e-07	1.1484e-07	1.0607e-07	9.709e-08	8.8149e-08	7.7133e-08	6.8218e-08	5.9363e-08	5.0603e-08	4.1898e-08	3.1442e-08	2.3414e-08	1.6606e-08	1.2439e-08	1.0081e-08	7.837e-09	7.837e-09	7.4667e-09	7.4613e-09	7.5821e-09	6.9769e-09	6.5665e-09	6.7905e-09	7.0753e-09	7.5408e-09	7.2797e-09	7.161e-09	7.2491e-09	7.6748e-09	7.9406e-09	7.3818e-09	7.1775e-09	7.3145e-09	7.3322e-09	6.6926e-09	6.465e-09	7.0717e-09	7.627e-09	7.3859e-09	7.3784e-09	7.1838e-09	6.9468e-09	6.3809e-09	6.3013e-09	6.3964e-09	6.3233e-09	6.6265e-09	6.8638e-09	6.9882e-09	6.8514e-09	6.2802e-09	6.2814e-09	6.321e-09	6.2883e-09	6.0892e-09	5.6433e-09	5.4643e-09	5.3661e-09	5.7451e-09	6.2349e-09	6.3034e-09	6.4353e-09	6.5962e-09	6.7838e-09	6.7155e-09	6.1901e-09	6.1901e-09	6.3905e-09	6.2771e-09	6.0761e-09	5.6234e-09	5.4742e-09	5.4988e-09	5.1421e-09
1.7771e-08	1.778e-08	1.7696e-08	1.7437e-08	1.7293e-08	1.7206e-08	1.6875e-08	1.7001e-08	1.721e-08	1.7224e-08	1.6932e-08	1.6809e-08	1.7189e-08	1.7108e-08	1.6864e-08	1.6422e-08	1.6437e-08	1.6067e-08	1.5944e-08	1.6305e-08	1.5531e-08	1.5531e-08	1.5383e-08	1.5553e-08	1.5854e-08	1.5492e-08	1.559e-08	1.5684e-08	1.5652e-08	1.5121e-08	1.5111e-08	1.4996e-08	1.5109e-08	1.4745e-08	1.4143e-08	1.4561e-08	1.4909e-08	1.4932e-08	1.4871e-08	1.445e-08	1.721e-08	2.4416e-08	3.4896e-08	4.7311e-08	6.2288e-08	7.6534e-08	9.0634e-08	1.0404e-07	1.164e-07	1.276e-07	1.3653e-07	1.4343e-07	1.4961e-07	1.5506e-07	1.5774e-07	1.5701e-07	1.5586e-07	1.5625e-07	1.5751e-07	1.5589e-07	1.5242e-07	1.4686e-07	1.398e-07	1.3195e-07	1.2134e-07	1.127e-07	1.0393e-07	9.4951e-08	8.6033e-08	7.5134e-08	6.6244e-08	6.6244e-08	5.7446e-08	4.8708e-08	3.8253e-08	2.9689e-08	2.1738e-08	1.5257e-08	1.1529e-08	8.8418e-09	7.3501e-09	7.0228e-09	7.0304e-09	7.0996e-09	6.5572e-09	6.2199e-09	6.3652e-09	6.5501e-09	6.9428e-09	6.7132e-09	6.6227e-09	6.6909e-09	7.1345e-09	7.3568e-09	6.7688e-09	6.5542e-09	6.7966e-09	6.895e-09	6.39e-09	6.2248e-09	6.8502e-09	7.347e-09	7.1671e-09	7.1498e-09	6.9264e-09	6.7397e-09	6.147e-09	6.0577e-09	6.2148e-09	6.2083e-09	6.4354e-09	6.5076e-09	6.5759e-09	6.5243e-09	6.071e-09	6.0473e-09	6.1272e-09	6.2062e-09	5.9682e-09	5.5966e-09	5.5966e-09	5.3245e-09	5.1061e-09	5.3576e-09	5.4824e-09	5.9562e-09	6.0967e-09	6.2384e-09	6.4967e-09	6.1686e-09	5.8414e-09	6.1005e-09	6.049e-09	5.7789e-09	5.2791e-09	5.1953e-09	5.2845e-09	4.9796e-09
1.754e-08	1.752e-08	1.7508e-08	1.725e-08	1.7116e-08	1.6993e-08	1.6661e-08	1.6743e-08	1.693e-08	1.6946e-08	1.6582e-08	1.6582e-08	1.6436e-08	1.6757e-08	1.6726e-08	1.6135e-08	1.6038e-08	1.6044e-08	1.5768e-08	1.5583e-08	1.5429e-08	1.5099e-08	1.4881e-08	1.506e-08	1.5395e-08	1.507e-08	1.521e-08	1.5281e-08	1.5187e-08	1.5121e-08	1.4602e-08	1.438e-08	1.4416e-08	1.3982e-08	1.4143e-08	1.3908e-08	1.4316e-08	1.4388e-08	1.4347e-08	1.445e-08	1.7506e-08	2.5261e-08	3.6035e-08	4.8705e-08	6.2288e-08	7.8308e-08	9.2339e-08	1.0547e-07	1.1755e-07	1.276e-07	1.3704e-07	1.4383e-07	1.4992e-07	1.5508e-07	1.5774e-07	1.5607e-07	1.5519e-07	1.5579e-07	1.5678e-07	1.5589e-07	1.5091e-07	1.5091e-07	1.4506e-07	1.3785e-07	1.299e-07	1.1925e-07	1.106e-07	1.0185e-07	9.2878e-08	8.2062e-08	7.3246e-08	6.4391e-08	5.5646e-08	4.693e-08	3.6643e-08	2.8098e-08	2.0234e-08	1.409e-08	1.0734e-08	8.3131e-09	6.943e-09	6.6185e-09	6.619e-09	6.6709e-09	6.1978e-09	5.9387e-09	5.981e-09	6.055e-09	6.3695e-09	6.1819e-09	6.1293e-09	6.1781e-09	6.6296e-09	6.8012e-09	6.1985e-09	5.9771e-09	6.3123e-09	6.4787e-09	6.1269e-09	6.0183e-09	6.6473e-09	7.0807e-09	6.9659e-09	6.943e-09	6.6924e-09	6.5689e-09	5.9682e-09	5.8637e-09	6.0699e-09	6.1104e-09	6.1104e-09	6.2799e-09	6.1911e-09	6.2071e-09	6.0202e-09	5.9207e-09	5.8564e-09	5.9807e-09	6.1619e-09	5.8891e-09	5.6068e-09	5.2538e-09	4.9477e-09	5.071e-09	5.2112e-09	5.6477e-09	5.7803e-09	5.8794e-09	6.1797e-09	5.8756e-09	5.5045e-09	5.8178e-09	5.8205e-09	5.489e-09	4.9683e-09	4.953e-09	5.0936e-09	4.8459e-09
1.726e-08	1.726e-08	1.7185e-08	1.7226e-08	1.6984e-08	1.655e-08	1.6682e-08	1.6375e-08	1.6423e-08	1.6587e-08	1.6216e-08	1.6184e-08	1.6014e-08	1.6261e-08	1.6286e-08	1.5702e-08	1.5615e-08	1.5596e-08	1.543e-08	1.5193e-08	1.4941e-08	1.4655e-08	1.439e-08	1.4579e-08	1.4935e-08	1.4655e-08	1.4829e-08	1.4881e-08	1.4733e-08	1.4612e-08	1.412e-08	1.3807e-08	1.3774e-08	1.3297e-08	1.3493e-08	1.331e-08	1.3746e-08	1.3863e-08	1.3825e-08	1.4159e-08	1.79e-08	2.6169e-08	3.7224e-08	5.0176e-08	6.3971e-08	8.0195e-08	9.4132e-08	1.0691e-07	1.1867e-07	1.2836e-07	1.375e-07	1.375e-07	1.4422e-07	1.5021e-07	1.5507e-07	1.565e-07	1.5514e-07	1.5457e-07	1.5535e-07	1.5603e-07	1.5357e-07	1.4938e-07	1.4327e-07	1.3592e-07	1.2788e-07	1.1723e-07	1.0857e-07	9.9844e-08	9.0902e-08	8.2062e-08	7.15e-08	6.2689e-08	5.3994e-08	4.5298e-08	3.6643e-08	2.6677e-08	1.8917e-08	1.3112e-08	1.0052e-08	8.3131e-09	6.6017e-09	6.2506e-09	6.229e-09	6.2912e-09	6.1978e-09	5.7112e-09	5.6377e-09	5.5975e-09	5.8331e-09	6.1819e-09	5.6867e-09	5.7188e-09	6.1675e-09	6.2874e-09	6.1985e-09	5.4666e-09	5.8787e-09	6.0921e-09	5.8943e-09	6.0183e-09	5.8362e-09	6.4516e-09	6.8209e-09	6.765e-09	6.5368e-09	6.4743e-09	6.4278e-09	5.8432e-09	5.7185e-09	5.8536e-09	6.0167e-09	6.1553e-09	5.9211e-09	5.8933e-09	5.8459e-09	5.8201e-09	5.7017e-09	5.87e-09	6.1391e-09	5.8923e-09	5.6484e-09	5.2271e-09	4.86e-09	4.8618e-09	4.9927e-09	5.3747e-09	5.4897e-09	5.5353e-09	5.8517e-09	5.5833e-09	5.1921e-09	5.554e-09	5.5989e-09	5.2189e-09	4.7019e-09	4.7482e-09	4.919e-09	4.7272e-09
1.6962e-08	1.6933e-08	1.6787e-08	1.6861e-08	1.6649e-08	1.6178e-08	1.629e-08	1.6029e-08	1.6049e-08	1.6193e-08	1.5782e-08	1.5746e-08	1.5556e-08	1.572e-08	1.5801e-08	1.5236e-08	1.5155e-08	1.5104e-08	1.5053e-08	1.4781e-08	1.4444e-08	1.4214e-08	1.3932e-08	1.413e-08	1.4494e-08	1.4261e-08	1.4457e-08	1.4498e-08	1.431e-08	1.4142e-08	1.3686e-08	1.3304e-08	1.3221e-08	1.2729e-08	1.2928e-08	1.2775e-08	1.3204e-08	1.3362e-08	1.3318e-08	1.3926e-08	1.8395e-08	1.8395e-08	2.7149e-08	3.8479e-08	5.173e-08	6.7655e-08	8.2165e-08	9.5981e-08	1.0835e-07	1.1975e-07	1.2978e-07	1.3793e-07	1.4462e-07	1.5051e-07	1.5502e-07	1.5582e-07	1.5425e-07	1.5399e-07	1.5493e-07	1.5526e-07	1.5239e-07	1.4787e-07	1.4151e-07	1.3403e-07	1.2592e-07	1.1531e-07	1.0666e-07	9.7953e-08	8.9053e-08	8.027e-08	6.9908e-08	6.1151e-08	5.2499e-08	4.3821e-08	3.5192e-08	2.5401e-08	1.7762e-08	1.2295e-08	9.4658e-09	7.8353e-09	6.3107e-09	5.9154e-09	5.8621e-09	5.9544e-09	5.8896e-09	5.5256e-09	5.3354e-09	5.1851e-09	5.346e-09	5.6959e-09	5.265e-09	5.3011e-09	5.3211e-09	5.7559e-09	5.8289e-09	5.2559e-09	5.043e-09	5.5134e-09	5.7442e-09	5.6831e-09	5.6688e-09	6.2518e-09	6.5603e-09	6.5471e-09	6.5368e-09	6.265e-09	6.3093e-09	5.7688e-09	5.62e-09	5.8536e-09	5.9221e-09	6.0519e-09	5.693e-09	5.6325e-09	5.8459e-09	5.7551e-09	5.5731e-09	5.7798e-09	6.1186e-09	5.8923e-09	5.6961e-09	5.2193e-09	4.8123e-09	4.7064e-09	4.9927e-09	5.1338e-09	5.2282e-09	5.2222e-09	5.5321e-09	5.5833e-09	4.9166e-09	5.3209e-09	5.3914e-09	4.9812e-09	4.7019e-09	4.5815e-09	4.7536e-09	4.61e-09
1.6623e-08	1.6562e-08	1.6339e-08	1.6432e-08	1.6256e-08	1.5763e-08	1.5838e-08	1.5633e-08	1.5631e-08	1.5756e-08	1.5313e-08	1.5279e-08	1.5074e-08	1.5155e-08	1.5286e-08	1.4743e-08	1.4664e-08	1.458e-08	1.464e-08	1.4354e-08	1.3955e-08	1.379e-08	1.3527e-08	1.3735e-08	1.4088e-08	1.3897e-08	1.4102e-08	1.4144e-08	1.3936e-08	1.3736e-08	1.3302e-08	1.3302e-08	1.2876e-08	1.276e-08	1.2284e-08	1.2052e-08	1.2296e-08	1.2693e-08	1.2883e-08	1.2837e-08	1.3694e-08	1.8995e-08	2.8207e-08	3.9813e-08	5.3372e-08	6.9628e-08	8.4189e-08	9.7852e-08	1.0979e-07	1.208e-07	1.3046e-07	1.3836e-07	1.4504e-07	1.5079e-07	1.5491e-07	1.551e-07	1.534e-07	1.5345e-07	1.545e-07	1.5448e-07	1.5122e-07	1.4639e-07	1.3981e-07	1.3222e-07	1.2404e-07	1.1351e-07	1.0487e-07	9.6189e-08	8.7347e-08	7.8631e-08	6.8454e-08	5.9755e-08	5.1137e-08	4.2474e-08	3.3873e-08	2.4237e-08	1.6742e-08	1.1607e-08	8.9556e-09	7.4e-09	6.9985e-09	6.0545e-09	5.6094e-09	5.5204e-09	5.6543e-09	5.3909e-09	5.3701e-09	5.074e-09	4.8252e-09	4.9204e-09	4.8993e-09	4.9784e-09	4.9931e-09	5.4024e-09	5.4393e-09	4.9187e-09	4.7268e-09	5.2335e-09	5.4436e-09	5.4841e-09	5.5078e-09	6.0383e-09	6.2929e-09	6.2979e-09	6.3104e-09	6.0599e-09	6.2035e-09	5.7302e-09	5.5578e-09	5.7668e-09	5.8243e-09	5.958e-09	5.4985e-09	5.4179e-09	5.7112e-09	5.7117e-09	5.4606e-09	5.6947e-09	6.0812e-09	5.8948e-09	5.7242e-09	5.2051e-09	4.7737e-09	4.5815e-09	4.814e-09	4.922e-09	4.9993e-09	4.9562e-09	5.2398e-09	5.3019e-09	5.0416e-09	4.6905e-09	5.1301e-09	5.2051e-09	4.7886e-09	4.3466e-09	4.4539e-09	4.5906e-09
1.6248e-08	1.6152e-08	1.5855e-08	1.5955e-08	1.5821e-08	1.5313e-08	1.5342e-08	1.5199e-08	1.5177e-08	1.5287e-08	1.482e-08	1.4791e-08	1.458e-08	1.4584e-08	1.4755e-08	1.4231e-08	1.4144e-08	1.4033e-08	1.4191e-08	1.3919e-08	1.3494e-08	1.3494e-08	1.3396e-08	1.3196e-08	1.3413e-08	1.3427e-08	1.3564e-08	1.3764e-08	1.382e-08	1.3608e-08	1.3089e-08	1.2957e-08	1.2511e-08	1.2379e-08	1.1941e-08	1.1717e-08	1.1868e-08	1.2212e-08	1.2425e-08	1.2393e-08	1.3725e-08	1.9702e-08	2.9351e-08	4.1242e-08	5.5107e-08	7.1671e-08	8.6237e-08	9.9711e-08	1.112e-07	1.218e-07	1.3113e-07	1.388e-07	1.4548e-07	1.5108e-07	1.5475e-07	1.5435e-07	1.526e-07	1.5293e-07	1.5405e-07	1.5371e-07	1.5007e-07	1.4496e-07	1.3818e-07	1.3048e-07	1.2225e-07	1.1183e-07	1.032e-07	9.4547e-08	8.5773e-08	7.713e-08	7.5747e-08	6.7116e-08	5.8476e-08	4.988e-08	4.1231e-08	3.1518e-08	2.3158e-08	1.583e-08	1.1017e-08	8.5029e-09	6.6224e-09	5.8175e-09	5.3289e-09	5.2056e-09	5.3849e-09	5.1824e-09	5.2331e-09	4.8535e-09	4.5253e-09	4.5687e-09	4.6089e-09	4.7249e-09	4.7429e-09	5.1145e-09	5.1321e-09	4.6896e-09	4.5331e-09	5.0519e-09	5.1973e-09	5.2898e-09	5.3517e-09	5.8127e-09	6.0199e-09	6.0201e-09	6.0636e-09	5.855e-09	6.0998e-09	5.7087e-09	5.519e-09	5.6866e-09	5.7208e-09	5.8621e-09	5.3293e-09	5.2425e-09	5.6058e-09	5.6758e-09	5.3541e-09	5.5993e-09	6.0077e-09	5.8746e-09	5.8098e-09	5.7074e-09	5.1596e-09	4.7136e-09	4.4635e-09	4.524e-09	4.7358e-09	4.8064e-09	4.7533e-09	4.9942e-09	4.8125e-09	4.5258e-09	4.9928e-09	5.0471e-09	4.6533e-09	4.2692e-09	4.3642e-09	4.4313e-09
1.5834e-08	1.5705e-08	1.5349e-08	1.545e-08	1.5355e-08	1.4842e-08	1.4823e-08	1.4738e-08	1.4697e-08	1.4795e-08	1.4309e-08	1.4309e-08	1.4291e-08	1.4086e-08	1.4027e-08	1.3703e-08	1.371e-08	1.36e-08	1.3476e-08	1.3708e-08	1.3048e-08	1.3061e-08	1.3032e-08	1.2932e-08	1.3156e-08	1.3153e-08	1.3253e-08	1.3438e-08	1.3515e-08	1.3312e-08	1.2816e-08	1.2639e-08	1.2197e-08	1.2065e-08	1.168e-08	1.1435e-08	1.1484e-08	1.1761e-08	1.1984e-08	1.1998e-08	1.3873e-08	2.0522e-08	3.0588e-08	4.278e-08	5.6941e-08	7.377e-08	8.828e-08	1.0153e-07	1.1257e-07	1.2276e-07	1.318e-07	1.3927e-07	1.4596e-07	1.5136e-07	1.5453e-07	1.5359e-07	1.5186e-07	1.5242e-07	1.5357e-07	1.5295e-07	1.5222e-07	1.4896e-07	1.4359e-07	1.3663e-07	1.2882e-07	1.1896e-07	1.1027e-07	1.0165e-07	9.3019e-08	8.4316e-08	7.4463e-08	6.5876e-08	5.729e-08	4.8703e-08	4.0063e-08	3.0422e-08	2.2131e-08	1.5e-08	1.0492e-08	8.0888e-09	6.2632e-09	5.5842e-09	5.0704e-09	4.9196e-09	5.1399e-09	4.9892e-09	5.1026e-09	4.6738e-09	4.2927e-09	4.3031e-09	4.401e-09	4.5446e-09	4.576e-09	4.8976e-09	4.9172e-09	4.5562e-09	4.4476e-09	4.9556e-09	5.0017e-09	5.1009e-09	5.201e-09	5.5802e-09	5.7451e-09	5.722e-09	5.7995e-09	5.6465e-09	5.9874e-09	5.6856e-09	5.4904e-09	5.6076e-09	5.5243e-09	5.6092e-09	5.7526e-09	5.1769e-09	5.0994e-09	5.4412e-09	5.6334e-09	5.2434e-09	5.4782e-09	5.8789e-09	5.6786e-09	5.6201e-09	5.0575e-09	4.601e-09	4.329e-09	4.3872e-09	4.5721e-09	4.6527e-09	4.6291e-09	4.8136e-09	4.6198e-09	4.4237e-09	4.9105e-09	4.9209e-09	4.5778e-09	4.2501e-09	4.3097e-09	4.2847e-09
1.5381e-08	1.5381e-08	1.5225e-08	1.4835e-08	1.4932e-08	1.439e-08	1.4359e-08	1.4298e-08	1.4261e-08	1.42e-08	1.3782e-08	1.3791e-08	1.3788e-08	1.3603e-08	1.3504e-08	1.3202e-08	1.3187e-08	1.3043e-08	1.2919e-08	1.3201e-08	1.2619e-08	1.2654e-08	1.2691e-08	1.2715e-08	1.2945e-08	1.2898e-08	1.2955e-08	1.3117e-08	1.322e-08	1.3035e-08	1.2555e-08	1.2337e-08	1.192e-08	1.1803e-08	1.148e-08	1.1192e-08	1.1139e-08	1.1342e-08	1.156e-08	1.1662e-08	1.4153e-08	2.1456e-08	3.1926e-08	4.4441e-08	5.8881e-08	7.5912e-08	9.0288e-08	1.0327e-07	1.1389e-07	1.2368e-07	1.3247e-07	1.3247e-07	1.3978e-07	1.4647e-07	1.5162e-07	1.5392e-07	1.5283e-07	1.5119e-07	1.5194e-07	1.5309e-07	1.5152e-07	1.479e-07	1.4228e-07	1.3516e-07	1.2726e-07	1.1748e-07	1.0881e-07	1.0021e-07	9.1596e-08	8.2961e-08	7.3258e-08	6.4712e-08	5.6172e-08	4.7577e-08	3.8945e-08	2.9343e-08	2.1127e-08	1.4225e-08	1.0001e-08	7.6945e-09	5.9123e-09	5.339e-09	4.8301e-09	4.6645e-09	4.9134e-09	4.8034e-09	4.9686e-09	4.5341e-09	4.1326e-09	4.1325e-09	4.268e-09	4.4305e-09	4.4835e-09	4.7447e-09	4.7834e-09	4.4972e-09	4.4461e-09	4.9229e-09	4.8495e-09	4.9214e-09	4.7549e-09	5.0565e-09	5.346e-09	5.4719e-09	5.4119e-09	5.2321e-09	5.4305e-09	5.8558e-09	5.6423e-09	5.459e-09	5.431e-09	5.487e-09	5.618e-09	5.033e-09	4.9819e-09	5.3614e-09	5.5703e-09	5.1185e-09	5.3159e-09	5.6756e-09	5.4601e-09	5.4381e-09	4.875e-09	4.4066e-09	4.1554e-09	4.2483e-09	4.4289e-09	4.5367e-09	4.5821e-09	4.7016e-09	4.464e-09	4.3749e-09	4.8745e-09	4.826e-09	4.5548e-09	4.2799e-09	4.2877e-09	4.1603e-09
1.4602e-08	1.4887e-08	1.4715e-08	1.4326e-08	1.442e-08	1.3916e-08	1.3874e-08	1.3786e-08	1.378e-08	1.3695e-08	1.3279e-08	1.3274e-08	1.3289e-08	1.3137e-08	1.3018e-08	1.2723e-08	1.2672e-08	1.2485e-08	1.2373e-08	1.2682e-08	1.2197e-08	1.2266e-08	1.2365e-08	1.2524e-08	1.2756e-08	1.2646e-08	1.266e-08	1.2796e-08	1.2926e-08	1.2762e-08	1.229e-08	1.204e-08	1.167e-08	1.158e-08	1.132e-08	1.0977e-08	1.0826e-08	1.0955e-08	1.115e-08	1.1398e-08	1.458e-08	1.458e-08	2.2509e-08	3.3372e-08	4.6239e-08	6.3078e-08	7.8077e-08	9.2237e-08	1.0491e-07	1.1515e-07	1.254e-07	1.3316e-07	1.4032e-07	1.4701e-07	1.5187e-07	1.5353e-07	1.5207e-07	1.5059e-07	1.5149e-07	1.5262e-07	1.5086e-07	1.469e-07	1.4104e-07	1.3377e-07	1.2579e-07	1.1609e-07	1.0746e-07	9.8878e-08	9.027e-08	8.1696e-08	7.2113e-08	6.3605e-08	5.5097e-08	4.6476e-08	3.7849e-08	2.825e-08	2.0116e-08	1.3479e-08	9.5118e-09	7.3011e-09	5.5628e-09	5.0693e-09	4.6048e-09	4.441e-09	4.6996e-09	4.6223e-09	4.8295e-09	4.4294e-09	4.0369e-09	4.046e-09	4.026e-09	4.1973e-09	4.372e-09	4.4516e-09	4.6446e-09	4.6864e-09	4.4915e-09	4.5043e-09	4.9321e-09	4.7336e-09	4.6054e-09	4.9188e-09	5.1154e-09	5.2041e-09	5.0981e-09	4.935e-09	5.203e-09	5.6942e-09	5.5601e-09	5.4119e-09	5.3224e-09	5.3519e-09	5.4467e-09	4.8892e-09	4.883e-09	5.2696e-09	5.4731e-09	4.9698e-09	5.098e-09	5.3797e-09	5.1606e-09	5.1657e-09	4.6141e-09	4.1313e-09	3.9418e-09	4.1135e-09	4.3051e-09	4.452e-09	4.5942e-09	4.6467e-09	4.3451e-09	4.3691e-09	4.8757e-09	4.7622e-09	4.5768e-09	4.3494e-09	4.2953e-09	4.0676e-09
1.4063e-08	1.4352e-08	1.4181e-08	1.3837e-08	1.393e-08	1.3458e-08	1.3396e-08	1.3294e-08	1.3301e-08	1.3191e-08	1.2786e-08	1.2764e-08	1.28e-08	1.2688e-08	1.2568e-08	1.2268e-08	1.2174e-08	1.194e-08	1.1848e-08	1.2167e-08	1.1787e-08	1.1892e-08	1.2048e-08	1.2338e-08	1.2569e-08	1.2384e-08	1.2362e-08	1.2471e-08	1.2621e-08	1.2481e-08	1.2002e-08	1.2002e-08	1.1738e-08	1.1432e-08	1.1383e-08	1.1044e-08	1.0778e-08	1.0539e-08	1.0599e-08	1.0751e-08	1.1127e-08	1.5158e-08	2.3678e-08	3.4924e-08	4.817e-08	6.5285e-08	8.0233e-08	9.411e-08	1.0644e-07	1.1634e-07	1.2622e-07	1.3386e-07	1.4089e-07	1.4755e-07	1.5208e-07	1.531e-07	1.5134e-07	1.5007e-07	1.5111e-07	1.5218e-07	1.5026e-07	1.4596e-07	1.3989e-07	1.3248e-07	1.2442e-07	1.1481e-07	1.0621e-07	9.7641e-08	8.9033e-08	8.0505e-08	7.101e-08	6.2535e-08	5.404e-08	4.5372e-08	3.6748e-08	2.7119e-08	1.9073e-08	1.2737e-08	8.9987e-09	6.893e-09	6.4723e-09	5.216e-09	4.7784e-09	4.3919e-09	4.245e-09	4.3002e-09	4.4455e-09	4.6867e-09	4.3532e-09	3.9933e-09	4.0549e-09	4.176e-09	4.3586e-09	4.4665e-09	4.5859e-09	4.6868e-09	4.5176e-09	4.5979e-09	4.9614e-09	4.6468e-09	4.4765e-09	4.7885e-09	4.8937e-09	4.9453e-09	4.789e-09	4.6333e-09	4.9602e-09	5.4919e-09	5.4202e-09	5.3359e-09	5.1934e-09	5.2016e-09	5.2277e-09	4.7375e-09	4.7959e-09	5.1635e-09	5.3414e-09	4.7995e-09	4.8294e-09	5.0016e-09	4.8139e-09	4.836e-09	4.3036e-09	3.8074e-09	3.7087e-09	3.9895e-09	4.2001e-09	4.3918e-09	4.6465e-09	4.6366e-09	4.6592e-09	4.2634e-09	4.3965e-09	4.9051e-09	4.729e-09	4.7251e-09	4.4493e-09	4.3296e-09
1.4063e-08	1.3788e-08	1.3631e-08	1.3372e-08	1.3466e-08	1.3458e-08	1.293e-08	1.2825e-08	1.2832e-08	1.2696e-08	1.2786e-08	1.2269e-08	1.2325e-08	1.2258e-08	1.215e-08	1.2268e-08	1.1702e-08	1.1423e-08	1.1357e-08	1.1668e-08	1.1787e-08	1.139e-08	1.1528e-08	1.173e-08	1.2136e-08	1.2362e-08	1.2095e-08	1.205e-08	1.2134e-08	1.2298e-08	1.2177e-08	1.1677e-08	1.1419e-08	1.1196e-08	1.1197e-08	1.1044e-08	1.0584e-08	1.0274e-08	1.0275e-08	1.0369e-08	1.1138e-08	1.5878e-08	2.4948e-08	3.6563e-08	5.0199e-08	6.7508e-08	8.2348e-08	9.5893e-08	1.0787e-07	1.1747e-07	1.2701e-07	1.3457e-07	1.4149e-07	1.4806e-07	1.5224e-07	1.5264e-07	1.5064e-07	1.4961e-07	1.5079e-07	1.5179e-07	1.4971e-07	1.451e-07	1.3881e-07	1.3129e-07	1.2315e-07	1.1363e-07	1.0506e-07	9.6496e-08	8.7878e-08	7.9374e-08	7.8287e-08	6.9927e-08	6.1482e-08	5.2978e-08	4.4242e-08	3.4449e-08	2.5946e-08	1.8002e-08	1.1999e-08	8.4623e-09	6.0473e-09	4.8765e-09	4.475e-09	4.1894e-09	4.0706e-09	4.1109e-09	4.2723e-09	4.5415e-09	4.2989e-09	3.9892e-09	4.1152e-09	4.1916e-09	4.3796e-09	4.5143e-09	4.5576e-09	4.6956e-09	4.5546e-09	4.7026e-09	4.9892e-09	4.5818e-09	4.3722e-09	4.6662e-09	4.686e-09	4.6991e-09	4.493e-09	4.3304e-09	4.6987e-09	5.239e-09	5.2052e-09	5.2187e-09	5.0471e-09	5.039e-09	4.9652e-09	4.5774e-09	4.7166e-09	5.0483e-09	5.1879e-09	4.6219e-09	4.5351e-09	4.5803e-09	4.1562e-09	4.4547e-09	4.4836e-09	3.9735e-09	3.4681e-09	3.2707e-09	3.8829e-09	4.1128e-09	4.3496e-09	4.7201e-09	4.7022e-09	4.2191e-09	4.4469e-09	4.9537e-09	4.7259e-09	4.8362e-09	4.5703e-09	4.3878e-09
1.3508e-08	1.3212e-08	1.3081e-08	1.2929e-08	1.3027e-08	1.3016e-08	1.248e-08	1.238e-08	1.2376e-08	1.2218e-08	1.231e-08	1.1858e-08	1.1797e-08	1.187e-08	1.1848e-08	1.1762e-08	1.1441e-08	1.1266e-08	1.0947e-08	1.091e-08	1.12e-08	1.1009e-08	1.1168e-08	1.1405e-08	1.1897e-08	1.2113e-08	1.1766e-08	1.1716e-08	1.1782e-08	1.1947e-08	1.1836e-08	1.1309e-08	1.1079e-08	1.0953e-08	1.1012e-08	1.0892e-08	1.0393e-08	1.0028e-08	9.9805e-09	1.0017e-08	1.1138e-08	1.6727e-08	2.6308e-08	3.827e-08	5.2284e-08	6.7508e-08	8.439e-08	9.7572e-08	1.0919e-07	1.1854e-07	1.2701e-07	1.3528e-07	1.421e-07	1.4855e-07	1.5233e-07	1.5264e-07	1.4998e-07	1.4923e-07	1.5056e-07	1.5147e-07	1.5147e-07	1.4924e-07	1.4433e-07	1.3784e-07	1.302e-07	1.2199e-07	1.1256e-07	1.04e-07	9.5434e-08	8.6792e-08	7.8287e-08	6.8843e-08	6.0424e-08	5.1894e-08	4.3077e-08	3.3241e-08	2.4738e-08	1.6915e-08	1.1269e-08	7.9133e-09	5.6262e-09	4.5485e-09	4.1676e-09	3.9951e-09	3.9117e-09	3.9261e-09	4.1022e-09	4.3953e-09	4.2601e-09	4.0121e-09	4.1893e-09	4.2314e-09	4.4243e-09	4.5813e-09	4.5484e-09	4.6945e-09	4.581e-09	4.7942e-09	4.9938e-09	4.5314e-09	4.296e-09	4.5528e-09	4.4976e-09	4.4693e-09	4.2184e-09	4.0372e-09	4.4264e-09	4.9438e-09	4.9223e-09	5.0636e-09	4.8901e-09	4.8953e-09	4.8719e-09	4.6781e-09	4.4158e-09	4.5748e-09	4.9297e-09	5.0261e-09	4.4515e-09	4.2406e-09	3.7695e-09	4.1179e-09	4.1428e-09	3.6537e-09	3.147e-09	3.1092e-09	3.8001e-09	4.0425e-09	4.3187e-09	4.7962e-09	4.7533e-09	4.2124e-09	4.5104e-09	5.0123e-09	4.7526e-09	4.9617e-09	4.7031e-09	4.4672e-09
1.2953e-08	1.2411e-08	1.2644e-08	1.2544e-08	1.2507e-08	1.2608e-08	1.2184e-08	1.2052e-08	1.1962e-08	1.1941e-08	1.1767e-08	1.1437e-08	1.1355e-08	1.1441e-08	1.146e-08	1.1401e-08	1.1075e-08	1.0874e-08	1.0526e-08	1.0519e-08	1.0777e-08	1.0647e-08	1.0808e-08	1.1066e-08	1.16e-08	1.18e-08	1.1392e-08	1.1359e-08	1.1413e-08	1.1564e-08	1.1455e-08	1.091e-08	1.0724e-08	1.0702e-08	1.0822e-08	1.0722e-08	1.0199e-08	9.7996e-09	9.7136e-09	9.7102e-09	1.1257e-08	1.7692e-08	2.7741e-08	4.0025e-08	5.4387e-08	6.9702e-08	8.6327e-08	9.913e-08	1.104e-07	1.1954e-07	1.1954e-07	1.2857e-07	1.3601e-07	1.4272e-07	1.4898e-07	1.5235e-07	1.516e-07	1.4939e-07	1.4893e-07	1.5042e-07	1.5126e-07	1.4883e-07	1.4365e-07	1.3695e-07	1.2921e-07	1.2094e-07	1.1155e-07	1.0299e-07	9.442e-08	8.5745e-08	7.7218e-08	6.7737e-08	5.934e-08	5.0774e-08	4.1873e-08	3.3241e-08	2.3498e-08	1.5829e-08	1.0554e-08	7.3621e-09	5.6262e-09	4.2364e-09	3.8652e-09	3.807e-09	3.7626e-09	3.9261e-09	3.9346e-09	4.2495e-09	4.2302e-09	4.0497e-09	4.1893e-09	4.2826e-09	4.4822e-09	4.6536e-09	4.547e-09	4.6945e-09	4.5765e-09	4.8491e-09	4.9542e-09	4.4885e-09	4.4885e-09	4.2481e-09	4.4504e-09	4.3334e-09	4.2616e-09	3.9746e-09	3.7719e-09	4.1631e-09	4.6329e-09	4.6044e-09	4.8901e-09	4.7501e-09	4.7084e-09	4.3864e-09	4.2604e-09	4.5094e-09	4.8132e-09	4.8694e-09	4.3031e-09	3.9717e-09	3.4606e-09	3.8383e-09	3.8482e-09	3.374e-09	2.8775e-09	3.0147e-09	3.7478e-09	3.9883e-09	4.2924e-09	4.8557e-09	4.8005e-09	4.2434e-09	4.577e-09	5.072e-09	4.8085e-09	5.0946e-09	4.8396e-09	4.5647e-09
1.2188e-08	1.1897e-08	1.2102e-08	1.2035e-08	1.2106e-08	1.2207e-08	1.1795e-08	1.1651e-08	1.1572e-08	1.1532e-08	1.1351e-08	1.1053e-08	1.0951e-08	1.1043e-08	1.1096e-08	1.1065e-08	1.0742e-08	1.0536e-08	1.0172e-08	1.0193e-08	1.0412e-08	1.0307e-08	1.0447e-08	1.0711e-08	1.1239e-08	1.1418e-08	1.099e-08	1.099e-08	1.1036e-08	1.1162e-08	1.1046e-08	1.0496e-08	1.0362e-08	1.0442e-08	1.0618e-08	1.0531e-08	1e-08	9.5867e-09	9.4723e-09	9.4629e-09	9.4629e-09	1.1845e-08	1.8763e-08	2.9233e-08	4.1808e-08	5.6469e-08	7.3836e-08	8.8125e-08	1.0055e-07	1.115e-07	1.2048e-07	1.2934e-07	1.3675e-07	1.4335e-07	1.4934e-07	1.5227e-07	1.5105e-07	1.4886e-07	1.487e-07	1.5039e-07	1.5114e-07	1.4846e-07	1.4303e-07	1.3613e-07	1.2828e-07	1.1995e-07	1.1056e-07	1.0199e-07	9.3412e-08	8.4698e-08	7.6138e-08	6.6585e-08	5.8208e-08	4.9604e-08	4.0626e-08	3.1992e-08	2.2232e-08	1.4755e-08	9.8588e-09	6.8195e-09	5.2174e-09	3.9446e-09	3.5764e-09	3.6229e-09	3.6171e-09	3.7439e-09	3.7688e-09	4.1054e-09	4.2027e-09	4.0895e-09	4.0895e-09	4.3091e-09	4.3328e-09	4.5427e-09	4.7178e-09	4.5424e-09	4.6075e-09	4.538e-09	4.8615e-09	4.868e-09	4.4502e-09	4.2251e-09	4.3628e-09	4.1982e-09	4.0838e-09	3.7721e-09	3.5533e-09	3.9288e-09	4.3336e-09	4.2853e-09	4.7182e-09	4.6237e-09	4.5567e-09	4.1097e-09	4.1185e-09	4.5094e-09	4.7044e-09	4.7312e-09	4.1915e-09	3.7542e-09	3.4606e-09	3.6509e-09	3.6342e-09	3.1643e-09	2.6928e-09	3.0147e-09	3.7325e-09	3.9493e-09	4.2642e-09	4.8797e-09	4.8005e-09	4.3107e-09	4.6392e-09	5.1259e-09	4.8917e-09	5.0946e-09	4.9762e-09	4.6771e-09
1.1678e-08	1.1425e-08	1.1604e-08	1.1568e-08	1.1724e-08	1.1821e-08	1.1425e-08	1.1282e-08	1.1212e-08	1.1154e-08	1.0977e-08	1.0712e-08	1.0592e-08	1.0682e-08	1.0756e-08	1.075e-08	1.0445e-08	1.0256e-08	9.8918e-09	9.9362e-09	1.011e-08	9.9884e-09	1.0091e-08	1.0348e-08	1.0833e-08	1.0987e-08	1.0577e-08	1.062e-08	1.0662e-08	1.0752e-08	1.0624e-08	1.0202e-08	1.0083e-08	1.0002e-08	1.0172e-08	1.0395e-08	1.0076e-08	9.7918e-09	9.3874e-09	9.2543e-09	9.2905e-09	1.233e-08	1.9925e-08	3.0772e-08	4.36e-08	5.8489e-08	7.5688e-08	8.9753e-08	1.0183e-07	1.1248e-07	1.2137e-07	1.3013e-07	1.3749e-07	1.4397e-07	1.4961e-07	1.5209e-07	1.5047e-07	1.4839e-07	1.4854e-07	1.5044e-07	1.511e-07	1.4807e-07	1.4241e-07	1.3531e-07	1.2737e-07	1.1899e-07	1.0955e-07	1.0096e-07	9.2366e-08	8.3615e-08	7.5017e-08	6.5365e-08	5.7008e-08	4.837e-08	3.9332e-08	3.0697e-08	2.0945e-08	1.3708e-08	9.1886e-09	6.2959e-09	6.2959e-09	4.4695e-09	3.6775e-09	3.3098e-09	3.4408e-09	3.4694e-09	3.3804e-09	3.6046e-09	3.9647e-09	4.1714e-09	4.1193e-09	4.3321e-09	4.3756e-09	4.5995e-09	4.7674e-09	4.5312e-09	4.5322e-09	4.4799e-09	4.8433e-09	4.7516e-09	4.4175e-09	4.2235e-09	4.2938e-09	4.0967e-09	3.944e-09	3.6213e-09	3.4e-09	3.7437e-09	4.0733e-09	3.9987e-09	4.5678e-09	4.5282e-09	4.4247e-09	3.868e-09	3.9975e-09	4.4458e-09	4.6089e-09	4.6249e-09	4.1312e-09	3.6137e-09	3.2696e-09	3.5904e-09	3.5352e-09	3.0546e-09	2.6266e-09	3.009e-09	3.7586e-09	3.926e-09	4.2313e-09	4.2313e-09	4.8579e-09	4.8604e-09	4.4083e-09	4.6974e-09	5.1739e-09	4.9951e-09	5.3627e-09	5.1096e-09
1.1209e-08	1.1008e-08	1.117e-08	1.1157e-08	1.136e-08	1.1448e-08	1.1076e-08	1.0951e-08	1.0884e-08	1.0813e-08	1.0656e-08	1.0418e-08	1.0281e-08	1.036e-08	1.0442e-08	1.0457e-08	1.0183e-08	1.0023e-08	9.6724e-09	9.7351e-09	9.8615e-09	9.6544e-09	9.6934e-09	9.7476e-09	9.9881e-09	1.0404e-08	1.0071e-08	1.0171e-08	1.0262e-08	1.03e-08	1.0347e-08	9.7954e-09	9.6852e-09	9.6514e-09	9.8928e-09	1.0147e-08	9.8053e-09	9.5703e-09	9.1996e-09	9.0576e-09	9.2079e-09	1.2952e-08	2.1168e-08	3.2341e-08	4.538e-08	6.0408e-08	7.7352e-08	9.1188e-08	1.0294e-07	1.1335e-07	1.2219e-07	1.3092e-07	1.3825e-07	1.4458e-07	1.4979e-07	1.5181e-07	1.4987e-07	1.4798e-07	1.4842e-07	1.5052e-07	1.5106e-07	1.4762e-07	1.4174e-07	1.3445e-07	1.2642e-07	1.1799e-07	1.0846e-07	9.9854e-08	9.1242e-08	8.2457e-08	8.2457e-08	7.2531e-08	6.4054e-08	5.5716e-08	4.7058e-08	3.7988e-08	2.7965e-08	1.9642e-08	1.2702e-08	8.5492e-09	5.802e-09	4.1471e-09	3.4396e-09	3.0742e-09	3.2588e-09	3.3139e-09	3.2037e-09	3.4461e-09	3.8311e-09	4.135e-09	4.1343e-09	4.3342e-09	4.4105e-09	4.6503e-09	4.8034e-09	4.5167e-09	4.4537e-09	4.4174e-09	4.8073e-09	4.622e-09	4.3913e-09	4.2398e-09	4.2473e-09	4.0336e-09	3.8501e-09	3.5326e-09	3.3307e-09	3.6279e-09	3.8795e-09	3.7786e-09	4.4591e-09	4.4757e-09	4.3207e-09	3.6811e-09	3.9049e-09	4.3825e-09	4.5323e-09	4.5639e-09	4.1371e-09	3.576e-09	3.576e-09	3.3845e-09	3.6767e-09	3.572e-09	3.0636e-09	2.6989e-09	3.2864e-09	3.8231e-09	3.9232e-09	4.2025e-09	4.805e-09	4.8813e-09	4.5291e-09	4.7537e-09	5.217e-09	5.1109e-09	5.4883e-09	5.2368e-09
1.0795e-08	1.0662e-08	1.0817e-08	1.0817e-08	1.1014e-08	1.1083e-08	1.0748e-08	1.0659e-08	1.0589e-08	1.0511e-08	1.0388e-08	1.0168e-08	1.0165e-08	1.0015e-08	1.0077e-08	1.0155e-08	9.9417e-09	9.9517e-09	9.8304e-09	9.501e-09	9.5757e-09	9.4774e-09	9.4229e-09	9.4248e-09	9.6406e-09	9.9713e-09	9.6337e-09	9.7885e-09	9.9275e-09	9.9603e-09	9.957e-09	9.4183e-09	9.3182e-09	9.318e-09	9.6032e-09	9.8658e-09	9.5022e-09	9.332e-09	9.0214e-09	8.8802e-09	9.23e-09	1.3715e-08	2.248e-08	3.393e-08	4.7133e-08	6.2196e-08	7.8861e-08	9.2466e-08	1.0394e-07	1.1413e-07	1.2297e-07	1.3173e-07	1.3902e-07	1.4517e-07	1.499e-07	1.5144e-07	1.4925e-07	1.476e-07	1.4833e-07	1.5059e-07	1.5059e-07	1.508e-07	1.4705e-07	1.4096e-07	1.3351e-07	1.2539e-07	1.1573e-07	1.0725e-07	9.8624e-08	8.9995e-08	8.1187e-08	7.1109e-08	6.2631e-08	5.4313e-08	4.5654e-08	3.6591e-08	2.6523e-08	1.8328e-08	1.175e-08	7.946e-09	5.3484e-09	3.8692e-09	3.2366e-09	2.8774e-09	3.0827e-09	3.1556e-09	3.046e-09	3.3026e-09	3.7112e-09	4.0972e-09	4.1373e-09	4.3217e-09	4.4376e-09	4.6929e-09	4.8269e-09	4.5031e-09	4.3855e-09	4.3659e-09	4.7661e-09	4.4963e-09	4.373e-09	4.2705e-09	4.2271e-09	4.0135e-09	3.8099e-09	3.5167e-09	3.3639e-09	3.6014e-09	3.7795e-09	3.6588e-09	3.6588e-09	4.4468e-09	4.4784e-09	4.2527e-09	3.5686e-09	3.8481e-09	4.2538e-09	4.48e-09	4.557e-09	4.2174e-09	3.6555e-09	3.6793e-09	3.8848e-09	3.7238e-09	3.1769e-09	2.8899e-09	3.5345e-09	3.9221e-09	3.9464e-09	4.1887e-09	4.7406e-09	4.9029e-09	4.6663e-09	4.8099e-09	5.2564e-09	5.2313e-09	5.602e-09	5.3545e-09
1.0448e-08	1.0174e-08	1.039e-08	1.0552e-08	1.0551e-08	1.0685e-08	1.0387e-08	1.0443e-08	1.0403e-08	1.0325e-08	1.0247e-08	9.9862e-09	9.9488e-09	9.7902e-09	9.8316e-09	9.8993e-09	9.7256e-09	9.7511e-09	9.6672e-09	9.3646e-09	9.444e-09	9.3187e-09	9.1779e-09	9.1299e-09	9.3153e-09	9.5577e-09	9.2407e-09	9.448e-09	9.6291e-09	9.6519e-09	9.5956e-09	9.0849e-09	8.9972e-09	9.0099e-09	9.3027e-09	9.5462e-09	9.1662e-09	9.075e-09	8.8511e-09	8.721e-09	9.3692e-09	1.4608e-08	2.3851e-08	3.5537e-08	4.8865e-08	6.3875e-08	8.027e-08	9.3642e-08	1.0486e-07	1.1487e-07	1.1487e-07	1.2451e-07	1.3256e-07	1.3979e-07	1.4575e-07	1.4993e-07	1.5047e-07	1.4861e-07	1.4726e-07	1.4825e-07	1.5061e-07	1.5047e-07	1.4633e-07	1.4004e-07	1.3242e-07	1.2423e-07	1.1437e-07	1.0587e-07	9.7229e-08	8.8583e-08	7.9767e-08	6.9528e-08	6.1073e-08	5.2778e-08	4.4144e-08	3.5137e-08	2.5041e-08	1.7017e-08	1.0864e-08	7.3861e-09	4.9442e-09	3.643e-09	3.0758e-09	2.7265e-09	2.9258e-09	3.0099e-09	2.9214e-09	3.1832e-09	3.6115e-09	4.0619e-09	4.1313e-09	4.3009e-09	4.4565e-09	4.7252e-09	4.839e-09	4.4943e-09	4.3413e-09	4.3405e-09	4.7325e-09	4.3918e-09	4.3918e-09	4.3646e-09	4.312e-09	4.237e-09	4.0413e-09	3.8315e-09	3.7445e-09	3.5184e-09	3.6845e-09	3.8007e-09	3.6731e-09	4.5737e-09	4.5428e-09	4.2263e-09	3.5437e-09	3.8327e-09	4.1988e-09	4.4561e-09	4.5995e-09	4.361e-09	3.8334e-09	4.0784e-09	4.1815e-09	3.9627e-09	3.3736e-09	3.1728e-09	3.829e-09	4.0513e-09	4.0009e-09	4.2009e-09	4.684e-09	4.9303e-09	4.8128e-09	4.8679e-09	5.2932e-09	5.3484e-09	5.6989e-09	5.4598e-09
9.9826e-09	9.965e-09	1.0186e-08	1.0361e-08	1.0348e-08	1.0377e-08	1.0067e-08	1.0163e-08	1.0179e-08	1.0091e-08	1.0016e-08	9.8356e-09	9.7648e-09	9.6023e-09	9.6224e-09	9.6749e-09	9.5406e-09	9.5789e-09	9.5247e-09	9.2502e-09	9.3259e-09	9.167e-09	8.9595e-09	8.8702e-09	9.022e-09	9.184e-09	8.9156e-09	9.1669e-09	9.3789e-09	9.3851e-09	9.2744e-09	8.8068e-09	8.7345e-09	8.734e-09	8.9922e-09	9.1844e-09	8.8111e-09	8.8083e-09	8.6888e-09	8.5856e-09	8.5856e-09	9.9845e-09	1.5614e-08	2.5277e-08	3.7165e-08	5.059e-08	6.7068e-08	8.1634e-08	9.4769e-08	1.0575e-07	1.1561e-07	1.2531e-07	1.3341e-07	1.4058e-07	1.4629e-07	1.499e-07	1.4988e-07	1.4796e-07	1.4693e-07	1.4816e-07	1.5054e-07	1.4992e-07	1.4539e-07	1.3891e-07	1.3115e-07	1.2289e-07	1.1278e-07	1.0428e-07	9.5628e-08	8.6967e-08	7.8161e-08	6.7799e-08	5.9391e-08	5.112e-08	4.254e-08	3.3634e-08	2.3543e-08	1.5734e-08	1.005e-08	6.8782e-09	4.5978e-09	3.4753e-09	2.9648e-09	2.6287e-09	2.8018e-09	2.8926e-09	2.8439e-09	3.0973e-09	3.5384e-09	4.0333e-09	4.0333e-09	4.1046e-09	4.2781e-09	4.4672e-09	4.7451e-09	4.841e-09	4.5067e-09	4.3347e-09	4.3565e-09	4.7194e-09	4.3254e-09	4.3767e-09	4.3608e-09	4.2808e-09	4.1215e-09	3.9228e-09	4.0002e-09	3.8002e-09	3.8859e-09	3.9569e-09	3.8395e-09	4.7753e-09	4.6595e-09	4.2398e-09	3.5994e-09	3.8585e-09	4.1639e-09	4.4647e-09	4.684e-09	4.5533e-09	4.0846e-09	4.5386e-09	4.5333e-09	4.2603e-09	3.6332e-09	3.5203e-09	4.1498e-09	4.2066e-09	4.0923e-09	4.2502e-09	4.6549e-09	4.9685e-09	4.9618e-09	4.9296e-09	5.3285e-09	5.4543e-09	5.7743e-09	5.5495e-09
9.7664e-09	9.965e-09	1.0038e-08	1.0227e-08	1.0195e-08	1.0092e-08	9.7735e-09	9.9091e-09	9.9816e-09	9.8853e-09	9.8147e-09	9.7078e-09	9.6079e-09	9.4473e-09	9.4483e-09	9.4845e-09	9.3894e-09	9.4332e-09	9.3936e-09	9.1446e-09	9.2073e-09	9.0106e-09	8.7687e-09	8.6534e-09	8.7705e-09	8.8716e-09	8.6768e-09	8.9586e-09	9.1859e-09	9.1669e-09	9.1669e-09	8.7763e-09	8.5797e-09	8.5275e-09	8.4921e-09	8.6805e-09	8.4003e-09	8.4551e-09	8.5446e-09	8.5349e-09	8.4816e-09	1.0446e-08	1.6717e-08	2.6749e-08	3.8817e-08	5.2322e-08	6.8662e-08	8.3009e-08	9.5902e-08	1.0668e-07	1.1639e-07	1.2616e-07	1.3429e-07	1.4138e-07	1.468e-07	1.498e-07	1.4923e-07	1.4728e-07	1.4661e-07	1.4805e-07	1.5034e-07	1.491e-07	1.442e-07	1.3752e-07	1.2964e-07	1.2132e-07	1.1099e-07	1.0249e-07	9.383e-08	8.5156e-08	7.6381e-08	6.597e-08	5.7627e-08	4.9381e-08	4.0873e-08	3.2102e-08	2.2055e-08	1.4502e-08	9.317e-09	6.4311e-09	6.4311e-09	4.1107e-09	3.3731e-09	2.9107e-09	2.5909e-09	2.7244e-09	2.8073e-09	2.8276e-09	3.0541e-09	3.4985e-09	4.0153e-09	4.0899e-09	4.2594e-09	4.4697e-09	4.7506e-09	4.8339e-09	4.5358e-09	4.3793e-09	4.4292e-09	4.7393e-09	4.3144e-09	4.4016e-09	4.4149e-09	4.3602e-09	4.2551e-09	4.0857e-09	4.3249e-09	4.1779e-09	4.1807e-09	4.2216e-09	4.1286e-09	5.0284e-09	4.8158e-09	4.2903e-09	3.7248e-09	3.9246e-09	4.1598e-09	4.5099e-09	4.8032e-09	4.7797e-09	4.3839e-09	5.0168e-09	4.9069e-09	4.5885e-09	3.9349e-09	3.9055e-09	4.477e-09	4.3841e-09	4.2261e-09	4.2261e-09	4.3474e-09	4.757e-09	5.0227e-09	5.1061e-09	4.997e-09	5.3634e-09	5.6023e-09	5.8244e-09
9.6124e-09	9.8127e-09	9.9352e-09	1.0135e-08	1.0076e-08	9.8328e-09	9.7735e-09	9.684e-09	9.8072e-09	9.7062e-09	9.6408e-09	9.7078e-09	9.4732e-09	9.321e-09	9.308e-09	9.3298e-09	9.3894e-09	9.3123e-09	9.2644e-09	9.0349e-09	9.0349e-09	9.0741e-09	8.8404e-09	8.6062e-09	8.4851e-09	8.5685e-09	8.6374e-09	8.5158e-09	8.8146e-09	9.0424e-09	8.9908e-09	8.7763e-09	8.3943e-09	8.368e-09	8.2844e-09	8.379e-09	8.4003e-09	8.1169e-09	8.2963e-09	8.3901e-09	8.4165e-09	1.0446e-08	1.7899e-08	2.826e-08	4.0497e-08	5.4074e-08	7.0308e-08	8.445e-08	9.7096e-08	1.0767e-07	1.1724e-07	1.2709e-07	1.352e-07	1.4218e-07	1.4727e-07	1.4966e-07	1.4854e-07	1.4659e-07	1.4629e-07	1.479e-07	1.4995e-07	1.4802e-07	1.4276e-07	1.3588e-07	1.279e-07	1.1954e-07	1.0904e-07	1.0055e-07	9.1893e-08	8.3212e-08	8.3212e-08	7.2523e-08	6.4091e-08	5.5822e-08	4.7601e-08	3.9179e-08	2.9031e-08	2.06e-08	1.3346e-08	8.6715e-09	6.0535e-09	3.9862e-09	3.3434e-09	2.9211e-09	2.6201e-09	2.7072e-09	2.8709e-09	2.8864e-09	3.0629e-09	3.4984e-09	4.0118e-09	4.0785e-09	4.2512e-09	4.4637e-09	4.7394e-09	4.8191e-09	4.5846e-09	4.4827e-09	4.5664e-09	4.8001e-09	4.3691e-09	4.4412e-09	4.4765e-09	4.4707e-09	4.431e-09	4.3041e-09	4.6877e-09	4.6128e-09	4.5375e-09	4.5604e-09	4.5022e-09	5.3103e-09	4.9991e-09	4.3746e-09	3.9091e-09	4.0297e-09	4.1973e-09	4.5958e-09	4.9497e-09	4.9497e-09	5.0255e-09	5.0266e-09	5.4699e-09	5.269e-09	4.9191e-09	4.258e-09	4.6805e-09	4.7904e-09	4.5795e-09	4.4077e-09	4.5035e-09	4.9248e-09	5.0977e-09	5.2396e-09	5.072e-09	5.3993e-09	5.642e-09	5.854e-09
9.5128e-09	9.7082e-09	9.8682e-09	1.0067e-08	9.9802e-09	9.603e-09	9.5123e-09	9.4893e-09	9.6515e-09	9.552e-09	9.4906e-09	9.4906e-09	9.4883e-09	9.3557e-09	9.2194e-09	9.2004e-09	9.2129e-09	9.1973e-09	9.2136e-09	9.1296e-09	8.9103e-09	8.9153e-09	8.6609e-09	8.4695e-09	8.3611e-09	8.4125e-09	8.475e-09	8.4149e-09	8.7186e-09	8.9352e-09	8.8454e-09	8.5852e-09	8.2411e-09	8.2479e-09	8.1109e-09	8.0992e-09	8.0199e-09	7.8148e-09	8.0762e-09	8.2549e-09	8.398e-09	1.1001e-08	1.9143e-08	2.9805e-08	4.2207e-08	5.5861e-08	7.0308e-08	8.6012e-08	9.8406e-08	1.0879e-07	1.1821e-07	1.2709e-07	1.3615e-07	1.4299e-07	1.4769e-07	1.4948e-07	1.4854e-07	1.459e-07	1.4597e-07	1.477e-07	1.477e-07	1.4939e-07	1.4672e-07	1.4112e-07	1.3406e-07	1.26e-07	1.176e-07	1.0701e-07	9.8535e-08	8.9881e-08	8.1197e-08	7.2523e-08	6.2211e-08	5.4019e-08	4.5823e-08	3.7493e-08	2.9031e-08	1.9203e-08	1.2289e-08	8.1214e-09	5.7541e-09	3.9518e-09	3.393e-09	3.0033e-09	2.7236e-09	2.7639e-09	3.0267e-09	3.0345e-09	3.133e-09	3.5446e-09	4.0269e-09	4.0745e-09	4.2594e-09	4.4516e-09	4.7128e-09	4.7993e-09	4.6526e-09	4.6344e-09	4.7547e-09	4.8949e-09	4.4797e-09	4.4978e-09	4.5489e-09	4.6063e-09	4.6362e-09	4.5586e-09	5.0575e-09	5.0664e-09	4.925e-09	4.925e-09	4.939e-09	5.35e-09	5.5978e-09	5.1968e-09	4.4897e-09	4.1416e-09	4.3526e-09	4.2872e-09	4.7264e-09	5.1161e-09	5.2763e-09	5.3196e-09	5.8546e-09	5.5864e-09	5.2238e-09	4.5818e-09	5.0183e-09	5.0718e-09	4.7888e-09	4.6415e-09	4.7279e-09	5.1689e-09	5.195e-09	5.3634e-09	5.1571e-09	5.44e-09	5.6717e-09	5.8733e-09
9.4596e-09	9.4596e-09	9.6077e-09	9.8263e-09	1.0007e-08	9.8921e-09	9.4055e-09	9.1106e-09	9.3268e-09	9.5102e-09	9.4211e-09	9.3607e-09	9.3811e-09	9.2507e-09	9.1385e-09	9.1234e-09	9.1343e-09	9.1501e-09	9.1322e-09	8.9903e-09	8.774e-09	8.7367e-09	8.4814e-09	8.3554e-09	8.274e-09	8.2947e-09	8.3697e-09	8.3564e-09	8.6544e-09	8.8511e-09	8.7191e-09	8.42e-09	8.1106e-09	8.1594e-09	7.9717e-09	7.8525e-09	7.6753e-09	7.5674e-09	7.8967e-09	8.1299e-09	8.4337e-09	1.1641e-08	2.0434e-08	3.1375e-08	4.395e-08	5.7696e-08	7.2047e-08	8.7748e-08	9.9885e-08	1.1009e-07	1.1009e-07	1.1933e-07	1.2923e-07	1.3713e-07	1.4381e-07	1.4806e-07	1.4925e-07	1.471e-07	1.4524e-07	1.4566e-07	1.4746e-07	1.4867e-07	1.4527e-07	1.3936e-07	1.3212e-07	1.24e-07	1.1557e-07	1.0496e-07	9.6498e-08	8.7855e-08	7.9175e-08	7.0562e-08	6.0381e-08	5.2261e-08	4.4087e-08	3.5849e-08	2.7532e-08	1.789e-08	1.1356e-08	7.6742e-09	5.5417e-09	3.9518e-09	3.5289e-09	3.1645e-09	2.9082e-09	2.9081e-09	3.0267e-09	3.2772e-09	3.2689e-09	3.6405e-09	4.064e-09	4.0745e-09	4.2898e-09	4.4436e-09	4.6821e-09	4.7824e-09	4.6526e-09	4.8205e-09	4.9761e-09	5.0139e-09	5.0139e-09	4.6328e-09	4.5736e-09	4.6353e-09	4.7613e-09	4.8575e-09	4.8297e-09	5.4035e-09	5.5003e-09	5.312e-09	5.3233e-09	5.35e-09	5.868e-09	5.3963e-09	4.6325e-09	4.4114e-09	4.3526e-09	4.4402e-09	4.9058e-09	5.2953e-09	5.5172e-09	5.5626e-09	6.1321e-09	5.8287e-09	5.4768e-09	4.8871e-09	5.3112e-09	5.3191e-09	5.0097e-09	4.9205e-09	5.0128e-09	5.4676e-09	5.3142e-09	5.4828e-09	5.2553e-09	5.491e-09	5.7024e-09	5.8925e-09
9.8839e-09	9.4451e-09	9.5941e-09	9.7991e-09	9.9399e-09	9.7986e-09	9.243e-09	8.98e-09	9.1973e-09	9.3793e-09	9.3113e-09	9.2476e-09	9.2712e-09	9.1548e-09	9.074e-09	9.0707e-09	9.0869e-09	9.1223e-09	9.062e-09	8.8506e-09	8.6336e-09	8.5499e-09	8.3111e-09	8.2604e-09	8.2165e-09	8.2076e-09	8.3071e-09	8.3224e-09	8.6058e-09	8.7766e-09	8.6006e-09	8.2712e-09	7.9934e-09	8.0942e-09	7.8667e-09	7.6504e-09	7.3876e-09	7.3931e-09	7.7705e-09	8.0156e-09	8.0156e-09	8.5312e-09	1.315e-08	2.1753e-08	3.2965e-08	4.5729e-08	5.9592e-08	7.5921e-08	8.9663e-08	1.0154e-07	1.1156e-07	1.2061e-07	1.3043e-07	1.3813e-07	1.4461e-07	1.4838e-07	1.49e-07	1.4641e-07	1.4463e-07	1.4538e-07	1.4718e-07	1.4784e-07	1.4373e-07	1.3753e-07	1.3012e-07	1.2197e-07	1.1351e-07	1.0295e-07	9.4504e-08	8.5877e-08	7.721e-08	6.8659e-08	5.865e-08	5.059e-08	4.2437e-08	3.4282e-08	2.6085e-08	1.6686e-08	1.0571e-08	7.3374e-09	5.425e-09	4.0158e-09	3.7507e-09	3.4055e-09	3.1745e-09	3.1455e-09	3.2811e-09	3.5944e-09	3.4606e-09	3.7805e-09	3.7805e-09	4.1252e-09	4.1191e-09	4.3477e-09	4.451e-09	4.6604e-09	4.7772e-09	4.8435e-09	5.0273e-09	5.2131e-09	5.1475e-09	4.815e-09	4.6708e-09	4.7387e-09	4.9298e-09	5.082e-09	5.0979e-09	5.6945e-09	5.8758e-09	5.6671e-09	5.6791e-09	5.7477e-09	6.098e-09	5.5849e-09	4.8e-09	4.7078e-09	4.5682e-09	4.6656e-09	5.1372e-09	5.4802e-09	5.735e-09	5.5626e-09	6.3042e-09	5.9978e-09	5.6781e-09	5.1696e-09	5.3112e-09	5.5402e-09	5.2405e-09	5.231e-09	5.3403e-09	5.4676e-09	5.4549e-09	5.6032e-09	5.3695e-09	5.5578e-09	5.7024e-09	5.9218e-09
9.8408e-09	9.4614e-09	9.5935e-09	9.7769e-09	9.8507e-09	9.6883e-09	9.1175e-09	8.8915e-09	9.0958e-09	9.2572e-09	9.2171e-09	9.1465e-09	9.1577e-09	9.0649e-09	9.0216e-09	9.0346e-09	9.0609e-09	9.1037e-09	8.9968e-09	8.7148e-09	8.4969e-09	8.3665e-09	8.1592e-09	8.1813e-09	8.181e-09	8.1437e-09	8.2725e-09	8.2953e-09	8.5566e-09	8.6986e-09	8.6986e-09	8.4784e-09	7.985e-09	7.8801e-09	8.0443e-09	7.7962e-09	7.5043e-09	7.0663e-09	7.3097e-09	7.7096e-09	7.9128e-09	8.6982e-09	1.4012e-08	2.3101e-08	3.4577e-08	4.7549e-08	6.1554e-08	7.8034e-08	9.1712e-08	1.0333e-07	1.1316e-07	1.2202e-07	1.3169e-07	1.3915e-07	1.4539e-07	1.4864e-07	1.4872e-07	1.4577e-07	1.441e-07	1.4514e-07	1.4688e-07	1.4692e-07	1.4215e-07	1.3569e-07	1.2815e-07	1.1997e-07	1.1149e-07	1.0104e-07	9.2616e-08	8.4011e-08	7.5365e-08	6.6872e-08	5.7069e-08	4.905e-08	4.0912e-08	3.2826e-08	2.4709e-08	1.5607e-08	9.947e-09	7.1116e-09	7.1116e-09	5.4055e-09	4.415e-09	4.0358e-09	3.7064e-09	3.5032e-09	3.4573e-09	3.9952e-09	3.961e-09	3.6956e-09	3.957e-09	4.2122e-09	4.184e-09	4.4386e-09	4.4852e-09	4.6607e-09	4.7926e-09	4.9648e-09	5.2408e-09	5.448e-09	5.2859e-09	5.0126e-09	4.7916e-09	4.8623e-09	5.106e-09	5.2965e-09	5.3439e-09	5.8996e-09	6.1545e-09	5.9591e-09	5.972e-09	6.0771e-09	6.2669e-09	5.7512e-09	4.9891e-09	5.0201e-09	4.8181e-09	4.9577e-09	5.4144e-09	5.6692e-09	5.9283e-09	5.755e-09	6.3977e-09	6.1147e-09	5.8425e-09	5.4342e-09	5.5686e-09	5.743e-09	5.4797e-09	5.4797e-09	5.559e-09	5.6923e-09	6.1417e-09	5.6167e-09	5.7301e-09	5.5027e-09	5.6458e-09	5.8124e-09
9.8091e-09	9.5e-09	9.598e-09	9.7535e-09	9.7398e-09	9.5618e-09	9.0242e-09	8.8357e-09	9.0156e-09	9.1426e-09	9.1318e-09	9.0523e-09	9.0403e-09	8.9779e-09	8.9773e-09	9.0074e-09	9.0467e-09	9.0837e-09	8.9306e-09	8.5871e-09	8.5871e-09	8.3715e-09	8.0566e-09	8.0349e-09	8.1146e-09	8.16e-09	8.0953e-09	8.2293e-09	8.2573e-09	8.4904e-09	8.6036e-09	8.341e-09	7.829e-09	7.7616e-09	8.0021e-09	7.76e-09	7.4252e-09	7.0565e-09	7.3188e-09	7.7135e-09	7.829e-09	8.9438e-09	1.4953e-08	2.4488e-08	3.6225e-08	4.9416e-08	6.3575e-08	8.0223e-08	9.3847e-08	1.0521e-07	1.1486e-07	1.2351e-07	1.3298e-07	1.4018e-07	1.4613e-07	1.4885e-07	1.4843e-07	1.4522e-07	1.4369e-07	1.4496e-07	1.4656e-07	1.4594e-07	1.4059e-07	1.3391e-07	1.2625e-07	1.1806e-07	1.0958e-07	9.9306e-08	9.0897e-08	8.2316e-08	8.2316e-08	7.3704e-08	6.3859e-08	5.5667e-08	4.7665e-08	3.9541e-08	3.1503e-08	2.221e-08	1.4646e-08	9.4634e-09	6.9766e-09	5.4627e-09	4.698e-09	4.3573e-09	4.0438e-09	3.8712e-09	3.8202e-09	4.4017e-09	4.352e-09	3.9612e-09	4.1626e-09	4.3267e-09	4.2882e-09	4.568e-09	4.5577e-09	4.6962e-09	4.8374e-09	5.1022e-09	5.4472e-09	5.6629e-09	5.4194e-09	5.2122e-09	4.9382e-09	5.0093e-09	5.2841e-09	5.4879e-09	5.5481e-09	5.9917e-09	6.3021e-09	6.1598e-09	6.1712e-09	6.3033e-09	6.3764e-09	5.8943e-09	5.1958e-09	5.3415e-09	5.0983e-09	5.3021e-09	5.7259e-09	5.7259e-09	5.8636e-09	6.1031e-09	6.0406e-09	6.4394e-09	6.2004e-09	5.985e-09	5.6858e-09	6.0152e-09	5.9353e-09	5.7257e-09	5.8909e-09	6.051e-09	6.4732e-09	5.7992e-09	5.8689e-09	5.6576e-09	5.7605e-09	5.914e-09
9.7823e-09	9.5492e-09	9.6002e-09	9.7243e-09	9.6122e-09	9.4241e-09	8.9566e-09	8.8028e-09	8.9497e-09	9.0345e-09	9.0345e-09	9.0488e-09	8.8635e-09	8.9183e-09	8.8909e-09	8.9366e-09	8.9813e-09	9.0143e-09	9.0518e-09	8.8573e-09	8.4716e-09	8.2652e-09	7.9533e-09	7.9474e-09	8.0571e-09	8.1463e-09	8.0549e-09	8.192e-09	8.1913e-09	8.3918e-09	8.479e-09	8.1776e-09	7.6649e-09	7.6395e-09	7.9664e-09	7.7577e-09	7.4154e-09	7.1355e-09	7.4053e-09	7.7691e-09	7.7783e-09	9.2787e-09	1.5982e-08	2.5928e-08	3.7922e-08	5.1335e-08	6.5648e-08	8.2459e-08	9.6022e-08	1.0714e-07	1.1662e-07	1.2507e-07	1.343e-07	1.4121e-07	1.4681e-07	1.4899e-07	1.4813e-07	1.4477e-07	1.4341e-07	1.4486e-07	1.4486e-07	1.4622e-07	1.4395e-07	1.391e-07	1.3224e-07	1.245e-07	1.1632e-07	1.0631e-07	9.7781e-08	8.9387e-08	8.0834e-08	7.2266e-08	6.2637e-08	5.442e-08	4.6416e-08	3.8301e-08	3.0295e-08	2.1075e-08	1.3792e-08	9.0943e-09	6.9083e-09	5.5723e-09	4.999e-09	4.6887e-09	4.3939e-09	4.2556e-09	4.2111e-09	4.8058e-09	4.7424e-09	4.2449e-09	4.3899e-09	4.4705e-09	4.4398e-09	4.7413e-09	4.6798e-09	4.78e-09	4.9203e-09	5.255e-09	5.6327e-09	5.8402e-09	5.5384e-09	5.4004e-09	5.1126e-09	5.1824e-09	5.4587e-09	5.6445e-09	5.6933e-09	5.9834e-09	6.3286e-09	6.3286e-09	6.2731e-09	6.279e-09	6.4752e-09	6.4412e-09	6.0198e-09	5.416e-09	5.6665e-09	5.7273e-09	5.684e-09	6.0598e-09	6.0647e-09	6.2656e-09	6.16e-09	6.4561e-09	6.2762e-09	6.1208e-09	5.9292e-09	6.2234e-09	6.1252e-09	5.977e-09	6.2127e-09	6.3983e-09	6.7719e-09	6.0021e-09	6.0251e-09	5.8373e-09	5.9074e-09	6.0617e-09
9.6015e-09	9.7536e-09	9.6283e-09	9.5923e-09	9.6843e-09	9.4725e-09	9.2803e-09	8.8711e-09	8.7835e-09	8.8914e-09	8.9317e-09	8.9614e-09	8.7585e-09	8.7912e-09	8.8007e-09	8.8956e-09	8.9486e-09	8.9767e-09	8.9976e-09	8.7708e-09	8.3726e-09	8.1856e-09	7.8994e-09	7.9055e-09	8.0054e-09	8.1324e-09	8.0152e-09	8.1368e-09	8.0961e-09	8.2607e-09	8.327e-09	7.9926e-09	7.5086e-09	7.5257e-09	7.9429e-09	7.7884e-09	7.4681e-09	7.2893e-09	7.5537e-09	7.8625e-09	7.775e-09	9.7136e-09	1.7107e-08	2.7435e-08	3.9682e-08	5.3313e-08	6.7769e-08	8.4712e-08	9.8187e-08	1.0908e-07	1.0908e-07	1.1839e-07	1.282e-07	1.3562e-07	1.4222e-07	1.4743e-07	1.4907e-07	1.4753e-07	1.4447e-07	1.433e-07	1.4485e-07	1.4588e-07	1.43e-07	1.3774e-07	1.3073e-07	1.2295e-07	1.1478e-07	1.0497e-07	9.6439e-08	8.8057e-08	7.9533e-08	7.1017e-08	6.1551e-08	5.3292e-08	4.5272e-08	3.7166e-08	2.9177e-08	2.0009e-08	1.3034e-08	8.8134e-09	6.8828e-09	5.7097e-09	5.2895e-09	5.0033e-09	4.7334e-09	4.6334e-09	4.6066e-09	5.1809e-09	5.1071e-09	4.534e-09	4.6315e-09	4.6453e-09	4.6468e-09	4.964e-09	4.8631e-09	4.9252e-09	5.0502e-09	5.4222e-09	5.7848e-09	5.7848e-09	5.9644e-09	5.6344e-09	5.7086e-09	5.3138e-09	5.3807e-09	5.6298e-09	5.7691e-09	5.8419e-09	5.9107e-09	6.2702e-09	6.3221e-09	6.3178e-09	6.4676e-09	6.4763e-09	6.1332e-09	5.6454e-09	5.9902e-09	6.0648e-09	6.089e-09	6.4045e-09	6.274e-09	6.4219e-09	6.2815e-09	6.4746e-09	6.363e-09	6.2649e-09	6.1693e-09	6.4344e-09	6.3204e-09	6.2318e-09	6.5106e-09	6.7161e-09	7.0162e-09	6.2249e-09	6.204e-09	6.0445e-09	6.0917e-09	6.2575e-09
9.4829e-09	9.7164e-09	9.6326e-09	9.567e-09	9.6289e-09	9.3257e-09	9.1352e-09	8.8398e-09	8.768e-09	8.8337e-09	8.8331e-09	8.8629e-09	8.6396e-09	8.6583e-09	8.7044e-09	8.8498e-09	8.9016e-09	8.9122e-09	8.911e-09	8.6654e-09	8.2941e-09	8.1402e-09	7.8958e-09	7.9095e-09	7.9598e-09	8.1166e-09	7.9748e-09	8.0723e-09	7.9862e-09	8.113e-09	8.1643e-09	7.8053e-09	7.3765e-09	7.433e-09	7.9376e-09	7.8512e-09	7.5761e-09	7.5039e-09	7.7482e-09	7.98e-09	7.98e-09	7.8336e-09	1.0926e-08	1.8336e-08	2.9021e-08	4.1517e-08	5.5356e-08	7.2124e-08	8.695e-08	1.003e-07	1.1099e-07	1.2013e-07	1.2971e-07	1.3693e-07	1.4322e-07	1.4796e-07	1.4909e-07	1.4725e-07	1.4432e-07	1.4338e-07	1.4494e-07	1.4553e-07	1.4208e-07	1.3649e-07	1.2937e-07	1.2156e-07	1.1341e-07	1.0376e-07	9.524e-08	8.6867e-08	7.8373e-08	6.9911e-08	6.0556e-08	5.2247e-08	4.4202e-08	3.6106e-08	2.8125e-08	1.9002e-08	1.2361e-08	8.5944e-09	6.876e-09	5.8506e-09	5.5412e-09	5.2742e-09	5.0386e-09	4.9816e-09	4.9837e-09	5.5004e-09	5.4212e-09	5.4212e-09	4.8159e-09	4.8799e-09	5.094e-09	4.9157e-09	5.2402e-09	5.117e-09	5.1429e-09	5.4675e-09	5.6026e-09	5.9063e-09	6.0415e-09	5.7123e-09	5.8423e-09	5.5389e-09	5.6007e-09	5.8005e-09	5.873e-09	5.8832e-09	5.81e-09	6.1634e-09	6.3299e-09	6.3102e-09	6.4291e-09	6.4967e-09	6.2403e-09	5.8797e-09	6.3074e-09	6.4102e-09	6.5022e-09	6.7484e-09	6.4928e-09	6.5779e-09	6.4182e-09	6.522e-09	6.4821e-09	6.4324e-09	6.411e-09	6.6575e-09	6.5288e-09	6.4888e-09	6.7709e-09	6.9867e-09	7.1965e-09	6.4649e-09	6.4064e-09	6.2778e-09	6.3127e-09	6.4881e-09
9.3773e-09	9.6638e-09	9.6326e-09	9.5166e-09	9.5533e-09	9.1766e-09	8.9938e-09	8.8398e-09	8.747e-09	8.7698e-09	8.7376e-09	8.7467e-09	8.6396e-09	8.5194e-09	8.5991e-09	8.7953e-09	8.8328e-09	8.8212e-09	8.793e-09	8.544e-09	8.2382e-09	8.1297e-09	7.9328e-09	7.9506e-09	7.9236e-09	8.1022e-09	7.9386e-09	8.0076e-09	7.8769e-09	7.9649e-09	7.9649e-09	8.0085e-09	7.5041e-09	7.2851e-09	7.3737e-09	7.9566e-09	7.945e-09	7.929e-09	7.7656e-09	7.9733e-09	8.1078e-09	7.9685e-09	1.1725e-08	1.9677e-08	3.0699e-08	4.3441e-08	5.7469e-08	7.4346e-08	8.9145e-08	1.023e-07	1.1283e-07	1.2181e-07	1.3115e-07	1.382e-07	1.4418e-07	1.484e-07	1.4905e-07	1.4699e-07	1.4432e-07	1.4363e-07	1.4511e-07	1.452e-07	1.4121e-07	1.3533e-07	1.2813e-07	1.2032e-07	1.1219e-07	1.0266e-07	9.4142e-08	8.5776e-08	7.731e-08	6.8901e-08	5.9609e-08	5.125e-08	4.3176e-08	3.5092e-08	2.7114e-08	1.8049e-08	1.1761e-08	8.4112e-09	8.4112e-09	6.8638e-09	6.0447e-09	5.7258e-09	5.4749e-09	5.286e-09	5.2773e-09	5.5914e-09	5.7402e-09	5.6619e-09	5.0789e-09	5.1278e-09	5.3604e-09	5.235e-09	5.5582e-09	5.4305e-09	5.4233e-09	5.7346e-09	5.7942e-09	6.0089e-09	6.0906e-09	5.7846e-09	5.9772e-09	5.7852e-09	5.8392e-09	5.9738e-09	5.9678e-09	5.928e-09	5.7177e-09	6.0447e-09	6.3199e-09	6.2788e-09	6.3834e-09	6.5173e-09	6.3467e-09	6.1146e-09	6.613e-09	6.758e-09	6.9092e-09	7.0796e-09	6.7224e-09	6.7398e-09	6.5832e-09	6.6247e-09	6.6544e-09	6.6382e-09	6.6591e-09	6.8948e-09	6.752e-09	6.752e-09	6.7443e-09	6.9865e-09	7.3686e-09	7.3245e-09	6.7158e-09	6.6254e-09	6.5283e-09	6.8179e-09
9.2849e-09	9.5892e-09	9.5962e-09	9.4336e-09	9.4525e-09	9.0301e-09	8.861e-09	8.8071e-09	8.7111e-09	8.6931e-09	8.6443e-09	8.6066e-09	8.5018e-09	8.3781e-09	8.4877e-09	8.7344e-09	8.7447e-09	8.8212e-09	8.6554e-09	8.4179e-09	8.4179e-09	8.2052e-09	8.1479e-09	8.0002e-09	8.0198e-09	7.9006e-09	8.0929e-09	7.9116e-09	7.9518e-09	7.7835e-09	7.833e-09	7.8773e-09	7.5041e-09	7.251e-09	7.3605e-09	8.0057e-09	8.0688e-09	7.929e-09	8.0603e-09	8.2133e-09	8.2321e-09	8.1941e-09	1.1725e-08	2.1138e-08	3.2483e-08	4.5469e-08	5.9658e-08	7.4346e-08	9.1273e-08	1.0418e-07	1.1456e-07	1.2338e-07	1.3251e-07	1.3942e-07	1.4511e-07	1.4875e-07	1.4895e-07	1.4675e-07	1.4446e-07	1.4402e-07	1.4535e-07	1.4486e-07	1.4037e-07	1.3426e-07	1.2698e-07	1.1917e-07	1.1107e-07	1.0163e-07	9.3104e-08	8.4744e-08	8.4744e-08	7.6302e-08	6.6985e-08	5.8666e-08	5.0266e-08	4.2164e-08	3.4096e-08	2.5116e-08	1.7142e-08	1.1224e-08	8.2374e-09	6.8222e-09	6.0519e-09	5.8182e-09	5.5816e-09	5.4546e-09	5.4997e-09	5.8003e-09	5.9029e-09	5.8302e-09	5.3191e-09	5.3705e-09	5.638e-09	5.5829e-09	5.8973e-09	5.7806e-09	5.7444e-09	6.0216e-09	5.9952e-09	6.1045e-09	6.1311e-09	5.8642e-09	6.1245e-09	6.05e-09	6.0927e-09	6.1529e-09	6.0648e-09	5.9951e-09	5.6702e-09	5.9506e-09	6.3153e-09	6.2462e-09	6.3538e-09	6.5531e-09	6.458e-09	6.346e-09	6.9018e-09	7.1023e-09	7.2953e-09	7.2953e-09	7.3865e-09	6.9642e-09	7.1003e-09	6.7794e-09	6.7917e-09	6.8852e-09	6.8857e-09	7.1655e-09	7.1353e-09	6.9807e-09	6.9915e-09	7.1619e-09	7.497e-09	7.4136e-09	6.9707e-09	6.8531e-09	6.7862e-09	7.0773e-09
9.2056e-09	9.4858e-09	9.5065e-09	9.311e-09	9.3223e-09	8.891e-09	8.7418e-09	8.7665e-09	8.6604e-09	8.6054e-09	8.6054e-09	8.5561e-09	8.4477e-09	8.1956e-09	8.2425e-09	8.3784e-09	8.6755e-09	8.6494e-09	8.6004e-09	8.5105e-09	8.2989e-09	8.1951e-09	8.1885e-09	8.0881e-09	8.1081e-09	7.8942e-09	8.0925e-09	7.899e-09	7.9141e-09	7.7213e-09	7.7336e-09	7.7882e-09	7.4304e-09	7.2906e-09	7.4059e-09	8.091e-09	8.2218e-09	8.1596e-09	8.3741e-09	8.4525e-09	8.3392e-09	8.5246e-09	1.2667e-08	2.2724e-08	3.4382e-08	4.7607e-08	6.1927e-08	7.659e-08	9.3339e-08	1.0593e-07	1.1619e-07	1.2486e-07	1.3251e-07	1.406e-07	1.4598e-07	1.4902e-07	1.4879e-07	1.4675e-07	1.4471e-07	1.4454e-07	1.4454e-07	1.4564e-07	1.4454e-07	1.3958e-07	1.3326e-07	1.2591e-07	1.181e-07	1.1001e-07	1.006e-07	9.2087e-08	8.3728e-08	7.5308e-08	6.6985e-08	5.7683e-08	4.9257e-08	4.1135e-08	3.3088e-08	2.5116e-08	1.6275e-08	1.0738e-08	8.0489e-09	6.7298e-09	6.0519e-09	5.8261e-09	5.6025e-09	5.5496e-09	5.6514e-09	5.8003e-09	6.0063e-09	5.9411e-09	5.5375e-09	5.6043e-09	5.9129e-09	5.9372e-09	6.2367e-09	6.1443e-09	6.084e-09	6.3143e-09	6.2038e-09	6.205e-09	6.182e-09	5.9637e-09	6.2956e-09	6.3303e-09	6.3579e-09	6.3408e-09	6.1755e-09	6.1038e-09	5.7038e-09	5.7038e-09	5.9176e-09	6.3393e-09	6.2671e-09	6.3639e-09	6.6189e-09	6.5798e-09	6.5695e-09	7.4091e-09	7.4356e-09	7.6485e-09	7.6608e-09	7.2157e-09	7.292e-09	6.9929e-09	7.0017e-09	7.1532e-09	7.1585e-09	7.4059e-09	7.367e-09	7.2046e-09	7.2232e-09	7.3025e-09	7.5963e-09	7.4772e-09	7.2229e-09	7.0819e-09	7.0421e-09	7.3246e-09
8.9234e-09	9.1398e-09	9.3474e-09	9.1389e-09	9.155e-09	9.1687e-09	8.7647e-09	8.6405e-09	8.6697e-09	8.6038e-09	8.5162e-09	8.4797e-09	8.2864e-09	8.0541e-09	8.1209e-09	8.2802e-09	8.6273e-09	8.5595e-09	8.4918e-09	8.3706e-09	8.1989e-09	8.2079e-09	8.245e-09	8.1861e-09	8.2064e-09	7.9082e-09	8.1046e-09	7.9059e-09	7.9036e-09	7.7057e-09	7.6831e-09	7.7588e-09	7.4347e-09	7.4204e-09	7.5224e-09	8.2185e-09	8.403e-09	8.4167e-09	8.6941e-09	8.6786e-09	8.4235e-09	8.9716e-09	1.3757e-08	2.4431e-08	3.6393e-08	4.9851e-08	6.4268e-08	7.8854e-08	9.5352e-08	1.0759e-07	1.0759e-07	1.1773e-07	1.2626e-07	1.3504e-07	1.4173e-07	1.468e-07	1.4921e-07	1.486e-07	1.4638e-07	1.4507e-07	1.4517e-07	1.4596e-07	1.4423e-07	1.3884e-07	1.3232e-07	1.2489e-07	1.1706e-07	1.0898e-07	9.9562e-08	9.105e-08	8.2689e-08	7.4284e-08	6.5986e-08	5.6619e-08	4.8193e-08	4.0061e-08	3.2044e-08	2.4081e-08	1.5447e-08	1.0299e-08	7.8438e-09	6.5916e-09	5.998e-09	5.7765e-09	5.5646e-09	5.5918e-09	5.749e-09	5.9575e-09	6.0688e-09	6.0098e-09	5.7351e-09	5.8258e-09	5.9129e-09	6.2758e-09	6.5557e-09	6.4982e-09	6.4197e-09	6.3143e-09	6.4183e-09	6.4183e-09	6.322e-09	6.2627e-09	6.0959e-09	6.5016e-09	6.6236e-09	6.6315e-09	6.5407e-09	6.3114e-09	6.2727e-09	5.8546e-09	5.9819e-09	6.415e-09	6.2671e-09	6.4236e-09	6.7188e-09	6.712e-09	6.7804e-09	7.4091e-09	7.7467e-09	7.9611e-09	7.8998e-09	7.4682e-09	7.292e-09	7.208e-09	7.2309e-09	7.4346e-09	7.4387e-09	7.6253e-09	7.5779e-09	7.4136e-09	7.4324e-09	7.4137e-09	7.6756e-09	7.529e-09	7.4656e-09	7.304e-09	7.2861e-09	7.5474e-09
8.8981e-09	9.0901e-09	9.1809e-09	8.8973e-09	8.9851e-09	9.0078e-09	8.6576e-09	8.5605e-09	8.6281e-09	8.5509e-09	8.4359e-09	8.4224e-09	8.1396e-09	7.9385e-09	8.0213e-09	8.2016e-09	8.5985e-09	8.4875e-09	8.3985e-09	8.2481e-09	8.1297e-09	8.2437e-09	8.3111e-09	8.2843e-09	8.3058e-09	7.9462e-09	8.1329e-09	7.9373e-09	7.9293e-09	7.7518e-09	7.6981e-09	7.8067e-09	7.5372e-09	7.6482e-09	7.7161e-09	8.3903e-09	8.6094e-09	8.6923e-09	9.0099e-09	8.8891e-09	8.8891e-09	8.5041e-09	9.537e-09	1.6352e-08	2.6252e-08	3.8511e-08	5.2192e-08	6.6674e-08	8.3436e-08	9.7321e-08	1.0917e-07	1.1919e-07	1.2757e-07	1.3622e-07	1.4281e-07	1.4753e-07	1.4932e-07	1.4837e-07	1.4626e-07	1.4551e-07	1.4587e-07	1.463e-07	1.4394e-07	1.3814e-07	1.3141e-07	1.239e-07	1.1602e-07	1.0793e-07	9.8459e-08	8.9954e-08	8.1589e-08	7.3192e-08	6.49e-08	5.5474e-08	4.7069e-08	3.894e-08	3.0956e-08	2.3014e-08	1.4661e-08	9.9028e-09	7.6332e-09	6.4283e-09	5.9059e-09	5.6969e-09	5.4949e-09	5.6021e-09	5.8092e-09	6.0751e-09	6.1086e-09	6.1086e-09	6.0515e-09	5.9129e-09	6.0314e-09	6.3987e-09	6.5767e-09	6.8333e-09	6.8193e-09	6.7294e-09	6.8597e-09	6.6368e-09	6.4676e-09	6.3924e-09	6.2735e-09	6.7535e-09	6.9268e-09	6.9099e-09	6.7555e-09	6.4837e-09	6.5059e-09	6.1314e-09	6.1554e-09	6.5503e-09	6.3527e-09	6.5198e-09	6.8386e-09	6.8454e-09	6.9733e-09	7.6193e-09	8.0241e-09	8.2258e-09	8.1013e-09	7.7123e-09	7.48e-09	7.4093e-09	7.455e-09	7.7058e-09	7.708e-09	7.6253e-09	7.7559e-09	7.5973e-09	7.6119e-09	7.5012e-09	7.6756e-09	7.5823e-09	7.6921e-09	7.5117e-09	7.5087e-09	7.5474e-09
8.9046e-09	9.0619e-09	9.0065e-09	8.6557e-09	8.8214e-09	8.8565e-09	8.5757e-09	8.5054e-09	8.6009e-09	8.511e-09	8.3744e-09	8.391e-09	8.0244e-09	7.8624e-09	7.952e-09	8.1513e-09	8.5978e-09	8.4459e-09	8.331e-09	8.1553e-09	8.1029e-09	8.3026e-09	8.3803e-09	8.3724e-09	8.3972e-09	8.0117e-09	8.1811e-09	7.9983e-09	7.9977e-09	7.8689e-09	7.8689e-09	7.7886e-09	7.9415e-09	8.046e-09	7.956e-09	7.9734e-09	8.5971e-09	8.8324e-09	9.2573e-09	9.3116e-09	9.0834e-09	8.6046e-09	1.0221e-08	1.7836e-08	2.8182e-08	4.0732e-08	5.4622e-08	6.9135e-08	8.5751e-08	9.9254e-08	1.107e-07	1.2059e-07	1.2882e-07	1.3735e-07	1.4382e-07	1.4818e-07	1.4937e-07	1.4811e-07	1.462e-07	1.4603e-07	1.4662e-07	1.4664e-07	1.4366e-07	1.3748e-07	1.3053e-07	1.2291e-07	1.1496e-07	1.0683e-07	9.7292e-08	8.8797e-08	8.0425e-08	7.2028e-08	6.3727e-08	5.4267e-08	4.5903e-08	3.7782e-08	2.9834e-08	2.193e-08	1.392e-08	1.392e-08	9.5484e-09	7.4283e-09	6.261e-09	5.6992e-09	5.6148e-09	5.4208e-09	5.6016e-09	5.8487e-09	6.2389e-09	6.1439e-09	6.0813e-09	6.0721e-09	6.2175e-09	6.5817e-09	6.8178e-09	7.0487e-09	7.0844e-09	6.9908e-09	7.0838e-09	6.8575e-09	6.6533e-09	6.5902e-09	6.5092e-09	7.0512e-09	7.234e-09	7.1879e-09	6.984e-09	6.6944e-09	6.7817e-09	6.4972e-09	6.4087e-09	6.7277e-09	6.4793e-09	6.6372e-09	6.9621e-09	6.9696e-09	7.1427e-09	7.7957e-09	8.2563e-09	8.4353e-09	8.2631e-09	7.9386e-09	7.6556e-09	7.581e-09	7.65e-09	7.943e-09	7.9482e-09	7.8142e-09	7.8891e-09	7.8891e-09	7.7455e-09	7.7546e-09	7.5704e-09	7.812e-09	7.6506e-09	7.8956e-09	7.6973e-09	7.7003e-09
8.9431e-09	9.0606e-09	8.8446e-09	8.4431e-09	8.684e-09	8.7317e-09	8.5252e-09	8.4787e-09	8.5955e-09	8.4938e-09	8.3421e-09	8.3927e-09	7.9577e-09	7.8397e-09	7.9212e-09	8.1382e-09	8.634e-09	8.4475e-09	8.2999e-09	8.1046e-09	8.1046e-09	8.1306e-09	8.3846e-09	8.5053e-09	8.4447e-09	8.4753e-09	8.1072e-09	8.2521e-09	8.2174e-09	8.1062e-09	8.0474e-09	7.946e-09	8.149e-09	8.4057e-09	8.3212e-09	8.2768e-09	8.8274e-09	9.0623e-09	9.525e-09	9.5894e-09	9.2609e-09	8.7486e-09	1.1025e-08	1.9431e-08	3.0214e-08	4.3052e-08	5.7131e-08	7.1644e-08	8.808e-08	1.0116e-07	1.1221e-07	1.2194e-07	1.3001e-07	1.3843e-07	1.4476e-07	1.4874e-07	1.4936e-07	1.4783e-07	1.4619e-07	1.4661e-07	1.4742e-07	1.4695e-07	1.4341e-07	1.3686e-07	1.2966e-07	1.2191e-07	1.1385e-07	1.0568e-07	9.6077e-08	9.6077e-08	8.7592e-08	7.9212e-08	7.0811e-08	6.1212e-08	5.302e-08	4.4709e-08	3.66e-08	2.8684e-08	1.9759e-08	1.3229e-08	9.2331e-09	7.2404e-09	6.1105e-09	5.6306e-09	5.5574e-09	5.3693e-09	5.6112e-09	5.884e-09	6.3091e-09	6.1929e-09	6.1144e-09	6.2135e-09	6.3808e-09	6.7062e-09	6.9771e-09	7.1814e-09	7.2705e-09	7.1819e-09	7.2618e-09	7.0755e-09	6.88e-09	6.859e-09	6.803e-09	7.3755e-09	7.5333e-09	7.4562e-09	7.217e-09	6.9291e-09	7.0763e-09	6.9105e-09	6.7085e-09	6.9272e-09	6.6327e-09	6.7608e-09	7.0735e-09	7.0744e-09	7.2831e-09	7.9347e-09	8.4317e-09	8.4317e-09	8.5823e-09	8.3831e-09	8.1377e-09	7.9356e-09	7.7076e-09	7.7919e-09	8.1223e-09	8.1413e-09	8.0635e-09	7.9652e-09	7.8479e-09	7.8532e-09	7.6267e-09	7.8852e-09	7.7438e-09	8.0691e-09	7.8531e-09	7.8517e-09
9.0136e-09	9.0917e-09	8.7161e-09	8.2886e-09	8.593e-09	8.65e-09	8.5124e-09	8.4839e-09	8.6194e-09	8.5087e-09	8.5087e-09	8.3489e-09	8.4343e-09	8.0373e-09	7.8838e-09	7.937e-09	8.1707e-09	8.7158e-09	8.6248e-09	8.3131e-09	8.1048e-09	8.2193e-09	8.4889e-09	8.5628e-09	8.5083e-09	8.5469e-09	8.2315e-09	8.3466e-09	8.3709e-09	8.2511e-09	8.2745e-09	8.1583e-09	8.4109e-09	8.8009e-09	8.7209e-09	8.6092e-09	9.0695e-09	9.2894e-09	9.7685e-09	9.8334e-09	9.421e-09	8.9598e-09	1.1948e-08	2.1126e-08	3.2342e-08	4.5465e-08	5.9711e-08	7.4191e-08	9.0422e-08	1.0305e-07	1.1371e-07	1.2324e-07	1.3115e-07	1.3947e-07	1.4564e-07	1.4918e-07	1.4928e-07	1.4755e-07	1.4625e-07	1.4723e-07	1.4723e-07	1.4822e-07	1.4723e-07	1.429e-07	1.3624e-07	1.288e-07	1.2089e-07	1.1272e-07	1.0328e-07	9.483e-08	8.6354e-08	7.7966e-08	6.9558e-08	5.9917e-08	5.1754e-08	4.3503e-08	3.5405e-08	2.7514e-08	1.8701e-08	1.2589e-08	8.9547e-09	7.0809e-09	5.998e-09	5.6157e-09	5.5521e-09	5.3677e-09	5.6519e-09	5.932e-09	6.3874e-09	6.2737e-09	6.1659e-09	6.3383e-09	6.5176e-09	6.7685e-09	7.0477e-09	7.2254e-09	7.3687e-09	7.2926e-09	7.3929e-09	7.2811e-09	7.1304e-09	7.1748e-09	7.1338e-09	7.7052e-09	7.8124e-09	7.7057e-09	7.4448e-09	7.1721e-09	7.3655e-09	7.3655e-09	7.33e-09	7.0214e-09	7.1288e-09	6.9622e-09	6.8753e-09	7.1566e-09	7.1493e-09	7.3891e-09	8.086e-09	8.5389e-09	8.6596e-09	8.4591e-09	8.3003e-09	8.0225e-09	7.7734e-09	7.8566e-09	8.2201e-09	8.269e-09	8.1067e-09	7.9749e-09	7.8963e-09	7.9021e-09	7.6743e-09	7.9579e-09	7.8517e-09	8.2056e-09	7.9717e-09	7.9567e-09
9.2264e-09	9.1164e-09	9.1605e-09	8.6417e-09	8.2214e-09	8.5685e-09	8.6282e-09	8.5433e-09	8.6044e-09	8.68e-09	8.5651e-09	8.405e-09	8.5231e-09	8.2099e-09	8.003e-09	8.0051e-09	8.2546e-09	8.8479e-09	8.7992e-09	8.3705e-09	8.1554e-09	8.3603e-09	8.6127e-09	8.6252e-09	8.5726e-09	8.6204e-09	8.3826e-09	8.4649e-09	8.5499e-09	8.4283e-09	8.5372e-09	8.4132e-09	8.7085e-09	9.2054e-09	9.1323e-09	8.9533e-09	9.312e-09	9.5041e-09	9.977e-09	1.0034e-08	9.5629e-09	9.2618e-09	1.2991e-08	2.2912e-08	3.4561e-08	4.7966e-08	6.2354e-08	7.677e-08	9.2774e-08	1.0493e-07	1.0493e-07	1.1524e-07	1.2451e-07	1.3333e-07	1.4048e-07	1.4644e-07	1.4952e-07	1.4917e-07	1.4703e-07	1.464e-07	1.4789e-07	1.49e-07	1.4746e-07	1.4259e-07	1.3561e-07	1.2792e-07	1.1987e-07	1.1157e-07	1.0205e-07	9.3569e-08	8.51e-08	7.6704e-08	6.8287e-08	5.8629e-08	5.0491e-08	4.2301e-08	3.421e-08	2.6332e-08	1.7678e-08	1.2005e-08	8.7108e-09	6.9609e-09	5.9442e-09	5.6775e-09	5.6262e-09	5.4429e-09	5.7445e-09	6.0092e-09	6.4801e-09	6.3942e-09	6.2447e-09	6.4485e-09	6.6274e-09	6.7821e-09	7.0479e-09	7.1999e-09	7.3939e-09	7.3332e-09	7.4774e-09	7.4774e-09	7.4639e-09	7.385e-09	7.5111e-09	7.8144e-09	8.0193e-09	8.0591e-09	7.9269e-09	7.6578e-09	7.6197e-09	7.6256e-09	7.7141e-09	7.3143e-09	7.3125e-09	7.1097e-09	6.9654e-09	7.1955e-09	7.1843e-09	7.455e-09	8.0911e-09	8.5664e-09	8.6598e-09	8.4889e-09	8.4171e-09	8.0643e-09	7.7668e-09	7.8261e-09	8.2181e-09	8.3168e-09	8.0941e-09	7.9221e-09	7.8933e-09	7.9032e-09	7.7099e-09	8.0193e-09	7.9575e-09	8.2975e-09	8.0459e-09	8.0102e-09
9.4023e-09	9.2515e-09	9.2726e-09	8.737e-09	8.2704e-09	8.6306e-09	8.6832e-09	8.6242e-09	8.7243e-09	8.7814e-09	8.6686e-09	8.5163e-09	8.6625e-09	8.4604e-09	8.1893e-09	8.1233e-09	8.3861e-09	9.023e-09	9.0164e-09	8.4707e-09	8.2536e-09	8.542e-09	8.7524e-09	8.6992e-09	8.6471e-09	8.7045e-09	8.5586e-09	8.6073e-09	8.7516e-09	8.634e-09	8.8227e-09	8.6988e-09	9.0234e-09	9.5933e-09	9.5327e-09	9.2917e-09	9.5434e-09	9.6966e-09	1.014e-08	1.0181e-08	1.0181e-08	9.6861e-09	9.6782e-09	1.544e-08	2.478e-08	3.6864e-08	5.055e-08	6.505e-08	8.1983e-08	9.5129e-08	1.068e-07	1.1679e-07	1.2576e-07	1.3441e-07	1.4147e-07	1.4718e-07	1.4977e-07	1.4903e-07	1.4687e-07	1.4664e-07	1.4857e-07	1.4972e-07	1.4761e-07	1.4222e-07	1.3494e-07	1.2702e-07	1.1882e-07	1.104e-07	1.0081e-07	9.2309e-08	8.3843e-08	7.5442e-08	6.7016e-08	5.737e-08	4.9251e-08	4.112e-08	3.3025e-08	2.5145e-08	1.6704e-08	1.1479e-08	8.4991e-09	6.8918e-09	5.97e-09	5.8227e-09	5.7881e-09	5.6053e-09	5.898e-09	6.1236e-09	6.5838e-09	6.5838e-09	6.5446e-09	6.3491e-09	6.5479e-09	6.784e-09	6.7619e-09	6.9983e-09	7.1267e-09	7.3632e-09	7.2535e-09	7.5156e-09	7.6136e-09	7.6246e-09	7.8412e-09	8.118e-09	8.2966e-09	8.2612e-09	8.1105e-09	7.8461e-09	7.7926e-09	7.8324e-09	8.0213e-09	7.5537e-09	7.4582e-09	7.2266e-09	7.016e-09	7.1742e-09	7.1689e-09	7.4755e-09	8.0461e-09	8.5065e-09	8.5786e-09	8.4712e-09	8.4802e-09	8.0639e-09	7.697e-09	7.7146e-09	8.1275e-09	8.2889e-09	8.0295e-09	7.8157e-09	7.8451e-09	7.8607e-09	7.7279e-09	8.0588e-09	8.0443e-09	8.3374e-09	8.0684e-09	8.007e-09
9.5996e-09	9.4191e-09	9.4334e-09	8.737e-09	8.4511e-09	8.7894e-09	8.8233e-09	8.7576e-09	8.7243e-09	8.9181e-09	8.8131e-09	8.6755e-09	8.8459e-09	8.4604e-09	8.4313e-09	8.2879e-09	8.5598e-09	9.2319e-09	9.0164e-09	8.6121e-09	8.3969e-09	8.7531e-09	8.9047e-09	8.7917e-09	8.7412e-09	8.808e-09	8.7577e-09	8.7739e-09	8.9733e-09	8.8643e-09	8.8643e-09	9.118e-09	9.0028e-09	9.6308e-09	9.9383e-09	9.8994e-09	9.6073e-09	9.7522e-09	9.9775e-09	1.0247e-08	1.0266e-08	9.7915e-09	1.0231e-08	1.6842e-08	2.6723e-08	3.9242e-08	5.3207e-08	6.7789e-08	8.4598e-08	9.7477e-08	1.0867e-07	1.1836e-07	1.2701e-07	1.355e-07	1.4245e-07	1.4785e-07	1.4995e-07	1.4888e-07	1.468e-07	1.4699e-07	1.4926e-07	1.5036e-07	1.4767e-07	1.4176e-07	1.3422e-07	1.2609e-07	1.1775e-07	1.0922e-07	9.9594e-08	9.1067e-08	8.26e-08	7.4197e-08	6.5763e-08	5.6165e-08	4.8056e-08	3.9974e-08	3.1863e-08	2.3962e-08	1.5788e-08	1.5788e-08	1.1013e-08	8.3178e-09	6.877e-09	6.2571e-09	6.031e-09	6.0148e-09	5.8374e-09	6.1016e-09	6.4387e-09	6.6945e-09	6.7138e-09	6.4764e-09	6.6403e-09	6.8404e-09	6.723e-09	6.9196e-09	7.0272e-09	7.2938e-09	7.1578e-09	7.5076e-09	7.7199e-09	7.8301e-09	8.1385e-09	8.3664e-09	8.516e-09	8.4062e-09	8.2471e-09	8.0001e-09	7.9105e-09	7.9621e-09	8.2103e-09	7.7063e-09	7.546e-09	7.3013e-09	7.0153e-09	7.0814e-09	7.0961e-09	7.4472e-09	7.9587e-09	8.3722e-09	8.4277e-09	8.4091e-09	8.4911e-09	8.0273e-09	7.5803e-09	7.5471e-09	7.9695e-09	8.196e-09	7.9169e-09	7.9169e-09	7.664e-09	7.7578e-09	7.7792e-09	7.6877e-09	8.0658e-09	8.0953e-09	8.3181e-09	8.0321e-09
9.8139e-09	9.6172e-09	9.6432e-09	8.9372e-09	8.737e-09	9.0259e-09	9.0324e-09	8.9344e-09	8.8784e-09	9.0829e-09	8.9904e-09	8.8729e-09	9.0648e-09	8.7709e-09	8.7182e-09	8.4953e-09	8.7702e-09	9.4649e-09	9.2649e-09	8.7933e-09	8.7933e-09	8.5827e-09	8.9818e-09	9.066e-09	8.9093e-09	8.8646e-09	8.9394e-09	8.978e-09	8.9652e-09	9.2122e-09	9.1152e-09	9.4103e-09	9.3132e-09	9.6308e-09	1.0217e-08	1.0211e-08	9.8839e-09	9.9278e-09	9.9775e-09	1.0303e-08	1.0296e-08	9.8948e-09	1.0926e-08	1.6842e-08	2.8738e-08	4.1687e-08	5.592e-08	7.0555e-08	8.4598e-08	9.9806e-08	1.1054e-07	1.1995e-07	1.2827e-07	1.355e-07	1.4342e-07	1.4846e-07	1.5006e-07	1.4875e-07	1.468e-07	1.4746e-07	1.4995e-07	1.5089e-07	1.4762e-07	1.4118e-07	1.334e-07	1.2511e-07	1.1666e-07	1.0804e-07	9.84e-08	9.84e-08	8.986e-08	8.1385e-08	7.2985e-08	6.3368e-08	5.5019e-08	4.6911e-08	3.8864e-08	3.0725e-08	2.1633e-08	1.4932e-08	1.0601e-08	8.1663e-09	6.9075e-09	6.4757e-09	6.2795e-09	6.2804e-09	6.119e-09	6.3424e-09	6.6242e-09	6.8081e-09	6.8903e-09	6.6239e-09	6.7298e-09	6.8886e-09	6.6805e-09	6.8325e-09	6.9232e-09	7.2028e-09	7.0413e-09	7.4537e-09	7.7725e-09	7.9822e-09	8.3764e-09	8.5364e-09	8.6566e-09	8.4819e-09	8.3274e-09	8.1099e-09	7.9612e-09	7.9963e-09	8.2492e-09	7.7465e-09	7.5606e-09	7.3364e-09	6.9707e-09	6.9312e-09	6.9768e-09	7.378e-09	7.8395e-09	7.8395e-09	8.1836e-09	8.2241e-09	8.307e-09	8.3734e-09	7.9606e-09	7.433e-09	7.3487e-09	7.7652e-09	7.8575e-09	7.7602e-09	7.4759e-09	7.6377e-09	7.663e-09	7.6182e-09	8.0296e-09	8.0938e-09	8.232e-09	7.9298e-09
1.0038e-08	9.8365e-09	9.8867e-09	9.2186e-09	9.0942e-09	9.3153e-09	9.2893e-09	9.1438e-09	9.0595e-09	9.2684e-09	9.2684e-09	9.1921e-09	9.0991e-09	9.3107e-09	9.5e-09	9.0386e-09	8.7419e-09	9.0118e-09	9.7128e-09	9.8098e-09	9.0126e-09	8.8083e-09	9.2167e-09	9.2329e-09	9.0586e-09	9.0266e-09	9.1074e-09	9.2175e-09	9.1812e-09	9.4653e-09	9.3826e-09	9.6874e-09	9.6183e-09	9.8877e-09	1.0428e-08	1.0466e-08	1.0119e-08	1.007e-08	1.006e-08	1.032e-08	1.029e-08	1.0021e-08	1.1759e-08	1.8358e-08	3.0825e-08	4.4187e-08	5.8674e-08	7.3337e-08	8.7205e-08	1.0211e-07	1.124e-07	1.2156e-07	1.2955e-07	1.3663e-07	1.4441e-07	1.4902e-07	1.5012e-07	1.4864e-07	1.4686e-07	1.4709e-07	1.4807e-07	1.5062e-07	1.5128e-07	1.4743e-07	1.4046e-07	1.3248e-07	1.2407e-07	1.1555e-07	1.0687e-07	9.7233e-08	8.8691e-08	8.0202e-08	7.181e-08	6.3368e-08	5.3908e-08	4.5793e-08	3.7769e-08	2.9599e-08	2.1633e-08	1.4138e-08	1.0241e-08	8.0437e-09	6.9729e-09	6.4757e-09	6.5452e-09	6.5588e-09	6.4298e-09	6.6076e-09	6.6242e-09	6.9204e-09	7.063e-09	6.7888e-09	6.8201e-09	6.8886e-09	6.6494e-09	6.7576e-09	6.8361e-09	7.1075e-09	6.9162e-09	7.3541e-09	7.7611e-09	8.0615e-09	8.5282e-09	8.6098e-09	8.7016e-09	8.4795e-09	8.3445e-09	8.168e-09	7.951e-09	7.951e-09	7.9471e-09	8.1583e-09	7.6894e-09	7.4179e-09	7.3394e-09	6.8957e-09	6.7462e-09	6.8274e-09	7.1635e-09	7.6995e-09	7.9606e-09	7.9847e-09	8.1694e-09	8.2536e-09	7.8697e-09	7.2714e-09	7.1444e-09	7.5359e-09	7.6332e-09	7.5634e-09	7.2599e-09	7.4909e-09	7.5164e-09	7.5081e-09	7.9396e-09	8.0228e-09	8.0719e-09	7.7541e-09
1.0238e-08	1.0266e-08	1.0067e-08	1.0146e-08	9.9058e-09	9.4887e-09	9.6329e-09	9.5732e-09	9.3747e-09	9.474e-09	9.4673e-09	9.41e-09	9.3443e-09	9.575e-09	9.8826e-09	9.3814e-09	9.0241e-09	9.2792e-09	9.9661e-09	1.0083e-08	9.2687e-09	9.0712e-09	9.4462e-09	9.402e-09	9.2456e-09	9.2356e-09	9.3196e-09	9.4742e-09	9.4219e-09	9.7278e-09	9.6612e-09	9.9451e-09	9.9114e-09	1.0106e-08	1.0585e-08	1.0673e-08	1.0319e-08	1.0184e-08	1.0116e-08	1.031e-08	1.0262e-08	1.0195e-08	1.2726e-08	1.9982e-08	3.2979e-08	4.6735e-08	6.1455e-08	7.6119e-08	8.9793e-08	1.0437e-07	1.0437e-07	1.1427e-07	1.2319e-07	1.3087e-07	1.3908e-07	1.4541e-07	1.4952e-07	1.5015e-07	1.4859e-07	1.475e-07	1.4883e-07	1.5128e-07	1.515e-07	1.471e-07	1.396e-07	1.3145e-07	1.2297e-07	1.144e-07	1.0571e-07	9.6075e-08	8.7539e-08	7.9035e-08	7.0654e-08	6.2214e-08	5.2806e-08	4.4677e-08	3.6663e-08	2.847e-08	2.0498e-08	1.3407e-08	9.9277e-09	7.9496e-09	7.0629e-09	6.7144e-09	6.8054e-09	6.824e-09	6.7496e-09	6.8844e-09	6.8184e-09	7.0273e-09	7.2205e-09	6.9685e-09	6.9153e-09	6.9335e-09	6.6447e-09	6.7157e-09	6.7877e-09	7.0249e-09	6.9162e-09	6.7939e-09	7.211e-09	7.6791e-09	8.0536e-09	8.5731e-09	8.5939e-09	8.6591e-09	8.4082e-09	8.3051e-09	8.1772e-09	7.8928e-09	7.8366e-09	7.9754e-09	7.5638e-09	7.4179e-09	7.3176e-09	6.804e-09	6.549e-09	6.6646e-09	7.1635e-09	7.5493e-09	7.7231e-09	7.7266e-09	8.0008e-09	8.2536e-09	7.7609e-09	7.1117e-09	6.9593e-09	7.3026e-09	7.6332e-09	7.3303e-09	7.0247e-09	7.3236e-09	7.344e-09	7.5081e-09	7.7858e-09	7.8666e-09	7.8311e-09	7.4986e-09
1.0459e-08	1.0489e-08	1.0298e-08	1.0403e-08	1.0252e-08	9.8865e-09	9.9539e-09	9.8631e-09	9.6162e-09	9.6928e-09	9.6723e-09	9.6358e-09	9.5989e-09	9.8493e-09	1.0253e-08	9.7356e-09	9.3381e-09	9.567e-09	1.0215e-08	1.0342e-08	9.5594e-09	9.3682e-09	9.6598e-09	9.5704e-09	9.4683e-09	9.4879e-09	9.5712e-09	9.7429e-09	9.6822e-09	9.9941e-09	9.9449e-09	1.0184e-08	1.0188e-08	1.0291e-08	1.0701e-08	1.0841e-08	1.0489e-08	1.0275e-08	1.0155e-08	1.0285e-08	1.0285e-08	1.0231e-08	1.0441e-08	1.3822e-08	2.354e-08	3.5197e-08	4.9319e-08	6.4247e-08	7.8889e-08	9.4872e-08	1.0658e-07	1.1613e-07	1.2482e-07	1.3224e-07	1.4045e-07	1.4644e-07	1.4998e-07	1.5015e-07	1.486e-07	1.481e-07	1.4972e-07	1.5188e-07	1.5152e-07	1.4662e-07	1.3859e-07	1.303e-07	1.2179e-07	1.1321e-07	1.0454e-07	9.4905e-08	8.6383e-08	7.7864e-08	6.9498e-08	6.1064e-08	5.1686e-08	4.354e-08	3.552e-08	2.7322e-08	1.9392e-08	1.2741e-08	9.6567e-09	7.8831e-09	7.1671e-09	6.9504e-09	7.0371e-09	7.05e-09	7.0581e-09	7.1599e-09	7.0137e-09	7.2028e-09	7.1246e-09	7.3515e-09	7.1603e-09	7.0193e-09	7.031e-09	6.6779e-09	6.7228e-09	6.7947e-09	6.9692e-09	6.6794e-09	7.0375e-09	7.5396e-09	7.9689e-09	8.5213e-09	8.5047e-09	8.5449e-09	8.2833e-09	8.2204e-09	8.1442e-09	7.7995e-09	7.6871e-09	7.7383e-09	7.3986e-09	7.2972e-09	7.2785e-09	6.7091e-09	6.3622e-09	6.5049e-09	7.0417e-09	7.3999e-09	7.4912e-09	7.4668e-09	7.8057e-09	8.0988e-09	7.6401e-09	6.9703e-09	6.8183e-09	7.0865e-09	7.3863e-09	7.0652e-09	6.7789e-09	7.1421e-09	7.1501e-09	7.3521e-09	7.5737e-09	7.6316e-09	7.5216e-09	7.1759e-09
1.0675e-08	1.0701e-08	1.052e-08	1.064e-08	1.056e-08	1.0254e-08	1.0254e-08	1.0138e-08	9.8574e-09	9.9098e-09	9.876e-09	9.8613e-09	9.8532e-09	1.0125e-08	1.0595e-08	1.009e-08	9.68e-09	9.8696e-09	1.0452e-08	1.0585e-08	9.8769e-09	9.6917e-09	9.8575e-09	9.739e-09	9.7199e-09	9.7727e-09	9.8505e-09	1.0017e-08	9.9542e-09	1.0258e-08	1.0258e-08	1.0228e-08	1.0403e-08	1.0445e-08	1.0593e-08	1.079e-08	1.0979e-08	1.0634e-08	1.0349e-08	1.0221e-08	1.0257e-08	1.0213e-08	1.0784e-08	1.5044e-08	2.5463e-08	3.7479e-08	5.1932e-08	6.7034e-08	8.1634e-08	9.7342e-08	1.0872e-07	1.18e-07	1.2647e-07	1.3368e-07	1.419e-07	1.4748e-07	1.5038e-07	1.5014e-07	1.4868e-07	1.4882e-07	1.5067e-07	1.524e-07	1.5135e-07	1.4597e-07	1.3746e-07	1.2905e-07	1.2055e-07	1.1198e-07	1.0335e-07	9.3704e-08	8.5202e-08	7.6671e-08	6.8324e-08	5.9899e-08	5.0522e-08	4.2356e-08	3.4316e-08	2.6141e-08	1.8319e-08	1.7285e-08	1.214e-08	9.4238e-09	7.8437e-09	7.2751e-09	7.3247e-09	7.2173e-09	7.2107e-09	7.335e-09	7.4215e-09	7.3779e-09	7.2081e-09	7.4459e-09	7.3599e-09	7.1339e-09	7.0814e-09	6.7412e-09	6.77e-09	6.8476e-09	6.9384e-09	6.5763e-09	6.8502e-09	7.3624e-09	7.8263e-09	8.3929e-09	8.3582e-09	8.3752e-09	8.1203e-09	8.1015e-09	8.0756e-09	7.6836e-09	7.5207e-09	7.4846e-09	7.2226e-09	7.1679e-09	7.2296e-09	6.6247e-09	6.2084e-09	6.3651e-09	6.9259e-09	7.2619e-09	7.2847e-09	7.2221e-09	7.5887e-09	7.9135e-09	7.5134e-09	6.863e-09	6.7457e-09	6.9083e-09	7.1275e-09	6.8681e-09	6.7791e-09	6.5317e-09	6.9524e-09	6.9417e-09	6.9373e-09	7.3246e-09	7.3467e-09	7.1738e-09
1.0881e-08	1.0895e-08	1.0722e-08	1.0839e-08	1.08e-08	1.0556e-08	1.0508e-08	1.0377e-08	1.0087e-08	1.0118e-08	1.0072e-08	1.0079e-08	1.0098e-08	1.0394e-08	1.0904e-08	1.0438e-08	1.0041e-08	1.0181e-08	1.0673e-08	1.0812e-08	1.0812e-08	1.021e-08	1.0031e-08	1.0046e-08	1.0092e-08	9.9936e-09	1.0079e-08	1.0146e-08	1.029e-08	1.0501e-08	1.0515e-08	1.0503e-08	1.0604e-08	1.0678e-08	1.0722e-08	1.0865e-08	1.1096e-08	1.0762e-08	1.0413e-08	1.027e-08	1.0238e-08	1.0225e-08	1.125e-08	1.6387e-08	2.7478e-08	3.982e-08	5.4562e-08	6.9802e-08	8.4338e-08	9.9751e-08	1.108e-07	1.1986e-07	1.2812e-07	1.3517e-07	1.434e-07	1.4851e-07	1.5073e-07	1.5012e-07	1.4881e-07	1.4959e-07	1.516e-07	1.5279e-07	1.5097e-07	1.4516e-07	1.362e-07	1.2772e-07	1.1924e-07	1.1069e-07	1.0212e-07	1.0083e-07	9.245e-08	8.3974e-08	7.5438e-08	6.7112e-08	5.7444e-08	4.9288e-08	4.1101e-08	3.3025e-08	2.4911e-08	1.6297e-08	1.1607e-08	9.2248e-09	7.8306e-09	7.3767e-09	7.4217e-09	7.3272e-09	7.2851e-09	7.5625e-09	7.6567e-09	7.5309e-09	7.273e-09	7.5005e-09	7.5543e-09	7.2499e-09	7.1228e-09	6.8203e-09	6.8403e-09	6.9283e-09	6.9252e-09	6.4877e-09	6.6655e-09	7.1675e-09	7.6447e-09	8.2086e-09	8.1703e-09	8.166e-09	7.9345e-09	7.9595e-09	7.9779e-09	7.5581e-09	7.3595e-09	7.2521e-09	7.0646e-09	7.0484e-09	7.1783e-09	6.5644e-09	6.1103e-09	6.2616e-09	6.8276e-09	6.7583e-09	7.1459e-09	7.1232e-09	7.0093e-09	7.3543e-09	7.4744e-09	7.3874e-09	6.7961e-09	6.7466e-09	6.7762e-09	6.6202e-09	6.4897e-09	6.2928e-09	6.7609e-09	6.7283e-09	6.7128e-09	7.0599e-09	7.0414e-09	6.8189e-09
1.1072e-08	1.1062e-08	1.0894e-08	1.0982e-08	1.0946e-08	1.0764e-08	1.0694e-08	1.0561e-08	1.0296e-08	1.0318e-08	1.0318e-08	1.026e-08	1.0287e-08	1.0332e-08	1.0898e-08	1.118e-08	1.0771e-08	1.0409e-08	1.0493e-08	1.1076e-08	1.1027e-08	1.0548e-08	1.0376e-08	1.023e-08	1.0284e-08	1.0282e-08	1.0396e-08	1.0445e-08	1.0556e-08	1.076e-08	1.0758e-08	1.0765e-08	1.0788e-08	1.0883e-08	1.0847e-08	1.094e-08	1.1201e-08	1.0876e-08	1.047e-08	1.0342e-08	1.0241e-08	1.0284e-08	1.1863e-08	1.7847e-08	2.9573e-08	4.2214e-08	5.72e-08	7.2537e-08	8.6989e-08	1.0208e-07	1.128e-07	1.2169e-07	1.2974e-07	1.367e-07	1.4489e-07	1.4948e-07	1.51e-07	1.5008e-07	1.4898e-07	1.4916e-07	1.5035e-07	1.5243e-07	1.5301e-07	1.504e-07	1.4308e-07	1.3485e-07	1.2629e-07	1.1786e-07	1.0934e-07	9.9476e-08	9.1124e-08	8.2676e-08	7.4147e-08	6.5844e-08	5.6115e-08	4.7956e-08	3.9749e-08	3.1622e-08	2.3618e-08	1.5359e-08	1.1141e-08	9.0548e-09	7.8417e-09	7.4622e-09	7.4546e-09	7.3693e-09	7.2792e-09	7.7342e-09	7.8558e-09	7.6534e-09	7.3143e-09	7.5141e-09	7.7279e-09	7.3543e-09	7.147e-09	6.901e-09	6.9165e-09	7.0187e-09	6.9223e-09	6.417e-09	6.5001e-09	6.9745e-09	7.4429e-09	7.9887e-09	7.957e-09	7.9332e-09	7.7413e-09	7.8057e-09	7.8578e-09	7.7218e-09	7.4356e-09	7.2259e-09	7.0785e-09	6.9534e-09	6.9109e-09	7.1317e-09	6.5413e-09	6.0895e-09	6.2106e-09	6.7203e-09	7.0551e-09	7.0126e-09	6.8365e-09	7.1122e-09	7.2446e-09	7.2689e-09	6.7666e-09	6.8069e-09	6.6865e-09	6.3959e-09	6.2148e-09	6.0718e-09	6.5736e-09	6.5194e-09	6.5e-09	6.8014e-09	6.7452e-09	6.488e-09
1.1373e-08	1.1244e-08	1.1197e-08	1.1027e-08	1.1062e-08	1.1005e-08	1.0881e-08	1.0815e-08	1.0693e-08	1.0657e-08	1.0513e-08	1.0445e-08	1.0488e-08	1.0556e-08	1.1131e-08	1.1426e-08	1.1086e-08	1.0772e-08	1.0801e-08	1.1261e-08	1.1231e-08	1.0878e-08	1.0716e-08	1.0418e-08	1.0491e-08	1.058e-08	1.0713e-08	1.0736e-08	1.0806e-08	1.0999e-08	1.0982e-08	1.1008e-08	1.0953e-08	1.1055e-08	1.0973e-08	1.1027e-08	1.1303e-08	1.0984e-08	1.0527e-08	1.044e-08	1.0271e-08	1.0404e-08	1.2633e-08	1.9415e-08	3.1733e-08	4.4651e-08	5.9835e-08	7.5227e-08	8.957e-08	9.2068e-08	1.0433e-07	1.147e-07	1.2348e-07	1.3132e-07	1.3969e-07	1.463e-07	1.5034e-07	1.5119e-07	1.5002e-07	1.4934e-07	1.5103e-07	1.531e-07	1.5301e-07	1.4962e-07	1.418e-07	1.3339e-07	1.248e-07	1.1641e-07	1.0791e-07	9.8037e-08	8.9705e-08	8.1288e-08	7.278e-08	6.4501e-08	5.4698e-08	4.6507e-08	3.8283e-08	3.009e-08	2.2252e-08	1.4468e-08	1.073e-08	8.9053e-09	7.8672e-09	7.5267e-09	7.4325e-09	7.3532e-09	7.2079e-09	7.8481e-09	8.0098e-09	7.7373e-09	7.327e-09	7.4857e-09	7.8649e-09	7.4342e-09	7.1457e-09	6.9688e-09	6.9814e-09	7.1005e-09	6.9221e-09	6.9175e-09	6.3675e-09	6.3707e-09	6.8033e-09	7.2398e-09	7.5236e-09	7.7343e-09	7.693e-09	7.5561e-09	7.6513e-09	7.5766e-09	7.3288e-09	7.1412e-09	7.0002e-09	6.9169e-09	6.9138e-09	7.0935e-09	6.5581e-09	6.1484e-09	6.2147e-09	6.7071e-09	6.9858e-09	6.946e-09	6.7035e-09	6.8762e-09	7.0277e-09	7.1651e-09	6.7708e-09	6.9119e-09	6.6349e-09	6.2073e-09	5.9726e-09	5.8785e-09	6.3969e-09	6.3245e-09	6.3163e-09	6.5708e-09	6.488e-09	6.2124e-09
1.1527e-08	1.1395e-08	1.1303e-08	1.1125e-08	1.1032e-08	1.1005e-08	1.0936e-08	1.089e-08	1.0787e-08	1.0823e-08	1.0707e-08	1.063e-08	1.0684e-08	1.0772e-08	1.1349e-08	1.1643e-08	1.1375e-08	1.1119e-08	1.1096e-08	1.1437e-08	1.1426e-08	1.1191e-08	1.1039e-08	1.0614e-08	1.0718e-08	1.0879e-08	1.1019e-08	1.1007e-08	1.1036e-08	1.1209e-08	1.118e-08	1.1225e-08	1.1102e-08	1.1192e-08	1.1102e-08	1.1133e-08	1.1406e-08	1.1087e-08	1.0588e-08	1.0652e-08	1.0557e-08	1.033e-08	1.0593e-08	1.3547e-08	2.2809e-08	3.3937e-08	4.7117e-08	6.2459e-08	7.7861e-08	9.4467e-08	1.0647e-07	1.165e-07	1.2518e-07	1.3284e-07	1.4108e-07	1.4758e-07	1.5107e-07	1.5129e-07	1.4994e-07	1.4948e-07	1.5156e-07	1.5352e-07	1.5276e-07	1.4863e-07	1.4036e-07	1.3186e-07	1.2324e-07	1.1488e-07	1.0642e-07	9.6502e-08	8.8177e-08	7.9792e-08	7.1321e-08	6.3066e-08	5.3195e-08	4.4949e-08	3.6711e-08	2.8449e-08	2.0832e-08	1.3623e-08	1.0359e-08	8.7669e-09	7.8947e-09	7.5669e-09	7.3645e-09	7.2887e-09	7.086e-09	7.9021e-09	8.11e-09	8.1475e-09	7.774e-09	7.3062e-09	7.4142e-09	7.9496e-09	7.4686e-09	7.1105e-09	7.0097e-09	7.018e-09	7.1556e-09	6.901e-09	6.3425e-09	6.2937e-09	6.6737e-09	7.0544e-09	7.3189e-09	7.5178e-09	7.461e-09	7.3939e-09	7.5071e-09	7.4289e-09	7.2434e-09	7.1105e-09	7.0222e-09	6.9582e-09	6.9542e-09	7.0631e-09	6.6075e-09	6.2705e-09	6.2636e-09	6.7119e-09	6.9339e-09	6.9157e-09	6.6097e-09	6.6609e-09	6.8382e-09	7.0828e-09	6.8052e-09	7.0468e-09	6.617e-09	6.0663e-09	5.7809e-09	5.7226e-09	6.2368e-09	6.153e-09	6.179e-09	6.3897e-09	6.2993e-09	6.0232e-09
1.1651e-08	1.1529e-08	1.1388e-08	1.1202e-08	1.1032e-08	1.0976e-08	1.0954e-08	1.0938e-08	1.086e-08	1.0823e-08	1.0904e-08	1.0821e-08	1.0877e-08	1.0981e-08	1.1349e-08	1.1834e-08	1.1633e-08	1.1437e-08	1.1372e-08	1.1437e-08	1.1613e-08	1.1475e-08	1.1337e-08	1.0826e-08	1.0718e-08	1.1172e-08	1.1303e-08	1.1247e-08	1.1238e-08	1.1209e-08	1.1387e-08	1.135e-08	1.1412e-08	1.1232e-08	1.1351e-08	1.1226e-08	1.1248e-08	1.1505e-08	1.1185e-08	1.0718e-08	1.0681e-08	1.0413e-08	1.0859e-08	1.4587e-08	2.4602e-08	3.6169e-08	4.9602e-08	6.506e-08	8.0429e-08	9.6752e-08	1.0849e-07	1.182e-07	1.2679e-07	1.3427e-07	1.4236e-07	1.4869e-07	1.5161e-07	1.5129e-07	1.4984e-07	1.4958e-07	1.5188e-07	1.5362e-07	1.5221e-07	1.4743e-07	1.3878e-07	1.3025e-07	1.2163e-07	1.1328e-07	1.0483e-07	9.488e-08	8.6553e-08	7.8197e-08	6.9776e-08	6.1545e-08	5.1618e-08	4.3305e-08	3.5054e-08	2.6735e-08	1.9388e-08	1.7948e-08	1.2818e-08	1.0011e-08	8.6299e-09	7.9117e-09	7.5607e-09	7.26e-09	7.1854e-09	6.9285e-09	7.8939e-09	8.1133e-09	7.7554e-09	7.2468e-09	7.2986e-09	7.9662e-09	7.3972e-09	7.0333e-09	7.0092e-09	7.0091e-09	7.1657e-09	6.8655e-09	6.345e-09	6.2851e-09	6.6047e-09	6.9048e-09	7.1482e-09	7.3183e-09	7.2483e-09	7.2617e-09	7.379e-09	7.2859e-09	7.1788e-09	7.1226e-09	7.1185e-09	7.0562e-09	7.0204e-09	7.04e-09	6.6813e-09	6.4381e-09	6.3463e-09	6.7277e-09	6.8953e-09	6.9141e-09	6.5545e-09	6.4805e-09	6.6908e-09	7.0291e-09	6.8663e-09	7.1969e-09	7.1969e-09	6.665e-09	5.9852e-09	5.6577e-09	5.6138e-09	6.0995e-09	5.9186e-09	6.1057e-09	6.2799e-09	6.2086e-09
1.1754e-08	1.1647e-08	1.1461e-08	1.1268e-08	1.0988e-08	1.0944e-08	1.0962e-08	1.0979e-08	1.0926e-08	1.0988e-08	1.1108e-08	1.1021e-08	1.107e-08	1.1185e-08	1.1551e-08	1.2001e-08	1.1853e-08	1.1716e-08	1.1623e-08	1.1606e-08	1.1769e-08	1.1796e-08	1.1718e-08	1.1598e-08	1.106e-08	1.1234e-08	1.1453e-08	1.1557e-08	1.1448e-08	1.1408e-08	1.1532e-08	1.1491e-08	1.1567e-08	1.1341e-08	1.1351e-08	1.1335e-08	1.1362e-08	1.1595e-08	1.1274e-08	1.0718e-08	1.0803e-08	1.0519e-08	1.1211e-08	1.5738e-08	2.4602e-08	3.841e-08	5.2091e-08	6.7628e-08	8.2918e-08	9.6752e-08	1.1038e-07	1.1977e-07	1.2827e-07	1.3558e-07	1.4236e-07	1.4955e-07	1.5193e-07	1.5117e-07	1.4972e-07	1.4958e-07	1.5192e-07	1.5333e-07	1.5133e-07	1.4603e-07	1.3878e-07	1.2858e-07	1.1997e-07	1.1161e-07	1.0318e-07	1.0147e-07	9.3187e-08	8.4851e-08	7.6521e-08	6.816e-08	5.8289e-08	4.9977e-08	4.1593e-08	3.3332e-08	2.4983e-08	1.654e-08	1.2049e-08	9.6727e-09	8.4848e-09	7.9058e-09	7.5074e-09	7.128e-09	7.0531e-09	6.7503e-09	7.8214e-09	7.9986e-09	7.673e-09	7.1438e-09	7.1377e-09	7.899e-09	7.2502e-09	6.9062e-09	6.9538e-09	6.9383e-09	7.1137e-09	6.8113e-09	6.3734e-09	6.3428e-09	6.5974e-09	6.7967e-09	7.0095e-09	7.1413e-09	7.0608e-09	7.1587e-09	7.2682e-09	7.1546e-09	7.134e-09	7.1655e-09	7.2617e-09	7.189e-09	7.1005e-09	7.0237e-09	6.7716e-09	6.6338e-09	6.4519e-09	6.5694e-09	6.7477e-09	6.866e-09	6.9335e-09	6.5374e-09	6.2816e-09	6.6004e-09	7.0109e-09	6.9506e-09	7.3475e-09	6.7223e-09	5.976e-09	5.621e-09	5.5618e-09	5.9914e-09	5.8711e-09	6.1057e-09	6.2537e-09	6.232e-09
1.1841e-08	1.175e-08	1.153e-08	1.1336e-08	1.0953e-08	1.0939e-08	1.0988e-08	1.103e-08	1.0999e-08	1.1158e-08	1.1342e-08	1.1322e-08	1.1234e-08	1.1265e-08	1.1387e-08	1.19e-08	1.2145e-08	1.203e-08	1.1942e-08	1.1841e-08	1.1925e-08	1.1973e-08	1.1914e-08	1.1816e-08	1.1314e-08	1.1507e-08	1.1712e-08	1.1776e-08	1.1609e-08	1.1546e-08	1.1646e-08	1.1603e-08	1.1689e-08	1.1425e-08	1.1375e-08	1.1421e-08	1.1467e-08	1.1669e-08	1.1353e-08	1.0787e-08	1.0913e-08	1.0645e-08	1.1656e-08	1.6983e-08	2.6436e-08	4.0642e-08	5.4574e-08	7.0153e-08	8.5319e-08	9.8907e-08	1.1213e-07	1.2122e-07	1.296e-07	1.3677e-07	1.4349e-07	1.5012e-07	1.5199e-07	1.5093e-07	1.4958e-07	1.4958e-07	1.4959e-07	1.5171e-07	1.527e-07	1.5016e-07	1.4445e-07	1.3525e-07	1.2687e-07	1.1828e-07	1.099e-07	1.0147e-07	9.144e-08	8.309e-08	7.4782e-08	6.6484e-08	5.8289e-08	4.8284e-08	3.9835e-08	3.1565e-08	2.3228e-08	1.654e-08	1.1314e-08	9.3274e-09	8.322e-09	7.8645e-09	7.5074e-09	6.9777e-09	6.9014e-09	6.5662e-09	7.6826e-09	7.9986e-09	7.5192e-09	6.9928e-09	6.931e-09	7.7332e-09	7.2502e-09	6.7336e-09	6.8441e-09	6.8071e-09	7.0002e-09	6.8113e-09	6.421e-09	6.4473e-09	6.6354e-09	6.7231e-09	7.0095e-09	6.9921e-09	6.9044e-09	7.0839e-09	7.1754e-09	7.1013e-09	7.042e-09	7.108e-09	7.2274e-09	7.4245e-09	7.4702e-09	7.1828e-09	7.0136e-09	6.8705e-09	6.8399e-09	6.6878e-09	6.765e-09	6.8419e-09	6.9664e-09	6.5578e-09	6.2918e-09	6.5815e-09	7.0353e-09	7.0545e-09	7.4837e-09	6.7956e-09	6.0433e-09	5.6797e-09	5.5717e-09	5.9169e-09	5.8673e-09	6.1658e-09	6.2967e-09	6.3452e-09
1.1946e-08	1.192e-08	1.1843e-08	1.1604e-08	1.142e-08	1.1012e-08	1.0988e-08	1.1057e-08	1.1111e-08	1.1097e-08	1.1544e-08	1.155e-08	1.1466e-08	1.1464e-08	1.1587e-08	1.2045e-08	1.2266e-08	1.2161e-08	1.2112e-08	1.2022e-08	1.2072e-08	1.2139e-08	1.2067e-08	1.1991e-08	1.1573e-08	1.1767e-08	1.1939e-08	1.1956e-08	1.1731e-08	1.1653e-08	1.173e-08	1.1685e-08	1.1776e-08	1.1481e-08	1.1363e-08	1.1475e-08	1.1553e-08	1.1723e-08	1.1419e-08	1.0858e-08	1.1001e-08	1.0791e-08	1.2202e-08	1.8306e-08	2.8293e-08	4.2845e-08	5.7039e-08	7.2625e-08	8.7619e-08	8.7619e-08	1.0277e-07	1.1371e-07	1.2252e-07	1.3077e-07	1.378e-07	1.4523e-07	1.5044e-07	1.5182e-07	1.5059e-07	1.4942e-07	1.4952e-07	1.513e-07	1.5177e-07	1.4874e-07	1.4272e-07	1.3338e-07	1.2512e-07	1.1656e-07	1.0814e-07	9.9713e-08	8.9654e-08	8.1292e-08	7.2999e-08	6.4761e-08	5.6577e-08	4.655e-08	3.805e-08	2.9774e-08	2.1505e-08	1.5194e-08	1.0607e-08	8.9601e-09	8.1319e-09	7.7754e-09	7.4162e-09	6.8181e-09	6.7399e-09	6.3911e-09	7.4758e-09	7.7953e-09	7.302e-09	6.8011e-09	6.6877e-09	7.4761e-09	7.0336e-09	6.5314e-09	6.6949e-09	6.6347e-09	6.8443e-09	6.8443e-09	6.6754e-09	6.4809e-09	6.5784e-09	6.7011e-09	6.6763e-09	6.8188e-09	6.8763e-09	6.7848e-09	7.0361e-09	7.1013e-09	6.9553e-09	7.0999e-09	7.2963e-09	7.5795e-09	7.4702e-09	7.2553e-09	7.0091e-09	6.9699e-09	7.0391e-09	6.6878e-09	6.7728e-09	6.8189e-09	7.0052e-09	6.6151e-09	6.2918e-09	6.6418e-09	7.1049e-09	7.1736e-09	7.5946e-09	6.7956e-09	6.1697e-09	5.8159e-09	5.6351e-09	5.8761e-09	5.8673e-09	6.2684e-09	6.3896e-09	6.5167e-09
1.2073e-08	1.1998e-08	1.1925e-08	1.1692e-08	1.1531e-08	1.1153e-08	1.1121e-08	1.1198e-08	1.124e-08	1.1233e-08	1.1765e-08	1.179e-08	1.1712e-08	1.1666e-08	1.1783e-08	1.2166e-08	1.2364e-08	1.2251e-08	1.223e-08	1.2168e-08	1.2204e-08	1.2288e-08	1.2179e-08	1.2125e-08	1.1819e-08	1.2e-08	1.2126e-08	1.2093e-08	1.1813e-08	1.173e-08	1.1785e-08	1.1737e-08	1.1826e-08	1.1506e-08	1.1316e-08	1.1488e-08	1.1609e-08	1.175e-08	1.147e-08	1.147e-08	1.1005e-08	1.1057e-08	1.0953e-08	1.2858e-08	1.9691e-08	3.2015e-08	4.5008e-08	5.9474e-08	7.5034e-08	8.981e-08	1.0449e-07	1.1517e-07	1.2372e-07	1.3179e-07	1.3871e-07	1.4588e-07	1.5055e-07	1.5147e-07	1.5016e-07	1.4924e-07	1.4939e-07	1.5072e-07	1.5062e-07	1.4714e-07	1.409e-07	1.3147e-07	1.2336e-07	1.1483e-07	1.0637e-07	9.7929e-08	8.7846e-08	7.9474e-08	7.1188e-08	6.3005e-08	5.4824e-08	4.4784e-08	3.626e-08	2.7978e-08	1.9849e-08	1.3939e-08	9.9265e-09	8.556e-09	7.9056e-09	7.6266e-09	7.2841e-09	6.6562e-09	6.5768e-09	6.2345e-09	7.2129e-09	7.2129e-09	7.1863e-09	7.0445e-09	6.5876e-09	6.4272e-09	7.1567e-09	6.487e-09	6.3165e-09	6.5215e-09	6.4409e-09	6.6658e-09	6.6089e-09	6.5465e-09	6.7158e-09	6.7772e-09	6.6489e-09	6.7619e-09	6.7991e-09	6.708e-09	7.0141e-09	7.0468e-09	6.9014e-09	7.1087e-09	7.3603e-09	7.6995e-09	7.5745e-09	7.3063e-09	7.0098e-09	7.0619e-09	7.2138e-09	6.7963e-09	6.7678e-09	6.7955e-09	7.0447e-09	6.7073e-09	6.3867e-09	6.7681e-09	7.2105e-09	7.3011e-09	7.6797e-09	6.8791e-09	6.3341e-09	6.007e-09	5.7415e-09	5.8682e-09	5.9008e-09	6.396e-09	6.513e-09	6.7152e-09
1.2206e-08	1.2082e-08	1.2001e-08	1.1802e-08	1.1682e-08	1.138e-08	1.1342e-08	1.1415e-08	1.1423e-08	1.1412e-08	1.1992e-08	1.2029e-08	1.196e-08	1.186e-08	1.1968e-08	1.2261e-08	1.2437e-08	1.2303e-08	1.2303e-08	1.2279e-08	1.2319e-08	1.2414e-08	1.2254e-08	1.2218e-08	1.2037e-08	1.2189e-08	1.2264e-08	1.2183e-08	1.1857e-08	1.1857e-08	1.1792e-08	1.1812e-08	1.176e-08	1.1837e-08	1.1496e-08	1.112e-08	1.1451e-08	1.1626e-08	1.1745e-08	1.1503e-08	1.1078e-08	1.1074e-08	1.1132e-08	1.363e-08	2.1123e-08	3.3875e-08	4.7139e-08	6.1879e-08	7.7381e-08	9.1894e-08	1.0608e-07	1.165e-07	1.2482e-07	1.327e-07	1.3952e-07	1.4642e-07	1.5049e-07	1.5099e-07	1.4968e-07	1.4905e-07	1.4923e-07	1.5002e-07	1.493e-07	1.4541e-07	1.3901e-07	1.2956e-07	1.2158e-07	1.1309e-07	1.0458e-07	9.6131e-08	8.6031e-08	7.7657e-08	6.9367e-08	6.1228e-08	5.3041e-08	4.2999e-08	3.4485e-08	2.6198e-08	1.8294e-08	1.8294e-08	1.1795e-08	9.2753e-09	8.1182e-09	7.6457e-09	7.4211e-09	6.9215e-09	6.4965e-09	6.4183e-09	6.1014e-09	6.9192e-09	6.8412e-09	6.7708e-09	6.3717e-09	6.169e-09	6.8052e-09	6.206e-09	6.1053e-09	6.3395e-09	6.2455e-09	6.4842e-09	6.5532e-09	6.6108e-09	6.8391e-09	6.8465e-09	6.6332e-09	6.7272e-09	6.7659e-09	6.6796e-09	7.0168e-09	7.0126e-09	6.8876e-09	7.1333e-09	7.4075e-09	7.757e-09	7.6251e-09	7.3293e-09	7.0155e-09	7.1408e-09	7.3517e-09	6.8873e-09	6.7578e-09	6.7779e-09	7.0869e-09	6.828e-09	6.5512e-09	6.9436e-09	7.3403e-09	7.4296e-09	7.4296e-09	7.7406e-09	7.0523e-09	6.5151e-09	6.2306e-09	5.88e-09	5.8925e-09	6.053e-09	6.5311e-09	6.6475e-09
1.2342e-08	1.2173e-08	1.2068e-08	1.1934e-08	1.1873e-08	1.1663e-08	1.1622e-08	1.1682e-08	1.1638e-08	1.1617e-08	1.221e-08	1.2253e-08	1.2192e-08	1.2038e-08	1.2133e-08	1.2326e-08	1.2482e-08	1.2324e-08	1.2338e-08	1.2338e-08	1.2403e-08	1.2411e-08	1.2512e-08	1.2296e-08	1.2273e-08	1.2323e-08	1.2319e-08	1.2342e-08	1.2222e-08	1.1862e-08	1.178e-08	1.1812e-08	1.1753e-08	1.1809e-08	1.1448e-08	1.0974e-08	1.1357e-08	1.1597e-08	1.1703e-08	1.1517e-08	1.1143e-08	1.1058e-08	1.1339e-08	1.4513e-08	2.2605e-08	3.5752e-08	4.9258e-08	6.4257e-08	7.9664e-08	9.3876e-08	1.0757e-07	1.1775e-07	1.2586e-07	1.3354e-07	1.4026e-07	1.4688e-07	1.5031e-07	1.504e-07	1.4917e-07	1.4884e-07	1.4904e-07	1.4925e-07	1.4787e-07	1.436e-07	1.3709e-07	1.2768e-07	1.1981e-07	1.1136e-07	1.028e-07	1.028e-07	9.255e-08	8.4225e-08	7.5861e-08	6.7555e-08	5.9444e-08	4.9432e-08	4.1206e-08	3.2737e-08	2.4452e-08	1.6858e-08	1.0914e-08	8.6646e-09	7.6675e-09	7.3661e-09	7.1762e-09	6.715e-09	6.3435e-09	6.2708e-09	5.9962e-09	6.6206e-09	6.51e-09	6.5047e-09	6.1729e-09	5.9328e-09	6.4516e-09	5.9527e-09	5.9145e-09	6.164e-09	6.0685e-09	6.3193e-09	6.5161e-09	6.6672e-09	6.9282e-09	6.8916e-09	6.6217e-09	6.7125e-09	6.7822e-09	6.7055e-09	7.0431e-09	6.9995e-09	6.9179e-09	7.1733e-09	7.431e-09	7.7366e-09	7.6102e-09	7.3334e-09	7.0278e-09	7.2072e-09	7.2072e-09	7.4555e-09	7.0308e-09	6.7522e-09	6.7738e-09	7.1352e-09	6.9702e-09	7.0132e-09	7.1513e-09	7.4827e-09	7.5517e-09	7.779e-09	7.1297e-09	6.6916e-09	6.4639e-09	6.0399e-09	5.9481e-09	6.1587e-09	6.6561e-09	6.7739e-09
1.2475e-08	1.2264e-08	1.2126e-08	1.2075e-08	1.2084e-08	1.197e-08	1.1925e-08	1.1967e-08	1.1862e-08	1.183e-08	1.2034e-08	1.2405e-08	1.2449e-08	1.2395e-08	1.2188e-08	1.2366e-08	1.2361e-08	1.2498e-08	1.2317e-08	1.2341e-08	1.2418e-08	1.2477e-08	1.2577e-08	1.2307e-08	1.2289e-08	1.2357e-08	1.2372e-08	1.2351e-08	1.2206e-08	1.1829e-08	1.1739e-08	1.1786e-08	1.1717e-08	1.1741e-08	1.136e-08	1.0803e-08	1.1213e-08	1.1524e-08	1.1628e-08	1.1508e-08	1.119e-08	1.1022e-08	1.1587e-08	1.5502e-08	2.4142e-08	3.766e-08	5.1383e-08	6.6611e-08	8.1887e-08	9.5764e-08	1.0898e-07	1.1893e-07	1.2686e-07	1.3434e-07	1.4096e-07	1.4729e-07	1.5007e-07	1.4977e-07	1.4864e-07	1.4864e-07	1.4843e-07	1.4883e-07	1.4845e-07	1.464e-07	1.4176e-07	1.3334e-07	1.2586e-07	1.1806e-07	1.0964e-07	1.0103e-07	9.0792e-08	8.2441e-08	7.4095e-08	6.5763e-08	5.7663e-08	4.7634e-08	3.9421e-08	3.1022e-08	2.2758e-08	1.5544e-08	1.0152e-08	8.106e-09	7.2251e-09	7.0815e-09	6.9098e-09	6.5076e-09	6.2018e-09	6.1408e-09	5.9237e-09	6.3428e-09	6.2235e-09	6.2703e-09	6.0107e-09	5.7384e-09	6.1258e-09	5.7514e-09	5.7607e-09	6.0107e-09	5.9297e-09	6.1909e-09	6.5048e-09	6.7087e-09	6.9627e-09	6.895e-09	6.6067e-09	6.7164e-09	6.8503e-09	6.7882e-09	6.7882e-09	7.0918e-09	7.0387e-09	6.9884e-09	7.2291e-09	7.4386e-09	7.6574e-09	7.4612e-09	7.3305e-09	7.0486e-09	7.263e-09	7.5307e-09	7.0929e-09	6.7606e-09	6.7907e-09	7.1929e-09	7.1266e-09	7.2727e-09	7.3743e-09	7.6261e-09	7.6602e-09	7.7965e-09	7.1929e-09	6.8422e-09	6.6843e-09	6.2106e-09	6.0343e-09	6.2753e-09	6.7536e-09	6.8727e-09
1.3045e-08	1.2595e-08	1.2349e-08	1.2171e-08	1.2211e-08	1.2484e-08	1.2265e-08	1.2218e-08	1.2239e-08	1.2075e-08	1.221e-08	1.2563e-08	1.2604e-08	1.2552e-08	1.23e-08	1.2417e-08	1.2361e-08	1.2483e-08	1.2287e-08	1.232e-08	1.2405e-08	1.2513e-08	1.2602e-08	1.2292e-08	1.2269e-08	1.23e-08	1.2337e-08	1.2286e-08	1.2132e-08	1.1759e-08	1.1671e-08	1.1733e-08	1.165e-08	1.1635e-08	1.1237e-08	1.0618e-08	1.1032e-08	1.1414e-08	1.1522e-08	1.1475e-08	1.1211e-08	1.0978e-08	1.1893e-08	1.6588e-08	2.574e-08	3.9614e-08	5.3532e-08	6.8942e-08	8.4049e-08	8.4049e-08	9.9275e-08	1.1034e-07	1.2008e-07	1.2785e-07	1.3514e-07	1.4237e-07	1.4767e-07	1.4979e-07	1.4914e-07	1.4813e-07	1.4822e-07	1.486e-07	1.4766e-07	1.4495e-07	1.3995e-07	1.3156e-07	1.2411e-07	1.1633e-07	1.0794e-07	9.929e-08	8.9062e-08	8.0683e-08	7.2363e-08	6.3999e-08	5.5897e-08	4.5862e-08	3.7658e-08	2.9347e-08	2.1132e-08	1.4352e-08	9.5046e-09	7.6108e-09	6.8124e-09	6.8066e-09	6.6399e-09	6.3116e-09	6.0758e-09	6.0346e-09	5.8883e-09	6.1117e-09	6.0125e-09	6.0914e-09	5.9045e-09	5.6053e-09	5.858e-09	5.6267e-09	5.6606e-09	5.8947e-09	5.8489e-09	5.8489e-09	6.1153e-09	6.5242e-09	6.7315e-09	6.9318e-09	6.848e-09	6.563e-09	6.7409e-09	6.9639e-09	6.9203e-09	7.1621e-09	7.0913e-09	7.0936e-09	7.3015e-09	7.4406e-09	7.545e-09	7.374e-09	7.3325e-09	7.0795e-09	7.3101e-09	7.583e-09	7.155e-09	6.7926e-09	6.8361e-09	7.2635e-09	7.2902e-09	7.5259e-09	7.5957e-09	7.7587e-09	7.7477e-09	7.7946e-09	7.2359e-09	6.9457e-09	6.8693e-09	6.3813e-09	6.1503e-09	6.3968e-09	6.8081e-09	6.9269e-09
1.3083e-08	1.2694e-08	1.2419e-08	1.2199e-08	1.2326e-08	1.2629e-08	1.2517e-08	1.2467e-08	1.2467e-08	1.2252e-08	1.2342e-08	1.2671e-08	1.2703e-08	1.2647e-08	1.2366e-08	1.2413e-08	1.2323e-08	1.2435e-08	1.2238e-08	1.228e-08	1.2364e-08	1.2516e-08	1.2582e-08	1.2253e-08	1.2214e-08	1.2163e-08	1.2222e-08	1.2154e-08	1.2006e-08	1.1656e-08	1.1578e-08	1.1653e-08	1.1553e-08	1.1498e-08	1.1088e-08	1.0427e-08	1.0825e-08	1.1273e-08	1.1392e-08	1.1392e-08	1.1322e-08	1.1195e-08	1.0936e-08	1.2269e-08	1.7765e-08	2.9145e-08	4.1629e-08	5.5725e-08	7.1253e-08	8.6151e-08	1.0091e-07	1.1166e-07	1.212e-07	1.2886e-07	1.3596e-07	1.4315e-07	1.4804e-07	1.4954e-07	1.4854e-07	1.4766e-07	1.4802e-07	1.4837e-07	1.469e-07	1.4355e-07	1.382e-07	1.2984e-07	1.2242e-07	1.1463e-07	1.0626e-07	9.7575e-08	8.7364e-08	7.8958e-08	7.0666e-08	6.2268e-08	5.4155e-08	4.4128e-08	3.5932e-08	2.7717e-08	1.9592e-08	1.3283e-08	8.9652e-09	7.1906e-09	6.4509e-09	6.5558e-09	6.3845e-09	6.1389e-09	5.97e-09	5.9586e-09	5.8946e-09	5.8946e-09	5.8927e-09	5.9077e-09	5.992e-09	5.8737e-09	5.5531e-09	5.6056e-09	5.5941e-09	5.6252e-09	5.8277e-09	5.8394e-09	6.1739e-09	6.5702e-09	6.7398e-09	6.8521e-09	6.7661e-09	6.5513e-09	6.7888e-09	7.1151e-09	7.0926e-09	7.253e-09	7.1662e-09	7.2279e-09	7.3911e-09	7.4476e-09	7.4248e-09	7.3096e-09	7.3514e-09	7.1226e-09	7.3503e-09	7.6178e-09	7.2218e-09	6.8579e-09	6.9177e-09	7.3502e-09	7.4539e-09	7.7537e-09	7.7986e-09	7.8691e-09	7.8068e-09	7.775e-09	7.2537e-09	6.9835e-09	6.9985e-09	6.542e-09	6.2949e-09	6.5226e-09	6.8253e-09	6.9422e-09
1.3083e-08	1.2763e-08	1.2467e-08	1.2207e-08	1.2407e-08	1.2629e-08	1.2692e-08	1.2636e-08	1.262e-08	1.2371e-08	1.2342e-08	1.2713e-08	1.2733e-08	1.2666e-08	1.2373e-08	1.2413e-08	1.2248e-08	1.2353e-08	1.2176e-08	1.2227e-08	1.2364e-08	1.2483e-08	1.2519e-08	1.2189e-08	1.2126e-08	1.2163e-08	1.2042e-08	1.1967e-08	1.1837e-08	1.1837e-08	1.1524e-08	1.146e-08	1.1544e-08	1.1426e-08	1.1334e-08	1.092e-08	1.024e-08	1.0604e-08	1.1109e-08	1.1241e-08	1.1197e-08	1.1133e-08	1.091e-08	1.2732e-08	1.9026e-08	3.0963e-08	4.372e-08	5.798e-08	7.3548e-08	8.8196e-08	1.0248e-07	1.1296e-07	1.2234e-07	1.2991e-07	1.3685e-07	1.4398e-07	1.4842e-07	1.4933e-07	1.4801e-07	1.4724e-07	1.4783e-07	1.4813e-07	1.4617e-07	1.422e-07	1.3652e-07	1.2819e-07	1.2079e-07	1.1295e-07	1.046e-07	9.589e-08	8.5702e-08	7.7273e-08	6.9007e-08	6.0577e-08	5.2448e-08	4.245e-08	3.4257e-08	2.6138e-08	1.8154e-08	1.8154e-08	1.1522e-08	8.5286e-09	6.8568e-09	6.1618e-09	6.3438e-09	5.9887e-09	6.0015e-09	5.889e-09	5.9191e-09	5.9473e-09	5.9443e-09	5.9263e-09	5.9861e-09	5.9289e-09	5.5931e-09	5.629e-09	5.6427e-09	5.6496e-09	5.8094e-09	5.8947e-09	6.2835e-09	6.6377e-09	6.7396e-09	6.7451e-09	6.6693e-09	6.5591e-09	6.8625e-09	7.296e-09	7.296e-09	7.3635e-09	7.2635e-09	7.3859e-09	7.4986e-09	7.4698e-09	7.3223e-09	7.2913e-09	7.3991e-09	7.1795e-09	7.3856e-09	7.6406e-09	7.2983e-09	6.9658e-09	7.043e-09	7.4565e-09	7.6104e-09	7.9388e-09	7.9675e-09	7.9468e-09	7.9468e-09	7.8315e-09	7.6973e-09	7.2541e-09	6.9652e-09	7.0745e-09	6.6905e-09	6.6528e-09	6.6551e-09	6.823e-09
1.3079e-08	1.2792e-08	1.2485e-08	1.2193e-08	1.2439e-08	1.2709e-08	1.2756e-08	1.2692e-08	1.2667e-08	1.241e-08	1.241e-08	1.2679e-08	1.2684e-08	1.2598e-08	1.2317e-08	1.2348e-08	1.2138e-08	1.2242e-08	1.2101e-08	1.2101e-08	1.2163e-08	1.2207e-08	1.2417e-08	1.2413e-08	1.2101e-08	1.201e-08	1.1713e-08	1.181e-08	1.1738e-08	1.1634e-08	1.1371e-08	1.1319e-08	1.1405e-08	1.1269e-08	1.1149e-08	1.0741e-08	1.0066e-08	1.0382e-08	1.0926e-08	1.1075e-08	1.1197e-08	1.1015e-08	1.091e-08	1.3295e-08	2.0364e-08	3.0963e-08	4.5902e-08	6.0313e-08	7.5827e-08	9.0183e-08	1.0248e-07	1.1425e-07	1.235e-07	1.3101e-07	1.3781e-07	1.4398e-07	1.4879e-07	1.4916e-07	1.4756e-07	1.469e-07	1.4783e-07	1.4789e-07	1.4546e-07	1.4091e-07	1.3491e-07	1.2819e-07	1.1921e-07	1.113e-07	1.0297e-07	1.0297e-07	9.4237e-08	8.408e-08	7.5632e-08	6.7388e-08	5.8933e-08	4.9179e-08	4.0841e-08	3.2648e-08	2.4615e-08	1.6837e-08	1.0832e-08	8.189e-09	6.6207e-09	5.9667e-09	6.1853e-09	5.8786e-09	5.9087e-09	5.8368e-09	5.9201e-09	6.0471e-09	6.0858e-09	6.0459e-09	6.0589e-09	6.0552e-09	5.7111e-09	5.731e-09	5.7568e-09	5.7258e-09	5.8377e-09	6.0049e-09	6.4335e-09	6.7211e-09	6.7366e-09	6.6323e-09	6.5779e-09	6.596e-09	6.9647e-09	7.4988e-09	7.5214e-09	7.4928e-09	7.3833e-09	7.562e-09	7.6247e-09	7.5176e-09	7.2629e-09	7.3426e-09	7.4876e-09	7.252e-09	7.252e-09	7.4177e-09	7.6724e-09	7.3885e-09	7.1246e-09	7.2184e-09	7.5852e-09	7.8825e-09	8.081e-09	8.1025e-09	7.9951e-09	7.8283e-09	7.6592e-09	7.2521e-09	6.9163e-09	7.1131e-09	6.829e-09	6.8547e-09	6.797e-09	6.8193e-09
1.3035e-08	1.2773e-08	1.2466e-08	1.2152e-08	1.2407e-08	1.2702e-08	1.2685e-08	1.2609e-08	1.2584e-08	1.2584e-08	1.2351e-08	1.2322e-08	1.2577e-08	1.2563e-08	1.2452e-08	1.2204e-08	1.207e-08	1.2002e-08	1.2105e-08	1.2015e-08	1.2088e-08	1.2095e-08	1.2316e-08	1.2268e-08	1.1985e-08	1.1868e-08	1.1435e-08	1.1543e-08	1.1479e-08	1.1404e-08	1.12e-08	1.1158e-08	1.1235e-08	1.1082e-08	1.0947e-08	1.056e-08	9.9148e-09	1.0169e-08	1.0733e-08	1.0898e-08	1.1037e-08	1.0834e-08	1.0949e-08	1.3972e-08	2.1772e-08	3.2868e-08	4.8175e-08	6.2726e-08	7.8093e-08	9.2119e-08	1.0398e-07	1.1555e-07	1.2468e-07	1.3215e-07	1.3882e-07	1.4484e-07	1.4913e-07	1.4901e-07	1.4719e-07	1.4719e-07	1.4665e-07	1.4758e-07	1.4763e-07	1.4477e-07	1.3969e-07	1.3339e-07	1.251e-07	1.1767e-07	1.0968e-07	1.0136e-07	9.262e-08	8.2503e-08	7.4043e-08	6.5811e-08	5.7343e-08	4.9179e-08	3.9317e-08	3.1121e-08	2.3155e-08	1.5657e-08	1.0832e-08	7.9386e-09	6.4868e-09	5.8774e-09	6.0892e-09	5.8786e-09	5.8608e-09	5.8159e-09	5.9584e-09	6.1831e-09	6.0858e-09	6.237e-09	6.1904e-09	6.2329e-09	5.8887e-09	5.731e-09	5.9208e-09	5.8458e-09	5.9104e-09	6.16e-09	6.4335e-09	6.8151e-09	6.7367e-09	6.5355e-09	6.5118e-09	6.596e-09	7.0981e-09	7.7155e-09	7.7155e-09	7.7596e-09	7.6398e-09	7.5258e-09	7.7506e-09	7.7702e-09	7.6017e-09	7.3725e-09	7.484e-09	7.6271e-09	7.3418e-09	7.4488e-09	7.6891e-09	7.4905e-09	7.3275e-09	7.438e-09	7.735e-09	8.0009e-09	8.1896e-09	8.2123e-09	8.025e-09	7.8113e-09	7.6371e-09	7.2629e-09	6.8626e-09	7.1301e-09	6.9598e-09	7.0643e-09	6.9507e-09	6.8321e-09
1.3179e-08	1.2828e-08	1.27e-08	1.2404e-08	1.2084e-08	1.23e-08	1.2399e-08	1.2497e-08	1.2409e-08	1.239e-08	1.2207e-08	1.2185e-08	1.2417e-08	1.2385e-08	1.2249e-08	1.205e-08	1.1883e-08	1.1847e-08	1.1949e-08	1.1918e-08	1.2001e-08	1.1965e-08	1.2181e-08	1.2084e-08	1.1842e-08	1.1705e-08	1.1143e-08	1.1254e-08	1.1203e-08	1.1158e-08	1.1017e-08	1.0976e-08	1.1034e-08	1.0864e-08	1.0734e-08	1.0384e-08	9.7949e-09	9.9783e-09	1.0536e-08	1.0714e-08	1.0838e-08	1.06e-08	1.1044e-08	1.4776e-08	2.3252e-08	3.4859e-08	5.0528e-08	6.5196e-08	8.0344e-08	8.0344e-08	9.4014e-08	1.069e-07	1.1686e-07	1.2587e-07	1.3331e-07	1.3988e-07	1.4655e-07	1.4942e-07	1.4888e-07	1.4693e-07	1.4651e-07	1.4753e-07	1.4738e-07	1.4411e-07	1.3853e-07	1.3194e-07	1.2365e-07	1.1616e-07	1.0808e-07	9.9781e-08	9.1042e-08	8.0974e-08	7.2512e-08	6.4278e-08	5.5813e-08	4.7638e-08	3.7885e-08	2.9681e-08	2.1763e-08	1.4623e-08	1.0266e-08	7.7628e-09	6.4388e-09	5.8777e-09	6.0492e-09	5.8274e-09	5.8568e-09	5.8284e-09	6.0295e-09	6.3427e-09	6.2889e-09	6.4701e-09	6.3604e-09	6.4423e-09	6.1072e-09	5.8944e-09	6.119e-09	6.0017e-09	6.0017e-09	6.0252e-09	6.3501e-09	6.8112e-09	6.9144e-09	6.7458e-09	6.4761e-09	6.4912e-09	6.7953e-09	7.2653e-09	7.9382e-09	8.0015e-09	7.8037e-09	7.6904e-09	7.9463e-09	7.9352e-09	7.7307e-09	7.3725e-09	7.7066e-09	7.8118e-09	7.4484e-09	7.4812e-09	7.6891e-09	7.5983e-09	7.5589e-09	7.689e-09	7.902e-09	8.0009e-09	8.2744e-09	8.3057e-09	8.0476e-09	7.7946e-09	7.6371e-09	7.3016e-09	6.83e-09	7.1415e-09	7.0851e-09	7.0643e-09	7.1188e-09	6.8794e-09
1.3057e-08	1.2673e-08	1.2577e-08	1.2302e-08	1.1992e-08	1.2131e-08	1.2143e-08	1.2227e-08	1.2126e-08	1.2118e-08	1.2e-08	1.2005e-08	1.2214e-08	1.2163e-08	1.2006e-08	1.1869e-08	1.1681e-08	1.1679e-08	1.1778e-08	1.1811e-08	1.1901e-08	1.1818e-08	1.2011e-08	1.1865e-08	1.1669e-08	1.1524e-08	1.0854e-08	1.0959e-08	1.0923e-08	1.0902e-08	1.0828e-08	1.0777e-08	1.0799e-08	1.0616e-08	1.0515e-08	1.0221e-08	9.709e-09	9.8148e-09	1.0341e-08	1.0341e-08	1.0529e-08	1.0359e-08	1.0346e-08	1.1217e-08	1.5712e-08	2.4818e-08	3.9091e-08	5.2947e-08	6.7705e-08	8.2579e-08	9.5877e-08	1.0835e-07	1.1818e-07	1.2708e-07	1.345e-07	1.4096e-07	1.4735e-07	1.4964e-07	1.4876e-07	1.4678e-07	1.4649e-07	1.4755e-07	1.4712e-07	1.4345e-07	1.3744e-07	1.306e-07	1.2227e-07	1.1468e-07	1.0652e-07	9.8227e-08	8.9505e-08	7.9494e-08	7.104e-08	6.2789e-08	5.4346e-08	4.6167e-08	3.6529e-08	2.8319e-08	2.0438e-08	1.3723e-08	9.8086e-09	7.6458e-09	6.4566e-09	5.9465e-09	6.0557e-09	5.828e-09	5.8955e-09	5.8767e-09	5.8767e-09	6.1291e-09	6.513e-09	6.7659e-09	6.7155e-09	6.5489e-09	6.6638e-09	6.3481e-09	6.3371e-09	6.3358e-09	6.1856e-09	6.18e-09	6.5652e-09	7.0175e-09	7.0136e-09	6.7697e-09	6.4757e-09	6.5361e-09	6.9753e-09	7.4679e-09	8.1591e-09	8.2379e-09	7.983e-09	7.8714e-09	8.1426e-09	8.1139e-09	7.8993e-09	7.5566e-09	7.9845e-09	8.0267e-09	7.57e-09	7.5179e-09	7.7082e-09	7.7063e-09	7.8032e-09	7.9581e-09	8.0825e-09	8.112e-09	8.3448e-09	8.3917e-09	8.074e-09	7.7921e-09	7.6429e-09	7.3831e-09	6.8442e-09	7.1633e-09	7.2073e-09	7.2761e-09	7.3037e-09	6.9793e-09
1.2901e-08	1.2492e-08	1.2416e-08	1.217e-08	1.1881e-08	1.1917e-08	1.1852e-08	1.1909e-08	1.1798e-08	1.18e-08	1.175e-08	1.1794e-08	1.1979e-08	1.1911e-08	1.1743e-08	1.1675e-08	1.1476e-08	1.1506e-08	1.1597e-08	1.1695e-08	1.179e-08	1.1657e-08	1.1807e-08	1.1612e-08	1.1466e-08	1.1328e-08	1.0586e-08	1.0672e-08	1.065e-08	1.065e-08	1.0646e-08	1.0455e-08	1.0567e-08	1.0541e-08	1.0347e-08	1.0297e-08	9.9537e-09	9.6531e-09	9.6793e-09	1.0156e-08	1.0348e-08	1.0106e-08	1.0107e-08	1.1489e-08	1.6788e-08	2.6479e-08	4.1327e-08	5.542e-08	7.0231e-08	8.4796e-08	9.7719e-08	1.0982e-07	1.1952e-07	1.2829e-07	1.3569e-07	1.4205e-07	1.4807e-07	1.4979e-07	1.4866e-07	1.4675e-07	1.4662e-07	1.4765e-07	1.4686e-07	1.428e-07	1.3643e-07	1.2935e-07	1.2095e-07	1.1322e-07	1.0499e-07	9.67e-08	8.801e-08	7.8054e-08	6.9617e-08	6.1339e-08	5.2932e-08	4.4757e-08	3.5228e-08	2.7016e-08	1.9184e-08	1.9184e-08	1.2941e-08	9.1447e-09	7.5717e-09	6.5203e-09	6.0627e-09	6.0993e-09	5.957e-09	5.976e-09	5.9629e-09	6.2526e-09	6.6813e-09	6.9829e-09	6.9438e-09	6.7358e-09	6.8776e-09	6.593e-09	6.582e-09	6.5556e-09	6.3894e-09	6.3725e-09	6.7953e-09	7.2214e-09	7.1078e-09	6.8138e-09	6.5535e-09	6.664e-09	7.2028e-09	7.6976e-09	8.3701e-09	8.4611e-09	8.1714e-09	8.0595e-09	8.3328e-09	8.2974e-09	8.0933e-09	7.7998e-09	8.2915e-09	8.2564e-09	7.7048e-09	7.5619e-09	7.7307e-09	7.8085e-09	8.045e-09	8.2325e-09	8.2724e-09	8.2189e-09	8.4107e-09	8.4791e-09	8.4791e-09	8.1153e-09	7.8181e-09	7.7848e-09	7.5228e-09	6.9311e-09	7.2114e-09	7.3285e-09	7.6831e-09	7.508e-09
1.2719e-08	1.229e-08	1.2225e-08	1.2015e-08	1.1757e-08	1.1678e-08	1.1552e-08	1.1577e-08	1.1462e-08	1.1469e-08	1.1481e-08	1.1565e-08	1.1725e-08	1.1643e-08	1.1479e-08	1.1481e-08	1.1282e-08	1.1334e-08	1.1413e-08	1.1413e-08	1.1571e-08	1.1528e-08	1.1484e-08	1.157e-08	1.1328e-08	1.1232e-08	1.091e-08	1.0349e-08	1.0405e-08	1.0396e-08	1.04e-08	1.0286e-08	1.036e-08	1.0276e-08	1.0074e-08	1.009e-08	9.8561e-09	9.623e-09	9.5722e-09	9.9871e-09	1.0177e-08	9.8627e-09	9.9142e-09	1.1882e-08	1.8011e-08	2.825e-08	4.3637e-08	5.7934e-08	7.2753e-08	8.6995e-08	9.9551e-08	1.1134e-07	1.2089e-07	1.2951e-07	1.3688e-07	1.4312e-07	1.487e-07	1.4983e-07	1.4855e-07	1.4685e-07	1.469e-07	1.4783e-07	1.4659e-07	1.4216e-07	1.355e-07	1.282e-07	1.1967e-07	1.1177e-07	1.0348e-07	1.0348e-07	9.5197e-08	8.5114e-08	7.6646e-08	6.8233e-08	5.9919e-08	5.1561e-08	4.2063e-08	3.3961e-08	2.5759e-08	1.7999e-08	1.2259e-08	8.9016e-09	7.5247e-09	6.6098e-09	6.2052e-09	6.1705e-09	6.0717e-09	6.0969e-09	6.0894e-09	6.3956e-09	6.8348e-09	7.1477e-09	7.1253e-09	6.9011e-09	7.064e-09	6.8231e-09	6.8207e-09	6.7637e-09	6.6055e-09	6.6e-09	7.0309e-09	7.4179e-09	7.1965e-09	6.8791e-09	6.7039e-09	6.866e-09	7.4597e-09	7.94e-09	8.5628e-09	8.6638e-09	8.3596e-09	8.2454e-09	8.5099e-09	8.4763e-09	8.2986e-09	8.077e-09	8.6015e-09	8.4856e-09	8.4856e-09	7.851e-09	7.6161e-09	7.7895e-09	7.8992e-09	8.2687e-09	8.4991e-09	8.468e-09	8.4337e-09	8.4815e-09	8.5768e-09	8.1827e-09	7.8864e-09	7.9442e-09	7.7354e-09	7.116e-09	7.3016e-09	7.4511e-09	7.868e-09	7.7291e-09
1.2517e-08	1.2075e-08	1.2016e-08	1.1845e-08	1.1627e-08	1.1433e-08	1.1269e-08	1.1265e-08	1.1152e-08	1.1152e-08	1.1158e-08	1.0972e-08	1.1333e-08	1.1465e-08	1.1373e-08	1.1231e-08	1.1154e-08	1.111e-08	1.1172e-08	1.1229e-08	1.1439e-08	1.1379e-08	1.1303e-08	1.1308e-08	1.1024e-08	1.0975e-08	1.0707e-08	1.0148e-08	1.0167e-08	1.017e-08	1.0176e-08	1.0142e-08	1.017e-08	1.0022e-08	9.8165e-09	9.9042e-09	9.7866e-09	9.6145e-09	9.4937e-09	9.8423e-09	1.0022e-08	9.6443e-09	9.8024e-09	1.2419e-08	1.9387e-08	3.0142e-08	4.602e-08	6.0477e-08	7.5252e-08	8.9174e-08	1.0138e-07	1.1292e-07	1.2228e-07	1.3073e-07	1.3805e-07	1.4417e-07	1.492e-07	1.4976e-07	1.4843e-07	1.4843e-07	1.4709e-07	1.479e-07	1.4805e-07	1.463e-07	1.415e-07	1.346e-07	1.2608e-07	1.1842e-07	1.1033e-07	1.02e-07	9.3712e-08	8.3697e-08	7.5258e-08	6.6874e-08	5.8524e-08	5.0222e-08	4.0754e-08	3.2709e-08	2.4529e-08	1.6885e-08	1.1661e-08	8.6934e-09	7.489e-09	6.705e-09	6.3528e-09	6.2598e-09	6.2105e-09	6.2573e-09	6.2582e-09	6.5536e-09	6.9606e-09	7.2349e-09	7.2335e-09	7.0265e-09	7.2053e-09	7.0216e-09	7.047e-09	6.9563e-09	6.8283e-09	6.8542e-09	7.2651e-09	7.6046e-09	7.2822e-09	6.9639e-09	6.907e-09	7.1181e-09	7.7278e-09	8.1808e-09	8.1808e-09	8.7291e-09	8.8388e-09	8.6982e-09	8.4199e-09	8.6672e-09	8.6417e-09	8.501e-09	8.6339e-09	8.8883e-09	8.6991e-09	8.0069e-09	7.6834e-09	7.8278e-09	7.9725e-09	8.4587e-09	8.7448e-09	8.6653e-09	8.5481e-09	8.5668e-09	8.6937e-09	8.2871e-09	8.0112e-09	8.165e-09	8.0196e-09	7.4025e-09	7.4389e-09	7.5759e-09	8.0356e-09	7.9558e-09
1.1927e-08	1.2076e-08	1.1851e-08	1.1798e-08	1.1667e-08	1.1494e-08	1.0998e-08	1.1029e-08	1.1008e-08	1.0907e-08	1.0899e-08	1.0774e-08	1.111e-08	1.1211e-08	1.1114e-08	1.1019e-08	1.1036e-08	1.0966e-08	1.1022e-08	1.105e-08	1.1302e-08	1.1225e-08	1.1122e-08	1.1038e-08	1.0721e-08	1.0717e-08	1.0522e-08	9.9881e-09	9.9657e-09	9.9811e-09	9.9847e-09	1.0031e-08	1.0009e-08	9.7977e-09	9.5918e-09	9.7489e-09	9.7482e-09	9.6233e-09	9.444e-09	9.7286e-09	9.8874e-09	9.4646e-09	9.8047e-09	1.3122e-08	2.0925e-08	3.2167e-08	4.8472e-08	6.3036e-08	7.7706e-08	7.7706e-08	9.1332e-08	1.0508e-07	1.1457e-07	1.2371e-07	1.3195e-07	1.392e-07	1.4615e-07	1.496e-07	1.4962e-07	1.4833e-07	1.4743e-07	1.4851e-07	1.4827e-07	1.4597e-07	1.408e-07	1.3373e-07	1.2505e-07	1.1717e-07	1.0889e-07	1.0053e-07	9.2241e-08	8.2289e-08	7.3881e-08	6.553e-08	5.7145e-08	4.8904e-08	3.9451e-08	3.145e-08	2.3313e-08	1.5843e-08	1.1131e-08	8.5017e-09	7.4488e-09	6.7859e-09	6.4843e-09	6.3579e-09	6.3666e-09	6.4552e-09	6.4705e-09	6.7222e-09	7.0474e-09	7.2489e-09	7.2714e-09	7.1122e-09	7.3028e-09	7.187e-09	7.2609e-09	7.1359e-09	7.1359e-09	7.0534e-09	7.1236e-09	7.7096e-09	7.7792e-09	7.3672e-09	7.0665e-09	7.1427e-09	7.675e-09	7.9888e-09	8.4058e-09	8.8606e-09	8.9788e-09	8.8301e-09	8.5739e-09	8.7978e-09	8.7845e-09	8.6865e-09	8.8638e-09	9.1258e-09	8.8817e-09	8.1708e-09	7.7667e-09	7.8734e-09	8.0227e-09	8.5995e-09	8.9567e-09	8.8605e-09	8.6678e-09	8.6693e-09	8.8306e-09	8.4296e-09	8.1927e-09	8.4244e-09	8.3474e-09	7.7574e-09	7.6107e-09	7.7015e-09	8.1827e-09	8.1764e-09
1.1671e-08	1.2076e-08	1.1625e-08	1.1582e-08	1.1489e-08	1.1366e-08	1.0998e-08	1.0857e-08	1.0837e-08	1.0761e-08	1.0724e-08	1.0628e-08	1.0905e-08	1.0973e-08	1.0877e-08	1.0848e-08	1.0945e-08	1.0846e-08	1.0885e-08	1.088e-08	1.1162e-08	1.1068e-08	1.0948e-08	1.0777e-08	1.0439e-08	1.0477e-08	1.0366e-08	9.8742e-09	9.8111e-09	9.8379e-09	9.8377e-09	9.9617e-09	9.8921e-09	9.6208e-09	9.4182e-09	9.634e-09	9.7441e-09	9.6453e-09	9.4234e-09	9.4234e-09	9.6529e-09	9.7057e-09	9.3378e-09	9.9544e-09	1.4012e-08	2.2631e-08	3.6659e-08	5.099e-08	6.5601e-08	8.0103e-08	9.347e-08	1.0694e-07	1.1628e-07	1.2517e-07	1.3318e-07	1.4033e-07	1.4705e-07	1.499e-07	1.4943e-07	1.4824e-07	1.4784e-07	1.4912e-07	1.4845e-07	1.4556e-07	1.4006e-07	1.3284e-07	1.24e-07	1.1592e-07	1.0747e-07	9.9072e-08	9.0779e-08	8.0881e-08	7.2506e-08	6.4188e-08	5.5777e-08	4.7595e-08	3.8143e-08	3.0165e-08	2.2093e-08	1.4873e-08	1.0652e-08	8.3096e-09	7.3897e-09	6.8344e-09	6.5806e-09	6.4557e-09	6.5324e-09	6.6795e-09	6.6795e-09	6.7157e-09	6.8965e-09	7.1269e-09	7.2115e-09	7.259e-09	7.1688e-09	7.3688e-09	7.4485e-09	7.4622e-09	7.305e-09	7.2765e-09	7.3968e-09	7.9098e-09	7.9396e-09	7.4538e-09	7.1853e-09	7.3912e-09	7.9312e-09	8.2245e-09	8.6006e-09	8.9493e-09	9.0766e-09	8.9246e-09	8.698e-09	8.8949e-09	8.8953e-09	8.8408e-09	9.0283e-09	9.2881e-09	9.0182e-09	8.3408e-09	7.869e-09	7.9278e-09	8.0505e-09	8.6859e-09	9.1271e-09	9.0484e-09	8.7867e-09	8.7799e-09	8.976e-09	8.5948e-09	8.4094e-09	8.6975e-09	8.6882e-09	8.144e-09	7.8024e-09	7.8261e-09	8.3062e-09	8.379e-09
1.1439e-08	1.1849e-08	1.1404e-08	1.1377e-08	1.1319e-08	1.1248e-08	1.0845e-08	1.0757e-08	1.076e-08	1.0718e-08	1.0638e-08	1.0628e-08	1.0723e-08	1.0759e-08	1.0667e-08	1.0716e-08	1.0945e-08	1.0747e-08	1.0761e-08	1.0722e-08	1.102e-08	1.1068e-08	1.0788e-08	1.0543e-08	1.0201e-08	1.0277e-08	1.0366e-08	9.8112e-09	9.7118e-09	9.7118e-09	9.7497e-09	9.7467e-09	9.9438e-09	9.8318e-09	9.5092e-09	9.3139e-09	9.5692e-09	9.7775e-09	9.6762e-09	9.4321e-09	9.6226e-09	9.7057e-09	9.2791e-09	1.0279e-08	1.5106e-08	2.4507e-08	3.9115e-08	5.3568e-08	6.8174e-08	8.2455e-08	9.559e-08	1.0881e-07	1.1803e-07	1.2666e-07	1.3443e-07	1.4144e-07	1.4789e-07	1.5011e-07	1.4921e-07	1.4819e-07	1.483e-07	1.4967e-07	1.4853e-07	1.4507e-07	1.3925e-07	1.3191e-07	1.2289e-07	1.1463e-07	1.0604e-07	9.7621e-08	8.9322e-08	7.9466e-08	7.1121e-08	6.2836e-08	5.4411e-08	4.6286e-08	3.6816e-08	2.8835e-08	2.8835e-08	2.0857e-08	1.3976e-08	9.7995e-09	8.1168e-09	7.313e-09	6.8509e-09	6.6412e-09	6.641e-09	6.7003e-09	6.9136e-09	6.9765e-09	7.0715e-09	7.1438e-09	7.145e-09	7.2169e-09	7.2072e-09	7.4157e-09	7.56e-09	7.6506e-09	7.466e-09	7.4933e-09	7.6623e-09	8.0888e-09	8.0835e-09	7.5443e-09	7.3186e-09	7.6322e-09	8.1402e-09	8.4167e-09	8.7508e-09	8.9869e-09	9.1251e-09	8.9727e-09	8.7832e-09	8.9517e-09	8.9654e-09	8.95e-09	9.1175e-09	9.3651e-09	9.1029e-09	8.5141e-09	7.9909e-09	7.9939e-09	8.0672e-09	8.7292e-09	9.2569e-09	9.2217e-09	8.8979e-09	8.8888e-09	8.8888e-09	9.1167e-09	8.7657e-09	8.8535e-09	8.9595e-09	9.0113e-09	8.5258e-09	7.9997e-09	8.0659e-09	8.4028e-09
1.1244e-08	1.1626e-08	1.1191e-08	1.1187e-08	1.1161e-08	1.1142e-08	1.0746e-08	1.0717e-08	1.0758e-08	1.0753e-08	1.062e-08	1.0526e-08	1.0567e-08	1.0576e-08	1.0492e-08	1.0616e-08	1.0871e-08	1.0665e-08	1.0652e-08	1.0652e-08	1.0578e-08	1.0879e-08	1.0768e-08	1.0648e-08	1.0354e-08	1.0027e-08	1.0135e-08	1.0187e-08	9.8039e-09	9.6764e-09	9.7256e-09	9.7232e-09	9.9861e-09	9.8419e-09	9.4809e-09	9.2969e-09	9.5644e-09	9.8486e-09	9.7134e-09	9.4701e-09	9.6412e-09	9.6682e-09	9.3065e-09	1.0791e-08	1.6403e-08	2.6542e-08	3.9115e-08	5.6201e-08	7.0758e-08	8.4778e-08	9.7695e-08	1.0881e-07	1.1981e-07	1.2818e-07	1.357e-07	1.4254e-07	1.4789e-07	1.5024e-07	1.4902e-07	1.4819e-07	1.4877e-07	1.4967e-07	1.4849e-07	1.4447e-07	1.3835e-07	1.3091e-07	1.2289e-07	1.133e-07	1.133e-07	1.0461e-07	9.617e-08	8.7864e-08	7.8035e-08	6.9719e-08	6.1464e-08	5.3041e-08	4.4965e-08	3.5473e-08	2.747e-08	1.9617e-08	1.3157e-08	9.7995e-09	7.9322e-09	7.2287e-09	6.8464e-09	6.6769e-09	6.7286e-09	6.8625e-09	7.1413e-09	7.2356e-09	7.242e-09	7.1617e-09	7.0713e-09	7.1652e-09	7.2384e-09	7.4559e-09	7.6688e-09	7.8262e-09	7.6214e-09	7.6993e-09	7.9085e-09	8.2414e-09	8.2086e-09	7.6411e-09	7.4647e-09	7.8459e-09	8.2778e-09	8.5472e-09	8.8424e-09	8.9652e-09	9.117e-09	8.9731e-09	8.8263e-09	8.9665e-09	8.9919e-09	9.0089e-09	9.1459e-09	9.3728e-09	9.3728e-09	9.1457e-09	8.6865e-09	8.2819e-09	8.0747e-09	8.0848e-09	8.7425e-09	9.3481e-09	9.4942e-09	8.9945e-09	8.9861e-09	9.2399e-09	8.9254e-09	9.0333e-09	9.1855e-09	9.2861e-09	8.866e-09	8.1883e-09	8.1777e-09	8.4694e-09
1.1089e-08	1.1411e-08	1.0989e-08	1.1013e-08	1.1016e-08	1.1048e-08	1.0692e-08	1.0721e-08	1.0809e-08	1.0809e-08	1.084e-08	1.0649e-08	1.0421e-08	1.0442e-08	1.0431e-08	1.0356e-08	1.0543e-08	1.0749e-08	1.0598e-08	1.0556e-08	1.0453e-08	1.0742e-08	1.0633e-08	1.0535e-08	1.0226e-08	9.9372e-09	1.0073e-08	1.0187e-08	9.8573e-09	9.7139e-09	9.7746e-09	9.7787e-09	1.0091e-08	9.9284e-09	9.5451e-09	9.3763e-09	9.6237e-09	9.9504e-09	9.7591e-09	9.5368e-09	9.7025e-09	9.6686e-09	9.4385e-09	1.1499e-08	1.7899e-08	2.8724e-08	4.1687e-08	5.8882e-08	7.3354e-08	8.7087e-08	9.979e-08	1.1068e-07	1.2159e-07	1.2971e-07	1.37e-07	1.4363e-07	1.4864e-07	1.5032e-07	1.4887e-07	1.4887e-07	1.4825e-07	1.4922e-07	1.5037e-07	1.4827e-07	1.4373e-07	1.3734e-07	1.2981e-07	1.2039e-07	1.1191e-07	1.0318e-07	9.4717e-08	8.6402e-08	7.6592e-08	6.8301e-08	6.0073e-08	5.1669e-08	4.3632e-08	3.4123e-08	2.6093e-08	1.8403e-08	1.2423e-08	9.4322e-09	7.7648e-09	7.1471e-09	6.8323e-09	6.6985e-09	6.7286e-09	7.0113e-09	7.3459e-09	7.4755e-09	7.4031e-09	7.1617e-09	7.0126e-09	7.1244e-09	7.2732e-09	7.502e-09	7.6688e-09	7.9887e-09	7.7738e-09	7.8904e-09	8.1239e-09	8.2414e-09	8.3128e-09	7.7465e-09	7.6219e-09	8.0123e-09	8.2778e-09	8.6119e-09	8.6119e-09	8.8733e-09	8.887e-09	9.0544e-09	8.938e-09	8.8343e-09	8.9459e-09	8.9828e-09	9.0271e-09	9.1306e-09	9.3299e-09	9.1579e-09	8.8535e-09	8.4446e-09	8.1731e-09	8.1158e-09	8.7387e-09	9.4023e-09	9.5784e-09	9.0698e-09	9.0617e-09	9.3325e-09	9.0571e-09	9.1534e-09	9.3506e-09	9.4819e-09	9.1281e-09	8.3536e-09	8.2819e-09	8.5028e-09
1.0816e-08	1.0967e-08	1.101e-08	1.0801e-08	1.0854e-08	1.0883e-08	1.0965e-08	1.068e-08	1.0755e-08	1.0892e-08	1.0951e-08	1.0702e-08	1.04e-08	1.0352e-08	1.0332e-08	1.0268e-08	1.0492e-08	1.0686e-08	1.0542e-08	1.0474e-08	1.0348e-08	1.061e-08	1.0514e-08	1.0457e-08	1.0177e-08	9.9537e-09	1.0112e-08	1.0254e-08	9.9715e-09	9.826e-09	9.8982e-09	9.9163e-09	1.0244e-08	1.0075e-08	9.6853e-09	9.5344e-09	9.7358e-09	1.0074e-08	9.8163e-09	9.6312e-09	9.7981e-09	9.7074e-09	9.6937e-09	1.2411e-08	1.9592e-08	3.1039e-08	4.4354e-08	6.1606e-08	7.5965e-08	7.5965e-08	8.9399e-08	1.0188e-07	1.1439e-07	1.2336e-07	1.3126e-07	1.3835e-07	1.4471e-07	1.4989e-07	1.5034e-07	1.4879e-07	1.4839e-07	1.4961e-07	1.5042e-07	1.4784e-07	1.4285e-07	1.3621e-07	1.2858e-07	1.1897e-07	1.1046e-07	1.0174e-07	9.3261e-08	8.4936e-08	7.5142e-08	6.6876e-08	5.8671e-08	5.0299e-08	4.2291e-08	3.2775e-08	2.473e-08	1.7241e-08	1.1779e-08	9.1139e-09	7.6238e-09	7.0783e-09	6.8198e-09	6.7167e-09	6.8127e-09	7.139e-09	7.5111e-09	7.6789e-09	7.5497e-09	7.1929e-09	6.9909e-09	7.1148e-09	7.3225e-09	7.5664e-09	7.7826e-09	8.138e-09	8.138e-09	7.9256e-09	8.0621e-09	8.2972e-09	8.4528e-09	8.397e-09	7.8624e-09	7.7895e-09	8.1247e-09	8.3412e-09	8.6299e-09	8.8614e-09	8.773e-09	8.9544e-09	8.881e-09	8.8152e-09	8.8972e-09	8.9471e-09	9.0153e-09	9.0884e-09	9.255e-09	9.1509e-09	9.0107e-09	8.4446e-09	8.292e-09	8.1723e-09	8.7309e-09	9.4215e-09	9.5784e-09	9.1169e-09	9.1057e-09	9.3816e-09	9.1436e-09	9.1534e-09	9.4301e-09	9.5683e-09	9.2756e-09	8.4814e-09	8.2819e-09	8.5016e-09
1.0678e-08	1.087e-08	1.0825e-08	1.0629e-08	1.0708e-08	1.0762e-08	1.0892e-08	1.0702e-08	1.0804e-08	1.0987e-08	1.1061e-08	1.0758e-08	1.039e-08	1.0301e-08	1.0285e-08	1.0231e-08	1.0459e-08	1.0612e-08	1.0493e-08	1.0407e-08	1.0269e-08	1.0486e-08	1.0415e-08	1.0419e-08	1.0216e-08	1.0085e-08	1.0259e-08	1.0377e-08	1.0133e-08	9.9944e-09	1.0076e-08	1.0115e-08	1.0425e-08	1.0261e-08	9.8805e-09	9.7489e-09	9.886e-09	1.0211e-08	9.8881e-09	9.8881e-09	9.7524e-09	9.92e-09	9.9012e-09	1.009e-08	1.3536e-08	2.1475e-08	3.3474e-08	4.99e-08	6.4367e-08	7.8595e-08	9.1729e-08	1.0396e-07	1.1621e-07	1.2509e-07	1.3283e-07	1.3975e-07	1.4579e-07	1.5036e-07	1.5033e-07	1.4883e-07	1.4862e-07	1.4991e-07	1.5023e-07	1.472e-07	1.4182e-07	1.3497e-07	1.2723e-07	1.1746e-07	1.0896e-07	1.0029e-07	9.1806e-08	8.3472e-08	7.3694e-08	6.5452e-08	5.7268e-08	4.8937e-08	4.0948e-08	3.1438e-08	2.3405e-08	1.6162e-08	1.1231e-08	8.8521e-09	7.518e-09	7.0326e-09	6.8202e-09	6.7423e-09	6.8936e-09	7.2377e-09	7.2377e-09	7.6204e-09	7.8283e-09	7.6767e-09	7.3434e-09	7.0282e-09	7.1566e-09	7.3971e-09	7.6613e-09	8.0494e-09	8.2729e-09	8.076e-09	8.2114e-09	8.4239e-09	8.5185e-09	8.4677e-09	7.99e-09	7.9681e-09	8.1982e-09	8.3138e-09	8.6223e-09	8.8266e-09	8.6457e-09	8.8356e-09	8.8155e-09	8.7767e-09	8.8276e-09	8.8936e-09	8.9845e-09	9.0363e-09	9.1667e-09	9.1361e-09	9.1534e-09	8.6143e-09	8.4345e-09	8.2666e-09	8.732e-09	9.4074e-09	9.6179e-09	9.1289e-09	9.1083e-09	9.3742e-09	9.1683e-09	9.19e-09	9.4051e-09	9.5224e-09	9.2806e-09	8.5599e-09	8.3769e-09	8.4736e-09
1.056e-08	1.0789e-08	1.0654e-08	1.0475e-08	1.0575e-08	1.0655e-08	1.0828e-08	1.0731e-08	1.0852e-08	1.1073e-08	1.1142e-08	1.0795e-08	1.0381e-08	1.0294e-08	1.0299e-08	1.0254e-08	1.0439e-08	1.0524e-08	1.0449e-08	1.0356e-08	1.0216e-08	1.0374e-08	1.0341e-08	1.0416e-08	1.0325e-08	1.0306e-08	1.0492e-08	1.0541e-08	1.0327e-08	1.0327e-08	1.0197e-08	1.0284e-08	1.0595e-08	1.0615e-08	1.0466e-08	1.0109e-08	9.997e-09	1.0243e-08	1.0353e-08	9.9775e-09	9.8996e-09	1.006e-08	1.0057e-08	1.0647e-08	1.4883e-08	2.3547e-08	3.6016e-08	5.274e-08	6.716e-08	8.1245e-08	9.4093e-08	1.0604e-07	1.18e-07	1.2677e-07	1.344e-07	1.412e-07	1.4687e-07	1.5073e-07	1.5029e-07	1.4896e-07	1.4891e-07	1.5012e-07	1.4984e-07	1.4637e-07	1.4065e-07	1.3362e-07	1.2577e-07	1.159e-07	1.0743e-07	9.8847e-08	9.0354e-08	8.2014e-08	7.2256e-08	6.4037e-08	5.5871e-08	4.7587e-08	3.9607e-08	3.0122e-08	3.0122e-08	2.2144e-08	1.5193e-08	1.0787e-08	8.5265e-09	7.4567e-09	7.0202e-09	6.8449e-09	6.7861e-09	7.0456e-09	7.3e-09	7.6575e-09	7.9066e-09	7.7792e-09	7.4777e-09	7.1317e-09	7.2566e-09	7.4999e-09	7.7902e-09	8.1954e-09	8.391e-09	8.219e-09	8.337e-09	8.5115e-09	8.5682e-09	8.5315e-09	8.1306e-09	8.1585e-09	8.25e-09	8.2801e-09	8.6103e-09	8.7888e-09	8.5273e-09	8.7164e-09	8.7549e-09	8.7269e-09	8.7445e-09	8.8313e-09	8.9456e-09	8.9912e-09	9.0834e-09	9.1249e-09	9.2773e-09	8.788e-09	8.6034e-09	8.4109e-09	8.755e-09	9.3618e-09	9.605e-09	9.1011e-09	9.1011e-09	9.0623e-09	9.3013e-09	9.1187e-09	8.9782e-09	9.2897e-09	9.3625e-09	9.1624e-09	8.5922e-09	8.5348e-09
1.0458e-08	1.0717e-08	1.0497e-08	1.0343e-08	1.0454e-08	1.0561e-08	1.0774e-08	1.0756e-08	1.0886e-08	1.1129e-08	1.1168e-08	1.0792e-08	1.0369e-08	1.0332e-08	1.0375e-08	1.0336e-08	1.0427e-08	1.043e-08	1.0414e-08	1.0414e-08	1.0323e-08	1.0192e-08	1.0213e-08	1.0293e-08	1.0445e-08	1.0485e-08	1.0584e-08	1.1092e-08	1.073e-08	1.0536e-08	1.0412e-08	1.0497e-08	1.0825e-08	1.0797e-08	1.0671e-08	1.0351e-08	1.0256e-08	1.0421e-08	1.049e-08	1.0088e-08	1.0072e-08	1.021e-08	1.0252e-08	1.1383e-08	1.6461e-08	2.5803e-08	3.8651e-08	5.56e-08	6.9978e-08	8.3918e-08	9.6506e-08	1.0813e-07	1.1977e-07	1.284e-07	1.3598e-07	1.4269e-07	1.4793e-07	1.5102e-07	1.5024e-07	1.4918e-07	1.4925e-07	1.5022e-07	1.4926e-07	1.4537e-07	1.3938e-07	1.3218e-07	1.2424e-07	1.1429e-07	1.1429e-07	1.0588e-07	9.7398e-08	8.8909e-08	7.9133e-08	7.0834e-08	6.2639e-08	5.449e-08	4.6256e-08	3.6948e-08	2.8836e-08	2.097e-08	1.4363e-08	1.0451e-08	8.4773e-09	7.4487e-09	7.0513e-09	6.9049e-09	6.8589e-09	7.1183e-09	7.3261e-09	7.6215e-09	7.9116e-09	7.8562e-09	7.64e-09	7.2851e-09	7.3997e-09	7.6212e-09	7.941e-09	8.3375e-09	8.4894e-09	8.3479e-09	8.438e-09	8.5681e-09	8.6099e-09	8.5955e-09	8.2852e-09	8.3614e-09	8.2972e-09	8.2649e-09	8.615e-09	8.7677e-09	8.4403e-09	8.6154e-09	8.7127e-09	8.6735e-09	8.6553e-09	8.7692e-09	8.9095e-09	8.97e-09	8.97e-09	9.0239e-09	9.1285e-09	9.3778e-09	9.1339e-09	8.7994e-09	8.6127e-09	8.8096e-09	9.2873e-09	9.4154e-09	9.0389e-09	8.9761e-09	9.1744e-09	9.0072e-09	8.775e-09	9.1084e-09	9.1206e-09	8.9557e-09	8.5859e-09	8.5957e-09
1.0369e-08	1.0646e-08	1.0355e-08	1.0235e-08	1.0345e-08	1.0481e-08	1.0728e-08	1.0772e-08	1.0896e-08	1.0896e-08	1.1142e-08	1.1122e-08	1.0639e-08	1.0356e-08	1.0406e-08	1.0499e-08	1.0466e-08	1.0434e-08	1.0341e-08	1.039e-08	1.031e-08	1.0197e-08	1.018e-08	1.0276e-08	1.0502e-08	1.0673e-08	1.0886e-08	1.14e-08	1.0931e-08	1.0745e-08	1.0617e-08	1.0691e-08	1.1014e-08	1.095e-08	1.0854e-08	1.0584e-08	1.0505e-08	1.0579e-08	1.0615e-08	1.0221e-08	1.0269e-08	1.0361e-08	1.0489e-08	1.2313e-08	1.8275e-08	2.8239e-08	4.1366e-08	5.8475e-08	7.2817e-08	8.6609e-08	9.896e-08	1.1022e-07	1.2151e-07	1.3001e-07	1.3756e-07	1.4419e-07	1.4894e-07	1.5123e-07	1.5123e-07	1.502e-07	1.4946e-07	1.496e-07	1.501e-07	1.4853e-07	1.4423e-07	1.3799e-07	1.3067e-07	1.2101e-07	1.1266e-07	1.0433e-07	9.595e-08	8.7474e-08	7.7719e-08	6.9437e-08	6.1267e-08	5.3133e-08	4.4947e-08	3.564e-08	2.7588e-08	1.9908e-08	1.37e-08	1.0231e-08	8.5029e-09	7.4952e-09	7.1288e-09	7.0041e-09	6.9648e-09	7.1931e-09	7.3299e-09	7.5369e-09	7.8657e-09	7.9137e-09	7.8163e-09	7.4693e-09	7.5684e-09	7.7498e-09	8.1007e-09	8.4662e-09	8.5654e-09	8.4562e-09	8.5135e-09	8.6024e-09	8.6517e-09	8.6663e-09	8.455e-09	8.5776e-09	8.3569e-09	8.293e-09	8.293e-09	8.6576e-09	8.7834e-09	8.4071e-09	8.5419e-09	8.7023e-09	8.6246e-09	8.5671e-09	8.7161e-09	8.8867e-09	8.9859e-09	9.0029e-09	9.1556e-09	9.4512e-09	9.2962e-09	9.0104e-09	8.855e-09	8.8881e-09	9.1898e-09	9.2588e-09	8.9509e-09	8.863e-09	9.0118e-09	8.8545e-09	8.5447e-09	8.8855e-09	8.8284e-09	8.6949e-09	8.5488e-09	8.6432e-09
1.0219e-08	1.029e-08	1.0479e-08	1.0231e-08	1.0153e-08	1.0248e-08	1.0416e-08	1.0666e-08	1.0782e-08	1.0886e-08	1.1119e-08	1.1021e-08	1.0522e-08	1.0349e-08	1.0508e-08	1.0657e-08	1.0626e-08	1.0457e-08	1.0266e-08	1.0381e-08	1.0319e-08	1.0231e-08	1.0188e-08	1.0292e-08	1.0582e-08	1.0869e-08	1.1181e-08	1.1672e-08	1.1128e-08	1.0939e-08	1.079e-08	1.0841e-08	1.1138e-08	1.1057e-08	1.0995e-08	1.0787e-08	1.0719e-08	1.0705e-08	1.0719e-08	1.0381e-08	1.0488e-08	1.0507e-08	1.078e-08	1.3436e-08	2.0307e-08	3.0833e-08	4.4153e-08	6.1368e-08	6.1368e-08	7.5676e-08	8.9308e-08	1.0144e-07	1.1437e-07	1.2325e-07	1.316e-07	1.3913e-07	1.4565e-07	1.5071e-07	1.5138e-07	1.5019e-07	1.4977e-07	1.4993e-07	1.4986e-07	1.4765e-07	1.4298e-07	1.3653e-07	1.2909e-07	1.1936e-07	1.1105e-07	1.0278e-07	9.4503e-08	8.6052e-08	7.633e-08	6.8072e-08	5.9928e-08	5.1809e-08	4.3666e-08	3.4349e-08	2.6384e-08	1.8966e-08	1.3208e-08	1.012e-08	8.5831e-09	7.5842e-09	7.2444e-09	7.1341e-09	7.0974e-09	7.2742e-09	7.3261e-09	7.4306e-09	7.7935e-09	7.9583e-09	7.993e-09	7.6656e-09	7.7454e-09	7.8747e-09	8.2559e-09	8.572e-09	8.572e-09	8.6162e-09	8.5373e-09	8.5624e-09	8.637e-09	8.7016e-09	8.7509e-09	8.6412e-09	8.8078e-09	8.5823e-09	8.3891e-09	8.7592e-09	8.8555e-09	8.4501e-09	8.6014e-09	8.7336e-09	8.5865e-09	8.4866e-09	8.6792e-09	8.9042e-09	9.0325e-09	9.0154e-09	9.2002e-09	9.4969e-09	9.4425e-09	9.2207e-09	9.1123e-09	8.977e-09	9.0767e-09	9.0771e-09	8.8461e-09	8.7365e-09	8.8319e-09	8.6807e-09	8.3154e-09	8.6457e-09	8.5179e-09	8.4147e-09	8.4887e-09	8.6764e-09
1.0046e-08	1.0219e-08	1.0479e-08	1.0131e-08	1.0102e-08	1.0172e-08	1.0371e-08	1.0666e-08	1.0792e-08	1.0867e-08	1.1072e-08	1.0886e-08	1.0522e-08	1.0353e-08	1.0627e-08	1.083e-08	1.0801e-08	1.0494e-08	1.0216e-08	1.039e-08	1.0353e-08	1.0296e-08	1.0245e-08	1.0345e-08	1.068e-08	1.1052e-08	1.1437e-08	1.1879e-08	1.1305e-08	1.1101e-08	1.0908e-08	1.0924e-08	1.1173e-08	1.11e-08	1.1076e-08	1.0941e-08	1.0879e-08	1.0796e-08	1.0803e-08	1.0803e-08	1.0561e-08	1.0722e-08	1.0802e-08	1.1146e-08	1.4737e-08	2.2522e-08	3.356e-08	4.9909e-08	6.4282e-08	7.855e-08	9.2007e-08	1.0392e-07	1.1642e-07	1.2499e-07	1.3318e-07	1.4069e-07	1.4706e-07	1.5141e-07	1.5147e-07	1.5021e-07	1.5011e-07	1.5021e-07	1.495e-07	1.4667e-07	1.4163e-07	1.35e-07	1.2747e-07	1.1772e-07	1.0946e-07	1.0126e-07	9.3059e-08	8.4646e-08	7.4964e-08	6.674e-08	5.8625e-08	5.0518e-08	4.2413e-08	3.3069e-08	2.5217e-08	1.8126e-08	1.285e-08	1.0087e-08	8.6958e-09	7.7028e-09	7.3884e-09	7.2851e-09	7.2492e-09	7.3657e-09	7.3657e-09	7.3297e-09	7.3295e-09	7.7199e-09	8.0354e-09	8.1561e-09	7.8553e-09	7.9136e-09	7.9848e-09	8.5005e-09	8.6454e-09	8.639e-09	8.5847e-09	8.5838e-09	8.6543e-09	8.7679e-09	8.8561e-09	8.8449e-09	9.0529e-09	8.7764e-09	8.5707e-09	8.9344e-09	8.9979e-09	8.5848e-09	8.7159e-09	8.7977e-09	8.5578e-09	8.4149e-09	8.6568e-09	8.9313e-09	9.0967e-09	9.0498e-09	9.2515e-09	9.5155e-09	9.5659e-09	9.4143e-09	9.3596e-09	9.063e-09	8.9552e-09	8.8826e-09	8.7332e-09	8.6099e-09	8.653e-09	8.5065e-09	8.1154e-09	8.4135e-09	8.2207e-09	8.1495e-09	8.4131e-09	8.33e-09
9.8953e-09	1.0166e-08	1.039e-08	1.0064e-08	1.0087e-08	1.0123e-08	1.0352e-08	1.066e-08	1.0809e-08	1.0845e-08	1.1012e-08	1.0739e-08	1.0405e-08	1.0373e-08	1.0753e-08	1.1004e-08	1.0975e-08	1.0494e-08	1.0202e-08	1.042e-08	1.0415e-08	1.0393e-08	1.0245e-08	1.0438e-08	1.0794e-08	1.12e-08	1.1621e-08	1.1879e-08	1.1449e-08	1.1449e-08	1.1216e-08	1.0954e-08	1.0918e-08	1.1129e-08	1.1085e-08	1.1101e-08	1.1045e-08	1.0984e-08	1.086e-08	1.0871e-08	1.0751e-08	1.0958e-08	1.0802e-08	1.1607e-08	1.6202e-08	2.4887e-08	3.639e-08	4.9909e-08	6.722e-08	8.1436e-08	9.4696e-08	1.0639e-07	1.1642e-07	1.2674e-07	1.3478e-07	1.4223e-07	1.4837e-07	1.5195e-07	1.5153e-07	1.5029e-07	1.5044e-07	1.5041e-07	1.4901e-07	1.4559e-07	1.4021e-07	1.3341e-07	1.2581e-07	1.161e-07	1.0792e-07	9.977e-08	9.1618e-08	8.3258e-08	7.3617e-08	6.5432e-08	5.7345e-08	4.9251e-08	4.1177e-08	3.1795e-08	3.1795e-08	2.4081e-08	1.7366e-08	1.2587e-08	1.0135e-08	8.819e-09	7.8378e-09	7.5512e-09	7.4478e-09	7.5804e-09	7.4716e-09	7.3558e-09	7.2604e-09	7.6697e-09	8.081e-09	8.2918e-09	8.0193e-09	8.0555e-09	8.0691e-09	8.5633e-09	8.6771e-09	8.6311e-09	8.5917e-09	8.5767e-09	8.6809e-09	8.856e-09	8.9859e-09	9.065e-09	9.311e-09	9.0094e-09	8.8157e-09	9.1628e-09	9.1926e-09	8.7908e-09	8.8633e-09	8.8796e-09	8.5347e-09	8.3518e-09	8.6439e-09	8.9596e-09	9.1659e-09	9.0945e-09	9.2989e-09	9.5075e-09	9.6594e-09	9.5753e-09	9.5715e-09	9.1327e-09	8.8324e-09	8.6875e-09	8.6875e-09	8.6209e-09	8.4965e-09	8.4934e-09	8.2384e-09	7.973e-09	8.2133e-09	7.9689e-09	7.9341e-09	8.2467e-09
9.7835e-09	1.0139e-08	1.0314e-08	1.0037e-08	1.0113e-08	1.0111e-08	1.0364e-08	1.0678e-08	1.0837e-08	1.083e-08	1.095e-08	1.06e-08	1.0306e-08	1.0414e-08	1.0878e-08	1.1161e-08	1.1133e-08	1.0547e-08	1.0234e-08	1.0234e-08	1.0475e-08	1.0507e-08	1.0522e-08	1.0538e-08	1.0574e-08	1.0917e-08	1.1294e-08	1.1704e-08	1.2017e-08	1.1557e-08	1.1287e-08	1.0931e-08	1.0831e-08	1.1031e-08	1.1032e-08	1.1087e-08	1.1107e-08	1.1041e-08	1.0902e-08	1.0928e-08	1.094e-08	1.1186e-08	1.0971e-08	1.2183e-08	1.7817e-08	2.7366e-08	3.9295e-08	5.2864e-08	7.0184e-08	8.4331e-08	9.7367e-08	1.0882e-07	1.1845e-07	1.2849e-07	1.3641e-07	1.4375e-07	1.4956e-07	1.5195e-07	1.5156e-07	1.5043e-07	1.5074e-07	1.5049e-07	1.4901e-07	1.4443e-07	1.3874e-07	1.3179e-07	1.2414e-07	1.161e-07	1.145e-07	1.0641e-07	9.8306e-08	9.0182e-08	8.1881e-08	7.2281e-08	6.4136e-08	5.6076e-08	4.7995e-08	3.9946e-08	3.0522e-08	2.2969e-08	1.6665e-08	1.2378e-08	1.0135e-08	8.9308e-09	7.9761e-09	7.7234e-09	7.6124e-09	7.5804e-09	7.596e-09	7.4191e-09	7.2502e-09	7.6675e-09	8.1401e-09	8.3863e-09	8.139e-09	8.1538e-09	8.1165e-09	8.5726e-09	8.6603e-09	8.591e-09	8.554e-09	8.5412e-09	8.715e-09	8.9585e-09	9.1295e-09	9.2881e-09	9.5665e-09	9.252e-09	9.0894e-09	9.4126e-09	9.4109e-09	9.0362e-09	9.0212e-09	8.9642e-09	8.5133e-09	8.2972e-09	8.6357e-09	8.9806e-09	8.9806e-09	9.2269e-09	9.138e-09	9.3316e-09	9.4143e-09	9.716e-09	9.6876e-09	9.7228e-09	9.1725e-09	8.6123e-09	8.5039e-09	8.5182e-09	8.4097e-09	8.3714e-09	8.1844e-09	7.9152e-09	8.0689e-09	7.793e-09	7.8016e-09	8.167e-09
9.7268e-09	1.0147e-08	1.0264e-08	1.0058e-08	1.0182e-08	1.0144e-08	1.0414e-08	1.0725e-08	1.0884e-08	1.0884e-08	1.0829e-08	1.0898e-08	1.0492e-08	1.0236e-08	1.0482e-08	1.0992e-08	1.1286e-08	1.1258e-08	1.071e-08	1.0321e-08	1.0558e-08	1.063e-08	1.0683e-08	1.0769e-08	1.0745e-08	1.1049e-08	1.1337e-08	1.1693e-08	1.1971e-08	1.1633e-08	1.1321e-08	1.0859e-08	1.0693e-08	1.0907e-08	1.096e-08	1.105e-08	1.1137e-08	1.1062e-08	1.0929e-08	1.098e-08	1.1118e-08	1.1393e-08	1.1166e-08	1.2895e-08	1.9567e-08	2.9927e-08	4.2248e-08	5.586e-08	7.3179e-08	8.7233e-08	1.0001e-07	1.1121e-07	1.2045e-07	1.3027e-07	1.3809e-07	1.4524e-07	1.5058e-07	1.523e-07	1.5246e-07	1.5158e-07	1.5065e-07	1.5101e-07	1.5045e-07	1.4769e-07	1.4323e-07	1.3725e-07	1.3015e-07	1.2246e-07	1.1294e-07	1.0494e-07	9.6863e-08	8.8748e-08	8.0513e-08	7.095e-08	6.2843e-08	5.4807e-08	4.674e-08	3.871e-08	2.9244e-08	2.1874e-08	1.6001e-08	1.2182e-08	1.0152e-08	9.0092e-09	8.1048e-09	7.8952e-09	7.7694e-09	7.7448e-09	7.743e-09	7.5346e-09	7.3258e-09	7.7382e-09	8.1401e-09	8.4285e-09	8.1997e-09	8.1956e-09	8.1193e-09	8.5726e-09	8.603e-09	8.5246e-09	8.4793e-09	8.4839e-09	8.715e-09	9.0636e-09	9.2716e-09	9.497e-09	9.7991e-09	9.252e-09	9.4751e-09	9.357e-09	9.652e-09	9.6246e-09	9.2888e-09	9.1673e-09	9.0364e-09	8.4895e-09	8.2507e-09	8.6275e-09	8.9861e-09	9.2671e-09	9.1688e-09	9.3388e-09	9.4143e-09	9.7289e-09	9.7354e-09	9.7883e-09	9.1691e-09	8.6123e-09	8.3437e-09	8.4334e-09	8.3623e-09	8.3045e-09	8.1903e-09	7.9427e-09	7.9853e-09	7.6995e-09	7.7573e-09	8.0907e-09
9.8701e-09	9.7415e-09	1.0201e-08	1.0292e-08	1.0133e-08	1.0301e-08	1.0229e-08	1.0507e-08	1.0927e-08	1.0955e-08	1.0851e-08	1.0868e-08	1.0436e-08	1.0303e-08	1.0582e-08	1.1085e-08	1.1364e-08	1.1336e-08	1.082e-08	1.0461e-08	1.0667e-08	1.0781e-08	1.087e-08	1.1034e-08	1.0941e-08	1.1187e-08	1.1346e-08	1.1615e-08	1.1873e-08	1.1679e-08	1.1328e-08	1.076e-08	1.0529e-08	1.0783e-08	1.0888e-08	1.1006e-08	1.1143e-08	1.1054e-08	1.0947e-08	1.1031e-08	1.1275e-08	1.1566e-08	1.1397e-08	1.3764e-08	2.1438e-08	3.2534e-08	4.5221e-08	5.889e-08	6.1946e-08	7.6206e-08	9.0138e-08	1.0262e-07	1.1352e-07	1.2435e-07	1.3208e-07	1.398e-07	1.467e-07	1.5143e-07	1.5248e-07	1.5161e-07	1.5094e-07	1.5124e-07	1.503e-07	1.469e-07	1.42e-07	1.3575e-07	1.2851e-07	1.208e-07	1.114e-07	1.035e-07	9.5437e-08	8.7318e-08	7.9147e-08	6.9615e-08	6.1541e-08	5.3523e-08	4.5473e-08	3.7456e-08	2.7955e-08	2.0791e-08	1.5354e-08	1.196e-08	1.0124e-08	9.0322e-09	8.2106e-09	8.0571e-09	7.9092e-09	7.8985e-09	7.9142e-09	7.7123e-09	7.5061e-09	7.8989e-09	8.2169e-09	8.422e-09	8.2089e-09	8.1908e-09	8.0875e-09	8.5378e-09	8.4749e-09	8.5179e-09	8.4399e-09	8.3788e-09	8.4131e-09	8.786e-09	9.1596e-09	9.3966e-09	9.6745e-09	9.9888e-09	9.6494e-09	9.5836e-09	9.8493e-09	9.805e-09	9.5166e-09	9.2794e-09	9.0813e-09	8.4596e-09	8.212e-09	8.6144e-09	8.9676e-09	9.2734e-09	9.1753e-09	9.3099e-09	9.3302e-09	9.6915e-09	9.7035e-09	9.7438e-09	9.1097e-09	8.5291e-09	8.2107e-09	8.3682e-09	8.3545e-09	8.2925e-09	8.1903e-09	8.0309e-09	7.9494e-09	7.6709e-09	7.7793e-09	8.0907e-09
1.0051e-08	9.844e-09	1.0309e-08	1.0396e-08	1.0272e-08	1.0474e-08	1.0375e-08	1.0648e-08	1.109e-08	1.1054e-08	1.0903e-08	1.0869e-08	1.0451e-08	1.044e-08	1.0711e-08	1.116e-08	1.14e-08	1.1372e-08	1.0948e-08	1.0641e-08	1.0799e-08	1.0951e-08	1.1074e-08	1.1314e-08	1.1149e-08	1.1331e-08	1.1338e-08	1.1497e-08	1.1744e-08	1.17e-08	1.1317e-08	1.0652e-08	1.0369e-08	1.0685e-08	1.0835e-08	1.0974e-08	1.1134e-08	1.1029e-08	1.0994e-08	1.0962e-08	1.1085e-08	1.1399e-08	1.1695e-08	1.2006e-08	1.4808e-08	2.3415e-08	3.5154e-08	4.8185e-08	6.502e-08	7.926e-08	9.3036e-08	1.0518e-07	1.1576e-07	1.2624e-07	1.339e-07	1.4154e-07	1.4809e-07	1.5212e-07	1.524e-07	1.5165e-07	1.5127e-07	1.5142e-07	1.5006e-07	1.4605e-07	1.4076e-07	1.3426e-07	1.269e-07	1.1916e-07	1.099e-07	1.0208e-07	9.4023e-08	8.5891e-08	7.778e-08	6.8271e-08	6.0221e-08	5.2214e-08	4.4184e-08	3.6175e-08	2.6649e-08	1.9712e-08	1.4701e-08	1.1672e-08	1.002e-08	8.9824e-09	8.2823e-09	8.2003e-09	8.0233e-09	8.0342e-09	8.1466e-09	8.0981e-09	7.9361e-09	7.7684e-09	8.1277e-09	8.3846e-09	8.375e-09	8.1814e-09	8.1571e-09	8.0369e-09	8.3998e-09	8.418e-09	8.3451e-09	8.2642e-09	8.3371e-09	8.8132e-09	9.2346e-09	9.489e-09	9.8032e-09	1.0116e-08	9.7458e-09	9.7346e-09	9.9726e-09	9.9238e-09	9.6875e-09	9.3351e-09	9.0837e-09	8.4197e-09	8.181e-09	8.5916e-09	8.9171e-09	9.2334e-09	9.1464e-09	9.2344e-09	9.2219e-09	9.6029e-09	9.5916e-09	9.5898e-09	8.9938e-09	8.4653e-09	8.1008e-09	8.3178e-09	8.374e-09	8.3179e-09	8.2366e-09	8.1541e-09	7.9475e-09	7.6891e-09	7.8446e-09	7.8446e-09
1.0312e-08	1.005e-08	1.0481e-08	1.0575e-08	1.0479e-08	1.0704e-08	1.0589e-08	1.0843e-08	1.1288e-08	1.118e-08	1.0986e-08	1.0905e-08	1.0538e-08	1.0634e-08	1.0863e-08	1.1223e-08	1.1407e-08	1.1381e-08	1.109e-08	1.0852e-08	1.0952e-08	1.1134e-08	1.1285e-08	1.1588e-08	1.1357e-08	1.1478e-08	1.1327e-08	1.1365e-08	1.1602e-08	1.1602e-08	1.1699e-08	1.1297e-08	1.0556e-08	1.0168e-08	1.0641e-08	1.0821e-08	1.0968e-08	1.112e-08	1.096e-08	1.0981e-08	1.1148e-08	1.1481e-08	1.1767e-08	1.2408e-08	1.6039e-08	2.5489e-08	3.7768e-08	5.1126e-08	6.8102e-08	8.2323e-08	9.5909e-08	1.0769e-07	1.1792e-07	1.2812e-07	1.3572e-07	1.4328e-07	1.4942e-07	1.5267e-07	1.5228e-07	1.5173e-07	1.5164e-07	1.5157e-07	1.4974e-07	1.4518e-07	1.3954e-07	1.328e-07	1.2533e-07	1.1757e-07	1.0843e-07	1.0068e-07	9.2617e-08	8.4467e-08	7.6407e-08	6.6911e-08	5.8871e-08	5.0867e-08	4.2859e-08	3.4853e-08	3.3484e-08	2.5324e-08	1.8634e-08	1.4027e-08	1.1285e-08	9.5217e-09	8.8662e-09	8.3185e-09	8.3196e-09	8.1087e-09	8.231e-09	8.2787e-09	8.1811e-09	8.0764e-09	8.3895e-09	8.4497e-09	8.2957e-09	8.1318e-09	8.1118e-09	7.9835e-09	8.3283e-09	8.3158e-09	8.2482e-09	8.1468e-09	8.2645e-09	8.8282e-09	9.277e-09	9.5333e-09	9.8659e-09	1.0159e-08	9.7351e-09	9.7751e-09	9.9902e-09	9.9523e-09	9.7695e-09	9.3132e-09	9.0293e-09	8.3658e-09	8.1572e-09	8.5543e-09	8.8321e-09	9.1444e-09	9.0787e-09	9.111e-09	9.0905e-09	9.4685e-09	9.4139e-09	9.3506e-09	8.833e-09	8.833e-09	8.3642e-09	8.0099e-09	8.277e-09	8.4082e-09	8.3626e-09	8.3702e-09	8.2865e-09	7.9657e-09	7.7356e-09	7.9301e-09
1.0654e-08	1.0374e-08	1.0725e-08	1.0818e-08	1.0741e-08	1.0977e-08	1.0858e-08	1.108e-08	1.1505e-08	1.1323e-08	1.1093e-08	1.0974e-08	1.0685e-08	1.0869e-08	1.1031e-08	1.128e-08	1.1402e-08	1.1378e-08	1.1245e-08	1.1245e-08	1.1082e-08	1.1122e-08	1.132e-08	1.169e-08	1.1838e-08	1.1553e-08	1.1628e-08	1.1331e-08	1.117e-08	1.1468e-08	1.1679e-08	1.1278e-08	1.0492e-08	1.0182e-08	1.0676e-08	1.0864e-08	1.1007e-08	1.1109e-08	1.0934e-08	1.1006e-08	1.1221e-08	1.1519e-08	1.1787e-08	1.29e-08	1.745e-08	2.7657e-08	4.0387e-08	5.4048e-08	7.1181e-08	8.5375e-08	9.8736e-08	1.1013e-07	1.2002e-07	1.2998e-07	1.3754e-07	1.4498e-07	1.5064e-07	1.531e-07	1.5217e-07	1.5187e-07	1.5204e-07	1.5169e-07	1.4937e-07	1.443e-07	1.3834e-07	1.3139e-07	1.2382e-07	1.1604e-07	1.1459e-07	1.0701e-07	9.9298e-08	9.1213e-08	8.3046e-08	7.3623e-08	6.5528e-08	5.7483e-08	4.9472e-08	4.149e-08	3.2076e-08	2.399e-08	1.7566e-08	1.3338e-08	1.0817e-08	9.1689e-09	8.6978e-09	8.3208e-09	8.4111e-09	8.1644e-09	8.2823e-09	8.4403e-09	8.4228e-09	8.3938e-09	8.6494e-09	8.4851e-09	8.1923e-09	8.0749e-09	8.0724e-09	7.9428e-09	8.2763e-09	8.2243e-09	8.1574e-09	8.0381e-09	8.2035e-09	8.8263e-09	9.2749e-09	9.514e-09	9.8454e-09	1.0099e-08	9.5895e-09	9.672e-09	9.8719e-09	9.8636e-09	9.7318e-09	9.2123e-09	8.9183e-09	8.2974e-09	8.1371e-09	8.1371e-09	8.426e-09	8.7154e-09	9.0127e-09	8.977e-09	8.9468e-09	8.7652e-09	9.2936e-09	9.1855e-09	9.0514e-09	8.6393e-09	8.3103e-09	7.9334e-09	8.2407e-09	8.4444e-09	8.4085e-09	8.4174e-09	8.4024e-09	7.9903e-09	7.7923e-09	8.0127e-09
1.1058e-08	1.0793e-08	1.1026e-08	1.1099e-08	1.1034e-08	1.127e-08	1.1157e-08	1.1339e-08	1.1725e-08	1.1725e-08	1.1477e-08	1.122e-08	1.1076e-08	1.1116e-08	1.1133e-08	1.1209e-08	1.134e-08	1.1399e-08	1.1396e-08	1.1411e-08	1.1322e-08	1.1306e-08	1.1502e-08	1.1865e-08	1.2043e-08	1.1726e-08	1.178e-08	1.1366e-08	1.116e-08	1.1361e-08	1.1643e-08	1.1269e-08	1.0479e-08	1.0292e-08	1.08e-08	1.0971e-08	1.1096e-08	1.1107e-08	1.0918e-08	1.1038e-08	1.1297e-08	1.1521e-08	1.1786e-08	1.3504e-08	1.9031e-08	2.9915e-08	4.302e-08	5.6959e-08	7.4247e-08	8.8395e-08	1.015e-07	1.1251e-07	1.2206e-07	1.3183e-07	1.3935e-07	1.4663e-07	1.5176e-07	1.5343e-07	1.5366e-07	1.5212e-07	1.5208e-07	1.5244e-07	1.5177e-07	1.4852e-07	1.4343e-07	1.372e-07	1.3006e-07	1.2239e-07	1.1323e-07	1.0563e-07	9.7919e-08	8.9808e-08	8.1627e-08	7.2212e-08	6.4126e-08	5.6063e-08	4.8038e-08	4.0083e-08	3.064e-08	2.2661e-08	1.6523e-08	1.2652e-08	1.0299e-08	8.7817e-09	8.4914e-09	8.2907e-09	8.4709e-09	8.1894e-09	8.2959e-09	8.5669e-09	8.6363e-09	8.6843e-09	8.8725e-09	8.4778e-09	8.0731e-09	8.0254e-09	8.0564e-09	7.9309e-09	8.2596e-09	8.1562e-09	8.0807e-09	7.9495e-09	8.1627e-09	8.8027e-09	9.2171e-09	9.4165e-09	9.7254e-09	9.9172e-09	9.6217e-09	9.3158e-09	9.4297e-09	9.6215e-09	9.6594e-09	9.3259e-09	9.0509e-09	8.765e-09	8.2165e-09	8.1139e-09	8.3323e-09	8.5704e-09	8.8454e-09	8.8461e-09	8.7491e-09	8.5745e-09	9.0836e-09	8.9212e-09	8.7175e-09	8.4249e-09	8.2431e-09	7.8673e-09	8.2037e-09	8.47e-09	8.4374e-09	8.4248e-09	8.4761e-09	8.0075e-09	7.8407e-09	8.0695e-09
1.1286e-08	1.1491e-08	1.1268e-08	1.1697e-08	1.1393e-08	1.1335e-08	1.1562e-08	1.1462e-08	1.1842e-08	1.1931e-08	1.1632e-08	1.1361e-08	1.1207e-08	1.1377e-08	1.1412e-08	1.1391e-08	1.1407e-08	1.1413e-08	1.1447e-08	1.1586e-08	1.1559e-08	1.15e-08	1.1673e-08	1.2008e-08	1.2185e-08	1.1863e-08	1.1931e-08	1.1448e-08	1.123e-08	1.1294e-08	1.1599e-08	1.1276e-08	1.0527e-08	1.0479e-08	1.0992e-08	1.1129e-08	1.1226e-08	1.1114e-08	1.0914e-08	1.1075e-08	1.137e-08	1.1501e-08	1.1796e-08	1.424e-08	2.0776e-08	3.226e-08	4.568e-08	5.9866e-08	6.2777e-08	7.7291e-08	9.1365e-08	1.0417e-07	1.1481e-07	1.26e-07	1.3367e-07	1.4113e-07	1.482e-07	1.5274e-07	1.5383e-07	1.5218e-07	1.5239e-07	1.5284e-07	1.5181e-07	1.4808e-07	1.426e-07	1.3612e-07	1.2881e-07	1.2106e-07	1.1194e-07	1.0428e-07	9.6546e-08	8.8403e-08	8.0211e-08	7.0791e-08	6.271e-08	5.4622e-08	4.6576e-08	3.8647e-08	2.9192e-08	2.1351e-08	1.5519e-08	1.1983e-08	9.7623e-09	8.3865e-09	8.2613e-09	8.23e-09	8.495e-09	8.1824e-09	8.2669e-09	8.6427e-09	8.7971e-09	8.9115e-09	9.0238e-09	8.4151e-09	7.9463e-09	7.9981e-09	8.0813e-09	7.9634e-09	8.0553e-09	8.2933e-09	8.1236e-09	8.0259e-09	7.8921e-09	8.1652e-09	8.7569e-09	9.105e-09	9.245e-09	9.5119e-09	9.2482e-09	8.9537e-09	9.0886e-09	9.2759e-09	9.3701e-09	9.0171e-09	8.8482e-09	8.5843e-09	8.1254e-09	8.0808e-09	8.2172e-09	8.4e-09	8.6493e-09	8.691e-09	8.5256e-09	8.3675e-09	8.8438e-09	8.636e-09	8.3741e-09	8.2018e-09	8.1544e-09	7.8071e-09	8.1609e-09	8.4723e-09	8.4313e-09	8.3723e-09	8.4819e-09	8.0035e-09	7.8627e-09	8.0773e-09
1.1663e-08	1.1922e-08	1.1757e-08	1.1697e-08	1.1675e-08	1.1618e-08	1.1829e-08	1.1749e-08	1.1842e-08	1.2107e-08	1.1783e-08	1.1511e-08	1.1368e-08	1.1377e-08	1.169e-08	1.1571e-08	1.149e-08	1.146e-08	1.1447e-08	1.1768e-08	1.1785e-08	1.1702e-08	1.1825e-08	1.2008e-08	1.2259e-08	1.1961e-08	1.2082e-08	1.1583e-08	1.1366e-08	1.1268e-08	1.1555e-08	1.1301e-08	1.0628e-08	1.072e-08	1.123e-08	1.132e-08	1.1383e-08	1.1131e-08	1.1157e-08	1.0926e-08	1.1116e-08	1.1434e-08	1.1469e-08	1.1982e-08	1.5131e-08	2.2674e-08	3.4691e-08	4.8377e-08	6.5698e-08	8.0301e-08	9.4263e-08	1.0673e-07	1.1702e-07	1.2792e-07	1.3552e-07	1.4288e-07	1.4966e-07	1.5358e-07	1.5395e-07	1.5239e-07	1.5279e-07	1.5321e-07	1.5182e-07	1.4762e-07	1.418e-07	1.351e-07	1.2764e-07	1.1981e-07	1.1071e-07	1.0297e-07	9.5178e-08	8.6998e-08	7.8798e-08	6.9365e-08	6.1286e-08	5.3168e-08	4.5101e-08	3.719e-08	2.7743e-08	2.0075e-08	1.4568e-08	1.1349e-08	9.239e-09	8.0096e-09	8.0217e-09	8.1403e-09	8.4795e-09	8.1425e-09	8.0685e-09	8.1905e-09	8.6518e-09	8.8803e-09	9.0392e-09	8.9729e-09	8.2848e-09	7.8201e-09	8.007e-09	8.1636e-09	8.2006e-09	8.3738e-09	8.1257e-09	7.9932e-09	7.8674e-09	8.1997e-09	8.6923e-09	8.9518e-09	9.0221e-09	9.2329e-09	8.8334e-09	8.5442e-09	8.6908e-09	8.8733e-09	9.0269e-09	8.6783e-09	8.6232e-09	8.391e-09	8.0263e-09	8.031e-09	8.0794e-09	8.2075e-09	8.4313e-09	8.5165e-09	8.2837e-09	8.1458e-09	8.5798e-09	8.3448e-09	8.0465e-09	7.9821e-09	8.0359e-09	7.7485e-09	8.1071e-09	8.4386e-09	8.3719e-09	8.2487e-09	8.4047e-09	7.9694e-09	7.8458e-09	7.8458e-09
1.2018e-08	1.2319e-08	1.2219e-08	1.2014e-08	1.192e-08	1.186e-08	1.2048e-08	1.1994e-08	1.2047e-08	1.2239e-08	1.1919e-08	1.1666e-08	1.1556e-08	1.1654e-08	1.1953e-08	1.1741e-08	1.1596e-08	1.1553e-08	1.1547e-08	1.1954e-08	1.1992e-08	1.1907e-08	1.1954e-08	1.2116e-08	1.2281e-08	1.2032e-08	1.2232e-08	1.1762e-08	1.1762e-08	1.1552e-08	1.1284e-08	1.1522e-08	1.1346e-08	1.077e-08	1.0994e-08	1.1489e-08	1.1527e-08	1.1557e-08	1.1157e-08	1.0955e-08	1.1161e-08	1.1481e-08	1.1437e-08	1.1982e-08	1.6197e-08	2.4719e-08	3.7203e-08	5.1123e-08	6.5698e-08	8.3268e-08	9.707e-08	1.0917e-07	1.1914e-07	1.2792e-07	1.3738e-07	1.4459e-07	1.5099e-07	1.5425e-07	1.5395e-07	1.5273e-07	1.5328e-07	1.5355e-07	1.5178e-07	1.4713e-07	1.41e-07	1.3411e-07	1.2651e-07	1.1862e-07	1.0952e-07	1.0167e-07	9.3814e-08	8.5596e-08	7.7388e-08	6.7938e-08	5.9857e-08	5.1711e-08	4.3624e-08	3.5723e-08	3.4255e-08	2.6308e-08	1.8848e-08	1.3684e-08	1.0765e-08	8.3589e-09	7.6773e-09	7.7868e-09	8.0232e-09	8.4205e-09	7.9597e-09	8.0623e-09	8.5792e-09	8.8624e-09	9.0324e-09	8.7399e-09	8.0924e-09	7.7004e-09	8.0513e-09	8.2983e-09	8.3733e-09	8.4795e-09	8.1491e-09	7.9755e-09	7.868e-09	8.2447e-09	8.6123e-09	8.7715e-09	8.7712e-09	8.9169e-09	8.4138e-09	8.1286e-09	8.2784e-09	8.4519e-09	8.6611e-09	8.3399e-09	8.3951e-09	8.2002e-09	7.9215e-09	7.9578e-09	7.9176e-09	7.9961e-09	8.1984e-09	8.3276e-09	8.0308e-09	7.9111e-09	8.2968e-09	8.0624e-09	7.76e-09	7.76e-09	7.5976e-09	7.8833e-09	7.6881e-09	8.0389e-09	8.3618e-09	8.0777e-09	8.0684e-09	8.2595e-09	7.9096e-09	7.7942e-09
1.2328e-08	1.2649e-08	1.2614e-08	1.2285e-08	1.2102e-08	1.2036e-08	1.2197e-08	1.2172e-08	1.2193e-08	1.2308e-08	1.2034e-08	1.1819e-08	1.177e-08	1.1934e-08	1.2194e-08	1.1899e-08	1.1726e-08	1.1699e-08	1.1699e-08	1.1889e-08	1.2141e-08	1.218e-08	1.2112e-08	1.2062e-08	1.2256e-08	1.2271e-08	1.2088e-08	1.2382e-08	1.1972e-08	1.1773e-08	1.1343e-08	1.1509e-08	1.1413e-08	1.0944e-08	1.128e-08	1.1748e-08	1.1736e-08	1.1735e-08	1.1192e-08	1.1004e-08	1.1208e-08	1.1505e-08	1.1417e-08	1.2224e-08	1.7461e-08	2.6902e-08	3.9794e-08	5.3929e-08	6.8637e-08	8.6182e-08	9.9768e-08	1.1146e-07	1.2116e-07	1.2981e-07	1.3923e-07	1.4624e-07	1.5219e-07	1.5476e-07	1.5403e-07	1.5317e-07	1.5379e-07	1.5384e-07	1.5168e-07	1.4713e-07	1.402e-07	1.3315e-07	1.2543e-07	1.1747e-07	1.1747e-07	1.0835e-07	1.0038e-07	9.2452e-08	8.4198e-08	7.5982e-08	6.6513e-08	5.8431e-08	5.0263e-08	4.2159e-08	3.4255e-08	2.49e-08	1.7685e-08	1.2882e-08	1.0247e-08	8.3589e-09	7.415e-09	7.5705e-09	7.8806e-09	8.3145e-09	7.9597e-09	7.8866e-09	8.4255e-09	8.7416e-09	8.8893e-09	8.7399e-09	7.8603e-09	7.5914e-09	8.1162e-09	8.4593e-09	8.3733e-09	8.588e-09	8.1795e-09	7.9654e-09	7.8861e-09	8.2915e-09	8.5207e-09	8.5778e-09	8.5155e-09	8.5926e-09	8.026e-09	7.748e-09	7.8933e-09	8.0498e-09	8.3042e-09	8.0321e-09	8.1831e-09	8.0265e-09	7.8134e-09	7.8134e-09	7.7135e-09	7.7305e-09	7.769e-09	7.9575e-09	8.1291e-09	7.5224e-09	7.667e-09	8.0019e-09	7.8012e-09	7.5322e-09	7.4404e-09	7.7039e-09	7.6244e-09	7.9582e-09	8.2501e-09	7.8748e-09	7.8505e-09	8.0668e-09	7.8313e-09	7.7154e-09
1.2567e-08	1.288e-08	1.29e-08	1.2482e-08	1.2197e-08	1.2123e-08	1.2253e-08	1.2259e-08	1.226e-08	1.2244e-08	1.2312e-08	1.2125e-08	1.1967e-08	1.2005e-08	1.2468e-08	1.2409e-08	1.2046e-08	1.1876e-08	1.1882e-08	1.2102e-08	1.2323e-08	1.235e-08	1.231e-08	1.2155e-08	1.2302e-08	1.2248e-08	1.2142e-08	1.2533e-08	1.2203e-08	1.2014e-08	1.1445e-08	1.1527e-08	1.1502e-08	1.1139e-08	1.1555e-08	1.1984e-08	1.1929e-08	1.1906e-08	1.1235e-08	1.1075e-08	1.1256e-08	1.15e-08	1.142e-08	1.261e-08	1.8939e-08	2.9213e-08	4.2462e-08	5.6803e-08	7.1599e-08	8.9037e-08	1.0236e-07	1.1362e-07	1.2308e-07	1.3166e-07	1.4105e-07	1.4781e-07	1.5324e-07	1.5513e-07	1.5513e-07	1.5413e-07	1.5367e-07	1.5431e-07	1.5405e-07	1.5151e-07	1.46e-07	1.3938e-07	1.3218e-07	1.2435e-07	1.1635e-07	1.0718e-07	9.9099e-08	9.1092e-08	8.2807e-08	7.458e-08	6.5094e-08	5.7012e-08	4.8831e-08	4.0719e-08	3.2796e-08	2.3531e-08	1.6598e-08	1.2174e-08	9.81e-09	8.0644e-09	7.2307e-09	7.3809e-09	7.7184e-09	8.1655e-09	7.82e-09	7.6767e-09	8.207e-09	8.5377e-09	8.6397e-09	8.4066e-09	7.6116e-09	7.4969e-09	8.186e-09	8.6199e-09	8.5467e-09	8.677e-09	8.2031e-09	7.9553e-09	7.9138e-09	8.2915e-09	8.4208e-09	8.3847e-09	8.2785e-09	8.2785e-09	8.2888e-09	7.7067e-09	7.4435e-09	7.5775e-09	7.7055e-09	7.9874e-09	7.7854e-09	8.0064e-09	7.885e-09	7.7041e-09	7.7135e-09	7.5199e-09	7.5308e-09	7.7156e-09	7.9264e-09	7.5224e-09	7.4233e-09	7.7062e-09	7.5662e-09	7.3594e-09	7.4404e-09	7.5067e-09	7.5565e-09	7.8675e-09	8.1144e-09	7.8748e-09	7.6138e-09	7.8472e-09	7.7413e-09	7.6167e-09
1.2951e-08	1.271e-08	1.2981e-08	1.3036e-08	1.2574e-08	1.2198e-08	1.2114e-08	1.221e-08	1.225e-08	1.2163e-08	1.2263e-08	1.2193e-08	1.211e-08	1.225e-08	1.2704e-08	1.2597e-08	1.2184e-08	1.204e-08	1.209e-08	1.2321e-08	1.2496e-08	1.2504e-08	1.2499e-08	1.2235e-08	1.2342e-08	1.2233e-08	1.2205e-08	1.2686e-08	1.2442e-08	1.2259e-08	1.1592e-08	1.1585e-08	1.1615e-08	1.1345e-08	1.1798e-08	1.2172e-08	1.2091e-08	1.2058e-08	1.1287e-08	1.117e-08	1.1304e-08	1.1462e-08	1.1459e-08	1.3169e-08	2.0618e-08	3.1638e-08	4.5196e-08	5.9733e-08	5.9733e-08	7.7542e-08	9.1827e-08	1.0483e-07	1.1566e-07	1.2492e-07	1.3522e-07	1.4281e-07	1.4929e-07	1.5414e-07	1.5537e-07	1.5416e-07	1.5419e-07	1.548e-07	1.5417e-07	1.5124e-07	1.4533e-07	1.3852e-07	1.312e-07	1.2327e-07	1.1522e-07	1.0599e-07	9.7811e-08	8.9732e-08	8.1424e-08	7.3182e-08	6.3685e-08	5.5604e-08	4.7427e-08	3.9316e-08	3.1354e-08	2.2209e-08	1.5594e-08	1.1561e-08	9.4548e-09	7.8811e-09	7.1154e-09	7.2203e-09	7.5465e-09	7.9853e-09	7.6584e-09	7.4458e-09	7.9406e-09	8.2711e-09	8.3146e-09	8.0115e-09	7.3695e-09	7.4209e-09	8.2452e-09	8.7531e-09	8.7531e-09	8.7877e-09	8.7242e-09	8.2057e-09	7.938e-09	7.9434e-09	8.3553e-09	8.3163e-09	8.206e-09	8.0835e-09	8.0339e-09	7.4923e-09	7.2561e-09	7.3731e-09	7.4569e-09	7.742e-09	7.6185e-09	7.877e-09	7.7846e-09	7.5953e-09	7.5338e-09	7.2966e-09	7.2913e-09	7.4808e-09	7.7254e-09	7.2826e-09	7.1907e-09	7.4219e-09	7.3609e-09	7.2343e-09	7.3034e-09	7.3011e-09	7.4835e-09	7.7697e-09	7.9659e-09	7.6586e-09	7.3773e-09	7.6211e-09	7.6468e-09	7.5052e-09
1.302e-08	1.275e-08	1.2944e-08	1.3012e-08	1.2484e-08	1.2124e-08	1.2029e-08	1.2091e-08	1.2164e-08	1.2038e-08	1.2178e-08	1.2243e-08	1.2248e-08	1.2493e-08	1.2907e-08	1.2758e-08	1.2315e-08	1.2212e-08	1.2308e-08	1.2531e-08	1.2657e-08	1.2643e-08	1.2672e-08	1.2306e-08	1.2384e-08	1.2245e-08	1.2292e-08	1.284e-08	1.2679e-08	1.2492e-08	1.1783e-08	1.1694e-08	1.1755e-08	1.1551e-08	1.1991e-08	1.2295e-08	1.2207e-08	1.218e-08	1.218e-08	1.1412e-08	1.128e-08	1.1349e-08	1.1401e-08	1.155e-08	1.4819e-08	2.2481e-08	3.4163e-08	4.7987e-08	6.2702e-08	8.0494e-08	9.4548e-08	1.072e-07	1.176e-07	1.2668e-07	1.3691e-07	1.4449e-07	1.5065e-07	1.5489e-07	1.555e-07	1.5419e-07	1.5469e-07	1.5521e-07	1.5418e-07	1.5087e-07	1.4458e-07	1.3761e-07	1.3017e-07	1.2215e-07	1.1407e-07	1.0476e-07	9.651e-08	8.8372e-08	8.0051e-08	7.1788e-08	6.2284e-08	5.4209e-08	4.605e-08	3.795e-08	2.9935e-08	2.0937e-08	1.4671e-08	1.1031e-08	9.1668e-09	7.7878e-09	7.0595e-09	7.0909e-09	7.3749e-09	7.7855e-09	7.7855e-09	7.3058e-09	7.2072e-09	7.6431e-09	7.9625e-09	7.9453e-09	7.1907e-09	7.1573e-09	7.3673e-09	8.2782e-09	8.8323e-09	8.8017e-09	8.7072e-09	8.1733e-09	7.9059e-09	7.9668e-09	8.3547e-09	8.2108e-09	8.0555e-09	7.9537e-09	7.8568e-09	7.404e-09	7.2094e-09	7.3042e-09	7.3266e-09	7.5872e-09	7.5173e-09	7.7863e-09	7.7171e-09	7.4872e-09	7.3272e-09	7.0731e-09	7.0607e-09	7.2611e-09	7.5327e-09	7.0635e-09	6.9797e-09	7.161e-09	7.189e-09	7.1492e-09	7.1835e-09	7.0961e-09	7.4043e-09	7.6674e-09	7.8154e-09	7.4474e-09	7.16e-09	7.4089e-09	7.5547e-09	7.5547e-09
1.2982e-08	1.2707e-08	1.2799e-08	1.2862e-08	1.2337e-08	1.2e-08	1.1894e-08	1.1923e-08	1.2027e-08	1.1888e-08	1.2072e-08	1.2279e-08	1.238e-08	1.2724e-08	1.307e-08	1.289e-08	1.2442e-08	1.2388e-08	1.2521e-08	1.2716e-08	1.28e-08	1.2766e-08	1.2826e-08	1.2372e-08	1.2435e-08	1.2303e-08	1.2413e-08	1.2996e-08	1.2996e-08	1.3098e-08	1.2699e-08	1.2016e-08	1.186e-08	1.1919e-08	1.1927e-08	1.2133e-08	1.2357e-08	1.2279e-08	1.2271e-08	1.1479e-08	1.1398e-08	1.1388e-08	1.1334e-08	1.1715e-08	1.5908e-08	2.4506e-08	3.6772e-08	5.0824e-08	6.5692e-08	8.3413e-08	9.7193e-08	1.0947e-07	1.1946e-07	1.2838e-07	1.3851e-07	1.4607e-07	1.5188e-07	1.5549e-07	1.5553e-07	1.5425e-07	1.5514e-07	1.555e-07	1.5406e-07	1.5038e-07	1.4372e-07	1.3662e-07	1.2909e-07	1.2099e-07	1.1287e-07	1.0349e-07	9.5189e-08	8.7008e-08	7.8685e-08	7.0397e-08	6.0888e-08	5.2821e-08	4.4689e-08	3.6609e-08	3.6609e-08	2.7165e-08	1.9717e-08	1.3826e-08	1.0569e-08	8.931e-09	7.7817e-09	7.0531e-09	6.9947e-09	7.2138e-09	7.5782e-09	7.1329e-09	6.9745e-09	7.3313e-09	7.6323e-09	7.5629e-09	6.8422e-09	6.9979e-09	7.34e-09	8.2693e-09	8.8305e-09	8.709e-09	8.6037e-09	8.0918e-09	7.8516e-09	7.9763e-09	8.323e-09	8.1061e-09	7.9414e-09	7.9018e-09	7.7735e-09	7.4176e-09	7.276e-09	7.3433e-09	7.2917e-09	7.5066e-09	7.4618e-09	7.7223e-09	7.6713e-09	7.3795e-09	7.1084e-09	6.8617e-09	6.8494e-09	7.0644e-09	7.3544e-09	6.8732e-09	6.8011e-09	6.9355e-09	7.0542e-09	7.0542e-09	7.0967e-09	6.9841e-09	6.901e-09	7.3181e-09	7.5632e-09	7.6742e-09	7.1115e-09	6.9807e-09	7.2313e-09	7.472e-09
1.2866e-08	1.2604e-08	1.2581e-08	1.2627e-08	1.2158e-08	1.1848e-08	1.1731e-08	1.1729e-08	1.1861e-08	1.1736e-08	1.1961e-08	1.2305e-08	1.2507e-08	1.2931e-08	1.3182e-08	1.2992e-08	1.2565e-08	1.2561e-08	1.2561e-08	1.2876e-08	1.2861e-08	1.2922e-08	1.2876e-08	1.2955e-08	1.2502e-08	1.2501e-08	1.2422e-08	1.2577e-08	1.3153e-08	1.3259e-08	1.287e-08	1.2272e-08	1.2062e-08	1.2095e-08	1.2081e-08	1.2229e-08	1.2369e-08	1.2313e-08	1.2333e-08	1.1543e-08	1.1512e-08	1.1417e-08	1.1277e-08	1.1972e-08	1.717e-08	2.6674e-08	3.945e-08	5.3699e-08	6.8684e-08	8.6283e-08	9.9757e-08	1.1162e-07	1.2126e-07	1.3002e-07	1.4002e-07	1.4753e-07	1.5295e-07	1.5593e-07	1.5548e-07	1.5433e-07	1.555e-07	1.5565e-07	1.5379e-07	1.4975e-07	1.4276e-07	1.3556e-07	1.2794e-07	1.1978e-07	1.1978e-07	1.1033e-07	1.0217e-07	9.3845e-08	8.5634e-08	7.7318e-08	6.7604e-08	5.9491e-08	5.1435e-08	4.3334e-08	3.5283e-08	2.5813e-08	1.8551e-08	1.3057e-08	1.0162e-08	8.7326e-09	7.8243e-09	7.0866e-09	6.9338e-09	7.0731e-09	7.3752e-09	6.9745e-09	6.7609e-09	7.0221e-09	7.3013e-09	7.1986e-09	6.5865e-09	6.9146e-09	7.3429e-09	8.2031e-09	8.721e-09	8.4963e-09	8.4027e-09	7.954e-09	7.7708e-09	7.9657e-09	8.26e-09	8.0002e-09	7.8557e-09	7.9091e-09	7.7644e-09	7.5015e-09	7.4196e-09	7.4543e-09	7.3213e-09	7.4781e-09	7.432e-09	7.673e-09	7.636e-09	7.636e-09	7.2722e-09	6.6929e-09	6.6748e-09	6.6679e-09	6.8989e-09	7.1969e-09	6.6123e-09	6.6656e-09	6.7575e-09	6.96e-09	7.0694e-09	6.8989e-09	6.725e-09	7.2239e-09	7.4599e-09	7.553e-09	7.0214e-09	6.8569e-09	7.1068e-09	7.4052e-09
1.2699e-08	1.2462e-08	1.2325e-08	1.2346e-08	1.1973e-08	1.1692e-08	1.1567e-08	1.1537e-08	1.1537e-08	1.1544e-08	1.1601e-08	1.186e-08	1.2324e-08	1.2627e-08	1.3228e-08	1.3236e-08	1.3064e-08	1.2688e-08	1.2726e-08	1.2991e-08	1.2952e-08	1.3019e-08	1.2973e-08	1.3055e-08	1.2563e-08	1.2574e-08	1.2584e-08	1.2766e-08	1.3298e-08	1.3373e-08	1.2995e-08	1.2523e-08	1.2275e-08	1.2262e-08	1.2203e-08	1.2285e-08	1.2342e-08	1.2313e-08	1.2368e-08	1.1603e-08	1.1614e-08	1.1432e-08	1.1244e-08	1.234e-08	1.8605e-08	2.8966e-08	4.2182e-08	5.66e-08	7.1662e-08	8.9089e-08	1.0224e-07	1.1368e-07	1.2302e-07	1.3162e-07	1.4143e-07	1.4884e-07	1.5385e-07	1.562e-07	1.562e-07	1.5518e-07	1.5444e-07	1.5575e-07	1.5564e-07	1.5337e-07	1.4813e-07	1.4171e-07	1.3443e-07	1.2673e-07	1.1851e-07	1.0899e-07	1.0081e-07	9.2477e-08	8.4244e-08	7.5941e-08	6.6195e-08	5.8087e-08	5.0046e-08	4.1975e-08	3.3958e-08	2.4484e-08	1.7441e-08	1.236e-08	9.7967e-09	8.5566e-09	7.8673e-09	7.1504e-09	6.9104e-09	6.963e-09	7.1885e-09	6.8395e-09	6.5799e-09	6.7324e-09	6.9899e-09	6.8834e-09	6.4478e-09	6.9194e-09	7.3764e-09	8.0716e-09	8.4908e-09	8.1894e-09	8.1257e-09	7.7714e-09	7.6676e-09	7.9333e-09	8.1668e-09	7.8898e-09	7.7872e-09	7.7872e-09	7.9517e-09	7.8644e-09	7.6238e-09	7.604e-09	7.6006e-09	7.3845e-09	7.4873e-09	7.4077e-09	7.6262e-09	7.6002e-09	7.1649e-09	6.5255e-09	6.5249e-09	6.5263e-09	6.7726e-09	7.0666e-09	6.5582e-09	6.5838e-09	6.6391e-09	6.9101e-09	7.0595e-09	6.82e-09	6.5771e-09	7.1215e-09	7.3604e-09	7.4622e-09	6.9897e-09	6.791e-09	7.0363e-09	7.3563e-09
1.2477e-08	1.251e-08	1.2304e-08	1.2066e-08	1.1811e-08	1.1809e-08	1.1557e-08	1.1424e-08	1.137e-08	1.1441e-08	1.1505e-08	1.1785e-08	1.2341e-08	1.2741e-08	1.3297e-08	1.3225e-08	1.3104e-08	1.2811e-08	1.2878e-08	1.3062e-08	1.2994e-08	1.3089e-08	1.3052e-08	1.3123e-08	1.2611e-08	1.2643e-08	1.2764e-08	1.2956e-08	1.3414e-08	1.343e-08	1.3065e-08	1.2745e-08	1.2472e-08	1.2403e-08	1.2285e-08	1.2307e-08	1.2287e-08	1.2287e-08	1.2376e-08	1.1653e-08	1.1693e-08	1.143e-08	1.1252e-08	1.2839e-08	2.021e-08	3.136e-08	4.4952e-08	5.9518e-08	5.9518e-08	7.7504e-08	9.1816e-08	1.0462e-07	1.1564e-07	1.2474e-07	1.347e-07	1.4274e-07	1.5e-07	1.5459e-07	1.5633e-07	1.5498e-07	1.5457e-07	1.5591e-07	1.5549e-07	1.5282e-07	1.4716e-07	1.4058e-07	1.3323e-07	1.2546e-07	1.1719e-07	1.0761e-07	9.9416e-08	9.108e-08	8.2832e-08	7.4548e-08	6.4772e-08	5.6671e-08	4.8649e-08	4.0602e-08	3.2623e-08	2.3177e-08	1.639e-08	1.1733e-08	9.4596e-09	8.388e-09	7.8885e-09	7.2346e-09	6.9265e-09	6.8934e-09	7.0299e-09	6.7329e-09	6.4397e-09	6.475e-09	6.7141e-09	6.6397e-09	6.409e-09	6.993e-09	7.4305e-09	7.4305e-09	7.8885e-09	7.7833e-09	7.8211e-09	7.8e-09	7.559e-09	7.5479e-09	7.7998e-09	8.0443e-09	7.7719e-09	7.7251e-09	8.0056e-09	7.9215e-09	7.7526e-09	7.793e-09	7.7459e-09	7.4505e-09	7.4804e-09	7.3691e-09	7.5699e-09	7.5524e-09	7.0576e-09	6.4045e-09	6.4242e-09	6.4353e-09	6.6936e-09	6.9697e-09	6.5647e-09	6.5651e-09	6.5908e-09	6.9074e-09	7.0604e-09	6.7523e-09	6.465e-09	7.0184e-09	7.2705e-09	7.4043e-09	7.0084e-09	6.7765e-09	7.0107e-09	7.3244e-09
1.2291e-08	1.2328e-08	1.2154e-08	1.1838e-08	1.1811e-08	1.1691e-08	1.1464e-08	1.1326e-08	1.1255e-08	1.1441e-08	1.1464e-08	1.1749e-08	1.2358e-08	1.2848e-08	1.3297e-08	1.3157e-08	1.3115e-08	1.2929e-08	1.3011e-08	1.3062e-08	1.2998e-08	1.3135e-08	1.311e-08	1.3157e-08	1.2611e-08	1.2698e-08	1.2935e-08	1.3121e-08	1.3482e-08	1.343e-08	1.3072e-08	1.2911e-08	1.2626e-08	1.2498e-08	1.2321e-08	1.23e-08	1.2216e-08	1.2239e-08	1.2239e-08	1.232e-08	1.1691e-08	1.174e-08	1.1407e-08	1.1317e-08	1.4307e-08	2.1984e-08	3.3838e-08	4.7746e-08	6.2443e-08	8.0337e-08	9.4452e-08	1.0692e-07	1.175e-07	1.2645e-07	1.362e-07	1.4397e-07	1.5102e-07	1.5516e-07	1.5633e-07	1.5477e-07	1.5472e-07	1.5597e-07	1.5522e-07	1.5216e-07	1.4611e-07	1.3939e-07	1.3197e-07	1.2414e-07	1.1583e-07	1.062e-07	9.798e-08	8.9651e-08	8.1392e-08	7.313e-08	6.333e-08	5.5239e-08	4.7239e-08	3.9203e-08	3.1266e-08	2.1893e-08	1.5399e-08	1.1175e-08	9.1371e-09	8.2119e-09	7.8714e-09	7.329e-09	6.9795e-09	6.9795e-09	6.8687e-09	6.8121e-09	6.6474e-09	6.3342e-09	6.2516e-09	6.4765e-09	6.3484e-09	6.4457e-09	7.1102e-09	7.4936e-09	7.6714e-09	7.3739e-09	7.4241e-09	7.4528e-09	7.3317e-09	7.4173e-09	7.697e-09	7.8936e-09	7.6434e-09	7.6583e-09	8.0468e-09	7.9485e-09	7.8562e-09	7.9502e-09	7.8538e-09	7.4884e-09	7.436e-09	7.296e-09	7.4919e-09	7.4817e-09	6.95e-09	6.3434e-09	6.384e-09	6.4037e-09	6.6686e-09	6.9119e-09	6.6251e-09	6.6044e-09	6.609e-09	6.9477e-09	7.0712e-09	6.7039e-09	6.3956e-09	6.9264e-09	7.1974e-09	7.3772e-09	7.0697e-09	6.8074e-09	7.0206e-09	7.0206e-09
1.2153e-08	1.2181e-08	1.2032e-08	1.1677e-08	1.1637e-08	1.164e-08	1.1433e-08	1.1294e-08	1.1211e-08	1.1401e-08	1.1475e-08	1.1751e-08	1.2377e-08	1.2945e-08	1.3315e-08	1.3043e-08	1.3098e-08	1.3035e-08	1.3121e-08	1.3095e-08	1.2975e-08	1.3156e-08	1.3141e-08	1.3153e-08	1.2638e-08	1.2727e-08	1.3072e-08	1.3235e-08	1.3235e-08	1.3488e-08	1.3329e-08	1.3007e-08	1.2996e-08	1.2709e-08	1.253e-08	1.2302e-08	1.2269e-08	1.2141e-08	1.2175e-08	1.232e-08	1.1713e-08	1.1747e-08	1.1361e-08	1.1454e-08	1.4307e-08	2.3916e-08	3.6383e-08	5.0551e-08	6.5362e-08	8.0337e-08	9.6991e-08	1.0911e-07	1.1927e-07	1.2813e-07	1.362e-07	1.4512e-07	1.5191e-07	1.5559e-07	1.5623e-07	1.5477e-07	1.5488e-07	1.5594e-07	1.5484e-07	1.5141e-07	1.4611e-07	1.3815e-07	1.3066e-07	1.2277e-07	1.1444e-07	1.0475e-07	9.651e-08	8.8188e-08	7.9918e-08	7.1679e-08	6.1865e-08	5.3785e-08	4.5811e-08	3.777e-08	3.777e-08	2.8444e-08	2.0633e-08	1.4471e-08	1.0679e-08	8.8194e-09	7.8077e-09	7.8158e-09	7.4216e-09	7.0536e-09	6.8758e-09	6.7377e-09	6.5734e-09	6.2546e-09	6.062e-09	6.2773e-09	6.2851e-09	6.5336e-09	7.2461e-09	7.5538e-09	7.438e-09	6.9728e-09	7.0312e-09	7.1115e-09	7.1046e-09	7.2816e-09	7.5691e-09	7.7156e-09	7.5013e-09	7.5759e-09	8.0513e-09	7.9195e-09	7.9026e-09	8.0394e-09	7.888e-09	7.4673e-09	7.3346e-09	7.1712e-09	7.3821e-09	7.3786e-09	6.8426e-09	6.3427e-09	6.4035e-09	6.4281e-09	6.6924e-09	6.8911e-09	6.7255e-09	6.6891e-09	6.6817e-09	6.6817e-09	7.0231e-09	7.1324e-09	6.6835e-09	6.3757e-09	6.8574e-09	7.1485e-09	7.408e-09	7.1656e-09	6.877e-09	7.0568e-09
1.2088e-08	1.2093e-08	1.1959e-08	1.1609e-08	1.1569e-08	1.1648e-08	1.1457e-08	1.132e-08	1.1234e-08	1.1422e-08	1.1529e-08	1.1785e-08	1.2398e-08	1.3027e-08	1.3288e-08	1.2896e-08	1.3056e-08	1.3122e-08	1.3122e-08	1.3201e-08	1.3072e-08	1.2934e-08	1.3152e-08	1.314e-08	1.3108e-08	1.2598e-08	1.2719e-08	1.3147e-08	1.3274e-08	1.3414e-08	1.315e-08	1.2861e-08	1.2973e-08	1.2696e-08	1.2479e-08	1.2223e-08	1.222e-08	1.2072e-08	1.2102e-08	1.2258e-08	1.1716e-08	1.171e-08	1.13e-08	1.168e-08	1.5303e-08	2.5988e-08	3.8981e-08	5.3361e-08	6.8261e-08	8.3099e-08	9.9422e-08	1.1119e-07	1.2098e-07	1.2978e-07	1.3766e-07	1.4621e-07	1.5269e-07	1.5588e-07	1.5605e-07	1.5459e-07	1.5503e-07	1.5583e-07	1.5438e-07	1.5058e-07	1.4501e-07	1.3687e-07	1.293e-07	1.2136e-07	1.2136e-07	1.1301e-07	1.0327e-07	9.5006e-08	8.6687e-08	7.8404e-08	7.0188e-08	6.0377e-08	5.2308e-08	4.4362e-08	3.6297e-08	2.8444e-08	1.9402e-08	1.3604e-08	1.0238e-08	8.5072e-09	7.8077e-09	7.7248e-09	7.5e-09	7.1307e-09	6.8992e-09	6.7377e-09	6.5017e-09	6.1923e-09	5.9057e-09	6.1168e-09	6.2851e-09	6.6484e-09	7.3756e-09	7.5996e-09	7.2058e-09	6.9728e-09	6.675e-09	6.8032e-09	6.8927e-09	7.1466e-09	7.5691e-09	7.5114e-09	7.3425e-09	7.4669e-09	7.9951e-09	7.812e-09	7.864e-09	8.0287e-09	7.8166e-09	7.3606e-09	7.1858e-09	7.0047e-09	7.2489e-09	7.2489e-09	7.251e-09	6.6588e-09	6.3956e-09	6.4752e-09	6.4974e-09	6.7531e-09	6.9363e-09	6.8516e-09	6.8061e-09	6.7972e-09	7.1254e-09	7.188e-09	6.6993e-09	6.4123e-09	6.8233e-09	7.1311e-09	7.4618e-09	7.2883e-09	6.9793e-09	7.1099e-09
1.2088e-08	1.2057e-08	1.1929e-08	1.1625e-08	1.1596e-08	1.1697e-08	1.152e-08	1.1391e-08	1.1391e-08	1.131e-08	1.1591e-08	1.1616e-08	1.1845e-08	1.242e-08	1.309e-08	1.3131e-08	1.2726e-08	1.2991e-08	1.3182e-08	1.3249e-08	1.3028e-08	1.2885e-08	1.3126e-08	1.3103e-08	1.302e-08	1.2515e-08	1.2663e-08	1.3135e-08	1.3213e-08	1.3242e-08	1.2873e-08	1.2625e-08	1.2819e-08	1.2561e-08	1.2329e-08	1.2085e-08	1.2154e-08	1.201e-08	1.2021e-08	1.2178e-08	1.1698e-08	1.1636e-08	1.1242e-08	1.2012e-08	1.6473e-08	2.8182e-08	4.1619e-08	5.6166e-08	7.1127e-08	8.5782e-08	1.0174e-07	1.1317e-07	1.2261e-07	1.3139e-07	1.3909e-07	1.4726e-07	1.5335e-07	1.5606e-07	1.5606e-07	1.5582e-07	1.5436e-07	1.5519e-07	1.5564e-07	1.5384e-07	1.4969e-07	1.4268e-07	1.3556e-07	1.279e-07	1.1991e-07	1.1156e-07	1.0176e-07	9.3474e-08	8.5149e-08	7.6848e-08	6.8653e-08	5.8875e-08	5.0815e-08	4.29e-08	3.4797e-08	2.6989e-08	1.8208e-08	1.2798e-08	9.8423e-09	8.203e-09	7.5863e-09	7.6011e-09	7.5518e-09	7.1923e-09	6.923e-09	6.6745e-09	6.4226e-09	6.1385e-09	5.7825e-09	5.9954e-09	6.2661e-09	6.7657e-09	7.4736e-09	7.6191e-09	6.9924e-09	6.6139e-09	6.3884e-09	6.5552e-09	6.7109e-09	7.018e-09	7.4153e-09	7.2832e-09	7.1652e-09	7.1652e-09	7.3223e-09	7.8577e-09	7.6387e-09	7.751e-09	7.9285e-09	7.6528e-09	7.1812e-09	7.0154e-09	6.822e-09	7.1111e-09	7.1167e-09	6.6588e-09	6.4956e-09	6.5916e-09	6.6008e-09	6.8384e-09	6.9363e-09	6.9893e-09	6.9426e-09	6.9434e-09	7.2465e-09	7.188e-09	6.7599e-09	6.5123e-09	6.836e-09	7.1525e-09	7.4618e-09	7.4297e-09	7.1077e-09	7.1706e-09
1.2363e-08	1.2135e-08	1.2062e-08	1.1933e-08	1.1702e-08	1.1829e-08	1.1771e-08	1.1608e-08	1.1492e-08	1.1425e-08	1.1715e-08	1.1726e-08	1.1924e-08	1.2444e-08	1.3129e-08	1.3017e-08	1.2546e-08	1.2906e-08	1.321e-08	1.3258e-08	1.297e-08	1.2841e-08	1.3076e-08	1.3024e-08	1.2885e-08	1.238e-08	1.2548e-08	1.3011e-08	1.3026e-08	1.2957e-08	1.2508e-08	1.231e-08	1.2539e-08	1.2308e-08	1.2084e-08	1.19e-08	1.207e-08	1.1951e-08	1.193e-08	1.2079e-08	1.1655e-08	1.1529e-08	1.1208e-08	1.2467e-08	1.7816e-08	3.0479e-08	4.4284e-08	5.8959e-08	5.8959e-08	7.3946e-08	9.088e-08	1.0393e-07	1.1504e-07	1.242e-07	1.3297e-07	1.4186e-07	1.4828e-07	1.5393e-07	1.5613e-07	1.5556e-07	1.5437e-07	1.5533e-07	1.5538e-07	1.5325e-07	1.4877e-07	1.415e-07	1.3424e-07	1.2646e-07	1.1843e-07	1.1008e-07	1.0024e-07	9.1923e-08	8.3586e-08	7.5265e-08	6.709e-08	5.7368e-08	4.9318e-08	4.143e-08	3.3286e-08	2.5527e-08	1.7056e-08	1.2052e-08	9.482e-09	7.9094e-09	7.358e-09	7.4477e-09	7.5648e-09	7.2204e-09	6.9314e-09	6.6139e-09	6.327e-09	6.0844e-09	5.6921e-09	5.9133e-09	6.2836e-09	6.8611e-09	7.5152e-09	7.5152e-09	7.6006e-09	6.8155e-09	6.1558e-09	6.2012e-09	6.3925e-09	6.5733e-09	6.9017e-09	7.0426e-09	7.0447e-09	6.9803e-09	7.1528e-09	7.653e-09	7.4324e-09	7.5958e-09	7.7731e-09	7.4355e-09	6.965e-09	6.8495e-09	6.6484e-09	6.9878e-09	6.9936e-09	6.6028e-09	6.6358e-09	6.745e-09	6.7274e-09	6.9363e-09	6.9899e-09	7.1243e-09	7.0855e-09	7.1084e-09	7.3782e-09	7.2637e-09	6.8737e-09	6.6824e-09	6.9072e-09	7.2201e-09	7.5386e-09	7.5821e-09	7.2561e-09	7.2298e-09
1.234e-08	1.221e-08	1.2092e-08	1.1959e-08	1.1818e-08	1.1981e-08	1.1853e-08	1.1705e-08	1.1608e-08	1.1564e-08	1.1849e-08	1.1849e-08	1.2017e-08	1.2471e-08	1.314e-08	1.2888e-08	1.2368e-08	1.2803e-08	1.3198e-08	1.3223e-08	1.2903e-08	1.2809e-08	1.3004e-08	1.29e-08	1.2702e-08	1.2194e-08	1.2376e-08	1.2776e-08	1.272e-08	1.2569e-08	1.2085e-08	1.1941e-08	1.2166e-08	1.197e-08	1.1773e-08	1.1683e-08	1.1967e-08	1.1885e-08	1.1885e-08	1.1828e-08	1.1835e-08	1.1586e-08	1.1395e-08	1.1216e-08	1.3064e-08	2.1006e-08	3.286e-08	4.6962e-08	6.1733e-08	7.6703e-08	9.3279e-08	1.0599e-07	1.1679e-07	1.2574e-07	1.3451e-07	1.432e-07	1.4927e-07	1.5442e-07	1.5612e-07	1.5531e-07	1.5448e-07	1.5545e-07	1.5506e-07	1.5262e-07	1.4781e-07	1.4029e-07	1.329e-07	1.2499e-07	1.1692e-07	1.0858e-07	9.8712e-08	9.0362e-08	8.2009e-08	7.367e-08	6.5514e-08	5.5869e-08	4.7827e-08	3.9961e-08	3.178e-08	2.4076e-08	1.5954e-08	1.1365e-08	9.1475e-09	7.6287e-09	7.1271e-09	7.2675e-09	7.5265e-09	7.5265e-09	7.1968e-09	6.9087e-09	6.4647e-09	6.2052e-09	6.0213e-09	5.634e-09	5.8708e-09	6.3968e-09	6.9128e-09	7.4786e-09	7.5343e-09	6.6913e-09	6.0898e-09	6.1172e-09	6.3177e-09	6.4848e-09	6.804e-09	6.8542e-09	6.8163e-09	6.8059e-09	6.9801e-09	7.4144e-09	7.2261e-09	7.4311e-09	7.5975e-09	7.2035e-09	6.7481e-09	6.7142e-09	6.5097e-09	6.8981e-09	6.8994e-09	6.5843e-09	6.8094e-09	6.928e-09	6.8662e-09	7.0346e-09	7.0559e-09	7.2426e-09	7.222e-09	7.2804e-09	7.5125e-09	7.3621e-09	7.049e-09	6.9295e-09	7.0489e-09	7.3411e-09	7.6365e-09	7.7423e-09	7.4225e-09	7.4225e-09
1.2315e-08	1.2296e-08	1.2135e-08	1.1996e-08	1.195e-08	1.2121e-08	1.1926e-08	1.1797e-08	1.1725e-08	1.1714e-08	1.1981e-08	1.1977e-08	1.2119e-08	1.2499e-08	1.3118e-08	1.2754e-08	1.2202e-08	1.2685e-08	1.3139e-08	1.314e-08	1.2829e-08	1.279e-08	1.2909e-08	1.2732e-08	1.2474e-08	1.1969e-08	1.2157e-08	1.2454e-08	1.2454e-08	1.2326e-08	1.162e-08	1.1634e-08	1.1546e-08	1.1738e-08	1.158e-08	1.1066e-08	1.1444e-08	1.1841e-08	1.1807e-08	1.1714e-08	1.1694e-08	1.1487e-08	1.1239e-08	1.1285e-08	1.3818e-08	2.2848e-08	3.5307e-08	4.9641e-08	6.4479e-08	7.9385e-08	9.5567e-08	1.0792e-07	1.1841e-07	1.2725e-07	1.36e-07	1.4451e-07	1.5026e-07	1.5484e-07	1.5603e-07	1.5508e-07	1.5469e-07	1.5554e-07	1.5467e-07	1.5195e-07	1.4683e-07	1.3907e-07	1.3154e-07	1.235e-07	1.154e-07	1.0707e-07	9.7178e-08	8.8802e-08	8.0432e-08	7.2077e-08	6.3941e-08	5.4387e-08	4.6352e-08	4.6352e-08	3.85e-08	3.0295e-08	2.1279e-08	1.4907e-08	1.0735e-08	8.8295e-09	7.3636e-09	6.6758e-09	7.0633e-09	7.4246e-09	7.103e-09	6.8391e-09	6.3601e-09	6.05e-09	5.9422e-09	5.6085e-09	5.8681e-09	6.4829e-09	6.9237e-09	7.3736e-09	7.429e-09	6.6233e-09	6.1192e-09	6.1248e-09	6.3206e-09	6.445e-09	6.7317e-09	6.6891e-09	6.6184e-09	6.6602e-09	6.8263e-09	7.1754e-09	7.0526e-09	7.2896e-09	7.4361e-09	6.9959e-09	6.5665e-09	6.6357e-09	6.4314e-09	6.8609e-09	6.8521e-09	6.6138e-09	7.0098e-09	7.1329e-09	7.0063e-09	7.1213e-09	7.1282e-09	7.33e-09	7.3393e-09	7.3393e-09	7.4474e-09	7.6412e-09	7.6365e-09	7.2867e-09	7.2508e-09	7.2631e-09	7.5166e-09	7.8947e-09	7.9153e-09	7.6125e-09
1.2288e-08	1.2374e-08	1.2176e-08	1.2034e-08	1.2076e-08	1.2222e-08	1.1972e-08	1.1867e-08	1.1828e-08	1.1862e-08	1.2097e-08	1.2099e-08	1.2222e-08	1.2529e-08	1.3059e-08	1.2614e-08	1.2052e-08	1.2552e-08	1.2552e-08	1.3032e-08	1.284e-08	1.2743e-08	1.2768e-08	1.279e-08	1.2526e-08	1.1922e-08	1.1717e-08	1.1905e-08	1.2074e-08	1.188e-08	1.1129e-08	1.1186e-08	1.1152e-08	1.1289e-08	1.1173e-08	1.0729e-08	1.1196e-08	1.1692e-08	1.1709e-08	1.1585e-08	1.1543e-08	1.1356e-08	1.1067e-08	1.1436e-08	1.4748e-08	2.4851e-08	3.78e-08	5.2306e-08	6.719e-08	8.1978e-08	9.7746e-08	1.097e-07	1.1993e-07	1.2874e-07	1.3745e-07	1.4579e-07	1.5124e-07	1.5521e-07	1.5589e-07	1.5489e-07	1.5497e-07	1.5562e-07	1.5423e-07	1.5123e-07	1.4581e-07	1.3782e-07	1.3016e-07	1.3016e-07	1.22e-07	1.1386e-07	1.0403e-07	9.5647e-08	8.7253e-08	7.8869e-08	7.0504e-08	6.0873e-08	5.2933e-08	4.4904e-08	3.7054e-08	2.8845e-08	1.997e-08	1.3924e-08	1.0163e-08	8.5181e-09	7.1165e-09	6.4644e-09	6.8389e-09	7.2492e-09	6.9241e-09	6.7093e-09	6.2407e-09	5.8746e-09	5.8562e-09	5.6188e-09	5.9063e-09	6.5886e-09	6.9104e-09	7.2281e-09	7.3043e-09	6.6074e-09	6.2294e-09	6.2126e-09	6.3908e-09	6.4536e-09	6.6917e-09	6.5658e-09	6.4713e-09	6.5615e-09	6.7133e-09	6.9696e-09	6.9449e-09	7.2038e-09	7.3238e-09	6.8517e-09	6.4562e-09	6.6399e-09	6.439e-09	6.439e-09	6.8953e-09	6.8696e-09	6.8571e-09	7.2302e-09	7.3523e-09	7.1368e-09	7.1844e-09	7.2744e-09	7.3864e-09	7.4363e-09	7.6062e-09	7.7634e-09	7.8141e-09	7.5756e-09	7.6281e-09	7.5364e-09	7.738e-09	8.0581e-09	8.1064e-09	7.8321e-09
1.2258e-08	1.2425e-08	1.2201e-08	1.2061e-08	1.2173e-08	1.226e-08	1.1976e-08	1.1902e-08	1.1902e-08	1.1904e-08	1.2098e-08	1.2189e-08	1.2207e-08	1.2319e-08	1.2555e-08	1.2826e-08	1.2464e-08	1.1912e-08	1.2406e-08	1.2883e-08	1.2635e-08	1.2641e-08	1.2732e-08	1.2647e-08	1.2289e-08	1.1617e-08	1.1448e-08	1.1629e-08	1.1662e-08	1.1415e-08	1.0674e-08	1.0773e-08	1.0786e-08	1.0855e-08	1.0782e-08	1.0441e-08	1.0952e-08	1.1519e-08	1.1585e-08	1.1441e-08	1.1384e-08	1.119e-08	1.0884e-08	1.1688e-08	1.587e-08	2.7008e-08	4.0327e-08	5.4951e-08	6.9862e-08	8.4477e-08	9.9841e-08	1.1138e-07	1.2135e-07	1.3022e-07	1.3886e-07	1.4705e-07	1.522e-07	1.5553e-07	1.5553e-07	1.5575e-07	1.5473e-07	1.5531e-07	1.5566e-07	1.5374e-07	1.5046e-07	1.4365e-07	1.3654e-07	1.2875e-07	1.2049e-07	1.1232e-07	1.025e-07	9.4128e-08	8.5726e-08	7.7331e-08	6.8966e-08	5.9411e-08	5.1518e-08	4.3492e-08	3.5632e-08	2.7448e-08	1.8743e-08	1.3009e-08	9.6475e-09	8.2052e-09	6.8901e-09	6.2704e-09	6.6052e-09	7.0138e-09	6.6746e-09	6.5305e-09	6.1222e-09	5.7039e-09	5.7814e-09	5.6702e-09	5.9863e-09	6.7145e-09	6.89e-09	7.0704e-09	7.1796e-09	6.6398e-09	6.4063e-09	6.3688e-09	6.5182e-09	6.5101e-09	6.6906e-09	6.5028e-09	6.3954e-09	6.3954e-09	6.5279e-09	6.663e-09	6.7919e-09	6.9361e-09	7.2063e-09	7.2953e-09	6.8099e-09	6.5937e-09	6.7527e-09	6.558e-09	7.0201e-09	6.9696e-09	7.0835e-09	7.4667e-09	7.5819e-09	7.2561e-09	7.224e-09	7.3626e-09	7.4339e-09	7.5309e-09	7.7668e-09	7.889e-09	8.0188e-09	7.9032e-09	8.0416e-09	7.8539e-09	7.9959e-09	8.2464e-09	8.3212e-09	8.0874e-09
1.2196e-08	1.2225e-08	1.2432e-08	1.2198e-08	1.2067e-08	1.2209e-08	1.2228e-08	1.1933e-08	1.1896e-08	1.1946e-08	1.2175e-08	1.2255e-08	1.2294e-08	1.2398e-08	1.2567e-08	1.2653e-08	1.23e-08	1.1777e-08	1.2246e-08	1.2697e-08	1.2404e-08	1.2517e-08	1.2667e-08	1.2477e-08	1.2029e-08	1.1306e-08	1.1175e-08	1.1344e-08	1.1245e-08	1.0966e-08	1.029e-08	1.0424e-08	1.0475e-08	1.0472e-08	1.0442e-08	1.023e-08	1.0724e-08	1.1318e-08	1.1426e-08	1.128e-08	1.1218e-08	1.0992e-08	1.0703e-08	1.2059e-08	1.7196e-08	2.9306e-08	4.2892e-08	5.7588e-08	5.7588e-08	7.251e-08	8.929e-08	1.0188e-07	1.13e-07	1.2274e-07	1.3169e-07	1.4161e-07	1.4828e-07	1.5313e-07	1.5582e-07	1.5562e-07	1.548e-07	1.557e-07	1.5567e-07	1.5321e-07	1.4963e-07	1.425e-07	1.3522e-07	1.2733e-07	1.1898e-07	1.1078e-07	1.0099e-07	9.2627e-08	8.4229e-08	7.5832e-08	6.7477e-08	5.8017e-08	5.0152e-08	4.2128e-08	3.424e-08	2.6118e-08	1.7606e-08	1.2168e-08	9.1868e-09	7.8942e-09	6.6879e-09	6.1015e-09	6.3772e-09	6.745e-09	6.3861e-09	6.3277e-09	6.0207e-09	5.5631e-09	5.7364e-09	5.7681e-09	6.1095e-09	6.8614e-09	6.8795e-09	6.8795e-09	6.9286e-09	7.0746e-09	6.8333e-09	6.6354e-09	6.5819e-09	6.6923e-09	6.6141e-09	6.8326e-09	6.5187e-09	6.4112e-09	6.5777e-09	6.6973e-09	6.8868e-09	7.0586e-09	7.3294e-09	7.3849e-09	6.9091e-09	6.8862e-09	6.9815e-09	6.7957e-09	7.2408e-09	7.1578e-09	7.3703e-09	7.72e-09	7.8229e-09	7.3768e-09	7.26e-09	7.4794e-09	7.4966e-09	7.643e-09	7.9405e-09	8.0291e-09	8.2505e-09	8.2573e-09	8.4719e-09	8.2009e-09	8.2807e-09	8.4613e-09	8.5651e-09	8.3843e-09
1.2134e-08	1.2188e-08	1.2391e-08	1.2163e-08	1.2048e-08	1.2209e-08	1.2143e-08	1.1853e-08	1.1854e-08	1.1955e-08	1.2175e-08	1.2289e-08	1.2352e-08	1.2449e-08	1.2552e-08	1.2653e-08	1.2117e-08	1.1641e-08	1.2074e-08	1.2479e-08	1.2404e-08	1.2369e-08	1.2559e-08	1.2281e-08	1.1753e-08	1.1306e-08	1.0909e-08	1.1059e-08	1.0851e-08	1.0565e-08	1.029e-08	1.017e-08	1.0246e-08	1.0176e-08	1.0187e-08	1.023e-08	1.0522e-08	1.1092e-08	1.1092e-08	1.1231e-08	1.0917e-08	1.105e-08	1.078e-08	1.0555e-08	1.2566e-08	2.0418e-08	3.1727e-08	4.5499e-08	6.0231e-08	7.5148e-08	9.1658e-08	1.0391e-07	1.146e-07	1.2411e-07	1.3317e-07	1.4297e-07	1.495e-07	1.5404e-07	1.5609e-07	1.5554e-07	1.5499e-07	1.5612e-07	1.5565e-07	1.5265e-07	1.4874e-07	1.4128e-07	1.3385e-07	1.2588e-07	1.1748e-07	1.0926e-07	9.9476e-08	9.1152e-08	8.2774e-08	7.4383e-08	6.6054e-08	5.6694e-08	4.8838e-08	4.0814e-08	3.2885e-08	2.4861e-08	1.6563e-08	1.1407e-08	8.7802e-09	7.5952e-09	6.5139e-09	5.9651e-09	6.1701e-09	6.1701e-09	6.47e-09	6.0903e-09	5.951e-09	5.9522e-09	5.4771e-09	5.7395e-09	5.9178e-09	6.4898e-09	7.0299e-09	6.8957e-09	6.8307e-09	7.0089e-09	6.9864e-09	6.9024e-09	6.8404e-09	6.9028e-09	6.7653e-09	6.9891e-09	6.6318e-09	6.5388e-09	6.7287e-09	6.838e-09	7.1237e-09	7.3201e-09	7.5811e-09	7.6024e-09	7.16e-09	7.2972e-09	7.3043e-09	7.1312e-09	7.5408e-09	7.421e-09	7.7061e-09	7.991e-09	8.0772e-09	7.5131e-09	7.3137e-09	7.6389e-09	7.5987e-09	7.792e-09	8.1387e-09	8.1947e-09	8.5092e-09	8.6256e-09	8.8992e-09	8.5625e-09	8.5829e-09	8.7043e-09	8.8436e-09	8.8436e-09
1.2089e-08	1.2149e-08	1.2314e-08	1.2102e-08	1.2009e-08	1.2155e-08	1.2022e-08	1.1746e-08	1.178e-08	1.1933e-08	1.222e-08	1.2287e-08	1.2376e-08	1.246e-08	1.2501e-08	1.2444e-08	1.191e-08	1.1499e-08	1.1889e-08	1.2235e-08	1.2152e-08	1.219e-08	1.2397e-08	1.2057e-08	1.1467e-08	1.0998e-08	1.0661e-08	1.0788e-08	1.0788e-08	1.0505e-08	1.0249e-08	9.8588e-09	1.003e-08	1.0114e-08	9.9874e-09	1.0036e-08	1.0079e-08	1.0348e-08	1.0854e-08	1.1013e-08	1.0917e-08	1.0883e-08	1.0572e-08	1.0476e-08	1.3227e-08	2.0418e-08	3.4254e-08	4.8155e-08	6.2896e-08	7.7792e-08	9.1658e-08	1.0594e-07	1.1622e-07	1.2551e-07	1.3467e-07	1.4297e-07	1.5071e-07	1.5491e-07	1.5636e-07	1.5555e-07	1.5499e-07	1.5656e-07	1.5559e-07	1.5205e-07	1.4778e-07	1.4128e-07	1.3243e-07	1.244e-07	1.16e-07	1.0775e-07	9.9476e-08	8.9709e-08	8.1364e-08	7.2991e-08	6.4699e-08	5.6694e-08	4.7576e-08	4.7576e-08	3.9552e-08	3.1575e-08	2.2574e-08	1.5616e-08	1.0731e-08	8.4265e-09	7.3185e-09	6.2664e-09	5.8687e-09	5.9989e-09	6.2154e-09	5.8189e-09	5.8275e-09	5.9326e-09	5.4712e-09	5.8092e-09	6.1245e-09	6.7493e-09	7.2208e-09	6.9557e-09	6.805e-09	7.0019e-09	7.1718e-09	7.1929e-09	7.1325e-09	7.1396e-09	6.9632e-09	7.2047e-09	6.8462e-09	6.7813e-09	6.9831e-09	7.0887e-09	7.4707e-09	7.6878e-09	7.9299e-09	7.9183e-09	7.5278e-09	7.7889e-09	7.696e-09	7.5407e-09	7.9018e-09	7.7442e-09	8.0795e-09	8.281e-09	8.3464e-09	7.6792e-09	7.4069e-09	7.8553e-09	7.7643e-09	7.7643e-09	7.9978e-09	8.3728e-09	8.6467e-09	8.7949e-09	8.9956e-09	9.3039e-09	8.9239e-09	9.2012e-09	8.977e-09	9.1623e-09
1.2057e-08	1.2111e-08	1.2213e-08	1.2023e-08	1.1952e-08	1.2066e-08	1.1881e-08	1.1621e-08	1.168e-08	1.1882e-08	1.2232e-08	1.2246e-08	1.2356e-08	1.242e-08	1.24e-08	1.22e-08	1.1674e-08	1.1345e-08	1.1345e-08	1.1692e-08	1.197e-08	1.1617e-08	1.1976e-08	1.2165e-08	1.1804e-08	1.118e-08	1.0431e-08	1.0441e-08	1.054e-08	1.0227e-08	1.0037e-08	9.8119e-09	9.9844e-09	1.0064e-08	9.8913e-09	9.9741e-09	1.01e-08	1.02e-08	1.0619e-08	1.0788e-08	1.0734e-08	1.0719e-08	1.0388e-08	1.0501e-08	1.4058e-08	2.229e-08	3.6871e-08	5.0866e-08	6.5596e-08	8.0457e-08	9.4038e-08	1.0802e-07	1.1789e-07	1.2698e-07	1.3619e-07	1.4435e-07	1.5191e-07	1.5574e-07	1.5664e-07	1.5567e-07	1.5532e-07	1.5699e-07	1.5548e-07	1.5144e-07	1.4676e-07	1.4001e-07	1.3098e-07	1.3098e-07	1.2291e-07	1.1454e-07	1.0627e-07	9.6525e-08	8.8307e-08	8.0004e-08	7.1655e-08	6.3409e-08	5.4243e-08	4.6367e-08	3.8343e-08	3.0317e-08	2.2574e-08	1.4767e-08	1.0144e-08	8.1246e-09	7.0743e-09	6.2664e-09	5.8198e-09	5.8789e-09	6.0084e-09	5.6036e-09	5.8275e-09	5.9781e-09	5.5702e-09	5.9636e-09	6.3936e-09	6.7493e-09	7.4346e-09	7.0762e-09	6.8792e-09	7.0731e-09	7.1718e-09	7.4961e-09	7.4479e-09	7.3943e-09	7.204e-09	7.2047e-09	7.1431e-09	7.1141e-09	7.3171e-09	7.4242e-09	7.4707e-09	8.1251e-09	8.3408e-09	8.299e-09	7.9736e-09	8.3235e-09	8.1318e-09	8.1318e-09	8.0003e-09	8.3054e-09	8.5097e-09	8.4793e-09	8.5908e-09	8.6324e-09	7.8891e-09	7.7975e-09	8.1426e-09	8.0176e-09	8.2799e-09	8.6541e-09	8.9553e-09	9.1077e-09	9.3551e-09	9.6664e-09	9.2702e-09	9.4988e-09	9.2789e-09	9.5229e-09
1.2037e-08	1.2074e-08	1.21e-08	1.1934e-08	1.1881e-08	1.1955e-08	1.1736e-08	1.1488e-08	1.1488e-08	1.1559e-08	1.1803e-08	1.2138e-08	1.2162e-08	1.2288e-08	1.2318e-08	1.224e-08	1.1606e-08	1.1404e-08	1.1173e-08	1.1484e-08	1.169e-08	1.1346e-08	1.1728e-08	1.186e-08	1.1523e-08	1.0897e-08	1.0185e-08	1.0249e-08	1.0316e-08	1.0011e-08	9.9149e-09	9.842e-09	1.001e-08	1.0072e-08	9.8642e-09	9.9763e-09	1.0156e-08	1.0079e-08	1.0399e-08	1.0571e-08	1.0564e-08	1.0563e-08	1.0249e-08	1.0664e-08	1.5076e-08	2.432e-08	3.9561e-08	5.3637e-08	6.8348e-08	8.316e-08	9.6457e-08	1.1017e-07	1.1966e-07	1.2855e-07	1.3774e-07	1.4575e-07	1.5311e-07	1.5311e-07	1.5653e-07	1.5694e-07	1.5594e-07	1.5645e-07	1.574e-07	1.5533e-07	1.5079e-07	1.4567e-07	1.3733e-07	1.2952e-07	1.2142e-07	1.1312e-07	1.0483e-07	9.5109e-08	8.6952e-08	7.8695e-08	7.0376e-08	6.2182e-08	5.3107e-08	4.5209e-08	3.7187e-08	2.9118e-08	2.1546e-08	1.4021e-08	9.6525e-09	7.8735e-09	6.8729e-09	6.2011e-09	5.826e-09	5.8251e-09	5.8758e-09	5.4761e-09	5.7808e-09	6.1044e-09	5.7991e-09	6.2212e-09	6.7303e-09	7.0565e-09	7.6698e-09	7.2629e-09	7.0625e-09	7.229e-09	7.3848e-09	7.8065e-09	7.7779e-09	7.6624e-09	7.4781e-09	7.4683e-09	7.5016e-09	7.5016e-09	7.5103e-09	7.7048e-09	7.8163e-09	8.3531e-09	8.5955e-09	8.7788e-09	8.7111e-09	8.4588e-09	8.8633e-09	8.5866e-09	8.4863e-09	8.733e-09	8.5097e-09	8.8939e-09	8.9217e-09	8.9368e-09	8.1571e-09	7.7975e-09	8.5151e-09	8.3828e-09	8.6581e-09	8.994e-09	8.9553e-09	9.4451e-09	9.6923e-09	9.9699e-09	9.5881e-09	9.4988e-09	9.5981e-09	9.9088e-09
1.1475e-08	1.202e-08	1.2041e-08	1.1986e-08	1.184e-08	1.1801e-08	1.171e-08	1.1605e-08	1.1357e-08	1.1421e-08	1.1698e-08	1.2027e-08	1.203e-08	1.2162e-08	1.2143e-08	1.2008e-08	1.1263e-08	1.1101e-08	1.098e-08	1.1266e-08	1.1399e-08	1.1081e-08	1.1455e-08	1.1501e-08	1.1228e-08	1.0626e-08	9.9669e-09	1.0085e-08	1.0117e-08	9.8473e-09	9.8607e-09	9.9207e-09	1.0082e-08	1.0116e-08	9.8827e-09	1.0019e-08	1.0224e-08	9.985e-09	1.0211e-08	1.0378e-08	1.0417e-08	1.0417e-08	1.0174e-08	1.1003e-08	1.6299e-08	2.6495e-08	4.2307e-08	4.2307e-08	5.6475e-08	7.1166e-08	8.5916e-08	1.0152e-07	1.1242e-07	1.2156e-07	1.3026e-07	1.3934e-07	1.4863e-07	1.5428e-07	1.5727e-07	1.5727e-07	1.5633e-07	1.5715e-07	1.5776e-07	1.5512e-07	1.5013e-07	1.4454e-07	1.3597e-07	1.2806e-07	1.1995e-07	1.1173e-07	1.0343e-07	9.3749e-08	8.5652e-08	7.7441e-08	6.9155e-08	6.1015e-08	5.2022e-08	4.4102e-08	3.6085e-08	2.7985e-08	2.0598e-08	1.3379e-08	9.2604e-09	7.6719e-09	6.7246e-09	6.18e-09	5.8946e-09	5.8525e-09	5.8443e-09	5.468e-09	5.8359e-09	6.3163e-09	6.1619e-09	6.584e-09	7.1305e-09	7.4065e-09	7.9212e-09	7.9212e-09	7.5031e-09	7.3337e-09	7.455e-09	7.8728e-09	8.1189e-09	8.1139e-09	7.9393e-09	7.7755e-09	8.0913e-09	7.9007e-09	7.9427e-09	8.1198e-09	8.2372e-09	8.8174e-09	9.0625e-09	9.2089e-09	9.1214e-09	8.9444e-09	9.3706e-09	9.0356e-09	8.975e-09	9.1664e-09	8.922e-09	9.3121e-09	9.2745e-09	9.2614e-09	8.4972e-09	8.1381e-09	8.9801e-09	8.8745e-09	9.1437e-09	9.3982e-09	9.3283e-09	9.7931e-09	9.999e-09	1.0213e-08	9.8718e-09	9.7786e-09	9.9194e-09	1.0297e-08
1.1426e-08	1.2019e-08	1.2013e-08	1.1882e-08	1.175e-08	1.1716e-08	1.1599e-08	1.1504e-08	1.1238e-08	1.1271e-08	1.1569e-08	1.1873e-08	1.1851e-08	1.1978e-08	1.1892e-08	1.1702e-08	1.0902e-08	1.0776e-08	1.077e-08	1.104e-08	1.1106e-08	1.0829e-08	1.1172e-08	1.1116e-08	1.093e-08	1.0372e-08	9.7814e-09	9.9468e-09	9.9426e-09	9.7268e-09	9.8528e-09	1.002e-08	1.0176e-08	1.0174e-08	9.9237e-09	1.0078e-08	1.0283e-08	9.9169e-09	9.9169e-09	1.0067e-08	1.0223e-08	1.023e-08	1.0285e-08	1.0183e-08	1.1551e-08	1.7742e-08	3.1233e-08	4.5094e-08	5.9384e-08	7.4063e-08	8.8738e-08	1.0418e-07	1.1477e-07	1.2359e-07	1.321e-07	1.4098e-07	1.5009e-07	1.5543e-07	1.5796e-07	1.5762e-07	1.5683e-07	1.5789e-07	1.5804e-07	1.5484e-07	1.4942e-07	1.4338e-07	1.3463e-07	1.2664e-07	1.1853e-07	1.1039e-07	1.0209e-07	9.2456e-08	8.4414e-08	7.6244e-08	6.7993e-08	5.9904e-08	5.0987e-08	4.3047e-08	3.5038e-08	2.6926e-08	1.9731e-08	1.2845e-08	8.9731e-09	7.5188e-09	6.6396e-09	6.2072e-09	6.0273e-09	6.0273e-09	5.9662e-09	5.925e-09	5.5916e-09	6.2628e-09	6.6008e-09	6.6294e-09	7.0288e-09	7.5747e-09	8.1765e-09	8.1833e-09	7.7828e-09	7.6687e-09	7.7347e-09	8.1369e-09	8.4284e-09	8.4473e-09	8.2207e-09	8.0862e-09	8.4265e-09	8.3195e-09	8.3843e-09	8.5363e-09	8.6587e-09	9.2498e-09	9.4894e-09	9.596e-09	9.4963e-09	9.3915e-09	9.8077e-09	9.4539e-09	9.4425e-09	9.5871e-09	9.3338e-09	9.7227e-09	9.6483e-09	9.606e-09	8.9178e-09	8.5958e-09	9.5099e-09	9.4592e-09	9.7059e-09	9.8438e-09	9.7442e-09	1.0134e-08	1.0268e-08	1.0398e-08	1.0118e-08	1.0034e-08	1.0259e-08	1.0227e-08
1.1398e-08	1.2019e-08	1.1991e-08	1.1801e-08	1.167e-08	1.1628e-08	1.1507e-08	1.1442e-08	1.1137e-08	1.1115e-08	1.1418e-08	1.1684e-08	1.1634e-08	1.1746e-08	1.1582e-08	1.1342e-08	1.054e-08	1.0444e-08	1.0547e-08	1.0809e-08	1.0817e-08	1.0595e-08	1.0892e-08	1.0728e-08	1.0643e-08	1.0143e-08	9.6313e-09	9.8348e-09	9.8348e-09	9.7939e-09	9.6395e-09	9.8887e-09	1.0111e-08	1.0267e-08	1.0223e-08	9.9639e-09	1.015e-08	1.0311e-08	9.875e-09	9.9833e-09	1.0123e-08	1.0209e-08	1.0172e-08	1.0295e-08	1.2342e-08	1.942e-08	3.3779e-08	4.7923e-08	6.2363e-08	7.7035e-08	9.1618e-08	1.0689e-07	1.1719e-07	1.2574e-07	1.3406e-07	1.4266e-07	1.5154e-07	1.5653e-07	1.586e-07	1.5799e-07	1.5739e-07	1.5859e-07	1.5823e-07	1.5449e-07	1.4869e-07	1.4221e-07	1.3332e-07	1.2527e-07	1.1716e-07	1.0911e-07	1.008e-07	9.1243e-08	8.3245e-08	7.5108e-08	6.689e-08	5.8847e-08	4.9995e-08	4.9995e-08	4.2043e-08	3.4047e-08	2.5946e-08	1.8241e-08	1.2415e-08	8.7888e-09	7.414e-09	6.6228e-09	6.4074e-09	6.2163e-09	6.1555e-09	6.1037e-09	5.8287e-09	6.5999e-09	6.9431e-09	7.1691e-09	7.5296e-09	8.0424e-09	8.5659e-09	8.4506e-09	8.0877e-09	8.0436e-09	8.0516e-09	8.4072e-09	8.7301e-09	8.7697e-09	8.5021e-09	8.4003e-09	8.7613e-09	8.737e-09	8.8081e-09	8.9282e-09	9.0529e-09	9.6148e-09	9.8399e-09	9.9051e-09	9.8024e-09	9.7613e-09	1.0144e-08	9.82e-09	9.8677e-09	9.9784e-09	9.7311e-09	1.0116e-08	1.0031e-08	9.9601e-09	9.3966e-09	9.141e-09	1.0066e-08	1.0066e-08	1.0088e-08	1.03e-08	1.0299e-08	1.0584e-08	1.045e-08	1.0491e-08	1.0529e-08	1.0323e-08	1.0448e-08	1.0507e-08
1.1393e-08	1.2018e-08	1.1975e-08	1.1749e-08	1.1605e-08	1.1541e-08	1.1429e-08	1.1412e-08	1.105e-08	1.0956e-08	1.1253e-08	1.1473e-08	1.1391e-08	1.1482e-08	1.1234e-08	1.0951e-08	1.0192e-08	1.0119e-08	1.0119e-08	1.0317e-08	1.0577e-08	1.0277e-08	1.0387e-08	1.0627e-08	1.0363e-08	1.0379e-08	9.7841e-09	9.5201e-09	9.748e-09	9.6709e-09	9.5759e-09	9.8891e-09	1.0165e-08	1.0331e-08	1.024e-08	9.9802e-09	1.0119e-08	1.0288e-08	9.8589e-09	9.9717e-09	1.0091e-08	1.0238e-08	1.0092e-08	1.0531e-08	1.3383e-08	2.1331e-08	3.6438e-08	5.0801e-08	6.5405e-08	8.0069e-08	9.4537e-08	1.0963e-07	1.1967e-07	1.2797e-07	1.3612e-07	1.4437e-07	1.5298e-07	1.5756e-07	1.592e-07	1.5839e-07	1.5798e-07	1.5922e-07	1.583e-07	1.5405e-07	1.4791e-07	1.4104e-07	1.3206e-07	1.3206e-07	1.2398e-07	1.1587e-07	1.0789e-07	9.8441e-08	9.0121e-08	8.2152e-08	7.4033e-08	6.5847e-08	5.6882e-08	4.9041e-08	4.1086e-08	3.3108e-08	2.5046e-08	1.7605e-08	1.2077e-08	8.6951e-09	7.3588e-09	6.6714e-09	6.5741e-09	6.4528e-09	6.4082e-09	6.3639e-09	6.1582e-09	6.9945e-09	7.3286e-09	7.7488e-09	8.0609e-09	8.5128e-09	8.9378e-09	8.7175e-09	8.4035e-09	8.4343e-09	8.3894e-09	8.6784e-09	9.0188e-09	9.0725e-09	8.7791e-09	8.7076e-09	9.0837e-09	9.1322e-09	9.1869e-09	9.2693e-09	9.3917e-09	9.8835e-09	1.0085e-08	1.0109e-08	1.0013e-08	1.0023e-08	1.0382e-08	1.0382e-08	1.013e-08	1.0243e-08	1.0332e-08	1.0449e-08	1.0481e-08	1.0408e-08	1.031e-08	9.9019e-09	1.032e-08	1.0609e-08	1.0712e-08	1.0882e-08	1.0731e-08	1.0947e-08	1.0723e-08	1.0663e-08	1.0609e-08	1.0484e-08	1.0593e-08	1.0742e-08
1.141e-08	1.2009e-08	1.1959e-08	1.1718e-08	1.155e-08	1.1454e-08	1.1361e-08	1.1401e-08	1.1401e-08	1.0975e-08	1.0799e-08	1.0911e-08	1.125e-08	1.1135e-08	1.12e-08	1.0869e-08	1.0174e-08	9.8718e-09	9.8168e-09	1.0084e-08	1.0346e-08	1.004e-08	1.0209e-08	1.0392e-08	1.0048e-08	1.0152e-08	9.6666e-09	9.4509e-09	9.6856e-09	9.574e-09	9.5264e-09	9.8515e-09	1.0158e-08	1.0346e-08	1.0205e-08	9.952e-09	1.0046e-08	1.0223e-08	9.8694e-09	1.0029e-08	1.0125e-08	1.0308e-08	1.0067e-08	1.091e-08	1.4666e-08	2.346e-08	3.921e-08	5.3737e-08	6.8504e-08	8.315e-08	9.7474e-08	1.1237e-07	1.2218e-07	1.3029e-07	1.3825e-07	1.4611e-07	1.5437e-07	1.5437e-07	1.5851e-07	1.5975e-07	1.5881e-07	1.5914e-07	1.5971e-07	1.5823e-07	1.5352e-07	1.471e-07	1.3877e-07	1.3088e-07	1.2279e-07	1.1468e-07	1.0674e-07	9.7375e-08	8.9093e-08	8.1134e-08	7.302e-08	6.4861e-08	5.5961e-08	4.8119e-08	4.0168e-08	3.2213e-08	2.4215e-08	1.7029e-08	1.1817e-08	8.6785e-09	7.3545e-09	6.7814e-09	6.7807e-09	6.7283e-09	6.7121e-09	6.689e-09	6.5588e-09	7.4281e-09	7.7425e-09	8.3361e-09	8.5967e-09	8.9653e-09	9.2768e-09	8.9786e-09	8.7162e-09	8.8169e-09	8.7316e-09	8.945e-09	9.2895e-09	9.3473e-09	9.0473e-09	8.9983e-09	9.3826e-09	9.3826e-09	9.4868e-09	9.4984e-09	9.5382e-09	9.8384e-09	1.0061e-08	1.0232e-08	1.0217e-08	1.0137e-08	1.0265e-08	1.054e-08	1.0388e-08	1.0566e-08	1.0644e-08	1.0756e-08	1.081e-08	1.0763e-08	1.0643e-08	1.0402e-08	1.0868e-08	1.1101e-08	1.1282e-08	1.1406e-08	1.1108e-08	1.1232e-08	1.0935e-08	1.0774e-08	1.0641e-08	1.0598e-08	1.0689e-08	1.0918e-08
1.1265e-08	1.1442e-08	1.1988e-08	1.1934e-08	1.1697e-08	1.1498e-08	1.1365e-08	1.1296e-08	1.1396e-08	1.0906e-08	1.065e-08	1.075e-08	1.1026e-08	1.0877e-08	1.0914e-08	1.0509e-08	9.8352e-09	9.5953e-09	9.551e-09	9.8525e-09	1.0119e-08	9.8347e-09	1.0068e-08	1.0199e-08	9.8058e-09	9.9753e-09	9.5984e-09	9.4267e-09	9.6473e-09	9.5039e-09	9.4825e-09	9.781e-09	1.0095e-08	1.0316e-08	1.0125e-08	9.8862e-09	9.9564e-09	1.014e-08	9.9075e-09	1.0143e-08	1.0212e-08	1.041e-08	1.0118e-08	1.1453e-08	1.6185e-08	2.5793e-08	4.209e-08	4.209e-08	5.674e-08	7.1652e-08	8.6266e-08	1.0332e-07	1.1508e-07	1.2469e-07	1.3265e-07	1.4044e-07	1.4966e-07	1.5572e-07	1.5936e-07	1.6025e-07	1.5925e-07	1.5963e-07	1.6002e-07	1.5798e-07	1.5289e-07	1.4624e-07	1.377e-07	1.2979e-07	1.217e-07	1.1359e-07	1.0566e-07	9.6372e-08	8.8139e-08	8.0177e-08	7.2058e-08	6.3922e-08	5.507e-08	4.7222e-08	3.9279e-08	3.1352e-08	2.3441e-08	1.6501e-08	1.1621e-08	8.7256e-09	7.4026e-09	6.949e-09	7.0238e-09	7.0341e-09	7.0548e-09	7.0626e-09	7.0095e-09	7.8822e-09	8.1701e-09	8.8987e-09	9.1113e-09	9.3791e-09	9.5676e-09	9.5676e-09	9.2282e-09	9.0114e-09	9.1674e-09	9.365e-09	9.2017e-09	9.5372e-09	9.5862e-09	9.302e-09	9.4983e-09	9.6525e-09	9.7957e-09	9.7437e-09	9.738e-09	9.9622e-09	1.0165e-08	1.0302e-08	1.0253e-08	1.0193e-08	1.0288e-08	1.0631e-08	1.0594e-08	1.0834e-08	1.0909e-08	1.1019e-08	1.1092e-08	1.1081e-08	1.0944e-08	1.0865e-08	1.1329e-08	1.1503e-08	1.1749e-08	1.1829e-08	1.1398e-08	1.1408e-08	1.1069e-08	1.0819e-08	1.0627e-08	1.066e-08	1.073e-08	1.1021e-08
1.1252e-08	1.148e-08	1.1948e-08	1.1893e-08	1.1674e-08	1.1444e-08	1.1274e-08	1.123e-08	1.1387e-08	1.0839e-08	1.0513e-08	1.075e-08	1.0812e-08	1.0629e-08	1.0638e-08	1.0174e-08	9.8352e-09	9.3774e-09	9.3364e-09	9.6283e-09	9.9001e-09	9.8347e-09	9.9699e-09	1.0061e-08	9.6609e-09	9.8599e-09	9.5984e-09	9.4463e-09	9.6353e-09	9.4641e-09	9.4472e-09	9.781e-09	1.0002e-08	1.0259e-08	1.0021e-08	9.805e-09	9.9564e-09	9.8784e-09	1.0062e-08	9.9743e-09	1.0301e-08	1.034e-08	1.0537e-08	1.0267e-08	1.2178e-08	1.7932e-08	2.8316e-08	4.5078e-08	5.9818e-08	7.4844e-08	8.9402e-08	1.0619e-07	1.1773e-07	1.272e-07	1.3504e-07	1.4266e-07	1.5146e-07	1.57e-07	1.6009e-07	1.6071e-07	1.597e-07	1.6005e-07	1.6012e-07	1.5756e-07	1.5216e-07	1.4533e-07	1.3667e-07	1.2876e-07	1.2071e-07	1.1259e-07	1.0464e-07	9.5416e-08	8.7241e-08	7.9267e-08	7.1135e-08	6.3021e-08	5.4202e-08	4.6343e-08	3.8409e-08	3.0516e-08	2.271e-08	1.6011e-08	1.1476e-08	8.8228e-09	7.5045e-09	7.1705e-09	7.3001e-09	7.3001e-09	7.3614e-09	7.4243e-09	7.4682e-09	7.9766e-09	8.3381e-09	8.5967e-09	9.4041e-09	9.579e-09	1.0012e-08	9.798e-09	9.4611e-09	9.2767e-09	9.4652e-09	9.6353e-09	9.4432e-09	9.7568e-09	9.7863e-09	9.5371e-09	9.7011e-09	9.8895e-09	1.0058e-08	9.9314e-09	9.8791e-09	1.0036e-08	1.021e-08	1.0316e-08	1.0239e-08	1.0201e-08	1.0273e-08	1.0671e-08	1.0751e-08	1.1042e-08	1.1121e-08	1.1231e-08	1.1317e-08	1.1347e-08	1.1201e-08	1.126e-08	1.1661e-08	1.1775e-08	1.2065e-08	1.2106e-08	1.157e-08	1.1447e-08	1.1108e-08	1.0789e-08	1.0571e-08	1.0668e-08	1.0626e-08	1.0718e-08
1.1234e-08	1.1515e-08	1.1885e-08	1.1827e-08	1.1638e-08	1.1382e-08	1.1177e-08	1.1155e-08	1.1359e-08	1.0769e-08	1.0393e-08	1.0607e-08	1.0621e-08	1.0404e-08	1.0388e-08	9.8864e-09	9.5617e-09	9.2321e-09	9.1867e-09	9.4163e-09	9.692e-09	9.6672e-09	9.914e-09	9.9794e-09	9.6113e-09	9.8061e-09	9.5795e-09	9.5066e-09	9.5066e-09	9.6535e-09	9.4595e-09	9.4301e-09	9.6178e-09	9.9007e-09	1.0193e-08	9.9124e-09	9.7309e-09	9.8385e-09	1.0013e-08	1.0071e-08	1.049e-08	1.0498e-08	1.0679e-08	1.0534e-08	1.3107e-08	1.99e-08	3.1014e-08	4.8171e-08	6.298e-08	7.8073e-08	9.2544e-08	1.0619e-07	1.203e-07	1.2966e-07	1.3745e-07	1.449e-07	1.5146e-07	1.582e-07	1.607e-07	1.6111e-07	1.6017e-07	1.6005e-07	1.6003e-07	1.5699e-07	1.5135e-07	1.4439e-07	1.3667e-07	1.2779e-07	1.1978e-07	1.1164e-07	1.0366e-07	9.5416e-08	8.6379e-08	7.8387e-08	7.0243e-08	6.2147e-08	5.4202e-08	5.3349e-08	4.5475e-08	3.755e-08	2.9695e-08	2.201e-08	1.5548e-08	1.1367e-08	8.9568e-09	7.6616e-09	7.7596e-09	7.6062e-09	7.7016e-09	7.8082e-09	7.8891e-09	8.4518e-09	8.7781e-09	9.0079e-09	9.8248e-09	9.9775e-09	1.0217e-08	9.9706e-09	9.6726e-09	9.5085e-09	9.7077e-09	9.8687e-09	9.6647e-09	9.9431e-09	9.946e-09	9.7459e-09	9.869e-09	1.009e-08	1.0272e-08	1.007e-08	9.9722e-09	1.0072e-08	1.0214e-08	1.0293e-08	1.0198e-08	1.018e-08	1.024e-08	1.0675e-08	1.0862e-08	1.119e-08	1.1276e-08	1.1385e-08	1.1477e-08	1.1545e-08	1.14e-08	1.1554e-08	1.1717e-08	1.1822e-08	1.1882e-08	1.2182e-08	1.2195e-08	1.1468e-08	1.1353e-08	1.1053e-08	1.0691e-08	1.0479e-08	1.0545e-08	1.0667e-08
1.1209e-08	1.1538e-08	1.1791e-08	1.1729e-08	1.1578e-08	1.1305e-08	1.1075e-08	1.1067e-08	1.1302e-08	1.0691e-08	1.0294e-08	1.0488e-08	1.0461e-08	1.0212e-08	1.0176e-08	9.6658e-09	9.3756e-09	9.1631e-09	9.1631e-09	9.1069e-09	9.2285e-09	9.504e-09	9.4575e-09	9.8967e-09	9.9493e-09	9.6417e-09	9.8073e-09	9.6746e-09	9.6044e-09	9.7059e-09	9.4954e-09	9.4408e-09	9.5635e-09	9.8172e-09	1.0137e-08	9.8214e-09	9.6862e-09	9.8637e-09	1.0019e-08	1.0198e-08	1.0698e-08	1.0672e-08	1.0829e-08	1.0941e-08	1.4258e-08	2.2081e-08	3.3874e-08	5.1367e-08	6.6234e-08	8.1333e-08	9.5679e-08	1.09e-07	1.2277e-07	1.3208e-07	1.3985e-07	1.4712e-07	1.5326e-07	1.593e-07	1.6119e-07	1.6147e-07	1.6063e-07	1.6037e-07	1.5979e-07	1.563e-07	1.5047e-07	1.4343e-07	1.3568e-07	1.3471e-07	1.2686e-07	1.1889e-07	1.1074e-07	1.0272e-07	9.3589e-08	8.5534e-08	7.7522e-08	6.937e-08	6.1291e-08	5.2503e-08	4.4612e-08	3.6691e-08	2.8878e-08	2.133e-08	1.5102e-08	1.1283e-08	9.1141e-09	7.8754e-09	7.7596e-09	7.9374e-09	8.0462e-09	8.1947e-09	8.3095e-09	8.4518e-09	9.1894e-09	9.3908e-09	1.0157e-08	1.0303e-08	1.0217e-08	1.0093e-08	9.8582e-09	9.7058e-09	9.8981e-09	9.8687e-09	9.8608e-09	1.0091e-08	1.0064e-08	9.9219e-09	9.869e-09	1.025e-08	1.0437e-08	1.0169e-08	1.0028e-08	1.0072e-08	1.0193e-08	1.0254e-08	1.0153e-08	1.0149e-08	1.0149e-08	1.021e-08	1.066e-08	1.0929e-08	1.1272e-08	1.1369e-08	1.1474e-08	1.1561e-08	1.1661e-08	1.1527e-08	1.1746e-08	1.1812e-08	1.1825e-08	1.2102e-08	1.2098e-08	1.124e-08	1.116e-08	1.0928e-08	1.054e-08	1.0357e-08	1.0435e-08	1.0587e-08
1.1174e-08	1.1541e-08	1.1663e-08	1.1591e-08	1.1483e-08	1.1207e-08	1.0965e-08	1.096e-08	1.096e-08	1.1206e-08	1.0604e-08	1.0221e-08	1.0354e-08	1.0342e-08	1.0064e-08	1.0013e-08	9.5205e-09	9.2735e-09	9.1682e-09	9.0974e-09	9.0805e-09	9.3483e-09	9.4186e-09	9.9142e-09	9.9665e-09	9.7363e-09	9.8569e-09	9.7813e-09	9.7363e-09	9.7963e-09	9.5767e-09	9.4889e-09	9.553e-09	9.7752e-09	1.0108e-08	9.7686e-09	9.6933e-09	9.9808e-09	1.0102e-08	1.0356e-08	1.0912e-08	1.0851e-08	1.0978e-08	1.1509e-08	1.5652e-08	2.4469e-08	3.6881e-08	5.4655e-08	6.9576e-08	8.4613e-08	9.8794e-08	1.1174e-07	1.2515e-07	1.3443e-07	1.4222e-07	1.4932e-07	1.5502e-07	1.5673e-07	1.6029e-07	1.6155e-07	1.6176e-07	1.6107e-07	1.6079e-07	1.5943e-07	1.5553e-07	1.4955e-07	1.4245e-07	1.3376e-07	1.2595e-07	1.1802e-07	1.0986e-07	1.0179e-07	9.2689e-08	8.4686e-08	7.6657e-08	6.8506e-08	6.0444e-08	5.1656e-08	4.3746e-08	3.5824e-08	2.8058e-08	2.0656e-08	1.4666e-08	1.1209e-08	9.2821e-09	8.1444e-09	8.1177e-09	8.2821e-09	8.3873e-09	8.5734e-09	8.7163e-09	8.9002e-09	9.5603e-09	9.733e-09	1.0405e-08	1.0558e-08	1.0358e-08	1.0173e-08	1.0014e-08	9.8678e-09	1.0039e-08	1.0062e-08	1.0027e-08	1.0195e-08	1.0138e-08	1.0059e-08	9.9996e-09	1.009e-08	1.0366e-08	1.0553e-08	1.0236e-08	1.0057e-08	1.0078e-08	1.0163e-08	1.0219e-08	1.0125e-08	1.0129e-08	1.0204e-08	1.0639e-08	1.0954e-08	1.1287e-08	1.1395e-08	1.1497e-08	1.1569e-08	1.1693e-08	1.158e-08	1.1746e-08	1.1667e-08	1.1643e-08	1.187e-08	1.186e-08	1.124e-08	1.0903e-08	1.0754e-08	1.0353e-08	1.0213e-08	1.0435e-08	1.0492e-08
1.121e-08	1.1128e-08	1.1451e-08	1.1495e-08	1.1407e-08	1.1343e-08	1.1084e-08	1.073e-08	1.0846e-08	1.108e-08	1.0514e-08	1.0179e-08	1.0346e-08	1.0269e-08	9.9675e-09	9.9059e-09	9.4519e-09	9.3464e-09	9.2454e-09	9.1582e-09	8.9878e-09	9.2368e-09	9.4257e-09	9.9628e-09	1.0027e-08	9.8798e-09	9.9481e-09	9.9226e-09	9.8992e-09	9.9286e-09	9.7086e-09	9.584e-09	9.6056e-09	9.799e-09	1.0126e-08	9.7748e-09	9.7748e-09	1.0216e-08	1.0287e-08	1.0548e-08	1.112e-08	1.1022e-08	1.1134e-08	1.2252e-08	1.7293e-08	2.7046e-08	4.0014e-08	4.3242e-08	5.8007e-08	7.2979e-08	8.7902e-08	1.0188e-07	1.17e-07	1.2746e-07	1.3672e-07	1.4455e-07	1.5147e-07	1.5835e-07	1.6115e-07	1.6179e-07	1.6197e-07	1.6146e-07	1.6087e-07	1.5898e-07	1.547e-07	1.486e-07	1.4148e-07	1.3283e-07	1.2505e-07	1.1715e-07	1.0897e-07	1.0086e-07	9.1777e-08	8.3817e-08	7.5777e-08	6.764e-08	5.9594e-08	5.0801e-08	4.2871e-08	3.4941e-08	2.7224e-08	1.9978e-08	1.4243e-08	1.1146e-08	9.4536e-09	8.4532e-09	8.4999e-09	8.6264e-09	8.7172e-09	8.9344e-09	9.0973e-09	9.3089e-09	9.8795e-09	1.0022e-08	1.0573e-08	1.0743e-08	1.0445e-08	1.0485e-08	1.0218e-08	1.0134e-08	9.9937e-09	1.0135e-08	1.0313e-08	1.0157e-08	1.0249e-08	1.0167e-08	1.0149e-08	1.0139e-08	1.0434e-08	1.0618e-08	1.0281e-08	1.0069e-08	1.0073e-08	1.014e-08	1.0208e-08	1.0137e-08	1.0136e-08	1.0223e-08	1.0618e-08	1.094e-08	1.1238e-08	1.1356e-08	1.1457e-08	1.1511e-08	1.165e-08	1.1566e-08	1.1666e-08	1.1428e-08	1.1375e-08	1.1536e-08	1.1528e-08	1.0946e-08	1.0618e-08	1.0552e-08	1.0145e-08	1.0054e-08	1.0306e-08	1.0393e-08
1.1185e-08	1.107e-08	1.1361e-08	1.1299e-08	1.1189e-08	1.1169e-08	1.0945e-08	1.0629e-08	1.074e-08	1.0947e-08	1.0439e-08	1.0174e-08	1.0382e-08	1.0248e-08	9.9296e-09	9.8615e-09	9.4617e-09	9.4944e-09	9.3923e-09	9.2896e-09	8.9659e-09	9.1819e-09	9.4804e-09	1.0039e-08	1.0125e-08	1.0056e-08	1.0074e-08	1.0095e-08	1.009e-08	1.0107e-08	9.8962e-09	9.7358e-09	9.7403e-09	9.9126e-09	1.0208e-08	9.861e-09	9.9527e-09	1.0231e-08	1.0573e-08	1.0578e-08	1.077e-08	1.1315e-08	1.1346e-08	1.133e-08	1.3175e-08	1.9156e-08	2.978e-08	4.6533e-08	6.1397e-08	7.6415e-08	9.1183e-08	1.0492e-07	1.1954e-07	1.2969e-07	1.3893e-07	1.468e-07	1.5353e-07	1.5985e-07	1.6186e-07	1.6191e-07	1.6211e-07	1.6179e-07	1.6089e-07	1.5847e-07	1.5385e-07	1.4765e-07	1.4051e-07	1.319e-07	1.2413e-07	1.1626e-07	1.0807e-07	9.9916e-08	9.0842e-08	8.291e-08	7.4869e-08	6.6763e-08	5.8733e-08	4.9933e-08	4.1983e-08	3.4038e-08	2.6379e-08	1.9303e-08	1.3843e-08	1.1092e-08	9.6227e-09	8.782e-09	8.8871e-09	9.2598e-09	8.9565e-09	9.0282e-09	9.2679e-09	9.4402e-09	9.9558e-09	1.0135e-08	1.0246e-08	1.0664e-08	1.0862e-08	1.0489e-08	1.0235e-08	1.0216e-08	1.0082e-08	1.0188e-08	1.0363e-08	1.0246e-08	1.025e-08	1.0149e-08	1.0187e-08	1.0142e-08	1.045e-08	1.0631e-08	1.0311e-08	1.0076e-08	1.007e-08	1.0128e-08	1.0224e-08	1.019e-08	1.0173e-08	1.0254e-08	1.0589e-08	1.0888e-08	1.1132e-08	1.1258e-08	1.1359e-08	1.1395e-08	1.1542e-08	1.1494e-08	1.15e-08	1.1132e-08	1.1062e-08	1.1146e-08	1.1149e-08	1.0627e-08	1.034e-08	1.0346e-08	9.9332e-09	9.8876e-09	9.8876e-09	1.0037e-08
1.1169e-08	1.1009e-08	1.1261e-08	1.1098e-08	1.096e-08	1.0981e-08	1.0806e-08	1.0558e-08	1.0662e-08	1.083e-08	1.0394e-08	1.0211e-08	1.0466e-08	1.0285e-08	9.9585e-09	9.8872e-09	9.5514e-09	9.7119e-09	9.6069e-09	9.4918e-09	9.0306e-09	9.1957e-09	9.5842e-09	1.0138e-08	1.0258e-08	1.0251e-08	1.0229e-08	1.0404e-08	1.0294e-08	1.0305e-08	1.0335e-08	1.0144e-08	1.0237e-08	9.9615e-09	1.0123e-08	1.0361e-08	1.0034e-08	1.0586e-08	1.1016e-08	1.0946e-08	1.1016e-08	1.15e-08	1.1526e-08	1.1603e-08	1.4278e-08	2.1218e-08	3.2637e-08	4.9853e-08	6.4798e-08	7.9855e-08	9.4442e-08	1.0792e-07	1.2201e-07	1.3186e-07	1.4105e-07	1.4898e-07	1.555e-07	1.6121e-07	1.6242e-07	1.6191e-07	1.6217e-07	1.6203e-07	1.6082e-07	1.5792e-07	1.5301e-07	1.4672e-07	1.3956e-07	1.3098e-07	1.232e-07	1.1532e-07	1.0713e-07	9.8953e-08	8.9884e-08	8.1966e-08	7.3932e-08	6.5872e-08	5.7858e-08	5.6965e-08	4.9049e-08	4.1079e-08	3.3115e-08	2.5523e-08	1.7998e-08	1.3476e-08	1.1049e-08	9.7836e-09	9.1108e-09	9.5986e-09	9.2585e-09	9.3127e-09	9.564e-09	9.7329e-09	1.0168e-08	1.0317e-08	1.0391e-08	1.0684e-08	1.0916e-08	1.0465e-08	1.0232e-08	1.0254e-08	1.0133e-08	1.0201e-08	1.0359e-08	1.0291e-08	1.0192e-08	1.0083e-08	1.0167e-08	1.0105e-08	1.0418e-08	1.0596e-08	1.0329e-08	1.008e-08	1.0065e-08	1.0124e-08	1.0256e-08	1.0266e-08	1.0221e-08	1.0283e-08	1.0548e-08	1.0801e-08	1.0979e-08	1.1109e-08	1.1206e-08	1.1229e-08	1.1379e-08	1.1369e-08	1.1369e-08	1.1014e-08	1.0821e-08	1.0744e-08	1.075e-08	1.0769e-08	1.0072e-08	1.0105e-08	1.0157e-08	9.7338e-09	9.7201e-09	9.919e-09
1.117e-08	1.0959e-08	1.117e-08	1.0913e-08	1.0742e-08	1.0799e-08	1.0686e-08	1.0531e-08	1.0627e-08	1.0752e-08	1.0394e-08	1.0295e-08	1.0599e-08	1.0386e-08	1.0062e-08	9.99e-09	9.7225e-09	9.9764e-09	9.9933e-09	9.887e-09	9.765e-09	9.1973e-09	9.4777e-09	9.7388e-09	1.0258e-08	1.042e-08	1.0447e-08	1.0597e-08	1.0517e-08	1.054e-08	1.0609e-08	1.0449e-08	1.0565e-08	1.025e-08	1.0411e-08	1.0573e-08	1.0278e-08	1.099e-08	1.1506e-08	1.136e-08	1.1279e-08	1.168e-08	1.1735e-08	1.1989e-08	1.5564e-08	2.3453e-08	3.5585e-08	5.3172e-08	6.8181e-08	8.3272e-08	9.7667e-08	1.1085e-07	1.2443e-07	1.3398e-07	1.4309e-07	1.5104e-07	1.5734e-07	1.6238e-07	1.6281e-07	1.6179e-07	1.6214e-07	1.6218e-07	1.6069e-07	1.5738e-07	1.5219e-07	1.4581e-07	1.3863e-07	1.3773e-07	1.3006e-07	1.2224e-07	1.1435e-07	1.0615e-07	9.6969e-08	8.8907e-08	8.0991e-08	7.297e-08	6.4964e-08	5.6054e-08	4.8146e-08	4.0154e-08	3.2173e-08	2.4659e-08	1.7388e-08	1.3151e-08	1.1018e-08	9.9305e-09	9.4196e-09	9.8842e-09	9.5187e-09	9.563e-09	9.8129e-09	9.9633e-09	1.029e-08	1.0412e-08	1.0446e-08	1.0635e-08	1.0907e-08	1.0423e-08	1.0217e-08	1.0244e-08	1.0146e-08	1.0177e-08	1.0308e-08	1.0295e-08	1.0084e-08	9.9767e-09	1.0092e-08	1.0035e-08	1.0347e-08	1.0522e-08	1.0335e-08	1.0078e-08	1.0055e-08	1.012e-08	1.0293e-08	1.0346e-08	1.0346e-08	1.0283e-08	1.0295e-08	1.0489e-08	1.0682e-08	1.0787e-08	1.0688e-08	1.1001e-08	1.1024e-08	1.1173e-08	1.1201e-08	1.0742e-08	1.0532e-08	1.046e-08	1.0395e-08	1.0436e-08	9.9166e-09	9.9489e-09	1.0008e-08	9.5632e-09	9.5594e-09	9.8228e-09
1.1195e-08	1.0934e-08	1.1107e-08	1.0765e-08	1.0559e-08	1.0644e-08	1.0601e-08	1.0563e-08	1.0563e-08	1.0655e-08	1.0733e-08	1.0455e-08	1.0628e-08	1.0787e-08	1.0557e-08	1.0248e-08	1.0177e-08	1.0315e-08	1.0333e-08	1.023e-08	1.0109e-08	9.4815e-09	9.7577e-09	9.9421e-09	1.0395e-08	1.0606e-08	1.0637e-08	1.0805e-08	1.076e-08	1.0791e-08	1.0915e-08	1.0792e-08	1.092e-08	1.0585e-08	1.0753e-08	1.0831e-08	1.0575e-08	1.1415e-08	1.2004e-08	1.1789e-08	1.1551e-08	1.1858e-08	1.1987e-08	1.2525e-08	1.7037e-08	2.5836e-08	3.8589e-08	5.6457e-08	7.1518e-08	8.6638e-08	1.0084e-07	1.1371e-07	1.268e-07	1.3606e-07	1.4503e-07	1.5299e-07	1.5903e-07	1.6055e-07	1.6335e-07	1.6301e-07	1.6156e-07	1.6201e-07	1.6217e-07	1.605e-07	1.5683e-07	1.5141e-07	1.4493e-07	1.3684e-07	1.2913e-07	1.2126e-07	1.1334e-07	1.0515e-07	9.5958e-08	8.7915e-08	7.9991e-08	7.1986e-08	6.4037e-08	5.5121e-08	4.7221e-08	3.9205e-08	3.121e-08	2.379e-08	1.6819e-08	1.2876e-08	1.0999e-08	1.0058e-08	9.6887e-09	1.0097e-08	9.7231e-09	9.7715e-09	1.0005e-08	1.0119e-08	1.0308e-08	1.041e-08	1.04e-08	1.0523e-08	1.0837e-08	1.037e-08	1.0196e-08	1.0194e-08	1.0126e-08	1.0126e-08	1.0227e-08	1.0272e-08	9.9476e-09	9.8478e-09	9.8478e-09	9.8421e-09	9.9422e-09	1.0245e-08	1.0416e-08	1.0325e-08	1.0044e-08	1.0035e-08	1.0111e-08	1.0321e-08	1.0412e-08	1.0263e-08	1.0275e-08	1.0404e-08	1.0532e-08	1.0565e-08	1.0431e-08	1.0749e-08	1.0786e-08	1.0932e-08	1.0997e-08	1.0485e-08	1.0304e-08	1.0252e-08	1.013e-08	1.0196e-08	9.8801e-09	9.8928e-09	9.9135e-09	9.4338e-09	9.4126e-09	9.7492e-09
1.1374e-08	1.1251e-08	1.0948e-08	1.109e-08	1.0676e-08	1.0433e-08	1.0536e-08	1.0569e-08	1.0668e-08	1.0761e-08	1.0797e-08	1.0594e-08	1.0628e-08	1.1031e-08	1.0803e-08	1.0524e-08	1.0456e-08	1.0315e-08	1.0722e-08	1.0629e-08	1.0517e-08	9.8811e-09	1.011e-08	1.0186e-08	1.0549e-08	1.0812e-08	1.0824e-08	1.1028e-08	1.1019e-08	1.1052e-08	1.1237e-08	1.1153e-08	1.128e-08	1.0946e-08	1.1127e-08	1.112e-08	1.0908e-08	1.1835e-08	1.2472e-08	1.2203e-08	1.1824e-08	1.2038e-08	1.2297e-08	1.3245e-08	1.8697e-08	2.8342e-08	4.1616e-08	4.4632e-08	5.9674e-08	7.4784e-08	8.9923e-08	1.0395e-07	1.1917e-07	1.2911e-07	1.381e-07	1.4687e-07	1.5479e-07	1.6191e-07	1.6413e-07	1.6307e-07	1.6126e-07	1.6182e-07	1.6206e-07	1.6027e-07	1.5628e-07	1.5066e-07	1.4407e-07	1.3596e-07	1.282e-07	1.2025e-07	1.1231e-07	1.0412e-07	9.4943e-08	8.6913e-08	7.8973e-08	7.0984e-08	6.3089e-08	5.4164e-08	4.6271e-08	3.8229e-08	3.0226e-08	2.2918e-08	1.6302e-08	1.2662e-08	1.0993e-08	1.0159e-08	9.898e-09	1.0219e-08	9.8586e-09	9.9305e-09	1.013e-08	1.0189e-08	1.023e-08	1.0319e-08	1.0261e-08	1.0359e-08	1.0359e-08	1.0564e-08	1.0312e-08	1.0175e-08	1.0121e-08	1.0088e-08	9.991e-09	1.0133e-08	1.0236e-08	9.8052e-09	9.7133e-09	9.697e-09	9.8354e-09	1.0122e-08	1.0286e-08	1.0297e-08	1.0005e-08	1.0002e-08	1.0091e-08	1.033e-08	1.0444e-08	1.0184e-08	1.021e-08	1.0288e-08	1.0355e-08	1.032e-08	1.0153e-08	1.0453e-08	1.0527e-08	1.0668e-08	1.0764e-08	1.026e-08	1.0165e-08	1.0144e-08	9.9845e-09	1.0079e-08	9.9407e-09	9.9206e-09	9.8686e-09	9.3473e-09	9.2879e-09	9.6978e-09
1.1423e-08	1.1346e-08	1.1016e-08	1.1138e-08	1.0666e-08	1.0386e-08	1.0496e-08	1.0607e-08	1.086e-08	1.0965e-08	1.0967e-08	1.0824e-08	1.0888e-08	1.1328e-08	1.1122e-08	1.0886e-08	1.0821e-08	1.073e-08	1.1146e-08	1.1065e-08	1.0967e-08	1.0366e-08	1.011e-08	1.0463e-08	1.0719e-08	1.1031e-08	1.1013e-08	1.1028e-08	1.129e-08	1.1318e-08	1.156e-08	1.1512e-08	1.128e-08	1.1311e-08	1.151e-08	1.1427e-08	1.126e-08	1.126e-08	1.2222e-08	1.287e-08	1.2569e-08	1.2093e-08	1.2225e-08	1.2679e-08	1.4186e-08	2.0548e-08	3.0945e-08	4.4632e-08	6.2797e-08	7.7952e-08	9.3103e-08	1.0698e-07	1.1917e-07	1.3137e-07	1.4011e-07	1.486e-07	1.5645e-07	1.631e-07	1.6473e-07	1.6302e-07	1.6096e-07	1.6162e-07	1.6192e-07	1.5999e-07	1.5573e-07	1.4992e-07	1.4322e-07	1.3507e-07	1.2724e-07	1.1923e-07	1.1126e-07	1.0309e-07	9.3928e-08	8.5905e-08	7.7941e-08	6.9967e-08	6.2119e-08	5.3182e-08	4.5291e-08	3.7222e-08	2.922e-08	2.2045e-08	1.5844e-08	1.2517e-08	1.1001e-08	1.023e-08	1.0028e-08	1.0077e-08	1.0248e-08	9.9235e-09	1.0037e-08	1.0188e-08	1.0098e-08	1.0081e-08	1.0163e-08	1.0058e-08	1.0163e-08	1.0396e-08	1.0256e-08	1.0159e-08	1.0043e-08	1.0045e-08	9.934e-09	1.0043e-08	1.0202e-08	9.6788e-09	9.5904e-09	9.5589e-09	9.7238e-09	9.9885e-09	1.0142e-08	1.025e-08	9.9474e-09	9.952e-09	1.0055e-08	1.0307e-08	1.0425e-08	1.003e-08	1.0084e-08	1.0135e-08	1.0151e-08	1.0062e-08	9.8613e-09	1.0122e-08	1.0254e-08	1.039e-08	1.0512e-08	1.0073e-08	1.0102e-08	1.0119e-08	9.9409e-09	1.0064e-08	1.0069e-08	1.001e-08	9.8652e-09	9.3036e-09	9.3036e-09	9.1362e-09
1.1528e-08	1.1487e-08	1.1152e-08	1.1269e-08	1.0758e-08	1.0443e-08	1.0544e-08	1.0733e-08	1.1141e-08	1.1265e-08	1.1244e-08	1.1148e-08	1.1208e-08	1.1664e-08	1.1492e-08	1.131e-08	1.125e-08	1.1199e-08	1.1589e-08	1.1521e-08	1.1439e-08	1.0905e-08	1.0513e-08	1.0764e-08	1.0906e-08	1.1258e-08	1.1208e-08	1.1208e-08	1.151e-08	1.157e-08	1.1584e-08	1.1867e-08	1.1849e-08	1.1935e-08	1.1658e-08	1.188e-08	1.1738e-08	1.1611e-08	1.2549e-08	1.316e-08	1.2857e-08	1.2349e-08	1.2422e-08	1.3144e-08	1.5375e-08	2.2587e-08	3.3622e-08	4.7608e-08	6.5822e-08	8.1016e-08	9.6164e-08	1.0991e-07	1.2175e-07	1.3355e-07	1.4206e-07	1.5025e-07	1.5797e-07	1.631e-07	1.6518e-07	1.6293e-07	1.607e-07	1.6146e-07	1.6192e-07	1.597e-07	1.5518e-07	1.492e-07	1.4238e-07	1.3507e-07	1.2627e-07	1.182e-07	1.102e-07	1.0205e-07	9.3928e-08	8.4895e-08	7.6902e-08	6.8939e-08	6.1125e-08	6.1125e-08	5.2172e-08	4.428e-08	3.618e-08	2.8193e-08	2.1175e-08	1.5441e-08	1.2431e-08	1.1017e-08	1.0267e-08	1.0077e-08	1.02e-08	9.9275e-09	1.0093e-08	1.0189e-08	1.0098e-08	9.8865e-09	9.9699e-09	9.8205e-09	9.9553e-09	1.0229e-08	1.0207e-08	1.0153e-08	9.9772e-09	1.001e-08	9.9014e-09	9.9741e-09	1.0182e-08	9.5907e-09	9.4962e-09	9.4434e-09	9.6164e-09	9.8523e-09	9.9907e-09	1.0181e-08	9.8669e-09	9.8806e-09	9.9954e-09	1.0239e-08	1.0334e-08	9.7944e-09	9.8919e-09	9.9439e-09	9.9265e-09	9.799e-09	9.5689e-09	9.7706e-09	9.9793e-09	1.0111e-08	1.0111e-08	1.0001e-08	9.923e-09	1.01e-08	1.0155e-08	9.9724e-09	1.0231e-08	1.0236e-08	1.0137e-08	9.8953e-09	9.3023e-09	9.1252e-09
1.1699e-08	1.1682e-08	1.1371e-08	1.1487e-08	1.0958e-08	1.0608e-08	1.0687e-08	1.0948e-08	1.1487e-08	1.1636e-08	1.1603e-08	1.1539e-08	1.1571e-08	1.2025e-08	1.1892e-08	1.1773e-08	1.1718e-08	1.1718e-08	1.2209e-08	1.2038e-08	1.1978e-08	1.1911e-08	1.1464e-08	1.1381e-08	1.1081e-08	1.1108e-08	1.1487e-08	1.1413e-08	1.1768e-08	1.1854e-08	1.1844e-08	1.2143e-08	1.2145e-08	1.2189e-08	1.1968e-08	1.2214e-08	1.204e-08	1.1945e-08	1.2796e-08	1.3313e-08	1.3045e-08	1.2587e-08	1.2635e-08	1.3699e-08	1.6788e-08	2.4784e-08	3.635e-08	5.0536e-08	6.8752e-08	8.3975e-08	9.9096e-08	1.1271e-07	1.2421e-07	1.3565e-07	1.4396e-07	1.5181e-07	1.5935e-07	1.6412e-07	1.6549e-07	1.6283e-07	1.6055e-07	1.6138e-07	1.6179e-07	1.594e-07	1.5463e-07	1.4848e-07	1.4154e-07	1.4154e-07	1.3323e-07	1.2528e-07	1.1715e-07	1.0914e-07	1.0102e-07	9.1922e-08	8.3888e-08	7.5862e-08	6.7902e-08	6.0105e-08	5.1132e-08	4.3234e-08	3.5104e-08	2.7147e-08	2.0309e-08	1.5073e-08	1.238e-08	1.1032e-08	1.0273e-08	1.0059e-08	1.009e-08	9.8807e-09	1.01e-08	1.0142e-08	9.973e-09	9.6713e-09	9.7636e-09	9.5787e-09	9.7552e-09	1.0229e-08	1.0172e-08	1.0164e-08	9.9415e-09	9.9967e-09	9.9014e-09	9.9444e-09	1.0192e-08	9.5629e-09	9.4483e-09	9.4434e-09	9.5226e-09	9.7233e-09	9.8409e-09	1.0089e-08	9.8669e-09	9.7871e-09	9.9114e-09	1.0123e-08	1.0123e-08	1.0166e-08	9.5046e-09	9.6536e-09	9.7257e-09	9.6904e-09	9.5402e-09	9.2874e-09	9.4195e-09	9.7131e-09	9.8431e-09	1.0001e-08	9.8109e-09	1.0141e-08	1.0225e-08	1.0052e-08	1.0356e-08	1.0411e-08	1.028e-08	9.9505e-09	9.3434e-09	9.1681e-09
1.1937e-08	1.1929e-08	1.1671e-08	1.1773e-08	1.1244e-08	1.0864e-08	1.0909e-08	1.0909e-08	1.1574e-08	1.1874e-08	1.2049e-08	1.2013e-08	1.197e-08	1.2351e-08	1.2394e-08	1.2301e-08	1.2248e-08	1.22e-08	1.2703e-08	1.2477e-08	1.2418e-08	1.2361e-08	1.2011e-08	1.1802e-08	1.1405e-08	1.1325e-08	1.1713e-08	1.1633e-08	1.2035e-08	1.214e-08	1.2094e-08	1.2372e-08	1.238e-08	1.2374e-08	1.2224e-08	1.2496e-08	1.2322e-08	1.2249e-08	1.298e-08	1.3358e-08	1.3156e-08	1.2818e-08	1.2873e-08	1.4346e-08	1.8384e-08	2.7104e-08	3.9107e-08	5.3417e-08	7.1591e-08	8.6826e-08	1.0189e-07	1.1537e-07	1.2654e-07	1.3765e-07	1.4579e-07	1.5329e-07	1.606e-07	1.606e-07	1.657e-07	1.6569e-07	1.6276e-07	1.6057e-07	1.6142e-07	1.6167e-07	1.5911e-07	1.5408e-07	1.4775e-07	1.4069e-07	1.3226e-07	1.2426e-07	1.1609e-07	1.0807e-07	9.9993e-08	9.0932e-08	8.2879e-08	7.482e-08	6.6856e-08	5.9056e-08	5.0058e-08	4.2152e-08	3.3998e-08	2.6089e-08	1.945e-08	1.4719e-08	1.2337e-08	1.1034e-08	1.0248e-08	9.9865e-09	9.9329e-09	9.793e-09	1.0059e-08	1.0056e-08	9.8194e-09	9.4614e-09	9.5705e-09	9.3619e-09	9.5825e-09	1.0082e-08	1.0157e-08	1.0196e-08	9.9537e-09	1.0019e-08	9.9065e-09	9.9708e-09	1.0245e-08	9.6176e-09	9.6176e-09	9.4636e-09	9.3359e-09	9.4493e-09	9.6092e-09	9.7003e-09	9.9726e-09	9.6447e-09	9.6788e-09	9.8111e-09	9.9724e-09	9.9409e-09	9.193e-09	9.3926e-09	9.4946e-09	9.4539e-09	9.2945e-09	9.0292e-09	9.0873e-09	9.4665e-09	9.598e-09	9.7701e-09	9.7376e-09	1.0208e-08	1.0308e-08	1.0154e-08	1.0356e-08	1.0566e-08	1.0416e-08	1.0023e-08	9.4267e-09	9.1681e-09
1.2457e-08	1.2225e-08	1.2215e-08	1.2423e-08	1.2107e-08	1.1596e-08	1.1189e-08	1.1193e-08	1.1944e-08	1.2279e-08	1.2473e-08	1.2443e-08	1.2413e-08	1.273e-08	1.2757e-08	1.2696e-08	1.271e-08	1.2672e-08	1.3157e-08	1.2891e-08	1.2823e-08	1.2768e-08	1.2514e-08	1.2186e-08	1.1729e-08	1.1557e-08	1.193e-08	1.1872e-08	1.2311e-08	1.2425e-08	1.233e-08	1.2545e-08	1.2539e-08	1.2511e-08	1.2442e-08	1.2738e-08	1.2593e-08	1.2531e-08	1.3133e-08	1.3344e-08	1.3229e-08	1.3054e-08	1.3146e-08	1.5091e-08	2.0126e-08	2.9508e-08	4.1873e-08	4.1873e-08	5.903e-08	7.4343e-08	8.9568e-08	1.0453e-07	1.1785e-07	1.3072e-07	1.3954e-07	1.4754e-07	1.547e-07	1.6172e-07	1.6626e-07	1.658e-07	1.6279e-07	1.608e-07	1.6163e-07	1.6174e-07	1.5883e-07	1.5353e-07	1.4702e-07	1.3982e-07	1.3126e-07	1.2321e-07	1.1503e-07	1.0701e-07	9.898e-08	8.9936e-08	8.1859e-08	7.3765e-08	6.5792e-08	5.7975e-08	4.8949e-08	4.1032e-08	3.2865e-08	2.5026e-08	1.8602e-08	1.4359e-08	1.2277e-08	1.1013e-08	1.0194e-08	9.8747e-09	9.7455e-09	9.6747e-09	9.9725e-09	9.9397e-09	9.6553e-09	9.2823e-09	9.4161e-09	9.1998e-09	9.1998e-09	9.4573e-09	9.9165e-09	1.0168e-08	1.0254e-08	1.0032e-08	1.009e-08	1.0074e-08	1.0061e-08	1.0347e-08	9.7647e-09	9.5508e-09	9.3482e-09	9.3981e-09	9.5138e-09	9.5753e-09	9.8428e-09	9.5193e-09	9.5648e-09	9.7046e-09	9.8048e-09	9.688e-09	8.892e-09	9.1324e-09	9.2646e-09	9.2281e-09	9.071e-09	8.8064e-09	8.7929e-09	9.2507e-09	9.3879e-09	9.5732e-09	9.7037e-09	1.0284e-08	1.0379e-08	1.0251e-08	1.0472e-08	1.0671e-08	1.0522e-08	1.0104e-08	9.5519e-09	9.2729e-09
1.2816e-08	1.2543e-08	1.2523e-08	1.2824e-08	1.2467e-08	1.1992e-08	1.1562e-08	1.152e-08	1.2323e-08	1.2676e-08	1.288e-08	1.2864e-08	1.2843e-08	1.3079e-08	1.3099e-08	1.3056e-08	1.3136e-08	1.3108e-08	1.3549e-08	1.3265e-08	1.3175e-08	1.3109e-08	1.2941e-08	1.2514e-08	1.2045e-08	1.1803e-08	1.2135e-08	1.2134e-08	1.2594e-08	1.2712e-08	1.2562e-08	1.2679e-08	1.2647e-08	1.2631e-08	1.2649e-08	1.2964e-08	1.2867e-08	1.2867e-08	1.3098e-08	1.3284e-08	1.3316e-08	1.3301e-08	1.3309e-08	1.3841e-08	1.5935e-08	2.1972e-08	3.1959e-08	4.4627e-08	6.1763e-08	7.7013e-08	9.2199e-08	1.0702e-07	1.2014e-07	1.3256e-07	1.413e-07	1.492e-07	1.5605e-07	1.6271e-07	1.6668e-07	1.6583e-07	1.6294e-07	1.6131e-07	1.6206e-07	1.619e-07	1.5856e-07	1.5297e-07	1.4626e-07	1.3893e-07	1.3022e-07	1.2213e-07	1.1394e-07	1.0595e-07	9.7962e-08	8.8921e-08	8.0816e-08	7.269e-08	6.4704e-08	5.686e-08	4.78e-08	3.9872e-08	3.171e-08	2.3965e-08	1.7767e-08	1.3972e-08	1.2175e-08	1.0958e-08	1.0958e-08	1.0112e-08	9.5892e-09	9.5429e-09	9.5356e-09	9.8413e-09	9.8032e-09	9.3679e-09	9.1594e-09	9.3262e-09	9.1218e-09	9.3992e-09	9.9242e-09	1.0206e-08	1.034e-08	1.0182e-08	1.0214e-08	1.0222e-08	1.0194e-08	1.0481e-08	9.9797e-09	9.6935e-09	9.3942e-09	9.3697e-09	9.4399e-09	9.4719e-09	9.7097e-09	9.3964e-09	9.454e-09	9.6023e-09	9.638e-09	9.435e-09	8.634e-09	8.8969e-09	9.0497e-09	9.0239e-09	8.8786e-09	8.6312e-09	8.5551e-09	9.0766e-09	9.2249e-09	9.4241e-09	9.7098e-09	1.0353e-08	1.0413e-08	1.0317e-08	1.0549e-08	1.0699e-08	1.0576e-08	1.0186e-08	1.0186e-08	9.7175e-09
1.317e-08	1.2873e-08	1.2838e-08	1.3208e-08	1.2834e-08	1.241e-08	1.1962e-08	1.1874e-08	1.2691e-08	1.3042e-08	1.3241e-08	1.3247e-08	1.3231e-08	1.3376e-08	1.3405e-08	1.336e-08	1.3499e-08	1.3484e-08	1.386e-08	1.3587e-08	1.3458e-08	1.3369e-08	1.3265e-08	1.279e-08	1.2351e-08	1.2063e-08	1.2331e-08	1.2331e-08	1.2708e-08	1.2886e-08	1.3007e-08	1.2803e-08	1.2803e-08	1.2841e-08	1.2766e-08	1.2868e-08	1.3196e-08	1.3157e-08	1.3416e-08	1.3463e-08	1.3321e-08	1.3411e-08	1.3597e-08	1.4284e-08	1.6883e-08	2.3883e-08	3.4421e-08	4.7346e-08	6.4444e-08	7.9603e-08	9.4718e-08	1.0934e-07	1.2221e-07	1.342e-07	1.4293e-07	1.5076e-07	1.5734e-07	1.6357e-07	1.6695e-07	1.658e-07	1.6324e-07	1.6207e-07	1.6269e-07	1.6209e-07	1.5827e-07	1.5238e-07	1.4548e-07	1.38e-07	1.2914e-07	1.2103e-07	1.1284e-07	1.0487e-07	9.6929e-08	8.7874e-08	7.9741e-08	7.1584e-08	6.3585e-08	6.3585e-08	5.4515e-08	4.661e-08	3.8669e-08	3.0537e-08	2.2912e-08	1.6147e-08	1.3538e-08	1.2004e-08	1.0859e-08	1.0004e-08	9.4437e-09	9.3409e-09	9.3858e-09	9.6673e-09	9.6554e-09	9.2751e-09	9.1087e-09	9.3154e-09	9.1436e-09	9.4177e-09	9.9784e-09	1.026e-08	1.044e-08	1.0379e-08	1.0372e-08	1.0382e-08	1.0347e-08	1.0624e-08	1.0232e-08	9.871e-09	9.4658e-09	9.3646e-09	9.3904e-09	9.3964e-09	9.584e-09	9.2848e-09	9.3552e-09	9.5141e-09	9.4899e-09	9.2095e-09	8.4516e-09	8.7098e-09	8.8639e-09	8.8524e-09	8.7264e-09	8.5157e-09	8.3931e-09	8.9552e-09	8.9552e-09	9.1211e-09	9.3216e-09	9.7556e-09	1.0397e-08	1.039e-08	1.0326e-08	1.0512e-08	1.065e-08	1.0576e-08	1.0258e-08	9.9082e-09
1.3501e-08	1.3196e-08	1.3144e-08	1.3551e-08	1.3187e-08	1.2827e-08	1.2368e-08	1.2236e-08	1.3027e-08	1.3352e-08	1.3527e-08	1.356e-08	1.3549e-08	1.3609e-08	1.3662e-08	1.359e-08	1.3779e-08	1.3779e-08	1.3996e-08	1.4091e-08	1.3854e-08	1.3676e-08	1.3554e-08	1.365e-08	1.3022e-08	1.2647e-08	1.2334e-08	1.2525e-08	1.301e-08	1.3187e-08	1.3315e-08	1.3066e-08	1.2944e-08	1.2994e-08	1.2948e-08	1.3126e-08	1.3457e-08	1.3478e-08	1.378e-08	1.3701e-08	1.3407e-08	1.3597e-08	1.3931e-08	1.4806e-08	1.7938e-08	2.582e-08	3.6856e-08	5.0011e-08	6.7076e-08	8.2118e-08	9.7123e-08	1.1148e-07	1.2403e-07	1.3566e-07	1.4444e-07	1.5223e-07	1.5857e-07	1.6432e-07	1.6711e-07	1.6573e-07	1.6365e-07	1.6301e-07	1.6343e-07	1.6227e-07	1.5794e-07	1.5174e-07	1.4465e-07	1.4465e-07	1.3603e-07	1.2801e-07	1.1989e-07	1.1171e-07	1.0377e-07	9.4761e-08	8.6781e-08	7.8622e-08	7.044e-08	6.2428e-08	5.3279e-08	4.5376e-08	3.7423e-08	2.9349e-08	2.1874e-08	1.5369e-08	1.3036e-08	1.1738e-08	1.0705e-08	9.8716e-09	9.312e-09	9.1522e-09	9.2348e-09	9.4557e-09	9.5046e-09	9.2159e-09	9.1192e-09	9.3667e-09	9.2419e-09	9.4937e-09	1.0058e-08	1.0317e-08	1.0537e-08	1.0594e-08	1.0541e-08	1.0533e-08	1.0494e-08	1.0756e-08	1.0493e-08	1.0063e-08	9.5547e-09	9.3834e-09	9.3683e-09	9.3549e-09	9.4762e-09	9.1935e-09	9.2774e-09	9.4505e-09	9.4505e-09	9.378e-09	8.953e-09	8.3773e-09	8.5946e-09	8.7212e-09	8.7246e-09	8.5768e-09	8.4702e-09	8.3229e-09	8.8958e-09	9.0867e-09	9.3688e-09	9.83e-09	1.0411e-08	1.0309e-08	1.0277e-08	1.0406e-08	1.0537e-08	1.0524e-08	1.0312e-08	1.0101e-08
1.3791e-08	1.3493e-08	1.3425e-08	1.3826e-08	1.3504e-08	1.3222e-08	1.2758e-08	1.2758e-08	1.292e-08	1.3316e-08	1.3588e-08	1.3714e-08	1.378e-08	1.3925e-08	1.3783e-08	1.3871e-08	1.3751e-08	1.3978e-08	1.4141e-08	1.4251e-08	1.4068e-08	1.3837e-08	1.3678e-08	1.3748e-08	1.322e-08	1.2932e-08	1.2615e-08	1.2725e-08	1.3315e-08	1.3496e-08	1.3643e-08	1.3364e-08	1.3131e-08	1.323e-08	1.3208e-08	1.3448e-08	1.3769e-08	1.3844e-08	1.4206e-08	1.4026e-08	1.362e-08	1.3897e-08	1.4325e-08	1.5415e-08	1.9104e-08	2.7744e-08	3.9229e-08	5.2601e-08	6.9664e-08	8.4573e-08	9.9431e-08	1.1347e-07	1.2564e-07	1.37e-07	1.4584e-07	1.5361e-07	1.5974e-07	1.5974e-07	1.6549e-07	1.6716e-07	1.6565e-07	1.6414e-07	1.6405e-07	1.6496e-07	1.6239e-07	1.5753e-07	1.5104e-07	1.4376e-07	1.3497e-07	1.2686e-07	1.1872e-07	1.1056e-07	1.0263e-07	9.3602e-08	8.5631e-08	7.7448e-08	6.9247e-08	6.1226e-08	5.1996e-08	4.4095e-08	3.613e-08	2.8152e-08	2.0859e-08	1.4616e-08	1.2458e-08	1.1365e-08	1.0493e-08	9.7174e-09	9.1961e-09	8.9827e-09	9.0894e-09	9.2222e-09	9.3555e-09	9.1834e-09	9.1752e-09	9.4581e-09	9.3869e-09	9.6028e-09	1.0142e-08	1.0365e-08	1.0616e-08	1.0795e-08	1.0697e-08	1.0649e-08	1.0611e-08	1.0856e-08	1.0856e-08	1.073e-08	1.0407e-08	9.6525e-09	9.4268e-09	9.3766e-09	9.3536e-09	9.357e-09	9.1313e-09	9.2295e-09	9.4216e-09	9.3202e-09	8.9737e-09	8.4389e-09	8.5721e-09	8.6337e-09	8.6498e-09	8.5793e-09	8.4857e-09	8.3342e-09	8.8902e-09	9.1118e-09	9.455e-09	9.9166e-09	1.0392e-08	1.018e-08	1.018e-08	1.0256e-08	1.0375e-08	1.0427e-08	1.0337e-08	1.0274e-08
1.3862e-08	1.4022e-08	1.3746e-08	1.3666e-08	1.4015e-08	1.3768e-08	1.3576e-08	1.3116e-08	1.292e-08	1.3563e-08	1.376e-08	1.3818e-08	1.3918e-08	1.3925e-08	1.3911e-08	1.4037e-08	1.3853e-08	1.4105e-08	1.4141e-08	1.4347e-08	1.4231e-08	1.3949e-08	1.3755e-08	1.3748e-08	1.3393e-08	1.3208e-08	1.2906e-08	1.2936e-08	1.3617e-08	1.3813e-08	1.3996e-08	1.3711e-08	1.3391e-08	1.3583e-08	1.3578e-08	1.386e-08	1.4156e-08	1.4268e-08	1.4709e-08	1.4469e-08	1.4005e-08	1.4347e-08	1.4791e-08	1.6115e-08	2.0379e-08	2.9644e-08	4.1533e-08	4.1533e-08	5.7584e-08	7.2227e-08	8.6995e-08	1.0167e-07	1.1534e-07	1.2844e-07	1.3826e-07	1.4717e-07	1.5493e-07	1.6086e-07	1.6593e-07	1.6713e-07	1.6557e-07	1.6468e-07	1.6511e-07	1.6559e-07	1.6238e-07	1.5702e-07	1.5025e-07	1.4281e-07	1.3385e-07	1.2566e-07	1.1752e-07	1.0937e-07	1.0146e-07	9.2375e-08	8.4409e-08	7.621e-08	6.7996e-08	5.9971e-08	5.0669e-08	4.2767e-08	3.4794e-08	2.6948e-08	1.9871e-08	1.3894e-08	1.1828e-08	1.0912e-08	1.0233e-08	9.5488e-09	9.0962e-09	8.8365e-09	8.9565e-09	8.9839e-09	9.2122e-09	9.1703e-09	9.261e-09	9.5673e-09	9.5673e-09	9.5483e-09	9.8236e-09	1.021e-08	1.0389e-08	1.0659e-08	1.0953e-08	1.0874e-08	1.0709e-08	1.0674e-08	1.0901e-08	1.0913e-08	1.0518e-08	9.7511e-09	9.4953e-09	9.4181e-09	9.3986e-09	9.3649e-09	9.1057e-09	9.2189e-09	9.4357e-09	9.3314e-09	9.0874e-09	8.6191e-09	8.6325e-09	8.5963e-09	8.6221e-09	8.6147e-09	8.5426e-09	8.4021e-09	8.9205e-09	9.1758e-09	9.5571e-09	9.9984e-09	1.0339e-08	1.0013e-08	1.0044e-08	1.0073e-08	1.0177e-08	1.0289e-08	1.0322e-08	1.0404e-08
1.404e-08	1.4181e-08	1.394e-08	1.3854e-08	1.4129e-08	1.3983e-08	1.3888e-08	1.3444e-08	1.3231e-08	1.3782e-08	1.3886e-08	1.3863e-08	1.3996e-08	1.4011e-08	1.4006e-08	1.4166e-08	1.3908e-08	1.4171e-08	1.4225e-08	1.4389e-08	1.4342e-08	1.402e-08	1.3799e-08	1.3808e-08	1.3552e-08	1.3473e-08	1.3204e-08	1.3166e-08	1.3617e-08	1.4138e-08	1.4379e-08	1.412e-08	1.3752e-08	1.3583e-08	1.4088e-08	1.4384e-08	1.4639e-08	1.4639e-08	1.4765e-08	1.528e-08	1.5021e-08	1.4557e-08	1.4937e-08	1.5325e-08	1.6898e-08	2.1756e-08	3.1538e-08	4.3792e-08	5.7584e-08	7.478e-08	8.941e-08	1.0388e-07	1.1714e-07	1.2844e-07	1.3948e-07	1.4846e-07	1.562e-07	1.6191e-07	1.6593e-07	1.6702e-07	1.655e-07	1.6524e-07	1.661e-07	1.6601e-07	1.6221e-07	1.5639e-07	1.4937e-07	1.4178e-07	1.3266e-07	1.2442e-07	1.1628e-07	1.0815e-07	1.0023e-07	9.1074e-08	8.3109e-08	7.4902e-08	6.6685e-08	5.8661e-08	4.9307e-08	4.1405e-08	3.3427e-08	2.5744e-08	1.8913e-08	1.321e-08	1.1178e-08	1.0411e-08	1.0411e-08	9.9421e-09	9.2013e-09	9.0127e-09	8.718e-09	8.8427e-09	8.7582e-09	8.9596e-09	9.1694e-09	9.3612e-09	9.672e-09	9.6962e-09	9.8867e-09	1.024e-08	1.0377e-08	1.0652e-08	1.1037e-08	1.0848e-08	1.0689e-08	1.0657e-08	1.087e-08	1.1013e-08	1.0563e-08	9.8421e-09	9.5886e-09	9.4945e-09	9.4941e-09	9.4111e-09	9.1096e-09	9.2377e-09	9.4834e-09	9.4005e-09	9.2589e-09	8.8755e-09	8.7496e-09	8.5943e-09	8.6272e-09	8.6669e-09	8.6212e-09	8.5016e-09	8.9688e-09	9.2579e-09	9.6521e-09	1.0059e-08	1.0251e-08	9.8195e-09	9.8781e-09	9.8679e-09	9.9585e-09	1.0116e-08	1.0116e-08	1.0259e-08
1.4197e-08	1.4281e-08	1.4083e-08	1.3996e-08	1.4187e-08	1.4157e-08	1.4161e-08	1.3751e-08	1.3533e-08	1.3986e-08	1.3988e-08	1.3875e-08	1.4036e-08	1.4055e-08	1.408e-08	1.4262e-08	1.3927e-08	1.4183e-08	1.4255e-08	1.4385e-08	1.4405e-08	1.4059e-08	1.3824e-08	1.3849e-08	1.3706e-08	1.3727e-08	1.3507e-08	1.3507e-08	1.3422e-08	1.4192e-08	1.4472e-08	1.4798e-08	1.4601e-08	1.4241e-08	1.4721e-08	1.4729e-08	1.5013e-08	1.521e-08	1.5324e-08	1.5888e-08	1.5642e-08	1.522e-08	1.5613e-08	1.5903e-08	1.7758e-08	2.3227e-08	3.3442e-08	4.6029e-08	6.0025e-08	7.734e-08	9.1843e-08	1.0609e-07	1.1892e-07	1.2977e-07	1.4072e-07	1.4974e-07	1.5742e-07	1.6291e-07	1.6629e-07	1.6685e-07	1.6548e-07	1.658e-07	1.6694e-07	1.6601e-07	1.6181e-07	1.5559e-07	1.4838e-07	1.4066e-07	1.3266e-07	1.2314e-07	1.1502e-07	1.0689e-07	9.8954e-08	9.1074e-08	8.1745e-08	7.3538e-08	7.3538e-08	6.5324e-08	5.7308e-08	4.7925e-08	4.002e-08	3.2043e-08	2.4546e-08	1.7987e-08	1.257e-08	1.0536e-08	9.8955e-09	9.636e-09	9.2013e-09	8.946e-09	8.6316e-09	8.7547e-09	8.5623e-09	8.9596e-09	9.1738e-09	9.4599e-09	9.7501e-09	9.8007e-09	9.8867e-09	1.0212e-08	1.0316e-08	1.0578e-08	1.1017e-08	1.0717e-08	1.0569e-08	1.054e-08	1.0745e-08	1.1003e-08	1.0541e-08	9.918e-09	9.6959e-09	9.5937e-09	9.6253e-09	9.4754e-09	9.1279e-09	9.2698e-09	9.5453e-09	9.5017e-09	9.4525e-09	9.1657e-09	8.8967e-09	8.6131e-09	8.6504e-09	8.7199e-09	8.7019e-09	8.6074e-09	8.6074e-09	9.0171e-09	9.3935e-09	9.7169e-09	1.0081e-08	1.0125e-08	9.6102e-09	9.4993e-09	9.6521e-09	9.732e-09	9.9116e-09	1.0136e-08
1.4336e-08	1.4338e-08	1.4189e-08	1.4105e-08	1.421e-08	1.4299e-08	1.44e-08	1.4048e-08	1.3835e-08	1.4189e-08	1.4083e-08	1.388e-08	1.4058e-08	1.4076e-08	1.4147e-08	1.433e-08	1.3923e-08	1.3923e-08	1.4153e-08	1.419e-08	1.4343e-08	1.442e-08	1.4073e-08	1.3846e-08	1.395e-08	1.3863e-08	1.397e-08	1.3816e-08	1.371e-08	1.4455e-08	1.4808e-08	1.5243e-08	1.5145e-08	1.4845e-08	1.5444e-08	1.5452e-08	1.5702e-08	1.5832e-08	1.5917e-08	1.6498e-08	1.6292e-08	1.594e-08	1.6319e-08	1.6501e-08	1.8686e-08	2.4786e-08	3.5375e-08	4.8267e-08	6.2465e-08	7.9924e-08	9.4322e-08	1.0832e-07	1.2072e-07	1.3113e-07	1.4202e-07	1.5103e-07	1.5862e-07	1.6384e-07	1.6657e-07	1.6665e-07	1.6551e-07	1.6631e-07	1.6755e-07	1.6617e-07	1.6116e-07	1.5462e-07	1.5462e-07	1.4726e-07	1.3945e-07	1.3008e-07	1.2184e-07	1.1372e-07	1.0561e-07	9.7633e-08	8.8309e-08	8.0335e-08	7.2135e-08	6.3931e-08	5.5926e-08	4.6536e-08	3.8626e-08	3.0657e-08	2.3358e-08	1.7095e-08	1.1981e-08	9.9348e-09	9.3978e-09	9.3299e-09	9.0386e-09	8.8964e-09	8.5815e-09	8.6994e-09	8.4136e-09	8.8586e-09	9.1761e-09	9.5416e-09	9.7793e-09	9.8317e-09	9.886e-09	1.0106e-08	1.0194e-08	1.0423e-08	1.0866e-08	1.0717e-08	1.0359e-08	1.0334e-08	1.0537e-08	1.0888e-08	1.0541e-08	9.9716e-09	9.8015e-09	9.6965e-09	9.7672e-09	9.4754e-09	9.1452e-09	9.2989e-09	9.2989e-09	9.6021e-09	9.6092e-09	9.6329e-09	9.4472e-09	9.0475e-09	8.6377e-09	8.6774e-09	8.7575e-09	8.7649e-09	8.6945e-09	9.0477e-09	9.3935e-09	9.7282e-09	1.0048e-08	9.9599e-09	9.3956e-09	9.4993e-09	9.4363e-09	9.512e-09	9.6819e-09	9.944e-09
1.4462e-08	1.4374e-08	1.4273e-08	1.4194e-08	1.4219e-08	1.4417e-08	1.4608e-08	1.4608e-08	1.4344e-08	1.4481e-08	1.4404e-08	1.4192e-08	1.3903e-08	1.4085e-08	1.4124e-08	1.422e-08	1.4377e-08	1.3905e-08	1.4088e-08	1.4111e-08	1.4272e-08	1.4389e-08	1.4071e-08	1.3876e-08	1.4033e-08	1.4023e-08	1.4198e-08	1.4121e-08	1.4024e-08	1.4696e-08	1.5133e-08	1.5689e-08	1.5717e-08	1.5516e-08	1.6199e-08	1.6208e-08	1.6411e-08	1.6469e-08	1.6513e-08	1.7077e-08	1.6928e-08	1.6659e-08	1.6999e-08	1.7096e-08	1.9676e-08	2.6425e-08	3.7352e-08	5.0532e-08	6.4926e-08	8.2548e-08	9.6873e-08	1.1062e-07	1.2259e-07	1.3258e-07	1.4343e-07	1.5236e-07	1.5982e-07	1.5982e-07	1.6471e-07	1.6696e-07	1.6642e-07	1.6562e-07	1.6676e-07	1.6787e-07	1.6553e-07	1.6029e-07	1.5351e-07	1.4603e-07	1.3816e-07	1.2872e-07	1.2051e-07	1.1241e-07	1.043e-07	9.6281e-08	8.6878e-08	7.8896e-08	7.0708e-08	6.2519e-08	5.4528e-08	4.5152e-08	3.7236e-08	2.9284e-08	2.2188e-08	1.6237e-08	1.1447e-08	9.4038e-09	8.9511e-09	9.0395e-09	8.8942e-09	8.8643e-09	8.5722e-09	8.6832e-09	8.3293e-09	8.7801e-09	9.1698e-09	9.5918e-09	9.7399e-09	9.7627e-09	9.8003e-09	9.9305e-09	1.0016e-08	1.0197e-08	1.0596e-08	1.0491e-08	1.0088e-08	1.0067e-08	1.0067e-08	1.0274e-08	1.0694e-08	1.0335e-08	9.9955e-09	9.889e-09	9.7834e-09	9.8943e-09	9.5788e-09	9.1465e-09	9.3087e-09	9.6342e-09	9.6972e-09	9.7644e-09	9.6774e-09	9.1753e-09	8.6534e-09	8.6936e-09	8.7637e-09	8.7905e-09	8.7377e-09	9.0425e-09	9.4054e-09	9.6634e-09	9.944e-09	9.7542e-09	9.1863e-09	9.3055e-09	9.2272e-09	9.3068e-09	9.4327e-09	9.6832e-09
1.4813e-08	1.4579e-08	1.4405e-08	1.435e-08	1.4362e-08	1.4234e-08	1.452e-08	1.4789e-08	1.4647e-08	1.4844e-08	1.4645e-08	1.4333e-08	1.3969e-08	1.4139e-08	1.419e-08	1.431e-08	1.4406e-08	1.3885e-08	1.3998e-08	1.4013e-08	1.4179e-08	1.4319e-08	1.406e-08	1.3922e-08	1.4129e-08	1.4178e-08	1.4404e-08	1.4411e-08	1.4346e-08	1.4912e-08	1.5434e-08	1.6113e-08	1.6281e-08	1.6206e-08	1.6932e-08	1.6948e-08	1.7095e-08	1.7083e-08	1.7081e-08	1.7591e-08	1.7509e-08	1.7322e-08	1.7598e-08	1.7664e-08	2.0721e-08	2.8139e-08	3.9393e-08	3.9393e-08	5.2846e-08	7.0013e-08	8.523e-08	9.9522e-08	1.1302e-07	1.2456e-07	1.36e-07	1.4498e-07	1.5375e-07	1.6101e-07	1.6551e-07	1.6708e-07	1.6619e-07	1.6578e-07	1.6714e-07	1.6794e-07	1.6483e-07	1.5924e-07	1.5228e-07	1.4472e-07	1.3681e-07	1.2733e-07	1.1917e-07	1.1109e-07	1.0297e-07	9.4911e-08	8.5438e-08	7.7446e-08	6.9275e-08	6.1104e-08	5.3127e-08	4.3788e-08	3.5863e-08	2.7937e-08	2.1039e-08	1.5416e-08	1.0977e-08	8.9736e-09	8.588e-09	8.7804e-09	8.7762e-09	8.8493e-09	8.6067e-09	8.7118e-09	8.3243e-09	8.7275e-09	9.1528e-09	9.6082e-09	9.6082e-09	9.6364e-09	9.6019e-09	9.4231e-09	9.7053e-09	9.7973e-09	9.9187e-09	1.0239e-08	9.8644e-09	9.7834e-09	9.7712e-09	9.9817e-09	1.0446e-08	1.017e-08	9.9825e-09	9.9424e-09	9.8351e-09	9.9814e-09	9.5777e-09	9.1164e-09	9.2829e-09	9.6223e-09	9.7399e-09	9.8115e-09	9.8137e-09	9.2537e-09	8.6455e-09	8.6845e-09	8.7226e-09	8.7594e-09	8.7123e-09	8.9837e-09	9.3525e-09	9.5146e-09	9.7638e-09	9.5106e-09	8.9884e-09	9.1176e-09	9.0244e-09	9.1156e-09	9.1716e-09	9.3704e-09
1.4878e-08	1.469e-08	1.4452e-08	1.4434e-08	1.4468e-08	1.4275e-08	1.4616e-08	1.4947e-08	1.4969e-08	1.5245e-08	1.4924e-08	1.4526e-08	1.4102e-08	1.4239e-08	1.4291e-08	1.4419e-08	1.4422e-08	1.3868e-08	1.3892e-08	1.3902e-08	1.4072e-08	1.4219e-08	1.4041e-08	1.3978e-08	1.4229e-08	1.4318e-08	1.4581e-08	1.4674e-08	1.4658e-08	1.51e-08	1.57e-08	1.6489e-08	1.6802e-08	1.6865e-08	1.7591e-08	1.7623e-08	1.7711e-08	1.7711e-08	1.7638e-08	1.8012e-08	1.8008e-08	1.7993e-08	1.7874e-08	1.806e-08	1.8625e-08	2.1814e-08	2.9918e-08	4.1514e-08	5.5234e-08	7.2677e-08	8.7977e-08	1.0228e-07	1.1552e-07	1.2668e-07	1.3798e-07	1.4665e-07	1.552e-07	1.6218e-07	1.6624e-07	1.6716e-07	1.6599e-07	1.66e-07	1.6745e-07	1.6777e-07	1.6395e-07	1.5806e-07	1.5097e-07	1.4336e-07	1.3542e-07	1.2593e-07	1.1783e-07	1.0977e-07	1.0164e-07	9.3534e-08	8.4005e-08	7.6001e-08	6.7852e-08	5.97e-08	5.1738e-08	4.2456e-08	3.4519e-08	2.6633e-08	1.9919e-08	1.4634e-08	1.0574e-08	8.6712e-09	8.6712e-09	8.3379e-09	8.5668e-09	8.6352e-09	8.8458e-09	8.6762e-09	8.7777e-09	8.3913e-09	8.6886e-09	9.1255e-09	9.5951e-09	9.4868e-09	9.3763e-09	9.1807e-09	9.4511e-09	9.5527e-09	9.611e-09	9.8293e-09	9.5172e-09	9.4736e-09	9.4741e-09	9.6887e-09	1.0168e-08	9.9762e-09	9.9254e-09	9.9455e-09	9.8322e-09	1.0003e-08	9.5147e-09	9.0397e-09	9.2053e-09	9.547e-09	9.7113e-09	9.7391e-09	9.8141e-09	9.2562e-09	8.5992e-09	8.6357e-09	8.6291e-09	8.6659e-09	8.611e-09	8.867e-09	9.2281e-09	9.2984e-09	9.5222e-09	9.2388e-09	8.8006e-09	8.9345e-09	8.827e-09	8.9368e-09	8.9368e-09	8.9066e-09
1.4949e-08	1.4802e-08	1.4533e-08	1.4539e-08	1.4603e-08	1.4363e-08	1.4715e-08	1.5085e-08	1.5316e-08	1.5673e-08	1.5233e-08	1.4766e-08	1.4302e-08	1.4387e-08	1.4413e-08	1.4535e-08	1.4426e-08	1.3856e-08	1.3778e-08	1.3788e-08	1.3958e-08	1.4102e-08	1.4019e-08	1.4043e-08	1.4323e-08	1.4434e-08	1.4721e-08	1.4721e-08	1.4896e-08	1.5181e-08	1.5257e-08	1.5917e-08	1.6794e-08	1.7245e-08	1.7892e-08	1.8121e-08	1.8184e-08	1.8216e-08	1.8095e-08	1.8313e-08	1.8293e-08	1.8339e-08	1.8258e-08	1.8328e-08	1.8986e-08	2.2953e-08	3.176e-08	4.3727e-08	5.771e-08	7.5413e-08	9.0776e-08	1.0512e-07	1.181e-07	1.289e-07	1.4007e-07	1.4842e-07	1.5668e-07	1.6333e-07	1.6689e-07	1.6723e-07	1.6584e-07	1.6625e-07	1.6767e-07	1.6742e-07	1.6293e-07	1.568e-07	1.496e-07	1.4196e-07	1.34e-07	1.2453e-07	1.1648e-07	1.0844e-07	1.0031e-07	9.2164e-08	8.2596e-08	7.458e-08	7.458e-08	6.6454e-08	5.8324e-08	4.9048e-08	4.1169e-08	3.3216e-08	2.5383e-08	1.8833e-08	1.3194e-08	1.0236e-08	8.49e-09	8.1963e-09	8.3987e-09	8.5961e-09	8.8451e-09	8.7654e-09	8.8667e-09	8.51e-09	8.6915e-09	9.0884e-09	9.557e-09	9.3091e-09	9.1134e-09	8.9354e-09	9.1886e-09	9.2968e-09	9.2947e-09	9.3982e-09	9.1838e-09	9.1867e-09	9.2059e-09	9.4221e-09	9.8857e-09	9.764e-09	9.8168e-09	9.8823e-09	9.7553e-09	9.9344e-09	9.3699e-09	8.9014e-09	9.0598e-09	9.389e-09	9.586e-09	9.5361e-09	9.6635e-09	9.1719e-09	8.5079e-09	8.5417e-09	8.4956e-09	8.5264e-09	8.5264e-09	8.4545e-09	8.7085e-09	8.8279e-09	9.0332e-09	9.2358e-09	8.949e-09	8.6209e-09	8.5761e-09	8.6343e-09	8.7691e-09	8.6456e-09
1.5035e-08	1.4916e-08	1.4666e-08	1.468e-08	1.4766e-08	1.4495e-08	1.4814e-08	1.5203e-08	1.568e-08	1.6094e-08	1.5547e-08	1.5028e-08	1.4547e-08	1.4564e-08	1.4538e-08	1.4648e-08	1.4422e-08	1.4422e-08	1.3847e-08	1.356e-08	1.3677e-08	1.3844e-08	1.3978e-08	1.3998e-08	1.4182e-08	1.4403e-08	1.4517e-08	1.4816e-08	1.5065e-08	1.5356e-08	1.5377e-08	1.6072e-08	1.7003e-08	1.7575e-08	1.8162e-08	1.847e-08	1.8581e-08	1.8568e-08	1.8419e-08	1.8476e-08	1.8427e-08	1.8519e-08	1.8438e-08	1.8375e-08	1.9306e-08	2.4149e-08	3.3665e-08	4.6027e-08	6.0269e-08	7.8206e-08	9.3608e-08	1.0799e-07	1.2072e-07	1.3119e-07	1.4224e-07	1.5026e-07	1.5818e-07	1.6443e-07	1.6745e-07	1.6728e-07	1.6575e-07	1.6654e-07	1.6781e-07	1.6691e-07	1.6183e-07	1.5549e-07	1.5549e-07	1.4821e-07	1.4054e-07	1.312e-07	1.2314e-07	1.1515e-07	1.0712e-07	9.899e-08	8.9488e-08	8.1226e-08	7.3198e-08	6.5098e-08	5.6987e-08	4.7759e-08	3.9922e-08	3.1954e-08	2.4191e-08	1.7789e-08	1.2544e-08	9.9537e-09	8.4047e-09	8.1398e-09	8.2688e-09	8.5628e-09	8.8382e-09	8.8588e-09	8.9644e-09	8.6605e-09	8.7021e-09	9.0419e-09	9.4981e-09	9.1213e-09	8.8404e-09	8.7118e-09	8.9388e-09	9.0446e-09	8.9911e-09	8.9789e-09	8.8912e-09	8.9508e-09	8.9959e-09	9.2095e-09	9.6243e-09	9.5424e-09	9.6498e-09	9.7368e-09	9.5851e-09	9.75e-09	9.1389e-09	8.6982e-09	8.6982e-09	8.8442e-09	9.146e-09	9.0551e-09	9.2299e-09	9.3898e-09	9.0133e-09	8.3778e-09	8.252e-09	8.3361e-09	8.3596e-09	8.2661e-09	8.5264e-09	8.5864e-09	8.7376e-09	8.9207e-09	8.6515e-09	8.4475e-09	8.3975e-09	8.4453e-09	8.6108e-09	8.3966e-09
1.5135e-08	1.5031e-08	1.4847e-08	1.4853e-08	1.4937e-08	1.4651e-08	1.4902e-08	1.4902e-08	1.5295e-08	1.6348e-08	1.6475e-08	1.5837e-08	1.5288e-08	1.481e-08	1.4925e-08	1.4652e-08	1.4746e-08	1.4412e-08	1.3843e-08	1.3473e-08	1.3578e-08	1.3737e-08	1.3859e-08	1.3981e-08	1.425e-08	1.4459e-08	1.4557e-08	1.486e-08	1.5169e-08	1.5448e-08	1.5459e-08	1.6153e-08	1.7091e-08	1.7756e-08	1.8225e-08	1.8606e-08	1.8784e-08	1.8739e-08	1.8585e-08	1.8509e-08	1.8424e-08	1.8549e-08	1.8438e-08	1.825e-08	1.9629e-08	2.5418e-08	3.5636e-08	4.8407e-08	6.2898e-08	8.1039e-08	9.6455e-08	1.1087e-07	1.2334e-07	1.3352e-07	1.4444e-07	1.5215e-07	1.5215e-07	1.5968e-07	1.6547e-07	1.6828e-07	1.6733e-07	1.6577e-07	1.6684e-07	1.6785e-07	1.6557e-07	1.6071e-07	1.5418e-07	1.4683e-07	1.3914e-07	1.2984e-07	1.2178e-07	1.1383e-07	1.0582e-07	9.7684e-08	8.8192e-08	7.9896e-08	7.1854e-08	6.3781e-08	5.569e-08	4.6498e-08	3.8705e-08	3.0725e-08	2.305e-08	1.6794e-08	1.1945e-08	9.7174e-09	8.39e-09	8.1449e-09	8.1694e-09	8.5238e-09	8.8163e-09	8.9412e-09	9.0565e-09	8.8226e-09	8.7151e-09	8.9866e-09	9.4229e-09	8.9416e-09	8.5848e-09	8.5347e-09	8.7222e-09	8.8107e-09	8.7213e-09	8.6041e-09	8.6664e-09	8.7937e-09	8.7937e-09	8.8735e-09	9.0779e-09	9.2472e-09	9.3178e-09	9.4253e-09	9.5069e-09	9.3193e-09	9.0533e-09	8.8413e-09	8.4456e-09	8.578e-09	8.8423e-09	8.7051e-09	8.8514e-09	9.0247e-09	8.7954e-09	8.2158e-09	8.0753e-09	8.1645e-09	8.1838e-09	8.0689e-09	8.3389e-09	8.3404e-09	8.4302e-09	8.5935e-09	8.3566e-09	8.2783e-09	8.2172e-09	8.2592e-09	8.4605e-09	8.1674e-09
1.5627e-08	1.5236e-08	1.5136e-08	1.5052e-08	1.5039e-08	1.5098e-08	1.4811e-08	1.497e-08	1.5355e-08	1.6348e-08	1.6784e-08	1.6077e-08	1.5518e-08	1.5067e-08	1.4925e-08	1.4738e-08	1.4819e-08	1.4397e-08	1.3844e-08	1.3473e-08	1.3498e-08	1.3645e-08	1.3756e-08	1.3972e-08	1.425e-08	1.4481e-08	1.4545e-08	1.4845e-08	1.5195e-08	1.5448e-08	1.55e-08	1.6153e-08	1.7046e-08	1.7769e-08	1.811e-08	1.8553e-08	1.8811e-08	1.8747e-08	1.8605e-08	1.8428e-08	1.8305e-08	1.8449e-08	1.8291e-08	1.8016e-08	2.0004e-08	2.6773e-08	2.6773e-08	3.7676e-08	5.0859e-08	6.8328e-08	8.3895e-08	9.93e-08	1.137e-07	1.2591e-07	1.3811e-07	1.4661e-07	1.5407e-07	1.6118e-07	1.6643e-07	1.6854e-07	1.6739e-07	1.659e-07	1.6714e-07	1.678e-07	1.6481e-07	1.596e-07	1.5291e-07	1.4549e-07	1.3777e-07	1.2852e-07	1.2045e-07	1.1253e-07	1.0453e-07	9.6392e-08	8.6916e-08	7.8595e-08	7.0541e-08	6.2493e-08	5.4422e-08	4.5258e-08	3.7507e-08	2.9521e-08	2.1958e-08	1.5858e-08	1.1402e-08	9.5185e-09	8.4204e-09	8.1882e-09	8.093e-09	8.4678e-09	8.7707e-09	8.997e-09	9.1286e-09	8.9762e-09	8.7251e-09	8.9227e-09	8.9227e-09	9.3357e-09	8.7879e-09	8.2344e-09	8.4284e-09	8.5593e-09	8.6098e-09	8.5064e-09	8.0989e-09	8.519e-09	8.7235e-09	8.8459e-09	9.0335e-09	9.1254e-09	9.0908e-09	9.157e-09	9.2123e-09	8.9819e-09	8.6041e-09	8.4989e-09	8.1608e-09	8.2828e-09	8.5046e-09	8.3377e-09	8.4313e-09	8.6e-09	8.5332e-09	8.0294e-09	7.8901e-09	7.9948e-09	8.0176e-09	7.8862e-09	8.1642e-09	8.1071e-09	8.1295e-09	8.2705e-09	8.0745e-09	8.1115e-09	8.0335e-09	8.0751e-09	8.3167e-09	7.9659e-09
1.565e-08	1.5326e-08	1.5223e-08	1.5255e-08	1.5217e-08	1.5231e-08	1.4953e-08	1.5005e-08	1.5377e-08	1.6596e-08	1.6986e-08	1.624e-08	1.5695e-08	1.5294e-08	1.507e-08	1.4782e-08	1.4856e-08	1.4381e-08	1.3849e-08	1.341e-08	1.3444e-08	1.3575e-08	1.3679e-08	1.3973e-08	1.4312e-08	1.4463e-08	1.4476e-08	1.4769e-08	1.5136e-08	1.5448e-08	1.5502e-08	1.6083e-08	1.6887e-08	1.7637e-08	1.811e-08	1.835e-08	1.869e-08	1.869e-08	1.8616e-08	1.8501e-08	1.8247e-08	1.8092e-08	1.8242e-08	1.8028e-08	1.7735e-08	2.0477e-08	2.823e-08	3.9788e-08	5.3376e-08	6.8328e-08	8.6758e-08	1.0212e-07	1.1647e-07	1.284e-07	1.3811e-07	1.4872e-07	1.5598e-07	1.6265e-07	1.6731e-07	1.6854e-07	1.6747e-07	1.6618e-07	1.6744e-07	1.6764e-07	1.6481e-07	1.5852e-07	1.5169e-07	1.4419e-07	1.3643e-07	1.2852e-07	1.1913e-07	1.1124e-07	1.0325e-07	9.5107e-08	8.5651e-08	7.7317e-08	6.9247e-08	6.1224e-08	5.3174e-08	4.4031e-08	3.6316e-08	2.8334e-08	2.0907e-08	1.4989e-08	1.0918e-08	9.3479e-09	9.3479e-09	8.4704e-09	8.2462e-09	7.9785e-09	8.3833e-09	8.6925e-09	9.0109e-09	9.1664e-09	9.1775e-09	8.7268e-09	8.8509e-09	9.241e-09	8.6781e-09	8.1749e-09	8.3992e-09	8.4571e-09	8.448e-09	8.354e-09	7.9638e-09	8.4312e-09	8.7171e-09	8.8862e-09	9.0492e-09	9.0256e-09	8.8619e-09	8.8599e-09	8.8747e-09	8.5994e-09	8.1317e-09	8.1335e-09	7.861e-09	7.9802e-09	8.1595e-09	7.982e-09	8.0005e-09	8.1474e-09	8.2414e-09	7.8255e-09	7.7059e-09	7.8409e-09	7.8793e-09	7.7412e-09	8.0205e-09	7.9035e-09	7.8542e-09	7.968e-09	7.8155e-09	7.9451e-09	7.8462e-09	7.8462e-09	7.8932e-09	8.1784e-09
1.5643e-08	1.539e-08	1.5283e-08	1.543e-08	1.5368e-08	1.5316e-08	1.5057e-08	1.4996e-08	1.5355e-08	1.6749e-08	1.7048e-08	1.6297e-08	1.5791e-08	1.5467e-08	1.5165e-08	1.4766e-08	1.4845e-08	1.4365e-08	1.3858e-08	1.3382e-08	1.3422e-08	1.3531e-08	1.3636e-08	1.3987e-08	1.4365e-08	1.4411e-08	1.4362e-08	1.4362e-08	1.4641e-08	1.5007e-08	1.5224e-08	1.5465e-08	1.5954e-08	1.664e-08	1.7389e-08	1.7497e-08	1.8032e-08	1.8447e-08	1.8373e-08	1.8292e-08	1.7982e-08	1.7805e-08	1.7947e-08	1.7683e-08	1.747e-08	2.1094e-08	2.9802e-08	4.1973e-08	5.5951e-08	7.1105e-08	8.961e-08	1.0491e-07	1.1911e-07	1.3077e-07	1.4031e-07	1.5073e-07	1.5786e-07	1.6408e-07	1.6807e-07	1.6868e-07	1.6757e-07	1.6657e-07	1.6771e-07	1.6738e-07	1.6401e-07	1.5745e-07	1.505e-07	1.4291e-07	1.3511e-07	1.2721e-07	1.1783e-07	1.0995e-07	1.0196e-07	9.3825e-08	8.5651e-08	7.6052e-08	7.6052e-08	6.7966e-08	5.9963e-08	5.1935e-08	4.2808e-08	3.5121e-08	2.7157e-08	1.9896e-08	1.4195e-08	1.0497e-08	9.1967e-09	8.5147e-09	8.2952e-09	7.9785e-09	8.2591e-09	8.573e-09	8.9675e-09	9.1556e-09	9.1775e-09	8.7144e-09	8.7691e-09	9.1389e-09	8.6161e-09	8.1749e-09	8.4245e-09	8.4007e-09	8.3172e-09	8.2499e-09	7.9638e-09	8.3829e-09	8.7485e-09	8.9643e-09	9.0949e-09	8.9302e-09	8.6313e-09	8.549e-09	8.5157e-09	8.1981e-09	7.6691e-09	7.767e-09	7.5632e-09	7.6917e-09	7.8339e-09	7.6673e-09	7.5896e-09	7.6987e-09	7.935e-09	7.6114e-09	7.5322e-09	7.7166e-09	7.7166e-09	7.7874e-09	7.6572e-09	7.8939e-09	7.744e-09	7.6199e-09	7.7005e-09	7.5888e-09	7.6173e-09	7.6629e-09	7.7197e-09	8.0476e-09
1.5598e-08	1.5417e-08	1.5304e-08	1.5552e-08	1.5471e-08	1.5334e-08	1.51e-08	1.4932e-08	1.5285e-08	1.678e-08	1.6937e-08	1.6222e-08	1.5782e-08	1.556e-08	1.5191e-08	1.4684e-08	1.478e-08	1.478e-08	1.435e-08	1.3872e-08	1.3429e-08	1.3425e-08	1.3509e-08	1.362e-08	1.401e-08	1.4434e-08	1.4329e-08	1.4212e-08	1.4476e-08	1.4821e-08	1.5031e-08	1.5393e-08	1.578e-08	1.633e-08	1.7056e-08	1.7078e-08	1.7636e-08	1.8111e-08	1.8042e-08	1.7997e-08	1.7647e-08	1.7467e-08	1.7588e-08	1.7288e-08	1.7283e-08	2.1904e-08	3.1505e-08	4.4236e-08	5.8577e-08	7.3911e-08	9.2436e-08	1.0764e-07	1.216e-07	1.3297e-07	1.4238e-07	1.526e-07	1.5969e-07	1.6544e-07	1.6872e-07	1.6872e-07	1.6767e-07	1.6704e-07	1.6795e-07	1.6703e-07	1.6317e-07	1.5639e-07	1.5639e-07	1.4931e-07	1.4164e-07	1.3381e-07	1.2463e-07	1.1652e-07	1.0865e-07	1.0067e-07	9.2538e-08	8.3119e-08	7.4792e-08	6.6686e-08	5.8701e-08	5.0695e-08	4.1582e-08	3.391e-08	2.5981e-08	1.8917e-08	1.3485e-08	1.0143e-08	9.0559e-09	8.5279e-09	8.3121e-09	7.9254e-09	8.0928e-09	8.4104e-09	8.8601e-09	9.0886e-09	9.1932e-09	8.6819e-09	8.6717e-09	9.0235e-09	8.5837e-09	8.1732e-09	8.4793e-09	8.3732e-09	8.2086e-09	8.1784e-09	7.8808e-09	8.3538e-09	8.7918e-09	9.0498e-09	9.1405e-09	8.9302e-09	8.3994e-09	8.2393e-09	8.1571e-09	7.8045e-09	7.6691e-09	7.4212e-09	7.4212e-09	7.2848e-09	7.4389e-09	7.5543e-09	7.4227e-09	7.2295e-09	7.2855e-09	7.6289e-09	7.3944e-09	7.3774e-09	7.6328e-09	7.7556e-09	7.6512e-09	7.8939e-09	7.6267e-09	7.4286e-09	7.4721e-09	7.3978e-09	7.6173e-09	7.4934e-09	7.5624e-09	7.9272e-09
1.5509e-08	1.5392e-08	1.5278e-08	1.5595e-08	1.5505e-08	1.5268e-08	1.5061e-08	1.5061e-08	1.4803e-08	1.516e-08	1.6378e-08	1.6639e-08	1.6003e-08	1.5654e-08	1.556e-08	1.5015e-08	1.4546e-08	1.4671e-08	1.4334e-08	1.3886e-08	1.3486e-08	1.3447e-08	1.3504e-08	1.3625e-08	1.4036e-08	1.4445e-08	1.4225e-08	1.404e-08	1.4285e-08	1.4595e-08	1.4806e-08	1.5286e-08	1.5574e-08	1.5983e-08	1.6668e-08	1.6635e-08	1.7198e-08	1.7708e-08	1.7649e-08	1.7635e-08	1.7257e-08	1.7098e-08	1.7184e-08	1.6876e-08	1.7237e-08	2.2947e-08	3.3351e-08	4.6578e-08	6.1245e-08	7.6733e-08	9.5229e-08	1.103e-07	1.2394e-07	1.3501e-07	1.4433e-07	1.5435e-07	1.5435e-07	1.6143e-07	1.667e-07	1.6925e-07	1.6855e-07	1.6778e-07	1.6754e-07	1.6811e-07	1.666e-07	1.6139e-07	1.5531e-07	1.4813e-07	1.4038e-07	1.3251e-07	1.2332e-07	1.1521e-07	1.0734e-07	9.9373e-08	9.124e-08	8.1835e-08	7.3527e-08	6.5399e-08	5.7426e-08	4.9446e-08	4.0345e-08	3.2673e-08	2.4799e-08	1.7967e-08	1.2867e-08	9.8534e-09	8.9177e-09	8.4954e-09	8.2836e-09	7.8669e-09	7.8962e-09	8.214e-09	8.6957e-09	8.968e-09	9.149e-09	8.6233e-09	8.5526e-09	8.8882e-09	8.5607e-09	8.2048e-09	8.5384e-09	8.3579e-09	8.113e-09	8.1236e-09	7.8294e-09	8.3238e-09	8.3238e-09	8.821e-09	9.1128e-09	9.1561e-09	8.6831e-09	8.1666e-09	7.9458e-09	7.8204e-09	7.4449e-09	6.9055e-09	7.1178e-09	7.0427e-09	7.2433e-09	7.3475e-09	7.2718e-09	6.9465e-09	6.9358e-09	7.3374e-09	7.1819e-09	7.2452e-09	7.5847e-09	7.7733e-09	7.7107e-09	7.9148e-09	7.5455e-09	7.2778e-09	7.2839e-09	7.2442e-09	7.4691e-09	7.3475e-09	7.4291e-09	7.8201e-09
1.5239e-08	1.5371e-08	1.5302e-08	1.5196e-08	1.5535e-08	1.53e-08	1.5109e-08	1.4932e-08	1.4605e-08	1.4979e-08	1.5968e-08	1.6193e-08	1.5671e-08	1.543e-08	1.5477e-08	1.4842e-08	1.437e-08	1.4527e-08	1.431e-08	1.3896e-08	1.3552e-08	1.348e-08	1.351e-08	1.3641e-08	1.4059e-08	1.4438e-08	1.4105e-08	1.3858e-08	1.4082e-08	1.4345e-08	1.4565e-08	1.5148e-08	1.5348e-08	1.5624e-08	1.6255e-08	1.6207e-08	1.6755e-08	1.7265e-08	1.7219e-08	1.7228e-08	1.6828e-08	1.6718e-08	1.6758e-08	1.648e-08	1.739e-08	2.4226e-08	2.4226e-08	3.5336e-08	4.8995e-08	6.3948e-08	8.2394e-08	9.7985e-08	1.1289e-07	1.2614e-07	1.369e-07	1.4782e-07	1.5595e-07	1.6304e-07	1.6783e-07	1.6964e-07	1.6837e-07	1.6789e-07	1.6802e-07	1.682e-07	1.6608e-07	1.6045e-07	1.5421e-07	1.4692e-07	1.391e-07	1.3119e-07	1.2199e-07	1.1389e-07	1.0602e-07	9.8054e-08	8.9926e-08	8.0529e-08	7.225e-08	6.4097e-08	5.6129e-08	4.8177e-08	3.9091e-08	3.1404e-08	2.3609e-08	1.7044e-08	1.2339e-08	9.6112e-09	8.7761e-09	8.4197e-09	8.2133e-09	7.8008e-09	7.6823e-09	7.9939e-09	8.4824e-09	8.7978e-09	9.0467e-09	8.5325e-09	8.5325e-09	8.4058e-09	8.7263e-09	8.5269e-09	8.2691e-09	8.5767e-09	8.3381e-09	8.0212e-09	8.0696e-09	7.7397e-09	8.2726e-09	8.8103e-09	9.123e-09	9.1115e-09	8.4963e-09	7.933e-09	7.6833e-09	7.5275e-09	7.1458e-09	6.6644e-09	6.8756e-09	6.8515e-09	7.1222e-09	7.2345e-09	7.2096e-09	6.7444e-09	6.6583e-09	7.0721e-09	6.9834e-09	7.1376e-09	7.5625e-09	7.8223e-09	7.8135e-09	7.9716e-09	7.4937e-09	7.165e-09	7.1369e-09	7.1296e-09	7.3414e-09	7.2352e-09	7.3277e-09	7.7292e-09
1.5111e-08	1.5183e-08	1.5143e-08	1.5053e-08	1.5358e-08	1.507e-08	1.4876e-08	1.473e-08	1.4357e-08	1.4756e-08	1.5474e-08	1.5648e-08	1.5262e-08	1.5139e-08	1.533e-08	1.4634e-08	1.4171e-08	1.436e-08	1.4276e-08	1.3897e-08	1.3618e-08	1.3518e-08	1.3521e-08	1.3661e-08	1.4076e-08	1.4409e-08	1.3976e-08	1.3677e-08	1.388e-08	1.4086e-08	1.4323e-08	1.4979e-08	1.5115e-08	1.5277e-08	1.5847e-08	1.583e-08	1.583e-08	1.634e-08	1.681e-08	1.6776e-08	1.6343e-08	1.6372e-08	1.6336e-08	1.6326e-08	1.613e-08	1.834e-08	2.5718e-08	3.7445e-08	5.1477e-08	6.6678e-08	8.5216e-08	1.007e-07	1.1541e-07	1.282e-07	1.3864e-07	1.4936e-07	1.5742e-07	1.645e-07	1.688e-07	1.6988e-07	1.6815e-07	1.6799e-07	1.6844e-07	1.6819e-07	1.6548e-07	1.5947e-07	1.5307e-07	1.4568e-07	1.378e-07	1.2986e-07	1.2062e-07	1.1253e-07	1.0466e-07	9.6711e-08	8.8588e-08	7.9195e-08	7.0954e-08	6.2773e-08	5.4803e-08	4.6882e-08	3.7817e-08	3.011e-08	2.2421e-08	1.6151e-08	1.1882e-08	9.4e-09	9.4e-09	8.6253e-09	8.3044e-09	8.106e-09	7.638e-09	7.4643e-09	7.7604e-09	8.2282e-09	8.5817e-09	8.6751e-09	8.4033e-09	8.2254e-09	8.5313e-09	8.4621e-09	8.2525e-09	8.5692e-09	8.2968e-09	7.9243e-09	8.0006e-09	7.6607e-09	8.1802e-09	8.7336e-09	9.0503e-09	8.9767e-09	8.2487e-09	7.6995e-09	7.4639e-09	7.2958e-09	6.9286e-09	6.5218e-09	6.6968e-09	6.7126e-09	7.0706e-09	7.2087e-09	7.2221e-09	6.62e-09	6.4555e-09	6.8439e-09	6.809e-09	7.0565e-09	7.5564e-09	7.8845e-09	7.9376e-09	8.0471e-09	7.4649e-09	7.0878e-09	7.0321e-09	7.0558e-09	7.2419e-09	7.1782e-09	7.1663e-09	7.266e-09
1.4945e-08	1.496e-08	1.493e-08	1.4864e-08	1.5089e-08	1.4786e-08	1.4597e-08	1.4482e-08	1.4081e-08	1.4507e-08	1.4938e-08	1.5055e-08	1.4815e-08	1.481e-08	1.5136e-08	1.4408e-08	1.3965e-08	1.4181e-08	1.4227e-08	1.3886e-08	1.3672e-08	1.3554e-08	1.3533e-08	1.3678e-08	1.4079e-08	1.4356e-08	1.4356e-08	1.3843e-08	1.3511e-08	1.3691e-08	1.3602e-08	1.4095e-08	1.4782e-08	1.4887e-08	1.4967e-08	1.5138e-08	1.5509e-08	1.5964e-08	1.6355e-08	1.6333e-08	1.5888e-08	1.5902e-08	1.5951e-08	1.5902e-08	1.5856e-08	1.9125e-08	2.7399e-08	3.9667e-08	5.4018e-08	6.9427e-08	8.8022e-08	1.0337e-07	1.1783e-07	1.3015e-07	1.4025e-07	1.5076e-07	1.5874e-07	1.6577e-07	1.6957e-07	1.6997e-07	1.679e-07	1.6808e-07	1.6876e-07	1.6805e-07	1.6482e-07	1.5845e-07	1.5188e-07	1.4438e-07	1.3646e-07	1.2849e-07	1.192e-07	1.1115e-07	1.0328e-07	9.534e-08	8.7224e-08	7.7833e-08	7.7833e-08	6.9636e-08	6.1428e-08	5.3452e-08	4.4222e-08	3.6521e-08	2.8797e-08	2.1242e-08	1.529e-08	1.1101e-08	9.2031e-09	8.4595e-09	8.1535e-09	7.9664e-09	7.5374e-09	7.255e-09	7.5237e-09	7.9412e-09	8.3233e-09	8.4095e-09	8.2296e-09	8.0052e-09	8.2965e-09	8.3462e-09	8.1707e-09	8.4906e-09	8.2174e-09	7.8132e-09	7.9006e-09	7.5365e-09	8.0314e-09	8.5717e-09	8.872e-09	8.7296e-09	7.9503e-09	7.4682e-09	7.2854e-09	7.123e-09	6.7892e-09	6.4635e-09	6.5789e-09	6.6229e-09	7.0769e-09	7.2547e-09	7.2955e-09	6.5699e-09	6.3302e-09	6.6633e-09	6.6689e-09	6.5731e-09	7.004e-09	7.5568e-09	7.9417e-09	8.0607e-09	8.1863e-09	7.4528e-09	7.0437e-09	6.9706e-09	7.0244e-09	7.1578e-09	7.1506e-09	7.2519e-09
1.4758e-08	1.472e-08	1.4686e-08	1.4646e-08	1.4757e-08	1.4472e-08	1.4296e-08	1.4212e-08	1.3801e-08	1.4249e-08	1.4402e-08	1.446e-08	1.4367e-08	1.4471e-08	1.4911e-08	1.418e-08	1.3767e-08	1.3767e-08	1.4e-08	1.4159e-08	1.3808e-08	1.3704e-08	1.358e-08	1.354e-08	1.3683e-08	1.403e-08	1.4278e-08	1.3712e-08	1.3368e-08	1.3528e-08	1.3396e-08	1.3884e-08	1.4562e-08	1.4667e-08	1.4698e-08	1.4838e-08	1.5233e-08	1.5621e-08	1.5909e-08	1.5895e-08	1.5436e-08	1.5431e-08	1.5565e-08	1.5502e-08	1.569e-08	2.0108e-08	2.9249e-08	4.1985e-08	5.6609e-08	7.2188e-08	9.0804e-08	1.0599e-07	1.2016e-07	1.3199e-07	1.4176e-07	1.5201e-07	1.599e-07	1.6682e-07	1.7011e-07	1.699e-07	1.6764e-07	1.6813e-07	1.6893e-07	1.6777e-07	1.641e-07	1.574e-07	1.574e-07	1.5063e-07	1.4303e-07	1.3507e-07	1.2566e-07	1.1775e-07	1.0974e-07	1.0187e-07	9.3944e-08	8.4422e-08	7.6445e-08	6.8295e-08	6.0063e-08	5.2079e-08	4.286e-08	3.5203e-08	2.7473e-08	2.0083e-08	1.4464e-08	1.0737e-08	9.0038e-09	8.2728e-09	7.9707e-09	7.7995e-09	7.4214e-09	7.0677e-09	7.294e-09	7.6295e-09	8.0264e-09	8.0932e-09	8.0055e-09	7.7393e-09	8.0153e-09	8.1589e-09	8.0056e-09	8.3229e-09	8.0875e-09	7.6813e-09	7.7581e-09	7.3761e-09	7.8367e-09	8.3378e-09	8.6022e-09	8.3874e-09	7.6183e-09	7.2418e-09	7.1407e-09	7.0005e-09	6.716e-09	6.697e-09	6.4758e-09	6.5191e-09	6.5797e-09	7.1294e-09	7.5007e-09	7.4159e-09	6.5911e-09	6.2851e-09	6.5412e-09	6.5317e-09	6.9821e-09	7.5538e-09	7.9757e-09	8.1609e-09	8.2159e-09	7.4508e-09	7.0303e-09	6.9535e-09	7.0371e-09	7.1879e-09	7.1974e-09	7.2926e-09
1.4758e-08	1.448e-08	1.443e-08	1.4414e-08	1.4392e-08	1.4152e-08	1.3999e-08	1.3999e-08	1.3946e-08	1.354e-08	1.3768e-08	1.3908e-08	1.3915e-08	1.3958e-08	1.4151e-08	1.4439e-08	1.3967e-08	1.3594e-08	1.3828e-08	1.4067e-08	1.3733e-08	1.3706e-08	1.359e-08	1.3537e-08	1.3669e-08	1.397e-08	1.4174e-08	1.3584e-08	1.3251e-08	1.3391e-08	1.3212e-08	1.3686e-08	1.4322e-08	1.4451e-08	1.4462e-08	1.4569e-08	1.499e-08	1.5309e-08	1.5479e-08	1.5468e-08	1.4997e-08	1.4971e-08	1.5179e-08	1.514e-08	1.5662e-08	2.1285e-08	3.1244e-08	4.4388e-08	5.9242e-08	7.4952e-08	9.3554e-08	1.0857e-07	1.224e-07	1.3375e-07	1.4316e-07	1.5313e-07	1.5313e-07	1.6091e-07	1.6762e-07	1.704e-07	1.6925e-07	1.6739e-07	1.6816e-07	1.6893e-07	1.6734e-07	1.6246e-07	1.5631e-07	1.4933e-07	1.4162e-07	1.3365e-07	1.242e-07	1.1627e-07	1.0831e-07	1.0043e-07	9.2523e-08	8.2987e-08	7.5031e-08	6.6928e-08	5.8679e-08	5.0687e-08	4.1481e-08	3.386e-08	2.6143e-08	1.8951e-08	1.3676e-08	1.0363e-08	8.7854e-09	8.0595e-09	7.7599e-09	7.61e-09	7.2879e-09	6.9152e-09	7.0814e-09	7.3013e-09	7.6948e-09	7.7311e-09	7.7288e-09	7.4257e-09	7.6851e-09	7.8867e-09	7.7721e-09	8.0823e-09	7.9171e-09	7.5351e-09	7.5824e-09	7.1961e-09	7.1961e-09	7.6147e-09	8.0559e-09	8.2667e-09	7.5365e-09	7.2699e-09	7.023e-09	7.0231e-09	6.9195e-09	6.7204e-09	6.5445e-09	6.5147e-09	6.5801e-09	7.2165e-09	7.67e-09	7.5694e-09	6.6802e-09	6.3229e-09	6.4884e-09	6.5547e-09	6.9929e-09	7.5378e-09	7.9685e-09	8.216e-09	8.197e-09	7.4527e-09	7.0452e-09	6.9815e-09	7.0954e-09	7.2668e-09	7.3032e-09	7.3846e-09
1.4504e-08	1.4382e-08	1.4259e-08	1.4183e-08	1.4185e-08	1.4024e-08	1.3851e-08	1.3731e-08	1.3708e-08	1.332e-08	1.3768e-08	1.3501e-08	1.3468e-08	1.3623e-08	1.3879e-08	1.4439e-08	1.3784e-08	1.3461e-08	1.3675e-08	1.3948e-08	1.3733e-08	1.3674e-08	1.358e-08	1.352e-08	1.3635e-08	1.397e-08	1.4046e-08	1.3457e-08	1.3154e-08	1.3275e-08	1.3212e-08	1.3497e-08	1.4069e-08	1.4237e-08	1.4252e-08	1.4569e-08	1.4769e-08	1.5022e-08	1.5073e-08	1.5058e-08	1.4997e-08	1.4535e-08	1.4794e-08	1.483e-08	1.5801e-08	2.2648e-08	2.2648e-08	3.3362e-08	4.6861e-08	6.1908e-08	8.0459e-08	9.6264e-08	1.1109e-07	1.2452e-07	1.3542e-07	1.457e-07	1.5411e-07	1.6176e-07	1.6816e-07	1.7042e-07	1.6872e-07	1.6714e-07	1.6816e-07	1.6878e-07	1.6678e-07	1.6155e-07	1.5518e-07	1.4798e-07	1.4017e-07	1.3219e-07	1.2273e-07	1.1477e-07	1.0685e-07	9.8977e-08	9.1079e-08	8.1532e-08	7.3592e-08	6.5534e-08	5.7276e-08	4.9279e-08	4.0084e-08	3.249e-08	2.4816e-08	1.7857e-08	1.2929e-08	9.9591e-09	8.5311e-09	7.8137e-09	7.525e-09	7.4028e-09	7.1375e-09	6.809e-09	6.8959e-09	6.9662e-09	7.3347e-09	7.344e-09	7.344e-09	7.4181e-09	7.0834e-09	7.3236e-09	7.1789e-09	7.4955e-09	7.7956e-09	7.7233e-09	7.3851e-09	7.1956e-09	7.0131e-09	7.3839e-09	7.7495e-09	7.8913e-09	7.0872e-09	6.9222e-09	6.8145e-09	6.9256e-09	6.8714e-09	6.7744e-09	6.6556e-09	6.5632e-09	6.6213e-09	7.3263e-09	7.8495e-09	7.742e-09	6.834e-09	6.4461e-09	6.5154e-09	6.6517e-09	7.0382e-09	7.4995e-09	7.903e-09	8.2052e-09	8.1313e-09	7.4575e-09	7.0866e-09	7.0526e-09	7.1955e-09	7.3841e-09	7.4528e-09	7.5138e-09
1.4311e-08	1.4225e-08	1.4074e-08	1.3966e-08	1.3976e-08	1.3684e-08	1.3594e-08	1.3518e-08	1.3524e-08	1.3165e-08	1.3578e-08	1.3217e-08	1.3163e-08	1.3397e-08	1.368e-08	1.4225e-08	1.3631e-08	1.3363e-08	1.354e-08	1.3804e-08	1.3633e-08	1.3609e-08	1.3546e-08	1.3487e-08	1.358e-08	1.3887e-08	1.3896e-08	1.3329e-08	1.3069e-08	1.3174e-08	1.305e-08	1.3313e-08	1.3807e-08	1.4023e-08	1.4061e-08	1.4326e-08	1.4103e-08	1.4558e-08	1.4758e-08	1.4698e-08	1.4672e-08	1.4192e-08	1.4135e-08	1.441e-08	1.4587e-08	1.6137e-08	2.4192e-08	3.558e-08	4.9391e-08	6.4599e-08	8.0459e-08	9.8927e-08	1.1354e-07	1.2654e-07	1.3702e-07	1.457e-07	1.5498e-07	1.6249e-07	1.6848e-07	1.7022e-07	1.6872e-07	1.6691e-07	1.6812e-07	1.6848e-07	1.661e-07	1.6155e-07	1.54e-07	1.466e-07	1.387e-07	1.3071e-07	1.2273e-07	1.1326e-07	1.0538e-07	9.7501e-08	8.9613e-08	8.1532e-08	7.2131e-08	6.4111e-08	5.5857e-08	4.7858e-08	3.8673e-08	3.1091e-08	2.3497e-08	1.681e-08	1.2226e-08	9.511e-09	9.511e-09	8.2293e-09	7.5329e-09	7.2714e-09	6.966e-09	6.982e-09	6.7515e-09	6.7452e-09	6.6413e-09	6.6084e-09	6.9575e-09	7.0982e-09	6.7375e-09	6.9545e-09	6.8045e-09	7.2013e-09	7.49e-09	7.5231e-09	7.2418e-09	7.0166e-09	6.8437e-09	7.163e-09	7.4424e-09	7.5018e-09	6.6616e-09	6.5925e-09	6.6189e-09	6.8414e-09	6.8475e-09	6.8472e-09	6.7953e-09	6.6618e-09	6.7002e-09	7.4473e-09	8.0242e-09	7.9201e-09	7.0487e-09	6.6567e-09	6.6324e-09	6.818e-09	7.1167e-09	7.443e-09	7.7844e-09	8.1305e-09	8.0371e-09	7.4685e-09	7.1535e-09	7.1618e-09	7.3291e-09	7.4876e-09	7.5294e-09	7.6307e-09
1.414e-08	1.4109e-08	1.3943e-08	1.3801e-08	1.3804e-08	1.3401e-08	1.3402e-08	1.3383e-08	1.3415e-08	1.3093e-08	1.3441e-08	1.3056e-08	1.2998e-08	1.3279e-08	1.3554e-08	1.4032e-08	1.35e-08	1.3288e-08	1.3417e-08	1.3641e-08	1.3513e-08	1.3512e-08	1.3486e-08	1.3436e-08	1.3507e-08	1.3781e-08	1.3654e-08	1.3725e-08	1.3197e-08	1.2993e-08	1.3084e-08	1.2776e-08	1.313e-08	1.3541e-08	1.3805e-08	1.3883e-08	1.3896e-08	1.4347e-08	1.4511e-08	1.4362e-08	1.4315e-08	1.3845e-08	1.3784e-08	1.4029e-08	1.4426e-08	1.6702e-08	2.5903e-08	3.7878e-08	5.1963e-08	6.7309e-08	8.3188e-08	1.0154e-07	1.1593e-07	1.2845e-07	1.3855e-07	1.4688e-07	1.5579e-07	1.6311e-07	1.686e-07	1.6984e-07	1.6812e-07	1.667e-07	1.6803e-07	1.6806e-07	1.6531e-07	1.6057e-07	1.5276e-07	1.4517e-07	1.372e-07	1.2922e-07	1.2124e-07	1.1174e-07	1.0389e-07	9.6007e-08	8.8129e-08	8.0057e-08	7.8565e-08	7.0646e-08	6.2655e-08	5.4421e-08	4.6428e-08	3.7251e-08	2.9663e-08	2.2195e-08	1.5818e-08	1.157e-08	9.0336e-09	7.8936e-09	7.2308e-09	7.0131e-09	6.966e-09	6.8372e-09	6.7426e-09	6.6363e-09	6.3463e-09	6.6084e-09	6.5972e-09	6.7941e-09	6.4133e-09	6.6018e-09	6.8045e-09	6.9145e-09	7.1923e-09	7.3334e-09	7.1157e-09	7.0166e-09	6.7046e-09	6.9703e-09	7.1583e-09	7.1239e-09	6.6616e-09	6.298e-09	6.439e-09	6.7636e-09	6.839e-09	6.8472e-09	6.9496e-09	6.8074e-09	6.8139e-09	7.5678e-09	8.183e-09	8.0917e-09	7.31e-09	6.9402e-09	6.8308e-09	7.0856e-09	7.0363e-09	7.2242e-09	7.3843e-09	7.6387e-09	7.8864e-09	7.9333e-09	7.4895e-09	7.245e-09	7.3038e-09	7.6625e-09	7.6922e-09	7.821e-09
1.4007e-08	1.4048e-08	1.3882e-08	1.3704e-08	1.3684e-08	1.3202e-08	1.3278e-08	1.3322e-08	1.3378e-08	1.31e-08	1.3354e-08	1.2993e-08	1.2947e-08	1.3246e-08	1.3483e-08	1.3857e-08	1.3693e-08	1.3381e-08	1.3224e-08	1.3301e-08	1.3465e-08	1.3226e-08	1.3384e-08	1.3397e-08	1.3364e-08	1.3415e-08	1.3506e-08	1.3535e-08	1.306e-08	1.2918e-08	1.2999e-08	1.2661e-08	1.2943e-08	1.3277e-08	1.3581e-08	1.3709e-08	1.3701e-08	1.4122e-08	1.4278e-08	1.4072e-08	1.3992e-08	1.354e-08	1.3485e-08	1.3657e-08	1.436e-08	1.7502e-08	2.7753e-08	4.0236e-08	5.4567e-08	7.0031e-08	8.5899e-08	1.0409e-07	1.1823e-07	1.3026e-07	1.4002e-07	1.4802e-07	1.5655e-07	1.6364e-07	1.6857e-07	1.6931e-07	1.6747e-07	1.6651e-07	1.6789e-07	1.6753e-07	1.6442e-07	1.5951e-07	1.5837e-07	1.5147e-07	1.4372e-07	1.3569e-07	1.2772e-07	1.1825e-07	1.1022e-07	1.024e-07	9.4499e-08	8.6626e-08	7.7059e-08	6.9141e-08	6.1169e-08	5.2971e-08	4.4993e-08	3.5824e-08	2.8219e-08	2.0916e-08	1.4882e-08	1.0959e-08	8.5506e-09	7.5457e-09	6.9264e-09	6.7665e-09	6.7633e-09	6.7187e-09	6.7821e-09	6.5765e-09	6.1009e-09	6.2875e-09	6.2888e-09	6.5305e-09	6.1362e-09	6.2892e-09	6.4573e-09	6.6607e-09	6.9296e-09	7.1713e-09	7.0173e-09	6.8685e-09	6.6122e-09	6.8245e-09	6.9208e-09	6.7833e-09	6.2893e-09	6.0553e-09	6.2775e-09	6.6856e-09	6.8375e-09	6.8375e-09	7.0062e-09	7.1071e-09	6.9892e-09	6.9537e-09	7.6795e-09	8.3187e-09	8.2469e-09	7.5936e-09	7.267e-09	7.0856e-09	7.2886e-09	7.3566e-09	7.3398e-09	7.4928e-09	7.8864e-09	7.8388e-09	7.5242e-09	7.3601e-09	7.4736e-09	7.6625e-09	7.8619e-09	8.0082e-09
1.3927e-08	1.404e-08	1.3886e-08	1.3677e-08	1.3616e-08	1.3091e-08	1.3211e-08	1.3211e-08	1.3317e-08	1.3395e-08	1.3163e-08	1.329e-08	1.3004e-08	1.2982e-08	1.3276e-08	1.3451e-08	1.3537e-08	1.3266e-08	1.3159e-08	1.3184e-08	1.3281e-08	1.3065e-08	1.3226e-08	1.3276e-08	1.327e-08	1.3307e-08	1.3337e-08	1.3327e-08	1.2915e-08	1.284e-08	1.2914e-08	1.2557e-08	1.2749e-08	1.302e-08	1.3347e-08	1.3533e-08	1.3512e-08	1.3879e-08	1.4054e-08	1.3828e-08	1.3706e-08	1.3273e-08	1.323e-08	1.3309e-08	1.44e-08	1.8513e-08	2.9713e-08	4.2637e-08	5.719e-08	7.2758e-08	8.8589e-08	1.0659e-07	1.2044e-07	1.3196e-07	1.4142e-07	1.4912e-07	1.5021e-07	1.5731e-07	1.6412e-07	1.6842e-07	1.6869e-07	1.6622e-07	1.6635e-07	1.677e-07	1.6691e-07	1.6346e-07	1.5715e-07	1.5011e-07	1.4225e-07	1.3418e-07	1.2622e-07	1.1676e-07	1.0872e-07	1.0089e-07	9.298e-08	8.5108e-08	7.5547e-08	6.7628e-08	5.9663e-08	5.1516e-08	4.3559e-08	3.4402e-08	2.6771e-08	1.9671e-08	1.4003e-08	1.0392e-08	8.0859e-09	7.207e-09	6.6384e-09	6.5484e-09	6.5904e-09	6.6423e-09	6.8698e-09	6.5729e-09	5.9246e-09	6.0252e-09	6.058e-09	6.3325e-09	5.9314e-09	6.0405e-09	6.1678e-09	6.4649e-09	6.7288e-09	7.0539e-09	6.957e-09	6.957e-09	6.7283e-09	6.5825e-09	6.7432e-09	6.7527e-09	6.505e-09	5.7986e-09	5.8715e-09	6.1371e-09	6.6056e-09	6.8378e-09	7.0797e-09	7.2589e-09	7.1889e-09	7.1058e-09	7.7764e-09	8.4241e-09	8.3759e-09	7.8747e-09	7.6069e-09	7.371e-09	7.557e-09	7.5094e-09	7.326e-09	7.3735e-09	7.7663e-09	7.7727e-09	7.5763e-09	7.4979e-09	7.666e-09	7.8453e-09	8.0282e-09	8.1765e-09
1.3892e-08	1.3917e-08	1.4076e-08	1.3942e-08	1.3705e-08	1.3595e-08	1.3079e-08	1.3192e-08	1.3349e-08	1.3445e-08	1.3263e-08	1.3288e-08	1.3066e-08	1.3076e-08	1.3347e-08	1.3441e-08	1.3382e-08	1.3146e-08	1.308e-08	1.3061e-08	1.3095e-08	1.2899e-08	1.3038e-08	1.312e-08	1.315e-08	1.3183e-08	1.3148e-08	1.3104e-08	1.2761e-08	1.2752e-08	1.2824e-08	1.2461e-08	1.2547e-08	1.2773e-08	1.3105e-08	1.3351e-08	1.3325e-08	1.3621e-08	1.3836e-08	1.3621e-08	1.3452e-08	1.3037e-08	1.3005e-08	1.3001e-08	1.4556e-08	1.9706e-08	2.1051e-08	3.1755e-08	4.5062e-08	5.982e-08	7.5486e-08	9.3906e-08	1.0901e-07	1.2254e-07	1.3357e-07	1.4277e-07	1.5131e-07	1.5808e-07	1.6456e-07	1.6819e-07	1.6801e-07	1.6571e-07	1.6622e-07	1.6744e-07	1.6621e-07	1.6243e-07	1.5585e-07	1.4869e-07	1.4076e-07	1.3267e-07	1.2472e-07	1.1528e-07	1.0723e-07	9.9391e-08	9.1459e-08	8.3585e-08	7.4043e-08	6.612e-08	5.8153e-08	5.0066e-08	4.2135e-08	3.2994e-08	2.5336e-08	1.8469e-08	1.3181e-08	9.8689e-09	7.6635e-09	6.8993e-09	6.3859e-09	6.3752e-09	6.4615e-09	6.6235e-09	7.0057e-09	6.6326e-09	5.8371e-09	5.8371e-09	5.7672e-09	5.9303e-09	6.2248e-09	5.8242e-09	5.8798e-09	5.883e-09	6.3514e-09	6.6156e-09	6.9972e-09	6.9448e-09	6.7517e-09	6.6149e-09	6.7262e-09	6.6568e-09	6.2967e-09	5.6775e-09	5.7443e-09	6.0208e-09	6.5266e-09	6.8377e-09	7.1434e-09	7.3961e-09	7.3878e-09	7.2563e-09	7.8532e-09	8.4921e-09	8.4688e-09	8.1288e-09	7.9296e-09	7.6611e-09	7.8237e-09	7.6784e-09	7.3594e-09	7.3077e-09	7.6804e-09	7.7539e-09	7.6495e-09	7.6572e-09	7.8759e-09	8.0273e-09	8.1804e-09	8.3104e-09
1.3861e-08	1.3968e-08	1.4145e-08	1.4036e-08	1.3777e-08	1.3613e-08	1.3154e-08	1.3212e-08	1.3401e-08	1.351e-08	1.3376e-08	1.3293e-08	1.3154e-08	1.3201e-08	1.3436e-08	1.3436e-08	1.3224e-08	1.3013e-08	1.2974e-08	1.2925e-08	1.2913e-08	1.2729e-08	1.2821e-08	1.2926e-08	1.3003e-08	1.3044e-08	1.294e-08	1.2866e-08	1.2595e-08	1.265e-08	1.2724e-08	1.2365e-08	1.2339e-08	1.2536e-08	1.2855e-08	1.316e-08	1.296e-08	1.3137e-08	1.3351e-08	1.362e-08	1.3439e-08	1.3012e-08	1.2825e-08	1.2802e-08	1.2749e-08	1.4839e-08	2.2519e-08	3.3851e-08	4.7493e-08	6.2445e-08	7.8208e-08	9.653e-08	1.1137e-07	1.2452e-07	1.3508e-07	1.4405e-07	1.5242e-07	1.5892e-07	1.6499e-07	1.6791e-07	1.6732e-07	1.6532e-07	1.6613e-07	1.6713e-07	1.6546e-07	1.6135e-07	1.5449e-07	1.4722e-07	1.3927e-07	1.3118e-07	1.2324e-07	1.1382e-07	1.0576e-07	9.7899e-08	8.9948e-08	8.2069e-08	7.2559e-08	6.463e-08	5.6656e-08	4.8631e-08	4.073e-08	3.161e-08	2.3926e-08	1.7317e-08	1.2416e-08	9.3871e-09	8.9457e-09	7.3072e-09	6.6442e-09	6.1877e-09	6.2634e-09	6.3941e-09	6.6781e-09	7.1895e-09	6.7627e-09	5.858e-09	5.8155e-09	5.93e-09	6.2309e-09	5.8384e-09	5.8294e-09	5.915e-09	6.3206e-09	6.5903e-09	7.0005e-09	6.9788e-09	6.8235e-09	6.6938e-09	6.7569e-09	6.6175e-09	6.15e-09	5.6239e-09	5.6714e-09	5.9313e-09	6.4515e-09	6.8353e-09	7.1926e-09	7.5096e-09	7.5674e-09	7.3914e-09	7.9041e-09	8.5156e-09	8.5157e-09	8.331e-09	8.2051e-09	7.9303e-09	8.0706e-09	7.8593e-09	7.4566e-09	7.322e-09	7.6535e-09	7.8013e-09	7.7475e-09	7.8372e-09	8.0981e-09	8.0981e-09	8.3561e-09	8.3101e-09
1.3848e-08	1.4045e-08	1.4236e-08	1.4152e-08	1.388e-08	1.3664e-08	1.3268e-08	1.3259e-08	1.3453e-08	1.357e-08	1.3484e-08	1.3291e-08	1.3244e-08	1.3331e-08	1.3522e-08	1.342e-08	1.3058e-08	1.2859e-08	1.2828e-08	1.277e-08	1.2741e-08	1.2558e-08	1.2579e-08	1.2695e-08	1.2829e-08	1.2891e-08	1.272e-08	1.2716e-08	1.2619e-08	1.242e-08	1.2531e-08	1.2476e-08	1.2264e-08	1.2128e-08	1.2309e-08	1.2603e-08	1.275e-08	1.2944e-08	1.3073e-08	1.3402e-08	1.3272e-08	1.2816e-08	1.2631e-08	1.2608e-08	1.2568e-08	1.526e-08	2.4082e-08	3.5971e-08	4.9911e-08	6.5053e-08	8.0918e-08	9.913e-08	1.1366e-07	1.2638e-07	1.3649e-07	1.4528e-07	1.5356e-07	1.5983e-07	1.6543e-07	1.6762e-07	1.6666e-07	1.6505e-07	1.6608e-07	1.6676e-07	1.6465e-07	1.6023e-07	1.5308e-07	1.4572e-07	1.3778e-07	1.2971e-07	1.2178e-07	1.1239e-07	1.0433e-07	9.643e-08	8.8458e-08	8.0571e-08	7.9103e-08	7.1106e-08	6.3173e-08	5.5186e-08	4.7222e-08	3.801e-08	3.0258e-08	2.2558e-08	1.6225e-08	1.171e-08	8.5433e-09	7.041e-09	6.4631e-09	6.0626e-09	6.2296e-09	6.4833e-09	6.8205e-09	7.4204e-09	6.9694e-09	6.0055e-09	5.9822e-09	6.0514e-09	6.3449e-09	5.9676e-09	5.8861e-09	6.0321e-09	6.3506e-09	6.6296e-09	7.0472e-09	7.0463e-09	6.9293e-09	6.8028e-09	6.8178e-09	6.6182e-09	6.056e-09	5.6259e-09	5.6503e-09	5.8715e-09	6.3836e-09	6.8286e-09	7.223e-09	7.5907e-09	7.7091e-09	7.497e-09	7.9235e-09	8.4876e-09	8.5067e-09	8.4568e-09	8.403e-09	8.403e-09	8.3022e-09	8.2799e-09	8.0478e-09	7.634e-09	7.4434e-09	7.8616e-09	7.923e-09	7.8699e-09	8.0335e-09	8.3258e-09	8.4916e-09	8.4147e-09
1.385e-08	1.4138e-08	1.4338e-08	1.4277e-08	1.4002e-08	1.3741e-08	1.3407e-08	1.3326e-08	1.3487e-08	1.3608e-08	1.3563e-08	1.3273e-08	1.3312e-08	1.3438e-08	1.3583e-08	1.3375e-08	1.3292e-08	1.2881e-08	1.2679e-08	1.264e-08	1.2595e-08	1.2424e-08	1.2383e-08	1.2318e-08	1.2435e-08	1.2628e-08	1.253e-08	1.2477e-08	1.2365e-08	1.2235e-08	1.2393e-08	1.232e-08	1.215e-08	1.1917e-08	1.2093e-08	1.2351e-08	1.2528e-08	1.274e-08	1.279e-08	1.3177e-08	1.3108e-08	1.2627e-08	1.2448e-08	1.2412e-08	1.2475e-08	1.5829e-08	2.5711e-08	3.8088e-08	5.2299e-08	6.7632e-08	8.3611e-08	1.017e-07	1.1586e-07	1.2809e-07	1.3782e-07	1.4646e-07	1.5473e-07	1.6081e-07	1.6587e-07	1.6734e-07	1.6605e-07	1.6491e-07	1.6606e-07	1.6634e-07	1.6381e-07	1.5908e-07	1.5792e-07	1.5165e-07	1.4422e-07	1.363e-07	1.2827e-07	1.1893e-07	1.1098e-07	1.0293e-07	9.4991e-08	8.6998e-08	7.7677e-08	6.9696e-08	6.1763e-08	5.376e-08	4.5849e-08	3.6712e-08	2.8948e-08	2.1245e-08	1.5201e-08	1.1061e-08	8.1786e-09	6.8874e-09	6.3767e-09	6.0286e-09	6.2892e-09	6.6506e-09	7.0411e-09	7.6852e-09	7.24e-09	6.268e-09	6.2339e-09	6.2611e-09	6.5337e-09	6.1775e-09	6.0221e-09	6.2026e-09	6.419e-09	6.7089e-09	7.1202e-09	7.134e-09	7.0548e-09	6.9257e-09	6.8917e-09	6.6426e-09	6.0057e-09	5.672e-09	5.6784e-09	5.8444e-09	6.3257e-09	6.3257e-09	6.7941e-09	7.2301e-09	7.6303e-09	7.7944e-09	7.5592e-09	7.8457e-09	8.4008e-09	8.432e-09	8.4815e-09	8.4932e-09	8.364e-09	8.4392e-09	8.2384e-09	7.8959e-09	7.6824e-09	8.0821e-09	8.0981e-09	8.0055e-09	8.2331e-09	8.5468e-09	8.6033e-09	8.4926e-09
1.3863e-08	1.4138e-08	1.4442e-08	1.4396e-08	1.4131e-08	1.3837e-08	1.3837e-08	1.3559e-08	1.3401e-08	1.3485e-08	1.3604e-08	1.3593e-08	1.3229e-08	1.3341e-08	1.3502e-08	1.3602e-08	1.3172e-08	1.2696e-08	1.248e-08	1.242e-08	1.2404e-08	1.2268e-08	1.22e-08	1.2045e-08	1.2154e-08	1.2403e-08	1.2318e-08	1.2226e-08	1.2108e-08	1.2042e-08	1.2233e-08	1.2138e-08	1.2017e-08	1.1709e-08	1.1886e-08	1.2103e-08	1.2295e-08	1.2524e-08	1.2507e-08	1.2943e-08	1.2937e-08	1.244e-08	1.2271e-08	1.2204e-08	1.2485e-08	1.6557e-08	2.7382e-08	4.0179e-08	5.4643e-08	7.0172e-08	8.628e-08	1.0424e-07	1.1799e-07	1.2969e-07	1.3908e-07	1.4761e-07	1.4874e-07	1.5592e-07	1.6183e-07	1.663e-07	1.6707e-07	1.6509e-07	1.6488e-07	1.6605e-07	1.6589e-07	1.6294e-07	1.5675e-07	1.5022e-07	1.4273e-07	1.3484e-07	1.2685e-07	1.1756e-07	1.096e-07	1.0157e-07	9.3594e-08	8.5582e-08	7.6306e-08	6.8343e-08	6.0413e-08	5.2393e-08	4.4523e-08	3.5466e-08	2.7689e-08	2.0002e-08	1.4255e-08	1.047e-08	7.8516e-09	6.8438e-09	6.3832e-09	6.0828e-09	6.4347e-09	6.8675e-09	7.3075e-09	7.959e-09	7.5442e-09	6.6066e-09	6.5362e-09	6.5248e-09	6.763e-09	6.4328e-09	6.2088e-09	6.3947e-09	6.5031e-09	6.804e-09	7.2022e-09	7.2022e-09	7.3177e-09	7.1853e-09	7.0463e-09	6.9611e-09	6.6743e-09	6.0004e-09	5.7504e-09	5.7533e-09	5.8528e-09	6.2811e-09	6.7624e-09	7.2094e-09	7.6195e-09	7.8047e-09	7.5641e-09	7.7421e-09	8.2549e-09	8.2893e-09	8.3933e-09	8.4599e-09	8.3518e-09	8.5513e-09	8.4221e-09	8.2135e-09	8.0058e-09	8.3395e-09	8.3005e-09	8.1413e-09	8.4213e-09	8.7482e-09	8.6877e-09	8.5419e-09
1.3623e-08	1.3884e-08	1.4336e-08	1.4536e-08	1.4495e-08	1.4253e-08	1.3946e-08	1.3711e-08	1.3474e-08	1.3437e-08	1.3548e-08	1.3564e-08	1.3157e-08	1.3328e-08	1.3519e-08	1.3575e-08	1.3172e-08	1.2502e-08	1.2269e-08	1.2178e-08	1.2201e-08	1.2268e-08	1.2007e-08	1.1767e-08	1.1861e-08	1.2157e-08	1.2318e-08	1.1964e-08	1.1851e-08	1.1841e-08	1.2049e-08	1.2138e-08	1.1858e-08	1.1508e-08	1.169e-08	1.1862e-08	1.2295e-08	1.229e-08	1.2228e-08	1.2695e-08	1.2747e-08	1.244e-08	1.2093e-08	1.1977e-08	1.2614e-08	1.7452e-08	1.7452e-08	2.9099e-08	4.2257e-08	5.6956e-08	7.2681e-08	9.1536e-08	1.0674e-07	1.2005e-07	1.3121e-07	1.403e-07	1.4989e-07	1.5715e-07	1.6286e-07	1.6671e-07	1.6683e-07	1.6479e-07	1.6496e-07	1.6607e-07	1.6542e-07	1.6206e-07	1.5558e-07	1.4881e-07	1.4127e-07	1.3343e-07	1.2547e-07	1.1622e-07	1.0827e-07	1.0026e-07	9.2248e-08	8.4219e-08	7.4999e-08	6.7057e-08	5.9135e-08	5.1101e-08	4.3254e-08	3.4268e-08	2.648e-08	1.8835e-08	1.339e-08	9.9371e-09	7.5637e-09	6.8843e-09	6.4605e-09	6.2031e-09	6.637e-09	7.1047e-09	7.5868e-09	8.2166e-09	7.8509e-09	7.8509e-09	7.3514e-09	6.8548e-09	6.8081e-09	6.9987e-09	6.6979e-09	6.6205e-09	6.5768e-09	6.5804e-09	6.8906e-09	7.276e-09	7.3873e-09	7.3066e-09	7.1483e-09	7.0086e-09	6.6968e-09	6.0275e-09	5.8495e-09	5.8726e-09	5.8996e-09	6.2528e-09	6.72e-09	7.16e-09	7.5556e-09	7.7314e-09	7.5054e-09	7.6075e-09	8.067e-09	8.0973e-09	8.2156e-09	8.3265e-09	8.2842e-09	8.6217e-09	8.5896e-09	8.5524e-09	8.3726e-09	8.6018e-09	8.5041e-09	8.264e-09	8.5834e-09	8.9171e-09	8.7415e-09	8.561e-09
1.3637e-08	1.3909e-08	1.4421e-08	1.461e-08	1.4562e-08	1.4357e-08	1.4057e-08	1.3841e-08	1.3531e-08	1.3344e-08	1.3444e-08	1.348e-08	1.3057e-08	1.3269e-08	1.3481e-08	1.3496e-08	1.3016e-08	1.2304e-08	1.205e-08	1.1928e-08	1.1993e-08	1.2106e-08	1.18e-08	1.1491e-08	1.1563e-08	1.1892e-08	1.2083e-08	1.1694e-08	1.1599e-08	1.1632e-08	1.1837e-08	1.1926e-08	1.1667e-08	1.1316e-08	1.1503e-08	1.1631e-08	1.1631e-08	1.1791e-08	1.2036e-08	1.1955e-08	1.2432e-08	1.2529e-08	1.2061e-08	1.1919e-08	1.1754e-08	1.2873e-08	1.8513e-08	3.0877e-08	4.4343e-08	5.9258e-08	7.5167e-08	9.1536e-08	1.0918e-07	1.2204e-07	1.3266e-07	1.415e-07	1.4989e-07	1.5839e-07	1.6389e-07	1.6709e-07	1.6663e-07	1.6479e-07	1.6515e-07	1.661e-07	1.6493e-07	1.6117e-07	1.5558e-07	1.4745e-07	1.3987e-07	1.3205e-07	1.2413e-07	1.1622e-07	1.0697e-07	9.9003e-08	9.0963e-08	8.2921e-08	7.4999e-08	6.5835e-08	5.7928e-08	4.988e-08	4.204e-08	3.4268e-08	2.5314e-08	1.7744e-08	1.2604e-08	1.2604e-08	9.4617e-09	7.3161e-09	6.9819e-09	6.5856e-09	6.3668e-09	7.0925e-09	7.3329e-09	7.8459e-09	8.4325e-09	8.129e-09	7.6774e-09	7.1552e-09	7.0764e-09	7.2067e-09	6.9376e-09	6.7884e-09	6.7172e-09	6.6282e-09	6.9442e-09	7.3245e-09	7.4244e-09	7.4042e-09	7.2155e-09	7.017e-09	6.6937e-09	6.0641e-09	5.9597e-09	6.0313e-09	5.9847e-09	6.2423e-09	6.6713e-09	7.0904e-09	7.4522e-09	7.5925e-09	7.397e-09	7.4565e-09	7.8576e-09	7.8783e-09	7.978e-09	8.1233e-09	8.18e-09	8.6558e-09	8.7312e-09	8.8783e-09	8.7421e-09	8.837e-09	8.6829e-09	8.3607e-09	8.7048e-09	8.7048e-09	9.1057e-09	8.7614e-09
1.3642e-08	1.3932e-08	1.448e-08	1.4652e-08	1.4589e-08	1.443e-08	1.4153e-08	1.3932e-08	1.3556e-08	1.321e-08	1.3298e-08	1.3349e-08	1.2924e-08	1.316e-08	1.3386e-08	1.3363e-08	1.2826e-08	1.2102e-08	1.1832e-08	1.1679e-08	1.1785e-08	1.1932e-08	1.1577e-08	1.1224e-08	1.1268e-08	1.1609e-08	1.1609e-08	1.1531e-08	1.1417e-08	1.1355e-08	1.1418e-08	1.1596e-08	1.1396e-08	1.144e-08	1.1137e-08	1.1328e-08	1.1415e-08	1.1531e-08	1.1775e-08	1.1697e-08	1.2161e-08	1.2293e-08	1.1877e-08	1.1755e-08	1.1567e-08	1.3274e-08	1.9735e-08	3.2728e-08	4.6461e-08	6.1569e-08	7.7643e-08	9.4116e-08	1.1156e-07	1.2397e-07	1.3408e-07	1.4272e-07	1.5107e-07	1.5964e-07	1.6489e-07	1.6743e-07	1.6649e-07	1.6464e-07	1.6544e-07	1.6614e-07	1.6443e-07	1.6028e-07	1.5444e-07	1.4615e-07	1.3854e-07	1.3073e-07	1.2284e-07	1.1493e-07	1.0572e-07	9.7797e-08	8.9734e-08	8.1683e-08	8.1683e-08	7.2557e-08	6.466e-08	5.6771e-08	4.8715e-08	4.0868e-08	3.1967e-08	2.4182e-08	1.6727e-08	1.1896e-08	9.0431e-09	7.1102e-09	7.1095e-09	6.7355e-09	6.5511e-09	7.0925e-09	7.5228e-09	8.0516e-09	8.5816e-09	8.3476e-09	7.6774e-09	7.4031e-09	7.2954e-09	7.3526e-09	7.1163e-09	6.7884e-09	6.7842e-09	6.6241e-09	6.9406e-09	7.3305e-09	7.4244e-09	7.4674e-09	7.2369e-09	6.9758e-09	6.6549e-09	6.0641e-09	6.0772e-09	6.2186e-09	6.1002e-09	6.2476e-09	6.6713e-09	7.0106e-09	7.326e-09	7.411e-09	7.2568e-09	7.4565e-09	7.6469e-09	7.6544e-09	7.7098e-09	7.7098e-09	7.6279e-09	8.0577e-09	8.6589e-09	8.8375e-09	9.1567e-09	9.3256e-09	9.013e-09	8.8109e-09	8.4182e-09	8.7708e-09	9.0997e-09	8.744e-09
1.363e-08	1.3941e-08	1.4498e-08	1.4649e-08	1.4569e-08	1.4458e-08	1.4216e-08	1.3962e-08	1.3537e-08	1.3038e-08	1.3115e-08	1.3177e-08	1.2758e-08	1.2999e-08	1.3226e-08	1.317e-08	1.317e-08	1.2347e-08	1.1898e-08	1.1619e-08	1.1444e-08	1.1582e-08	1.1525e-08	1.1334e-08	1.0972e-08	1.0984e-08	1.1311e-08	1.1213e-08	1.1136e-08	1.1121e-08	1.1199e-08	1.1325e-08	1.1092e-08	1.1189e-08	1.0974e-08	1.1166e-08	1.1218e-08	1.1285e-08	1.1519e-08	1.1462e-08	1.1894e-08	1.205e-08	1.1703e-08	1.1607e-08	1.1446e-08	1.3829e-08	2.1113e-08	3.4665e-08	4.8633e-08	6.3911e-08	8.0118e-08	9.6662e-08	1.1386e-07	1.2583e-07	1.355e-07	1.4398e-07	1.523e-07	1.6092e-07	1.6583e-07	1.6771e-07	1.6641e-07	1.6467e-07	1.6581e-07	1.6617e-07	1.6394e-07	1.5941e-07	1.5941e-07	1.5224e-07	1.4493e-07	1.3729e-07	1.2947e-07	1.2158e-07	1.1246e-07	1.0451e-07	9.6626e-08	8.8547e-08	8.049e-08	7.1389e-08	6.3515e-08	5.5645e-08	4.7586e-08	3.9724e-08	3.0836e-08	2.3078e-08	1.5785e-08	1.1263e-08	8.6807e-09	6.9473e-09	7.2403e-09	6.887e-09	6.7332e-09	7.2861e-09	7.6452e-09	8.1709e-09	8.6385e-09	8.4756e-09	7.919e-09	7.5642e-09	7.4306e-09	7.4023e-09	7.1987e-09	6.8927e-09	6.7598e-09	6.5558e-09	6.8661e-09	7.2838e-09	7.4209e-09	7.4958e-09	7.2165e-09	6.8935e-09	6.5872e-09	6.1074e-09	6.1992e-09	6.4221e-09	6.2369e-09	6.2369e-09	6.2659e-09	6.5752e-09	6.9309e-09	7.1933e-09	7.2095e-09	7.1021e-09	7.164e-09	7.4553e-09	7.4479e-09	7.4405e-09	7.6279e-09	7.9361e-09	8.6365e-09	8.899e-09	9.3532e-09	9.3256e-09	9.0979e-09	8.8621e-09	8.4234e-09	8.7668e-09	9.0997e-09	8.6864e-09
1.3591e-08	1.3925e-08	1.4463e-08	1.459e-08	1.4494e-08	1.4427e-08	1.4427e-08	1.4174e-08	1.3913e-08	1.3458e-08	1.2832e-08	1.29e-08	1.2736e-08	1.2556e-08	1.2781e-08	1.2998e-08	1.2913e-08	1.2063e-08	1.1694e-08	1.1419e-08	1.1234e-08	1.1389e-08	1.1282e-08	1.107e-08	1.0741e-08	1.0719e-08	1.1001e-08	1.0874e-08	1.0857e-08	1.0901e-08	1.098e-08	1.1036e-08	1.0786e-08	1.0934e-08	1.0832e-08	1.1024e-08	1.1046e-08	1.1065e-08	1.1284e-08	1.1257e-08	1.1643e-08	1.1813e-08	1.1544e-08	1.148e-08	1.1422e-08	1.4549e-08	2.2642e-08	3.6701e-08	5.0882e-08	6.6304e-08	8.2603e-08	9.9169e-08	1.1609e-07	1.2765e-07	1.3694e-07	1.4532e-07	1.4532e-07	1.5502e-07	1.622e-07	1.6669e-07	1.6793e-07	1.6641e-07	1.653e-07	1.6627e-07	1.662e-07	1.6346e-07	1.5855e-07	1.5117e-07	1.4376e-07	1.3609e-07	1.2825e-07	1.2036e-07	1.1126e-07	1.0331e-07	9.5474e-08	8.7384e-08	7.9325e-08	7.0235e-08	6.2383e-08	5.4531e-08	4.6477e-08	3.8597e-08	2.9701e-08	2.1993e-08	1.4915e-08	1.0706e-08	8.374e-09	6.8288e-09	7.3473e-09	7.0174e-09	6.8902e-09	7.4172e-09	7.6708e-09	8.1708e-09	8.5779e-09	8.482e-09	8.0362e-09	7.6179e-09	7.4618e-09	7.3372e-09	7.165e-09	6.9166e-09	6.6638e-09	6.44e-09	6.7364e-09	6.7364e-09	7.1931e-09	7.3147e-09	7.4907e-09	7.1605e-09	6.7817e-09	6.5005e-09	6.2061e-09	6.323e-09	6.6298e-09	6.3853e-09	6.2942e-09	6.5379e-09	6.8614e-09	7.0709e-09	7.0109e-09	6.9507e-09	7.0518e-09	7.3031e-09	7.281e-09	7.1994e-09	7.396e-09	7.8339e-09	8.594e-09	8.9062e-09	9.4335e-09	9.4579e-09	9.0633e-09	8.8136e-09	8.3652e-09	8.6804e-09	9.0115e-09	8.5909e-09
1.3024e-08	1.3518e-08	1.3774e-08	1.4361e-08	1.4462e-08	1.4357e-08	1.4326e-08	1.4034e-08	1.3765e-08	1.3305e-08	1.2594e-08	1.2659e-08	1.2481e-08	1.2316e-08	1.2504e-08	1.2696e-08	1.2588e-08	1.1752e-08	1.1493e-08	1.1237e-08	1.1058e-08	1.1211e-08	1.1019e-08	1.0791e-08	1.053e-08	1.0469e-08	1.0681e-08	1.0526e-08	1.0585e-08	1.0695e-08	1.0767e-08	1.0746e-08	1.0496e-08	1.0691e-08	1.0715e-08	1.0904e-08	1.0906e-08	1.0887e-08	1.1084e-08	1.1091e-08	1.1419e-08	1.1593e-08	1.1406e-08	1.1381e-08	1.1526e-08	1.5444e-08	1.5444e-08	2.6133e-08	3.8849e-08	5.323e-08	6.8768e-08	8.5108e-08	1.0406e-07	1.1821e-07	1.2941e-07	1.3843e-07	1.4674e-07	1.5652e-07	1.6347e-07	1.6746e-07	1.6808e-07	1.6648e-07	1.6584e-07	1.6675e-07	1.662e-07	1.6296e-07	1.577e-07	1.5013e-07	1.4264e-07	1.3495e-07	1.2706e-07	1.1917e-07	1.1007e-07	1.0212e-07	9.4325e-08	8.6231e-08	7.8173e-08	6.9078e-08	6.1248e-08	5.3408e-08	4.5368e-08	3.7471e-08	2.8547e-08	2.0918e-08	1.4117e-08	1.0221e-08	8.1224e-09	6.7559e-09	7.4035e-09	7.1035e-09	6.9995e-09	7.4558e-09	7.5839e-09	8.0345e-09	8.3888e-09	8.3888e-09	8.3513e-09	7.857e-09	7.5811e-09	7.4069e-09	7.1812e-09	7.0383e-09	6.7857e-09	6.522e-09	6.2978e-09	6.5721e-09	7.0706e-09	7.2269e-09	7.4535e-09	7.0753e-09	6.6521e-09	6.4046e-09	6.2573e-09	6.4459e-09	6.8295e-09	6.5364e-09	6.3299e-09	6.5146e-09	6.8122e-09	6.9753e-09	6.8378e-09	6.8202e-09	6.9818e-09	7.2106e-09	7.1758e-09	7.0161e-09	7.2148e-09	7.7674e-09	8.5362e-09	8.8508e-09	9.3674e-09	9.4343e-09	8.9163e-09	8.6736e-09	8.25e-09	8.5206e-09	8.8497e-09	8.4621e-09
1.29e-08	1.34e-08	1.3615e-08	1.4177e-08	1.4253e-08	1.4151e-08	1.4141e-08	1.3792e-08	1.3498e-08	1.3065e-08	1.2328e-08	1.2398e-08	1.2212e-08	1.2039e-08	1.2167e-08	1.2319e-08	1.2195e-08	1.143e-08	1.1299e-08	1.1074e-08	1.0917e-08	1.1047e-08	1.0746e-08	1.0506e-08	1.0334e-08	1.0231e-08	1.0356e-08	1.018e-08	1.0326e-08	1.0504e-08	1.0567e-08	1.0469e-08	1.0242e-08	1.0479e-08	1.0626e-08	1.0813e-08	1.0813e-08	1.0742e-08	1.0763e-08	1.0934e-08	1.0971e-08	1.1234e-08	1.1258e-08	1.1292e-08	1.1316e-08	1.1789e-08	1.6527e-08	2.8085e-08	4.1122e-08	5.5698e-08	7.1323e-08	8.7645e-08	1.0644e-07	1.2025e-07	1.3113e-07	1.3998e-07	1.4825e-07	1.5805e-07	1.647e-07	1.6811e-07	1.6815e-07	1.6661e-07	1.6646e-07	1.6723e-07	1.6616e-07	1.6245e-07	1.5686e-07	1.491e-07	1.4155e-07	1.3383e-07	1.259e-07	1.1798e-07	1.0888e-07	1.0093e-07	9.3164e-08	8.507e-08	7.7016e-08	6.7902e-08	6.009e-08	5.2258e-08	4.4243e-08	3.6334e-08	2.7362e-08	1.9847e-08	1.339e-08	1.339e-08	9.807e-09	7.7788e-09	6.7261e-09	7.3912e-09	7.1299e-09	7.046e-09	7.2252e-09	7.4058e-09	7.7899e-09	8.0988e-09	8.1104e-09	7.6218e-09	7.4773e-09	7.2905e-09	6.9655e-09	6.8487e-09	6.6701e-09	6.3604e-09	6.1507e-09	6.3938e-09	6.9282e-09	7.126e-09	7.3855e-09	6.9672e-09	6.5164e-09	6.3091e-09	6.3072e-09	6.5651e-09	7.009e-09	6.6807e-09	6.37e-09	6.5104e-09	6.7935e-09	6.923e-09	6.7131e-09	6.7281e-09	6.9664e-09	7.1952e-09	7.1514e-09	6.9165e-09	7.111e-09	7.7325e-09	8.4625e-09	8.7353e-09	9.1651e-09	9.2641e-09	8.6829e-09	8.4666e-09	8.094e-09	8.094e-09	8.3078e-09	8.3805e-09
1.2743e-08	1.3229e-08	1.3386e-08	1.3899e-08	1.3951e-08	1.3868e-08	1.3859e-08	1.3436e-08	1.3101e-08	1.2728e-08	1.2038e-08	1.2122e-08	1.1939e-08	1.174e-08	1.1793e-08	1.1893e-08	1.1757e-08	1.1115e-08	1.1118e-08	1.0931e-08	1.0804e-08	1.0899e-08	1.0476e-08	1.0223e-08	1.0149e-08	9.9989e-09	9.9989e-09	9.7048e-09	9.8464e-09	1.0086e-08	1.0331e-08	1.0385e-08	1.0021e-08	1.0042e-08	1.0315e-08	1.0571e-08	1.0754e-08	1.073e-08	1.0708e-08	1.0847e-08	1.0906e-08	1.1099e-08	1.1166e-08	1.1209e-08	1.1292e-08	1.2241e-08	1.7809e-08	3.0159e-08	4.3515e-08	5.8286e-08	7.397e-08	9.0215e-08	1.0878e-07	1.2221e-07	1.328e-07	1.4156e-07	1.4982e-07	1.5958e-07	1.6585e-07	1.6865e-07	1.6817e-07	1.6677e-07	1.671e-07	1.6768e-07	1.6606e-07	1.619e-07	1.5601e-07	1.4808e-07	1.4048e-07	1.3273e-07	1.2475e-07	1.168e-07	1.0768e-07	9.972e-08	9.1976e-08	9.1976e-08	8.3885e-08	7.4622e-08	6.6691e-08	5.8895e-08	5.106e-08	4.3082e-08	3.3981e-08	2.614e-08	1.8775e-08	1.2731e-08	9.4603e-09	7.6696e-09	6.7256e-09	7.3173e-09	7.1018e-09	7.0367e-09	7.0006e-09	7.1642e-09	7.4723e-09	7.7421e-09	7.7935e-09	7.3359e-09	7.3298e-09	7.1371e-09	6.7211e-09	6.6267e-09	6.5473e-09	6.2049e-09	6.0199e-09	6.2221e-09	6.778e-09	7.0193e-09	7.2881e-09	6.8425e-09	6.3864e-09	6.224e-09	6.3535e-09	6.6777e-09	7.1561e-09	6.809e-09	6.4118e-09	6.5293e-09	6.8137e-09	6.9281e-09	6.6567e-09	6.6898e-09	6.9977e-09	7.2459e-09	7.1965e-09	7.1965e-09	6.8937e-09	7.0976e-09	7.7137e-09	8.3695e-09	8.5682e-09	8.8587e-09	8.6185e-09	8.3894e-09	8.2176e-09	7.9133e-09	8.0627e-09	8.1111e-09
1.2549e-08	1.2995e-08	1.308e-08	1.3519e-08	1.355e-08	1.3505e-08	1.3472e-08	1.2991e-08	1.2603e-08	1.2319e-08	1.1735e-08	1.1839e-08	1.167e-08	1.1438e-08	1.1409e-08	1.1449e-08	1.1449e-08	1.0876e-08	1.0824e-08	1.0956e-08	1.0809e-08	1.0718e-08	1.0643e-08	1.0219e-08	9.9516e-09	9.9708e-09	9.7685e-09	9.386e-09	9.5368e-09	9.8717e-09	1.0175e-08	1.0227e-08	9.8811e-09	9.9153e-09	1.0218e-08	1.0553e-08	1.0733e-08	1.0773e-08	1.0735e-08	1.0839e-08	1.0903e-08	1.1026e-08	1.1125e-08	1.1154e-08	1.1314e-08	1.2886e-08	1.9278e-08	3.2337e-08	4.6008e-08	6.0973e-08	7.6696e-08	9.2814e-08	1.1108e-07	1.241e-07	1.3442e-07	1.4314e-07	1.5141e-07	1.6106e-07	1.669e-07	1.6905e-07	1.6811e-07	1.6695e-07	1.6771e-07	1.6804e-07	1.6589e-07	1.6589e-07	1.6132e-07	1.5426e-07	1.4705e-07	1.3941e-07	1.3163e-07	1.236e-07	1.1442e-07	1.0646e-07	9.8489e-08	9.0745e-08	8.2661e-08	7.336e-08	6.5436e-08	5.7651e-08	4.9805e-08	4.1877e-08	3.2766e-08	2.4895e-08	1.7714e-08	1.2134e-08	9.1686e-09	7.5831e-09	6.739e-09	7.1932e-09	7.028e-09	6.9819e-09	6.737e-09	6.8866e-09	7.1173e-09	7.3529e-09	7.4346e-09	7.0341e-09	7.1621e-09	6.9711e-09	6.4792e-09	6.4022e-09	6.437e-09	6.0817e-09	5.9267e-09	6.0777e-09	6.632e-09	6.9143e-09	7.1625e-09	6.7075e-09	6.2736e-09	6.159e-09	6.3946e-09	6.7811e-09	7.2599e-09	7.2599e-09	6.9127e-09	6.4895e-09	6.567e-09	6.8658e-09	6.9825e-09	6.6622e-09	6.7381e-09	7.057e-09	7.3367e-09	7.2835e-09	6.9231e-09	7.1425e-09	7.6954e-09	8.2536e-09	8.3578e-09	8.4805e-09	8.211e-09	8.0621e-09	7.9513e-09	7.7244e-09	7.806e-09	7.8438e-09
1.2316e-08	1.2694e-08	1.308e-08	1.3059e-08	1.307e-08	1.3077e-08	1.3077e-08	1.3003e-08	1.249e-08	1.2049e-08	1.1871e-08	1.1433e-08	1.1561e-08	1.1416e-08	1.1153e-08	1.1041e-08	1.102e-08	1.0876e-08	1.0576e-08	1.0817e-08	1.0707e-08	1.0653e-08	1.0534e-08	9.985e-09	9.7005e-09	9.7958e-09	9.5351e-09	9.0769e-09	9.262e-09	9.6884e-09	1.0038e-08	1.0099e-08	9.8173e-09	9.8802e-09	1.0203e-08	1.0576e-08	1.0752e-08	1.0862e-08	1.0835e-08	1.09e-08	1.0954e-08	1.1009e-08	1.1116e-08	1.1119e-08	1.1391e-08	1.3704e-08	2.091e-08	3.4597e-08	4.8578e-08	6.3736e-08	7.9483e-08	9.5436e-08	1.1335e-07	1.2594e-07	1.3601e-07	1.4472e-07	1.4472e-07	1.5451e-07	1.6244e-07	1.6781e-07	1.6932e-07	1.6799e-07	1.6727e-07	1.6823e-07	1.683e-07	1.6562e-07	1.6068e-07	1.5335e-07	1.4602e-07	1.3834e-07	1.3051e-07	1.2244e-07	1.1319e-07	1.0522e-07	9.7229e-08	8.9464e-08	8.1389e-08	7.2067e-08	6.4151e-08	5.6374e-08	4.8509e-08	4.0638e-08	3.154e-08	2.3648e-08	1.6678e-08	1.1589e-08	8.9187e-09	7.5046e-09	6.7508e-09	7.0302e-09	6.9172e-09	6.8919e-09	6.4596e-09	6.6006e-09	6.7601e-09	6.9655e-09	7.0678e-09	6.751e-09	6.9974e-09	6.8172e-09	6.2709e-09	6.2057e-09	6.3587e-09	6.0165e-09	5.8926e-09	5.8926e-09	5.9811e-09	6.4e-09	6.818e-09	7.0108e-09	6.5688e-09	6.1889e-09	6.1153e-09	6.4305e-09	6.8725e-09	7.3187e-09	6.9885e-09	6.5208e-09	6.6146e-09	6.9343e-09	7.0659e-09	6.709e-09	6.7889e-09	7.1251e-09	7.4413e-09	7.3847e-09	6.9799e-09	7.1915e-09	7.6619e-09	8.1114e-09	8.1126e-09	8.0628e-09	7.7922e-09	7.7273e-09	7.6926e-09	7.5432e-09	7.5583e-09	7.5974e-09
1.1705e-08	1.2053e-08	1.234e-08	1.2304e-08	1.2549e-08	1.2542e-08	1.2606e-08	1.2482e-08	1.1969e-08	1.1479e-08	1.1417e-08	1.1144e-08	1.1296e-08	1.1186e-08	1.0903e-08	1.0719e-08	1.0639e-08	1.0494e-08	1.0389e-08	1.0707e-08	1.0625e-08	1.0605e-08	1.0534e-08	9.7861e-09	9.4783e-09	9.6196e-09	9.2938e-09	9.0769e-09	9.0331e-09	9.542e-09	9.9228e-09	1.0008e-08	9.8173e-09	9.933e-09	1.0269e-08	1.0635e-08	1.0808e-08	1.0862e-08	1.0982e-08	1.1007e-08	1.1038e-08	1.103e-08	1.1116e-08	1.1095e-08	1.1532e-08	1.4675e-08	1.4675e-08	2.2674e-08	3.692e-08	5.1206e-08	6.6553e-08	8.2318e-08	9.8076e-08	1.156e-07	1.2774e-07	1.3756e-07	1.4626e-07	1.5596e-07	1.6368e-07	1.6854e-07	1.6943e-07	1.678e-07	1.6738e-07	1.6862e-07	1.684e-07	1.6525e-07	1.5997e-07	1.524e-07	1.4498e-07	1.3725e-07	1.2937e-07	1.2126e-07	1.1196e-07	1.0396e-07	9.5951e-08	8.8148e-08	8.0084e-08	7.0761e-08	6.2855e-08	5.508e-08	4.7193e-08	3.9381e-08	3.0315e-08	2.2415e-08	1.5681e-08	1.109e-08	8.6977e-09	7.4194e-09	6.7455e-09	6.8397e-09	6.7782e-09	6.7773e-09	6.194e-09	6.3339e-09	6.4362e-09	6.4362e-09	6.6141e-09	6.447e-09	6.5214e-09	6.8593e-09	6.6998e-09	6.1272e-09	6.0142e-09	6.3303e-09	6.0323e-09	5.9359e-09	5.9509e-09	6.328e-09	6.7337e-09	6.8422e-09	6.4341e-09	6.1346e-09	6.1313e-09	6.4624e-09	6.9493e-09	7.3364e-09	7.0366e-09	6.544e-09	6.6629e-09	7.0036e-09	7.1579e-09	6.7762e-09	6.8338e-09	7.1831e-09	7.5334e-09	7.4722e-09	7.0395e-09	7.2218e-09	7.5977e-09	7.9393e-09	7.8412e-09	7.6379e-09	7.3962e-09	7.4112e-09	7.4663e-09	7.3862e-09	7.3403e-09	7.3909e-09
1.1474e-08	1.1772e-08	1.1954e-08	1.1878e-08	1.2023e-08	1.1995e-08	1.2114e-08	1.194e-08	1.1461e-08	1.0937e-08	1.099e-08	1.088e-08	1.1054e-08	1.099e-08	1.0708e-08	1.0468e-08	1.0336e-08	1.0193e-08	1.0282e-08	1.0632e-08	1.0565e-08	1.057e-08	1.0437e-08	9.6325e-09	9.2936e-09	9.4385e-09	9.0406e-09	8.7816e-09	8.8569e-09	9.4359e-09	9.8295e-09	9.9541e-09	9.8284e-09	1.0051e-08	1.0392e-08	1.0718e-08	1.0718e-08	1.0888e-08	1.1113e-08	1.1148e-08	1.1131e-08	1.1132e-08	1.1069e-08	1.1119e-08	1.1076e-08	1.1744e-08	1.5778e-08	2.4543e-08	3.9285e-08	5.3869e-08	6.9402e-08	8.5183e-08	1.0073e-07	1.1781e-07	1.2951e-07	1.3907e-07	1.4774e-07	1.5596e-07	1.6474e-07	1.6906e-07	1.6938e-07	1.6755e-07	1.6738e-07	1.6883e-07	1.6833e-07	1.6476e-07	1.592e-07	1.524e-07	1.4392e-07	1.3615e-07	1.2821e-07	1.2007e-07	1.1196e-07	1.027e-07	9.4667e-08	8.6817e-08	7.8765e-08	7.0761e-08	6.1564e-08	5.3787e-08	4.5878e-08	3.8122e-08	3.0315e-08	2.1216e-08	1.4735e-08	1.4735e-08	1.0626e-08	8.4922e-09	7.3127e-09	6.7077e-09	6.6328e-09	6.6195e-09	6.6483e-09	5.9654e-09	6.114e-09	6.181e-09	6.3329e-09	6.2574e-09	6.3762e-09	6.7685e-09	6.6408e-09	6.0759e-09	6.0428e-09	6.3508e-09	6.1232e-09	6.0503e-09	5.9855e-09	6.2846e-09	6.6626e-09	6.6695e-09	6.3121e-09	6.1087e-09	6.1654e-09	6.4916e-09	7.0087e-09	7.3168e-09	7.0567e-09	6.5569e-09	6.7029e-09	7.0583e-09	7.238e-09	6.8429e-09	6.8546e-09	7.2119e-09	7.5867e-09	7.5184e-09	7.077e-09	7.2106e-09	7.4873e-09	7.7337e-09	7.5519e-09	7.238e-09	7.0564e-09	7.1399e-09	7.2971e-09	7.2971e-09	7.2693e-09	7.0632e-09
1.1246e-08	1.1485e-08	1.1558e-08	1.1458e-08	1.151e-08	1.1459e-08	1.1622e-08	1.1409e-08	1.1001e-08	1.0467e-08	1.0624e-08	1.0656e-08	1.0844e-08	1.0837e-08	1.0587e-08	1.0318e-08	1.0145e-08	1.0005e-08	1.027e-08	1.0598e-08	1.0526e-08	1.0544e-08	1.0351e-08	9.528e-09	9.1509e-09	9.2575e-09	9.2575e-09	8.784e-09	8.278e-09	8.7366e-09	9.3708e-09	9.7606e-09	9.9328e-09	1.0008e-08	1.021e-08	1.055e-08	1.0813e-08	1.0979e-08	1.1237e-08	1.1303e-08	1.1245e-08	1.1215e-08	1.1108e-08	1.1092e-08	1.1051e-08	1.2035e-08	1.6992e-08	2.649e-08	4.1673e-08	5.6547e-08	7.2261e-08	8.8064e-08	1.0339e-07	1.2001e-07	1.3126e-07	1.4055e-07	1.4914e-07	1.5728e-07	1.6559e-07	1.6937e-07	1.6918e-07	1.6725e-07	1.6743e-07	1.6889e-07	1.681e-07	1.6416e-07	1.5836e-07	1.5143e-07	1.4286e-07	1.3504e-07	1.2704e-07	1.1887e-07	1.1072e-07	1.0145e-07	9.3392e-08	9.3392e-08	8.5489e-08	7.7451e-08	6.8183e-08	6.0297e-08	5.2513e-08	4.4584e-08	3.6875e-08	2.7915e-08	2.0071e-08	1.3855e-08	1.0191e-08	8.2893e-09	7.1698e-09	6.6218e-09	6.421e-09	6.45e-09	6.5155e-09	5.7965e-09	5.9654e-09	6.0257e-09	6.152e-09	6.2574e-09	6.3098e-09	6.7218e-09	6.6367e-09	6.1115e-09	6.0428e-09	6.4096e-09	6.2679e-09	6.2152e-09	6.073e-09	6.2846e-09	6.6059e-09	6.5057e-09	6.2111e-09	6.1089e-09	6.1654e-09	6.5193e-09	7.0481e-09	7.2638e-09	7.049e-09	6.5569e-09	6.7255e-09	7.0827e-09	7.2859e-09	6.8885e-09	6.8546e-09	7.1925e-09	7.5749e-09	7.5749e-09	7.4953e-09	7.0676e-09	7.1354e-09	7.3151e-09	7.4914e-09	7.2532e-09	6.6258e-09	6.7906e-09	6.9266e-09	7.1943e-09	7.198e-09	7.0035e-09
1.1034e-08	1.1206e-08	1.1173e-08	1.1066e-08	1.1043e-08	1.0963e-08	1.1153e-08	1.092e-08	1.0624e-08	1.0109e-08	1.0352e-08	1.0483e-08	1.0677e-08	1.0736e-08	1.0558e-08	1.0293e-08	1.0293e-08	1.0095e-08	1.0048e-08	1.0347e-08	1.06e-08	1.0507e-08	1.0525e-08	1.0217e-08	9.4703e-09	9.0511e-09	9.0891e-09	8.5445e-09	8.1015e-09	8.6752e-09	9.3475e-09	9.7179e-09	9.94e-09	1.0143e-08	1.0387e-08	1.072e-08	1.0906e-08	1.1069e-08	1.1337e-08	1.142e-08	1.1324e-08	1.1264e-08	1.1125e-08	1.1023e-08	1.1013e-08	1.2413e-08	1.8296e-08	2.8486e-08	4.4063e-08	5.9218e-08	7.5107e-08	9.0945e-08	1.0605e-07	1.2218e-07	1.33e-07	1.4199e-07	1.5045e-07	1.5848e-07	1.6626e-07	1.6948e-07	1.6885e-07	1.6693e-07	1.6745e-07	1.6883e-07	1.6775e-07	1.6775e-07	1.6348e-07	1.5747e-07	1.4942e-07	1.418e-07	1.3393e-07	1.2587e-07	1.1768e-07	1.0827e-07	1.0021e-07	9.2139e-08	8.4185e-08	7.6159e-08	6.6946e-08	5.9071e-08	5.1274e-08	4.3332e-08	3.5656e-08	2.6762e-08	1.8996e-08	1.3054e-08	9.7767e-09	8.0757e-09	6.9777e-09	6.4743e-09	6.2147e-09	6.2779e-09	6.3883e-09	5.6855e-09	5.8834e-09	5.9619e-09	6.0642e-09	6.1525e-09	6.2971e-09	6.7033e-09	6.6705e-09	6.2111e-09	6.1334e-09	6.4958e-09	6.4447e-09	6.4102e-09	6.2009e-09	6.2682e-09	6.5649e-09	6.3636e-09	6.1399e-09	6.1332e-09	6.2124e-09	6.5466e-09	7.0648e-09	7.0648e-09	7.1811e-09	7.0132e-09	6.5427e-09	6.7217e-09	7.0613e-09	7.281e-09	6.8919e-09	6.7528e-09	7.1062e-09	7.472e-09	7.3757e-09	6.987e-09	6.9899e-09	7.0793e-09	7.2159e-09	6.9542e-09	6.6258e-09	6.5911e-09	6.7646e-09	7.144e-09	7.1613e-09	7.0035e-09
1.0851e-08	1.0945e-08	1.082e-08	1.0723e-08	1.0653e-08	1.0538e-08	1.0538e-08	1.0728e-08	1.0188e-08	1.0362e-08	9.9066e-09	1.0206e-08	1.0375e-08	1.0497e-08	1.0686e-08	1.0616e-08	1.0386e-08	1.0182e-08	1.0233e-08	1.0486e-08	1.0628e-08	1.0505e-08	1.0513e-08	1.0173e-08	9.4565e-09	8.995e-09	8.9464e-09	8.3428e-09	7.9964e-09	8.6758e-09	9.3667e-09	9.7034e-09	9.9717e-09	1.0285e-08	1.0557e-08	1.0878e-08	1.0985e-08	1.1143e-08	1.1394e-08	1.1471e-08	1.1339e-08	1.1258e-08	1.1103e-08	1.089e-08	1.0954e-08	1.2887e-08	1.967e-08	3.0503e-08	4.6444e-08	6.1868e-08	7.7924e-08	9.3811e-08	1.0871e-07	1.2432e-07	1.3474e-07	1.3474e-07	1.4342e-07	1.5169e-07	1.6055e-07	1.6679e-07	1.6946e-07	1.6845e-07	1.6662e-07	1.6746e-07	1.6868e-07	1.6729e-07	1.6273e-07	1.5654e-07	1.4839e-07	1.4073e-07	1.3282e-07	1.247e-07	1.165e-07	1.0708e-07	9.9005e-08	9.0922e-08	8.2922e-08	7.4909e-08	6.5769e-08	5.7904e-08	5.0088e-08	4.2143e-08	3.448e-08	2.5656e-08	1.801e-08	1.2344e-08	9.3741e-09	7.8393e-09	6.7381e-09	6.2696e-09	6.0169e-09	6.1056e-09	6.2675e-09	5.6172e-09	5.8475e-09	5.9597e-09	6.0416e-09	6.1072e-09	6.3126e-09	6.6968e-09	6.7248e-09	6.3513e-09	6.2662e-09	6.5986e-09	6.632e-09	6.632e-09	6.6149e-09	6.3569e-09	6.3095e-09	6.5406e-09	6.2562e-09	6.107e-09	6.1792e-09	6.3243e-09	6.5749e-09	7.0561e-09	7.0727e-09	6.9495e-09	6.5112e-09	6.6826e-09	6.9787e-09	7.2034e-09	6.8328e-09	6.6097e-09	6.9499e-09	7.2735e-09	7.1546e-09	6.829e-09	6.7925e-09	6.7987e-09	6.9219e-09	6.6648e-09	6.4221e-09	6.4481e-09	6.6453e-09	7.1299e-09	7.1467e-09	6.9823e-09
1.0594e-08	1.0709e-08	1.0717e-08	1.0294e-08	1.0452e-08	1.037e-08	1.0211e-08	1.0368e-08	9.9796e-09	1.0218e-08	9.8592e-09	1.0185e-08	1.0329e-08	1.0475e-08	1.0675e-08	1.0734e-08	1.0561e-08	1.0364e-08	1.0475e-08	1.0656e-08	1.0673e-08	1.0516e-08	1.0505e-08	1.0148e-08	9.4839e-09	8.9833e-09	8.8424e-09	8.1999e-09	7.9787e-09	8.7415e-09	9.4291e-09	9.7191e-09	1.0024e-08	1.0416e-08	1.0697e-08	1.1002e-08	1.1038e-08	1.1191e-08	1.139e-08	1.1427e-08	1.1265e-08	1.1174e-08	1.1022e-08	1.0688e-08	1.0877e-08	1.0877e-08	1.3466e-08	2.1101e-08	3.456e-08	4.8825e-08	6.4503e-08	8.0708e-08	9.6646e-08	1.1393e-07	1.2642e-07	1.3645e-07	1.4484e-07	1.5289e-07	1.615e-07	1.6722e-07	1.6933e-07	1.6803e-07	1.6636e-07	1.6748e-07	1.6847e-07	1.6675e-07	1.6193e-07	1.5558e-07	1.4736e-07	1.3966e-07	1.3172e-07	1.2355e-07	1.1534e-07	1.0593e-07	9.7842e-08	8.9754e-08	8.1721e-08	7.372e-08	6.4666e-08	5.681e-08	4.897e-08	4.1035e-08	3.336e-08	2.4586e-08	1.7103e-08	1.1716e-08	8.9787e-09	7.577e-09	6.4608e-09	6.0217e-09	5.8266e-09	5.933e-09	6.1495e-09	5.5761e-09	5.8369e-09	5.8369e-09	5.9893e-09	6.0564e-09	6.093e-09	6.3309e-09	6.6861e-09	6.7826e-09	6.5089e-09	6.578e-09	6.7071e-09	6.8083e-09	6.8088e-09	6.5289e-09	6.364e-09	6.5344e-09	6.1964e-09	6.1209e-09	6.2449e-09	6.3786e-09	6.6053e-09	7.0194e-09	6.9423e-09	6.8578e-09	6.4621e-09	6.6053e-09	6.8323e-09	7.0488e-09	6.7063e-09	6.4246e-09	6.7448e-09	7.0074e-09	6.8621e-09	6.6164e-09	6.564e-09	6.4941e-09	6.6252e-09	6.3947e-09	6.2741e-09	6.352e-09	6.5602e-09	7.1361e-09	7.1417e-09	6.9886e-09
1.058e-08	1.0619e-08	1.0532e-08	1.0145e-08	1.0258e-08	1.0199e-08	9.9899e-09	1.0081e-08	9.8603e-09	1.0168e-08	9.9317e-09	1.0259e-08	1.0335e-08	1.0486e-08	1.0692e-08	1.0883e-08	1.0779e-08	1.06e-08	1.0731e-08	1.0829e-08	1.0722e-08	1.0538e-08	1.0503e-08	1.0143e-08	9.5499e-09	9.0167e-09	8.7901e-09	8.1366e-09	8.0642e-09	8.8753e-09	9.5355e-09	9.767e-09	1.0091e-08	1.052e-08	1.0784e-08	1.1069e-08	1.1069e-08	1.1052e-08	1.1156e-08	1.1314e-08	1.1274e-08	1.1087e-08	1.1001e-08	1.0665e-08	1.0442e-08	1.0815e-08	1.4163e-08	2.2601e-08	3.6632e-08	5.1222e-08	6.713e-08	8.3459e-08	9.9434e-08	1.1644e-07	1.2845e-07	1.3815e-07	1.4626e-07	1.5408e-07	1.6242e-07	1.6759e-07	1.6915e-07	1.6763e-07	1.6618e-07	1.6755e-07	1.6822e-07	1.6615e-07	1.6109e-07	1.546e-07	1.4631e-07	1.3859e-07	1.3063e-07	1.2242e-07	1.142e-07	1.0481e-07	9.6729e-08	8.8647e-08	8.0597e-08	7.2606e-08	6.3624e-08	5.5776e-08	4.7906e-08	3.9991e-08	3.2283e-08	2.3532e-08	1.6254e-08	1.6254e-08	1.1151e-08	8.5868e-09	6.9826e-09	6.156e-09	5.7448e-09	5.6427e-09	5.7597e-09	5.9068e-09	5.5469e-09	5.8309e-09	6.0205e-09	6.0804e-09	6.0733e-09	6.3267e-09	6.6549e-09	6.8264e-09	6.6605e-09	6.7173e-09	6.8104e-09	6.952e-09	6.9715e-09	6.7044e-09	6.4388e-09	6.5475e-09	6.197e-09	6.1901e-09	6.3281e-09	6.4273e-09	6.6379e-09	6.9557e-09	6.7952e-09	6.7413e-09	6.3976e-09	6.497e-09	6.6396e-09	6.838e-09	6.5322e-09	6.2198e-09	6.5144e-09	6.7052e-09	6.5311e-09	6.3743e-09	6.3252e-09	6.1863e-09	6.3412e-09	6.1541e-09	6.1717e-09	6.2931e-09	6.2931e-09	6.5007e-09	7.1463e-09	7.1341e-09
1.0644e-08	1.0581e-08	1.0392e-08	1.0061e-08	1.0131e-08	1.0121e-08	9.8591e-09	9.8638e-09	9.8107e-09	1.0186e-08	1.0087e-08	1.0396e-08	1.0379e-08	1.0522e-08	1.0725e-08	1.1036e-08	1.1001e-08	1.085e-08	1.0962e-08	1.0975e-08	1.0765e-08	1.0567e-08	1.0505e-08	1.0161e-08	9.6518e-09	9.0959e-09	9.0959e-09	8.8026e-09	8.3319e-09	8.2689e-09	9.0803e-09	9.6866e-09	9.849e-09	1.0258e-08	1.0585e-08	1.0802e-08	1.1065e-08	1.102e-08	1.1072e-08	1.1179e-08	1.1034e-08	1.0827e-08	1.0759e-08	1.042e-08	1.018e-08	1.0808e-08	1.4992e-08	2.4183e-08	3.8757e-08	5.365e-08	6.9757e-08	8.6174e-08	1.0216e-07	1.1885e-07	1.3041e-07	1.3982e-07	1.4769e-07	1.5527e-07	1.6336e-07	1.6796e-07	1.6896e-07	1.673e-07	1.6612e-07	1.6768e-07	1.6797e-07	1.6553e-07	1.6023e-07	1.5362e-07	1.4527e-07	1.3753e-07	1.2955e-07	1.2133e-07	1.1308e-07	1.0374e-07	9.5658e-08	9.5658e-08	8.759e-08	7.9538e-08	7.0535e-08	6.2613e-08	5.477e-08	4.6869e-08	3.8981e-08	3.0161e-08	2.2476e-08	1.5443e-08	1.0628e-08	8.1946e-09	6.6544e-09	5.8336e-09	5.4529e-09	5.464e-09	5.5853e-09	5.7744e-09	5.5142e-09	5.8088e-09	6.0234e-09	6.0858e-09	6.0111e-09	6.2745e-09	6.5871e-09	6.8392e-09	6.783e-09	6.8191e-09	6.898e-09	7.0418e-09	7.0826e-09	6.8714e-09	6.5345e-09	6.5834e-09	6.2639e-09	6.3164e-09	6.4264e-09	6.4714e-09	6.6709e-09	6.8717e-09	6.6388e-09	6.6082e-09	6.32e-09	6.3656e-09	6.4195e-09	6.5942e-09	6.3326e-09	6.0177e-09	6.2821e-09	6.2821e-09	6.3978e-09	6.1949e-09	5.9024e-09	6.0967e-09	5.8958e-09	6.0857e-09	5.9527e-09	6.0644e-09	6.2616e-09	6.4583e-09	7.1444e-09	7.1112e-09
1.0761e-08	1.0578e-08	1.0292e-08	1.003e-08	1.0061e-08	1.0116e-08	9.8036e-09	9.7105e-09	9.8113e-09	1.0246e-08	1.0288e-08	1.0565e-08	1.0448e-08	1.0571e-08	1.0762e-08	1.1164e-08	1.1164e-08	1.1188e-08	1.1223e-08	1.1127e-08	1.1066e-08	1.0791e-08	1.0601e-08	1.0519e-08	1.0203e-08	9.7868e-09	9.2216e-09	8.8928e-09	8.6192e-09	8.5974e-09	9.3548e-09	9.8804e-09	9.9648e-09	1.0351e-08	1.0616e-08	1.0762e-08	1.0998e-08	1.0947e-08	1.0955e-08	1.1e-08	1.0733e-08	1.0514e-08	1.0472e-08	1.0156e-08	9.9347e-09	1.0896e-08	1.5966e-08	2.5862e-08	4.0953e-08	5.6122e-08	7.2393e-08	8.8853e-08	1.0481e-07	1.2116e-07	1.3228e-07	1.4146e-07	1.4915e-07	1.565e-07	1.6434e-07	1.6834e-07	1.6881e-07	1.6708e-07	1.6621e-07	1.6789e-07	1.6774e-07	1.6774e-07	1.649e-07	1.5936e-07	1.5164e-07	1.4423e-07	1.3647e-07	1.2848e-07	1.2025e-07	1.1091e-07	1.0267e-07	9.4608e-08	8.6558e-08	7.8515e-08	6.9519e-08	6.1602e-08	5.3763e-08	4.583e-08	3.7971e-08	2.9064e-08	2.1398e-08	1.4648e-08	1.013e-08	7.7985e-09	6.3081e-09	5.5035e-09	5.1604e-09	5.2895e-09	5.4096e-09	5.6297e-09	5.4626e-09	5.7499e-09	5.9679e-09	6.0445e-09	5.8813e-09	6.1493e-09	6.4669e-09	6.8039e-09	6.8534e-09	6.8803e-09	6.9691e-09	7.0749e-09	7.1388e-09	7.0251e-09	6.655e-09	6.6497e-09	6.392e-09	6.491e-09	6.5371e-09	6.5119e-09	6.7026e-09	6.7026e-09	6.7743e-09	6.4805e-09	6.3269e-09	6.2316e-09	6.2187e-09	6.1909e-09	6.3402e-09	5.9442e-09	5.8407e-09	6.0713e-09	6.1165e-09	5.8863e-09	5.7229e-09	5.8994e-09	5.6435e-09	5.8742e-09	5.8006e-09	6.0394e-09	6.2477e-09	6.4246e-09	7.1144e-09	7.0607e-09
1.0901e-08	1.0596e-08	1.0223e-08	1.003e-08	1.0038e-08	1.0165e-08	1.0165e-08	9.8081e-09	9.6169e-09	9.8431e-09	1.0322e-08	1.0498e-08	1.0734e-08	1.0528e-08	1.0626e-08	1.0792e-08	1.124e-08	1.1301e-08	1.1223e-08	1.1185e-08	1.1071e-08	1.079e-08	1.0635e-08	1.0519e-08	1.027e-08	9.9501e-09	9.3917e-09	9.0659e-09	9.0075e-09	9.0234e-09	9.6838e-09	1.0107e-08	1.0107e-08	1.0445e-08	1.0618e-08	1.0678e-08	1.0882e-08	1.0842e-08	1.0812e-08	1.079e-08	1.0401e-08	1.0175e-08	1.0165e-08	9.8899e-09	9.7352e-09	1.1116e-08	1.7101e-08	2.7653e-08	4.3237e-08	5.8654e-08	7.5045e-08	9.1495e-08	1.0737e-07	1.2332e-07	1.3405e-07	1.3405e-07	1.4307e-07	1.5065e-07	1.5918e-07	1.6538e-07	1.6879e-07	1.6872e-07	1.6703e-07	1.6691e-07	1.6815e-07	1.6753e-07	1.6426e-07	1.5849e-07	1.5064e-07	1.4317e-07	1.3539e-07	1.2741e-07	1.1918e-07	1.0981e-07	1.0161e-07	9.3556e-08	8.5528e-08	7.7499e-08	6.8478e-08	6.0561e-08	5.2723e-08	4.4763e-08	3.693e-08	2.791e-08	2.0278e-08	1.3848e-08	9.6354e-09	7.3948e-09	5.9458e-09	5.1757e-09	4.8812e-09	5.1181e-09	5.232e-09	5.469e-09	5.3771e-09	5.6338e-09	5.8245e-09	5.9291e-09	5.6845e-09	5.9519e-09	6.2981e-09	6.7221e-09	6.8686e-09	6.9231e-09	7.039e-09	7.039e-09	7.0776e-09	7.1625e-09	7.3212e-09	6.8045e-09	6.7541e-09	6.5753e-09	6.7043e-09	6.7847e-09	6.5502e-09	6.731e-09	6.6709e-09	6.328e-09	6.196e-09	6.1348e-09	6.0644e-09	5.9731e-09	6.099e-09	5.7993e-09	5.711e-09	5.9053e-09	5.8925e-09	5.6386e-09	5.6145e-09	5.7539e-09	5.45e-09	5.7225e-09	5.7077e-09	6.0219e-09	6.243e-09	6.3925e-09	7.0443e-09	6.9738e-09
1.1319e-08	1.1037e-08	1.0619e-08	1.0177e-08	1.0077e-08	1.0052e-08	1.0247e-08	9.8572e-09	9.5785e-09	9.8869e-09	1.0389e-08	1.0679e-08	1.0871e-08	1.0608e-08	1.0678e-08	1.0803e-08	1.1236e-08	1.1303e-08	1.1263e-08	1.1114e-08	1.0977e-08	1.0755e-08	1.0668e-08	1.0529e-08	1.0351e-08	1.0131e-08	9.5962e-09	9.3055e-09	9.0075e-09	9.5153e-09	1.005e-08	1.0355e-08	1.0269e-08	1.0445e-08	1.0601e-08	1.0565e-08	1.0731e-08	1.0715e-08	1.0812e-08	1.0565e-08	1.0064e-08	9.8385e-09	9.8628e-09	9.8899e-09	9.612e-09	9.612e-09	1.151e-08	1.8408e-08	2.9571e-08	4.5627e-08	6.126e-08	7.7723e-08	9.4098e-08	1.0983e-07	1.2533e-07	1.3571e-07	1.4463e-07	1.5218e-07	1.5918e-07	1.6647e-07	1.6928e-07	1.6872e-07	1.6712e-07	1.6691e-07	1.6844e-07	1.6731e-07	1.636e-07	1.576e-07	1.4962e-07	1.4209e-07	1.343e-07	1.2632e-07	1.181e-07	1.087e-07	1.0052e-07	9.2482e-08	8.4476e-08	7.6463e-08	6.7381e-08	5.9461e-08	5.1621e-08	4.3638e-08	3.5824e-08	2.6673e-08	1.9097e-08	1.3022e-08	9.1257e-09	6.98e-09	5.5694e-09	4.8603e-09	4.6296e-09	4.9487e-09	5.0525e-09	5.2942e-09	5.255e-09	5.255e-09	5.4592e-09	5.5916e-09	5.5121e-09	5.4606e-09	5.7235e-09	6.1155e-09	6.6239e-09	6.8475e-09	6.9721e-09	7.1241e-09	7.0784e-09	7.1784e-09	7.4794e-09	6.9872e-09	6.9043e-09	6.8078e-09	6.9468e-09	6.9162e-09	6.5874e-09	6.7542e-09	6.5684e-09	6.1888e-09	6.0831e-09	6.0318e-09	5.9105e-09	5.7848e-09	5.8936e-09	5.7167e-09	5.6512e-09	5.8076e-09	5.7568e-09	5.4847e-09	5.597e-09	5.6769e-09	5.332e-09	5.6426e-09	5.681e-09	6.0109e-09	6.2449e-09	6.3623e-09	6.9425e-09	6.8605e-09
1.1406e-08	1.114e-08	1.0631e-08	1.0148e-08	1.0131e-08	1.0093e-08	1.0344e-08	9.9356e-09	9.5904e-09	9.9234e-09	1.042e-08	1.0795e-08	1.0945e-08	1.0673e-08	1.0718e-08	1.0787e-08	1.1137e-08	1.1173e-08	1.117e-08	1.0941e-08	1.0806e-08	1.0695e-08	1.0695e-08	1.0538e-08	1.0438e-08	1.032e-08	9.8238e-09	9.5916e-09	9.4627e-09	1.0041e-08	1.0437e-08	1.0613e-08	1.0442e-08	1.0537e-08	1.0569e-08	1.0569e-08	1.0437e-08	1.0556e-08	1.0573e-08	1.0483e-08	1.0339e-08	9.7508e-09	9.5318e-09	9.5894e-09	9.4238e-09	9.5954e-09	1.2114e-08	1.9903e-08	3.1629e-08	4.8139e-08	6.3952e-08	8.0431e-08	9.6663e-08	1.1216e-07	1.2719e-07	1.3727e-07	1.4615e-07	1.5375e-07	1.6063e-07	1.6756e-07	1.6978e-07	1.6876e-07	1.6733e-07	1.6745e-07	1.687e-07	1.6706e-07	1.6291e-07	1.5669e-07	1.4962e-07	1.4099e-07	1.3317e-07	1.2521e-07	1.1699e-07	1.087e-07	9.94e-08	9.1366e-08	8.3378e-08	7.5378e-08	6.7381e-08	5.8271e-08	5.0426e-08	4.2428e-08	3.462e-08	2.6673e-08	1.7835e-08	1.7835e-08	1.2149e-08	8.5815e-09	6.5504e-09	5.1865e-09	4.5664e-09	4.4156e-09	4.7838e-09	4.8741e-09	5.1165e-09	5.1133e-09	5.2544e-09	5.3113e-09	5.5121e-09	5.2533e-09	5.5084e-09	5.9564e-09	6.542e-09	6.8722e-09	7.052e-09	7.2408e-09	7.1059e-09	7.2112e-09	7.6549e-09	7.2073e-09	7.1081e-09	7.0836e-09	7.2089e-09	7.0491e-09	6.6248e-09	6.7706e-09	6.474e-09	6.0703e-09	5.9969e-09	5.9251e-09	5.7647e-09	5.6453e-09	5.7471e-09	5.7128e-09	5.678e-09	5.7962e-09	5.7335e-09	5.4503e-09	5.6631e-09	5.665e-09	5.2868e-09	5.6298e-09	5.7141e-09	6.0079e-09	6.0079e-09	6.2526e-09	6.3365e-09	6.8234e-09
1.1439e-08	1.1182e-08	1.0618e-08	1.0128e-08	1.0187e-08	1.015e-08	1.0435e-08	1.0028e-08	9.6482e-09	9.9401e-09	1.0401e-08	1.0822e-08	1.0938e-08	1.0716e-08	1.0747e-08	1.0749e-08	1.0962e-08	1.0938e-08	1.097e-08	1.0701e-08	1.0588e-08	1.062e-08	1.0713e-08	1.0543e-08	1.0519e-08	1.0519e-08	1.0503e-08	1.0063e-08	9.9042e-09	1.0438e-08	1.057e-08	1.0827e-08	1.0871e-08	1.0617e-08	1.0708e-08	1.053e-08	1.0308e-08	1.0373e-08	1.0425e-08	1.0313e-08	1.0129e-08	9.489e-09	9.2833e-09	9.3697e-09	9.2586e-09	9.7136e-09	1.2965e-08	2.1597e-08	3.384e-08	5.0762e-08	6.672e-08	8.3164e-08	9.9187e-08	1.1438e-07	1.2892e-07	1.3874e-07	1.4763e-07	1.5532e-07	1.6209e-07	1.686e-07	1.7025e-07	1.6884e-07	1.6762e-07	1.6804e-07	1.6891e-07	1.6675e-07	1.6217e-07	1.5573e-07	1.4857e-07	1.3984e-07	1.3201e-07	1.2404e-07	1.1585e-07	1.0755e-07	9.8218e-08	9.8218e-08	9.0186e-08	8.2211e-08	7.4214e-08	6.4902e-08	5.6962e-08	4.9108e-08	4.1105e-08	3.3288e-08	2.3877e-08	1.65e-08	1.1229e-08	8.0012e-09	6.1113e-09	4.8136e-09	4.3025e-09	4.2431e-09	4.6314e-09	4.7056e-09	4.9475e-09	4.9708e-09	5.0504e-09	5.0293e-09	5.2938e-09	5.1059e-09	5.3511e-09	5.8582e-09	6.5088e-09	6.8722e-09	7.1873e-09	7.4058e-09	7.1888e-09	7.2857e-09	7.6549e-09	7.4691e-09	7.3731e-09	7.3968e-09	7.481e-09	7.0491e-09	6.6636e-09	6.778e-09	6.3948e-09	5.9802e-09	5.9969e-09	5.8185e-09	5.6353e-09	5.5698e-09	5.6774e-09	5.7128e-09	5.7788e-09	5.7811e-09	5.8637e-09	5.8109e-09	5.5238e-09	5.7974e-09	5.7088e-09	5.3054e-09	5.6744e-09	5.7961e-09	6.0144e-09	6.2652e-09	6.3178e-09	6.7017e-09
1.1395e-08	1.1136e-08	1.0563e-08	1.011e-08	1.0238e-08	1.0216e-08	1.0507e-08	1.0122e-08	9.7457e-09	9.9427e-09	1.0343e-08	1.0776e-08	1.0863e-08	1.0737e-08	1.0764e-08	1.0693e-08	1.0693e-08	1.0736e-08	1.0636e-08	1.0398e-08	1.0431e-08	1.0353e-08	1.0539e-08	1.0718e-08	1.0526e-08	1.0585e-08	1.0671e-08	1.0303e-08	1.0223e-08	1.089e-08	1.107e-08	1.1203e-08	1.1117e-08	1.0788e-08	1.078e-08	1.0491e-08	1.0192e-08	1.0192e-08	1.0281e-08	1.0151e-08	9.9468e-09	9.3034e-09	9.1177e-09	9.2251e-09	9.1502e-09	9.9737e-09	1.4055e-08	2.3472e-08	3.6189e-08	5.347e-08	6.9542e-08	8.5907e-08	1.0167e-07	1.165e-07	1.3056e-07	1.4014e-07	1.4905e-07	1.5686e-07	1.6353e-07	1.6954e-07	1.7065e-07	1.6892e-07	1.6796e-07	1.6863e-07	1.6903e-07	1.6903e-07	1.6635e-07	1.6136e-07	1.5474e-07	1.4635e-07	1.3865e-07	1.3079e-07	1.2282e-07	1.1464e-07	1.0507e-07	9.696e-08	8.8922e-08	8.0949e-08	7.2944e-08	6.3487e-08	5.553e-08	4.7662e-08	3.9666e-08	3.1823e-08	2.2361e-08	1.5136e-08	1.0297e-08	7.4103e-09	5.6813e-09	4.4675e-09	4.0765e-09	4.1156e-09	4.4999e-09	4.5562e-09	4.7991e-09	4.8463e-09	4.8781e-09	4.7914e-09	5.1268e-09	5.0621e-09	5.2961e-09	5.8584e-09	6.5571e-09	6.9612e-09	7.4025e-09	7.6355e-09	7.3557e-09	7.4265e-09	7.8557e-09	7.7767e-09	7.7072e-09	7.7412e-09	7.7534e-09	7.1808e-09	7.3088e-09	6.7053e-09	6.7761e-09	6.3374e-09	5.9253e-09	5.9303e-09	5.7233e-09	5.5308e-09	5.5559e-09	5.6793e-09	5.8976e-09	5.9421e-09	5.9946e-09	5.9668e-09	5.6827e-09	5.9844e-09	5.799e-09	5.3792e-09	5.7663e-09	5.9164e-09	6.0317e-09	6.2821e-09	6.3086e-09	6.5919e-09
1.1265e-08	1.0986e-08	1.0459e-08	1.0089e-08	1.0288e-08	1.0287e-08	1.0287e-08	1.0561e-08	1.0217e-08	1.0019e-08	9.94e-09	1.0263e-08	1.0679e-08	1.0743e-08	1.0733e-08	1.077e-08	1.0626e-08	1.0487e-08	1.0303e-08	1.0098e-08	1.0166e-08	1.0131e-08	1.0462e-08	1.0706e-08	1.0498e-08	1.0626e-08	1.0811e-08	1.0532e-08	1.0529e-08	1.1273e-08	1.151e-08	1.1549e-08	1.134e-08	1.0947e-08	1.0838e-08	1.0458e-08	1.0103e-08	1.0028e-08	1.0147e-08	9.9968e-09	9.7934e-09	9.1911e-09	9.0305e-09	9.1499e-09	9.0984e-09	1.0371e-08	1.5351e-08	2.5499e-08	3.8648e-08	5.6238e-08	7.2396e-08	8.8643e-08	1.0411e-07	1.1854e-07	1.3213e-07	1.3213e-07	1.415e-07	1.5043e-07	1.5834e-07	1.6614e-07	1.7035e-07	1.7094e-07	1.69e-07	1.6832e-07	1.696e-07	1.6902e-07	1.6584e-07	1.6049e-07	1.5368e-07	1.4516e-07	1.374e-07	1.2952e-07	1.2154e-07	1.1336e-07	1.0373e-07	9.5624e-08	8.7569e-08	7.959e-08	7.1563e-08	6.1986e-08	5.4008e-08	4.6124e-08	3.8143e-08	3.0266e-08	2.0828e-08	1.3795e-08	9.3902e-09	6.837e-09	5.2804e-09	4.1654e-09	3.8968e-09	4.0363e-09	4.3976e-09	4.4351e-09	4.683e-09	4.7584e-09	4.7683e-09	4.6435e-09	5.0546e-09	5.1654e-09	5.388e-09	5.9941e-09	6.7195e-09	7.1449e-09	7.7221e-09	7.7221e-09	7.9463e-09	7.6353e-09	7.6584e-09	8.3612e-09	8.1311e-09	8.1127e-09	8.1091e-09	8.0169e-09	7.4325e-09	6.7534e-09	6.7707e-09	6.3064e-09	5.909e-09	5.9546e-09	5.653e-09	5.4604e-09	5.5958e-09	5.7399e-09	6.0525e-09	6.1424e-09	6.1735e-09	6.1788e-09	5.9044e-09	6.2088e-09	5.926e-09	5.4993e-09	5.8957e-09	6.0642e-09	6.0613e-09	6.3023e-09	6.3116e-09	6.5084e-09
1.1432e-08	1.1069e-08	1.0762e-08	1.0324e-08	1.0066e-08	1.0339e-08	1.0363e-08	1.0602e-08	1.031e-08	1.0173e-08	9.9408e-09	1.0176e-08	1.0552e-08	1.0599e-08	1.0716e-08	1.0766e-08	1.0554e-08	1.0239e-08	9.9764e-09	9.8367e-09	9.941e-09	9.9523e-09	1.0401e-08	1.0675e-08	1.0453e-08	1.0631e-08	1.0914e-08	1.0738e-08	1.0801e-08	1.1556e-08	1.186e-08	1.1846e-08	1.1529e-08	1.1084e-08	1.0876e-08	1.0426e-08	1.0039e-08	9.8805e-09	1.0023e-08	9.849e-09	9.6622e-09	9.1341e-09	9.0011e-09	9.123e-09	9.1032e-09	9.1032e-09	1.0903e-08	1.6824e-08	2.7646e-08	4.3779e-08	5.9039e-08	7.5259e-08	9.1359e-08	1.0651e-07	1.2244e-07	1.3365e-07	1.4283e-07	1.5176e-07	1.5974e-07	1.6722e-07	1.7096e-07	1.7108e-07	1.6905e-07	1.6866e-07	1.6988e-07	1.6884e-07	1.652e-07	1.5953e-07	1.5257e-07	1.4391e-07	1.361e-07	1.2819e-07	1.2018e-07	1.1201e-07	1.0234e-07	9.4229e-08	8.6151e-08	7.8157e-08	7.0098e-08	6.0434e-08	5.2436e-08	4.4532e-08	3.6573e-08	2.8662e-08	1.9323e-08	1.2527e-08	8.5455e-09	6.3092e-09	4.9285e-09	3.9242e-09	3.7715e-09	4.0087e-09	4.333e-09	4.3514e-09	4.6111e-09	4.6111e-09	4.726e-09	4.7521e-09	4.6312e-09	5.3679e-09	5.4592e-09	5.6711e-09	6.303e-09	7.0286e-09	7.9078e-09	8.1618e-09	8.348e-09	8.0461e-09	7.998e-09	8.6616e-09	8.5162e-09	8.5652e-09	8.483e-09	8.2639e-09	7.5517e-09	6.8118e-09	6.7694e-09	6.3053e-09	5.9337e-09	6.0192e-09	5.6212e-09	5.4331e-09	5.6815e-09	5.8467e-09	6.2266e-09	6.3635e-09	6.385e-09	6.4245e-09	6.1661e-09	6.455e-09	6.0804e-09	5.6568e-09	6.0528e-09	6.2288e-09	6.1046e-09	6.3251e-09	6.3292e-09	6.466e-09
1.1335e-08	1.0834e-08	1.0495e-08	1.0179e-08	1.0078e-08	1.0398e-08	1.0441e-08	1.0635e-08	1.0401e-08	1.0325e-08	9.9538e-09	1.0101e-08	1.0418e-08	1.0451e-08	1.0694e-08	1.0751e-08	1.0481e-08	1.0018e-08	9.6924e-09	9.6506e-09	9.7923e-09	9.8457e-09	1.0364e-08	1.062e-08	1.0388e-08	1.0591e-08	1.0967e-08	1.0912e-08	1.1021e-08	1.1733e-08	1.211e-08	1.2083e-08	1.1673e-08	1.119e-08	1.0884e-08	1.0884e-08	1.0386e-08	9.9878e-09	9.7458e-09	9.7853e-09	9.7051e-09	9.5465e-09	9.1144e-09	9.009e-09	9.1302e-09	9.1644e-09	1.1563e-08	1.844e-08	2.9883e-08	4.6394e-08	6.1849e-08	7.8109e-08	9.4039e-08	1.0886e-07	1.2433e-07	1.3515e-07	1.4415e-07	1.5303e-07	1.6103e-07	1.6809e-07	1.7134e-07	1.7102e-07	1.6904e-07	1.6896e-07	1.6997e-07	1.6847e-07	1.6442e-07	1.5848e-07	1.5138e-07	1.4261e-07	1.3476e-07	1.2681e-07	1.1877e-07	1.106e-07	1.0092e-07	9.2796e-08	8.4692e-08	7.6678e-08	6.8582e-08	5.8869e-08	5.085e-08	4.2925e-08	3.4991e-08	2.7053e-08	1.7892e-08	1.7892e-08	1.138e-08	7.8001e-09	5.855e-09	4.4512e-09	3.7611e-09	3.7087e-09	4.0361e-09	4.3145e-09	4.3331e-09	4.5949e-09	4.7677e-09	4.8602e-09	4.8004e-09	5.825e-09	5.9715e-09	6.1744e-09	6.8084e-09	7.505e-09	8.4744e-09	8.6921e-09	8.8172e-09	8.5588e-09	8.4227e-09	8.9767e-09	8.9113e-09	9.0324e-09	8.8428e-09	8.4874e-09	7.6662e-09	6.8844e-09	6.7801e-09	6.3379e-09	6.0017e-09	6.1257e-09	5.6414e-09	5.4579e-09	5.8051e-09	5.9869e-09	6.4029e-09	6.5869e-09	6.6137e-09	6.6817e-09	6.4454e-09	6.7078e-09	6.2529e-09	5.8431e-09	6.2276e-09	6.3995e-09	6.5659e-09	6.1631e-09	6.35e-09	6.3641e-09
1.1226e-08	1.0588e-08	1.022e-08	1.0044e-08	1.0117e-08	1.0468e-08	1.052e-08	1.0664e-08	1.0489e-08	1.0464e-08	9.9877e-09	1.0053e-08	1.0297e-08	1.0322e-08	1.0671e-08	1.0726e-08	1.0414e-08	9.8497e-09	9.4879e-09	9.5714e-09	9.7509e-09	9.8373e-09	1.0361e-08	1.0539e-08	1.0305e-08	1.0305e-08	1.0509e-08	1.0971e-08	1.1045e-08	1.1277e-08	1.1811e-08	1.2259e-08	1.2246e-08	1.1763e-08	1.1268e-08	1.0853e-08	1.033e-08	9.9404e-09	9.6194e-09	9.6608e-09	9.5626e-09	9.4395e-09	9.1138e-09	9.0334e-09	9.1222e-09	9.2819e-09	1.2348e-08	2.0169e-08	3.2178e-08	4.9004e-08	6.4642e-08	8.0924e-08	9.6668e-08	1.1118e-07	1.262e-07	1.3665e-07	1.4548e-07	1.5425e-07	1.6217e-07	1.6873e-07	1.7146e-07	1.7077e-07	1.6898e-07	1.6918e-07	1.6991e-07	1.6796e-07	1.6353e-07	1.5736e-07	1.5015e-07	1.4129e-07	1.334e-07	1.2542e-07	1.1733e-07	1.0916e-07	9.9485e-08	9.9485e-08	9.1349e-08	8.3216e-08	7.518e-08	6.5525e-08	5.7327e-08	4.9289e-08	4.1342e-08	3.3434e-08	2.4004e-08	1.6581e-08	1.0406e-08	7.191e-09	5.5023e-09	4.3656e-09	3.693e-09	3.7166e-09	4.122e-09	4.3505e-09	4.4142e-09	4.6436e-09	4.897e-09	5.114e-09	5.1818e-09	6.4463e-09	6.6536e-09	6.8505e-09	7.4664e-09	8.1113e-09	9.1052e-09	9.2705e-09	9.3203e-09	9.1291e-09	8.8977e-09	9.2926e-09	9.2955e-09	9.4818e-09	9.1683e-09	8.6801e-09	7.7759e-09	6.975e-09	6.8105e-09	6.4079e-09	6.1155e-09	6.2757e-09	5.7271e-09	5.5438e-09	5.9588e-09	6.1478e-09	6.3168e-09	6.5646e-09	6.794e-09	6.8442e-09	6.9279e-09	6.9667e-09	6.9521e-09	6.4342e-09	6.0494e-09	6.4105e-09	6.7264e-09	6.2406e-09	6.3818e-09	6.4201e-09
1.1112e-08	1.0357e-08	9.9698e-09	9.9405e-09	1.0189e-08	1.0555e-08	1.0598e-08	1.0694e-08	1.0573e-08	1.0579e-08	1.0051e-08	1.0049e-08	1.0213e-08	1.0232e-08	1.065e-08	1.065e-08	1.069e-08	1.0357e-08	9.7568e-09	9.4025e-09	9.5895e-09	9.8056e-09	9.914e-09	1.0381e-08	1.0301e-08	1.0206e-08	1.0394e-08	1.093e-08	1.1132e-08	1.1309e-08	1.18e-08	1.2307e-08	1.2325e-08	1.1788e-08	1.1217e-08	1.0773e-08	1.0246e-08	9.886e-09	9.4968e-09	9.5254e-09	9.4194e-09	9.3347e-09	9.1142e-09	9.0537e-09	9.0784e-09	9.4557e-09	1.3254e-08	2.198e-08	3.4501e-08	5.1579e-08	6.7393e-08	8.3681e-08	9.9232e-08	1.1344e-07	1.2806e-07	1.3817e-07	1.4683e-07	1.5541e-07	1.6317e-07	1.6918e-07	1.7139e-07	1.7038e-07	1.6889e-07	1.6935e-07	1.6973e-07	1.6973e-07	1.6732e-07	1.6256e-07	1.5619e-07	1.4761e-07	1.3996e-07	1.3203e-07	1.2401e-07	1.1589e-07	1.0627e-07	9.8061e-08	8.9908e-08	8.1749e-08	7.3689e-08	6.4047e-08	5.5843e-08	4.7792e-08	3.9822e-08	3.1937e-08	2.2652e-08	1.5436e-08	9.6543e-09	6.7555e-09	5.2793e-09	4.4024e-09	3.7321e-09	3.8007e-09	4.2676e-09	4.447e-09	4.5523e-09	4.7523e-09	5.1022e-09	5.4865e-09	5.7327e-09	7.1634e-09	7.4338e-09	7.6289e-09	8.2123e-09	8.7922e-09	9.7517e-09	9.854e-09	9.8238e-09	9.7126e-09	9.3885e-09	9.5954e-09	9.6477e-09	9.8812e-09	9.4392e-09	8.8351e-09	8.9451e-09	7.8806e-09	7.0876e-09	6.8684e-09	6.5191e-09	6.4898e-09	6.4708e-09	5.892e-09	5.6999e-09	6.1347e-09	6.4817e-09	6.6958e-09	6.9674e-09	7.0617e-09	7.1417e-09	7.1811e-09	7.1821e-09	6.62e-09	6.2706e-09	6.5982e-09	6.8874e-09	6.3423e-09	6.4306e-09	6.5017e-09
1.1e-08	1.0169e-08	9.7786e-09	9.8889e-09	1.0189e-08	1.0303e-08	1.0664e-08	1.0674e-08	1.073e-08	1.0653e-08	1.0659e-08	1.0151e-08	1.0103e-08	1.0183e-08	1.02e-08	1.0626e-08	1.0641e-08	1.0307e-08	9.7313e-09	9.4025e-09	9.6724e-09	9.9225e-09	1.0041e-08	1.0405e-08	1.0301e-08	1.0096e-08	1.0255e-08	1.0849e-08	1.1169e-08	1.1309e-08	1.1707e-08	1.2255e-08	1.2307e-08	1.174e-08	1.1217e-08	1.0636e-08	1.0125e-08	9.8142e-09	9.3737e-09	9.3741e-09	9.2732e-09	9.2254e-09	9.0975e-09	9.0493e-09	8.978e-09	9.6857e-09	1.4276e-08	2.3841e-08	3.6822e-08	5.4109e-08	7.0088e-08	8.637e-08	1.0172e-07	1.1566e-07	1.299e-07	1.299e-07	1.397e-07	1.4818e-07	1.5653e-07	1.6482e-07	1.695e-07	1.7117e-07	1.699e-07	1.6879e-07	1.6956e-07	1.6944e-07	1.666e-07	1.6152e-07	1.55e-07	1.4633e-07	1.3863e-07	1.3067e-07	1.2262e-07	1.1446e-07	1.0486e-07	9.6666e-08	8.8497e-08	8.0315e-08	7.2233e-08	6.2645e-08	5.4453e-08	4.6396e-08	3.8403e-08	3.0538e-08	2.1465e-08	1.4492e-08	9.1606e-09	6.5202e-09	5.2061e-09	4.5461e-09	3.8671e-09	3.9532e-09	4.465e-09	4.5979e-09	4.738e-09	4.9122e-09	5.3637e-09	5.9364e-09	6.388e-09	7.9081e-09	8.24e-09	8.4389e-09	8.9815e-09	9.4924e-09	1.0157e-08	1.0366e-08	1.04e-08	1.0294e-08	1.0265e-08	1.0278e-08	9.8714e-09	9.9471e-09	1.0198e-08	9.6353e-09	9.0031e-09	7.98e-09	7.2262e-09	6.9616e-09	6.675e-09	6.7547e-09	6.7121e-09	6.1485e-09	5.9345e-09	6.3251e-09	6.6409e-09	6.7985e-09	7.1077e-09	7.2632e-09	7.3196e-09	7.3714e-09	7.4004e-09	6.8106e-09	6.5048e-09	6.7926e-09	7.0555e-09	6.4741e-09	6.5064e-09	6.6139e-09
1.1069e-08	1.0897e-08	1.005e-08	9.6799e-09	9.9102e-09	1.0463e-08	1.0797e-08	1.0745e-08	1.0775e-08	1.0727e-08	1.07e-08	1.0276e-08	1.0202e-08	1.0198e-08	1.0216e-08	1.0591e-08	1.0575e-08	1.0255e-08	9.7492e-09	9.477e-09	9.7877e-09	1.0067e-08	1.0185e-08	1.0416e-08	1.015e-08	9.9782e-09	1.0101e-08	1.0731e-08	1.1149e-08	1.1274e-08	1.1541e-08	1.2103e-08	1.2181e-08	1.1607e-08	1.1092e-08	1.0432e-08	9.9588e-09	9.7146e-09	9.2456e-09	9.3741e-09	9.1216e-09	9.1049e-09	9.0456e-09	8.9996e-09	8.978e-09	8.823e-09	9.981e-09	1.5413e-08	2.5736e-08	3.9125e-08	5.6609e-08	7.2738e-08	8.8995e-08	1.0415e-07	1.1783e-07	1.317e-07	1.4121e-07	1.4954e-07	1.5761e-07	1.6482e-07	1.6971e-07	1.7084e-07	1.6938e-07	1.687e-07	1.6956e-07	1.6909e-07	1.6582e-07	1.6046e-07	1.538e-07	1.4633e-07	1.3732e-07	1.2933e-07	1.2125e-07	1.1306e-07	1.0351e-07	9.5318e-08	8.7136e-08	7.894e-08	7.0839e-08	6.1346e-08	5.3187e-08	4.513e-08	3.7115e-08	2.9264e-08	2.0432e-08	1.3735e-08	8.8941e-09	6.4606e-09	5.2646e-09	4.7719e-09	4.0793e-09	4.1622e-09	4.7031e-09	4.7932e-09	5.0234e-09	4.9619e-09	5.1143e-09	5.662e-09	6.4224e-09	7.7514e-09	8.6122e-09	9.0006e-09	9.2099e-09	9.7093e-09	1.0729e-08	1.0898e-08	1.0865e-08	1.0698e-08	1.0742e-08	1.0608e-08	1.0107e-08	1.0173e-08	1.04e-08	9.7365e-09	9.0028e-09	8.0744e-09	7.3945e-09	7.0974e-09	6.8792e-09	7.0677e-09	6.9961e-09	6.4913e-09	6.2417e-09	6.5262e-09	6.8024e-09	6.8913e-09	7.2323e-09	7.4564e-09	7.4742e-09	7.5469e-09	7.6098e-09	7.0063e-09	6.75e-09	6.9961e-09	7.2373e-09	6.6413e-09	6.6193e-09	6.7613e-09
1.0937e-08	1.0808e-08	1.0022e-08	9.7024e-09	1.0022e-08	1.0655e-08	1.0942e-08	1.0806e-08	1.0823e-08	1.0788e-08	1.0699e-08	1.0403e-08	1.032e-08	1.0234e-08	1.0254e-08	1.0535e-08	1.0485e-08	1.0191e-08	9.7861e-09	9.5842e-09	9.9029e-09	1.0206e-08	1.031e-08	1.0393e-08	9.9816e-09	9.8559e-09	9.9396e-09	1.0581e-08	1.1068e-08	1.117e-08	1.1309e-08	1.185e-08	1.1935e-08	1.1381e-08	1.0882e-08	1.0576e-08	1.0152e-08	9.737e-09	9.5768e-09	9.1081e-09	9.0079e-09	8.9645e-09	8.9711e-09	8.9519e-09	8.8979e-09	8.65e-09	1.0364e-08	1.6669e-08	2.7672e-08	4.1423e-08	5.9095e-08	7.535e-08	9.1562e-08	1.0651e-07	1.1995e-07	1.3346e-07	1.4271e-07	1.5088e-07	1.5867e-07	1.6553e-07	1.6985e-07	1.7046e-07	1.6889e-07	1.6864e-07	1.6961e-07	1.6869e-07	1.6501e-07	1.5941e-07	1.5262e-07	1.4508e-07	1.3605e-07	1.2803e-07	1.1992e-07	1.1172e-07	1.0351e-07	9.4034e-08	8.5844e-08	7.7643e-08	6.953e-08	6.1346e-08	5.2038e-08	4.3988e-08	3.5952e-08	2.811e-08	2.0432e-08	1.953e-08	1.3133e-08	8.8035e-09	6.5366e-09	5.4251e-09	5.0552e-09	4.3502e-09	4.4157e-09	4.9708e-09	5.0234e-09	5.2148e-09	5.3496e-09	5.9774e-09	6.903e-09	7.7514e-09	9.2074e-09	9.6435e-09	9.8715e-09	1.0331e-08	1.0729e-08	1.1301e-08	1.1208e-08	1.1002e-08	1.11e-08	1.0608e-08	1.0288e-08	1.0305e-08	1.0457e-08	9.724e-09	8.9542e-09	8.1692e-09	7.594e-09	7.2779e-09	7.1297e-09	7.4183e-09	7.3145e-09	6.8983e-09	6.6028e-09	6.7379e-09	6.9744e-09	6.9935e-09	7.3592e-09	7.6496e-09	7.6188e-09	7.7169e-09	7.8133e-09	7.2074e-09	7.0044e-09	7.2107e-09	7.4389e-09	7.4395e-09	6.8496e-09	6.7793e-09
1.0797e-08	1.0728e-08	1.0075e-08	9.8302e-09	1.0206e-08	1.0852e-08	1.1082e-08	1.0848e-08	1.0862e-08	1.0826e-08	1.0653e-08	1.0509e-08	1.0429e-08	1.0266e-08	1.029e-08	1.0448e-08	1.0368e-08	1.0108e-08	9.8178e-09	9.6899e-09	9.9855e-09	1.0304e-08	1.0382e-08	1.0318e-08	9.7986e-09	9.604e-09	9.7329e-09	9.7812e-09	1.0404e-08	1.0921e-08	1.0748e-08	1.102e-08	1.1497e-08	1.1557e-08	1.1051e-08	1.018e-08	9.8005e-09	9.4614e-09	9.3989e-09	8.9599e-09	8.8005e-09	8.8053e-09	8.829e-09	8.8268e-09	8.7581e-09	8.4988e-09	1.086e-08	1.8048e-08	2.9659e-08	4.3731e-08	6.1584e-08	7.7935e-08	9.4078e-08	1.0881e-07	1.2201e-07	1.3517e-07	1.4418e-07	1.5219e-07	1.597e-07	1.6619e-07	1.6999e-07	1.7008e-07	1.6849e-07	1.6865e-07	1.6965e-07	1.6828e-07	1.6422e-07	1.5838e-07	1.5147e-07	1.4387e-07	1.3483e-07	1.2679e-07	1.1866e-07	1.1046e-07	1.0223e-07	1.0102e-07	9.2819e-08	8.4624e-08	7.6428e-08	6.8307e-08	5.9045e-08	5.099e-08	4.295e-08	3.4896e-08	2.7058e-08	1.8734e-08	1.2654e-08	8.8372e-09	6.7081e-09	5.6579e-09	5.3713e-09	4.6612e-09	4.7021e-09	5.2571e-09	5.2785e-09	5.4873e-09	5.6093e-09	6.2904e-09	7.337e-09	8.3293e-09	9.6256e-09	1.0097e-08	1.0353e-08	1.0782e-08	1.1156e-08	1.1529e-08	1.1386e-08	1.1173e-08	1.1296e-08	1.0817e-08	1.0412e-08	1.0346e-08	1.0375e-08	9.6087e-09	8.9542e-09	8.2748e-09	7.8243e-09	7.5e-09	7.4196e-09	7.4183e-09	7.659e-09	7.3469e-09	6.9987e-09	6.9602e-09	6.9602e-09	7.1652e-09	7.1242e-09	7.5065e-09	7.8508e-09	7.7667e-09	7.8906e-09	8.0136e-09	7.4143e-09	7.2662e-09	7.4389e-09	7.6686e-09	7.1045e-09	6.9966e-09
1.0643e-08	1.0646e-08	1.0173e-08	1.0023e-08	1.0428e-08	1.1027e-08	1.1198e-08	1.0864e-08	1.0883e-08	1.0831e-08	1.0558e-08	1.0573e-08	1.0502e-08	1.027e-08	1.0299e-08	1.0255e-08	1.0322e-08	1.0219e-08	9.996e-09	9.8199e-09	9.76e-09	1.0003e-08	1.0327e-08	1.0367e-08	1.0172e-08	9.4004e-09	9.6126e-09	9.6342e-09	1.0205e-08	1.0701e-08	1.0433e-08	1.0685e-08	1.1055e-08	1.1056e-08	1.0624e-08	9.724e-09	9.4024e-09	9.1509e-09	9.1916e-09	8.8043e-09	8.5878e-09	8.6472e-09	8.684e-09	8.6821e-09	8.5961e-09	8.4093e-09	1.1491e-08	1.9554e-08	3.1705e-08	4.6064e-08	6.4095e-08	8.0503e-08	9.655e-08	1.1106e-07	1.24e-07	1.3681e-07	1.4561e-07	1.5347e-07	1.6072e-07	1.6684e-07	1.7014e-07	1.6975e-07	1.6821e-07	1.6874e-07	1.6969e-07	1.6972e-07	1.6788e-07	1.6346e-07	1.574e-07	1.5038e-07	1.416e-07	1.3366e-07	1.256e-07	1.1746e-07	1.0926e-07	9.989e-08	9.167e-08	8.3475e-08	7.5289e-08	6.7167e-08	5.8023e-08	5.0024e-08	4.1994e-08	3.3926e-08	2.6091e-08	1.8021e-08	1.2268e-08	8.9438e-09	6.9351e-09	5.9332e-09	5.6955e-09	4.9936e-09	5.0093e-09	5.5509e-09	5.5487e-09	5.7701e-09	5.8844e-09	6.5814e-09	7.6829e-09	8.7511e-09	9.8019e-09	1.0293e-08	1.0587e-08	1.1002e-08	1.1383e-08	1.1576e-08	1.1398e-08	1.121e-08	1.1326e-08	1.0899e-08	1.0486e-08	1.0317e-08	1.0195e-08	9.428e-09	9.428e-09	8.8112e-09	8.4019e-09	8.0849e-09	7.7603e-09	7.7416e-09	8.1898e-09	8.021e-09	7.8143e-09	7.41e-09	7.1929e-09	7.3833e-09	7.3028e-09	7.692e-09	8.0683e-09	7.9311e-09	8.0772e-09	8.2137e-09	7.6274e-09	7.5334e-09	7.6828e-09	7.9313e-09	7.4117e-09	7.2812e-09
1.0468e-08	1.055e-08	1.0286e-08	1.024e-08	1.0652e-08	1.0842e-08	1.1153e-08	1.1269e-08	1.0846e-08	1.0872e-08	1.0705e-08	1.0413e-08	1.0571e-08	1.0512e-08	1.022e-08	1.0133e-08	1.0148e-08	1.0034e-08	9.8466e-09	9.7682e-09	9.6564e-09	9.9229e-09	1.0242e-08	1.023e-08	9.936e-09	9.1913e-09	9.4964e-09	9.5025e-09	9.9869e-09	1.0414e-08	1.0072e-08	1.0318e-08	1.0552e-08	1.047e-08	1.013e-08	9.2404e-09	8.9848e-09	8.8258e-09	8.9666e-09	8.6451e-09	8.378e-09	8.4939e-09	8.5416e-09	8.5298e-09	8.4277e-09	8.4211e-09	1.2283e-08	2.1191e-08	3.382e-08	4.8434e-08	6.6644e-08	8.3064e-08	9.8984e-08	1.1327e-07	1.2594e-07	1.2781e-07	1.3838e-07	1.4698e-07	1.5469e-07	1.6174e-07	1.682e-07	1.7035e-07	1.6951e-07	1.6812e-07	1.6894e-07	1.6976e-07	1.675e-07	1.6274e-07	1.5649e-07	1.4935e-07	1.4056e-07	1.3255e-07	1.2447e-07	1.1632e-07	1.0814e-07	9.8821e-08	9.0586e-08	8.2394e-08	7.4224e-08	6.6104e-08	5.7075e-08	4.9125e-08	4.1102e-08	3.3024e-08	2.5191e-08	1.7367e-08	1.1943e-08	9.0718e-09	7.1775e-09	6.2214e-09	6.0031e-09	5.3289e-09	5.3256e-09	5.8413e-09	5.8243e-09	6.0541e-09	6.1663e-09	6.8318e-09	7.9014e-09	8.955e-09	9.7388e-09	1.0232e-08	1.0573e-08	1.0988e-08	1.0988e-08	1.1268e-08	1.1476e-08	1.1275e-08	1.1135e-08	1.1222e-08	1.0774e-08	1.0516e-08	1.0241e-08	9.9597e-09	9.2207e-09	8.7673e-09	8.5609e-09	8.3751e-09	8.0556e-09	8.0888e-09	8.5893e-09	8.3923e-09	8.278e-09	7.8178e-09	7.4361e-09	7.6368e-09	7.5482e-09	7.9339e-09	8.3102e-09	8.1254e-09	8.2861e-09	8.4164e-09	7.847e-09	7.8043e-09	7.9447e-09	8.23e-09	7.771e-09	7.6358e-09
1.0163e-08	1.0268e-08	1.0428e-08	1.0379e-08	1.0442e-08	1.0962e-08	1.1205e-08	1.1277e-08	1.0784e-08	1.082e-08	1.0553e-08	1.0214e-08	1.0482e-08	1.0433e-08	1.0092e-08	9.9093e-09	9.9153e-09	9.8065e-09	9.651e-09	9.6386e-09	9.4397e-09	9.7356e-09	1.0039e-08	9.9642e-09	9.6094e-09	8.9809e-09	9.3816e-09	9.3828e-09	9.7575e-09	1.0078e-08	9.6827e-09	9.9341e-09	1.0018e-08	9.8391e-09	9.6032e-09	8.7616e-09	8.5748e-09	8.5063e-09	8.736e-09	8.486e-09	8.1794e-09	8.3488e-09	8.4073e-09	8.3818e-09	8.2688e-09	8.1352e-09	8.5741e-09	1.3259e-08	2.2962e-08	3.6013e-08	5.3348e-08	6.9248e-08	8.5628e-08	1.0139e-07	1.1543e-07	1.2961e-07	1.3986e-07	1.4829e-07	1.5587e-07	1.6275e-07	1.6892e-07	1.7062e-07	1.6937e-07	1.682e-07	1.6923e-07	1.698e-07	1.6713e-07	1.6207e-07	1.5564e-07	1.4837e-07	1.3958e-07	1.315e-07	1.234e-07	1.1523e-07	1.0707e-07	9.7812e-08	8.9567e-08	8.138e-08	7.3227e-08	6.5114e-08	5.6191e-08	4.8275e-08	4.0255e-08	3.2171e-08	2.4342e-08	1.6747e-08	1.1649e-08	9.1698e-09	7.3952e-09	6.4926e-09	6.2705e-09	5.6491e-09	5.6394e-09	6.1175e-09	6.1175e-09	6.3596e-09	6.336e-09	6.4513e-09	7.0399e-09	7.9927e-09	8.7735e-09	9.5004e-09	9.9792e-09	1.037e-08	1.0796e-08	1.1011e-08	1.1263e-08	1.1053e-08	1.0974e-08	1.1017e-08	1.0612e-08	1.0511e-08	1.0141e-08	9.7105e-09	9.0255e-09	8.7755e-09	8.7625e-09	8.6945e-09	8.3825e-09	8.454e-09	8.9838e-09	8.7645e-09	8.7153e-09	8.2026e-09	7.6897e-09	7.9341e-09	7.8799e-09	8.2501e-09	8.5846e-09	8.3628e-09	8.5231e-09	8.6245e-09	8.0741e-09	8.0777e-09	8.2251e-09	8.5558e-09	8.1675e-09	8.043e-09
9.8188e-09	1.0037e-08	1.027e-08	1.042e-08	1.0586e-08	1.0976e-08	1.1156e-08	1.1202e-08	1.0672e-08	1.0714e-08	1.0329e-08	9.9583e-09	1.0284e-08	1.0238e-08	9.8613e-09	9.5813e-09	9.628e-09	9.5406e-09	9.4097e-09	9.4251e-09	9.1386e-09	9.4656e-09	9.7451e-09	9.6029e-09	9.2198e-09	8.7736e-09	9.2657e-09	9.2711e-09	9.5224e-09	9.7103e-09	9.2874e-09	9.5471e-09	9.4829e-09	9.2043e-09	9.0762e-09	8.5823e-09	8.3201e-09	8.1994e-09	8.2127e-09	8.5115e-09	8.1834e-09	8.0005e-09	8.2154e-09	8.2865e-09	8.25e-09	8.0429e-09	8.9081e-09	1.4443e-08	2.4873e-08	3.8294e-08	5.5918e-08	7.1921e-08	8.8203e-08	1.0376e-07	1.1756e-07	1.3135e-07	1.4128e-07	1.4956e-07	1.57e-07	1.6378e-07	1.6966e-07	1.7093e-07	1.6933e-07	1.6843e-07	1.6959e-07	1.6984e-07	1.6678e-07	1.6144e-07	1.5484e-07	1.4746e-07	1.3866e-07	1.3052e-07	1.224e-07	1.1421e-07	1.0607e-07	9.6859e-08	8.8611e-08	8.043e-08	7.2296e-08	6.4192e-08	5.5362e-08	4.7457e-08	3.9431e-08	3.1349e-08	3.1349e-08	2.2725e-08	1.6139e-08	1.1355e-08	9.1883e-09	7.5497e-09	6.8938e-09	6.4935e-09	5.9491e-09	5.9469e-09	6.3769e-09	6.6178e-09	6.6172e-09	6.7407e-09	7.2199e-09	7.9934e-09	8.5093e-09	9.1528e-09	9.6019e-09	1.0041e-08	1.0482e-08	1.0677e-08	1.0974e-08	1.0764e-08	1.0752e-08	1.0743e-08	1.0414e-08	1.0476e-08	1.0039e-08	9.4897e-09	8.8809e-09	8.8611e-09	9.0173e-09	9.0425e-09	8.7377e-09	8.8301e-09	9.3626e-09	9.1292e-09	9.1036e-09	8.5454e-09	7.9537e-09	8.2784e-09	8.3046e-09	8.6473e-09	8.8945e-09	8.65e-09	8.7846e-09	8.8402e-09	8.3117e-09	8.3549e-09	8.3549e-09	8.8235e-09	8.8979e-09	8.5837e-09
9.4499e-09	9.7689e-09	1.0063e-08	1.0377e-08	1.0634e-08	1.085e-08	1.098e-08	1.1027e-08	1.0501e-08	1.0544e-08	1.0036e-08	9.6537e-09	9.9762e-09	9.924e-09	9.5266e-09	9.184e-09	9.3063e-09	9.2497e-09	9.1368e-09	9.1495e-09	8.785e-09	9.1402e-09	9.3916e-09	9.1836e-09	8.7972e-09	8.3713e-09	8.5736e-09	9.1458e-09	9.1635e-09	9.2877e-09	8.9608e-09	8.906e-09	9.172e-09	8.9765e-09	8.6064e-09	8.1544e-09	7.9484e-09	7.8856e-09	7.9653e-09	8.3051e-09	8.0474e-09	7.8494e-09	8.0971e-09	8.1847e-09	8.1465e-09	8.0082e-09	9.4558e-09	1.5853e-08	2.6925e-08	4.0669e-08	5.8563e-08	7.4656e-08	9.0791e-08	1.0612e-07	1.1967e-07	1.3307e-07	1.4267e-07	1.5081e-07	1.5811e-07	1.6481e-07	1.704e-07	1.7126e-07	1.6938e-07	1.6878e-07	1.6999e-07	1.6987e-07	1.6644e-07	1.6085e-07	1.541e-07	1.4661e-07	1.3781e-07	1.2961e-07	1.2145e-07	1.1324e-07	1.1324e-07	1.0421e-07	9.5958e-08	8.7717e-08	7.9543e-08	7.1426e-08	6.2537e-08	5.4577e-08	4.6654e-08	3.8611e-08	3.0539e-08	2.1936e-08	1.5536e-08	1.1053e-08	9.1196e-09	7.6351e-09	7.0356e-09	6.6857e-09	6.2353e-09	6.2514e-09	6.6238e-09	6.8728e-09	6.8995e-09	7.0357e-09	7.3862e-09	7.9412e-09	8.2118e-09	8.7624e-09	9.167e-09	9.6455e-09	1.0103e-08	1.031e-08	1.0642e-08	1.0443e-08	1.0492e-08	1.0434e-08	1.0202e-08	1.0419e-08	9.9582e-09	9.3391e-09	8.8255e-09	9.0492e-09	9.3359e-09	9.4185e-09	9.1181e-09	9.21e-09	9.7176e-09	9.4796e-09	9.4292e-09	8.8356e-09	8.8356e-09	8.5173e-09	8.6594e-09	8.7969e-09	9.1017e-09	9.2291e-09	9.3265e-09	9.0659e-09	9.0658e-09	8.5629e-09	8.6374e-09	9.1315e-09	9.2455e-09	9.0022e-09
9.4499e-09	9.4585e-09	9.7971e-09	1.0216e-08	1.0545e-08	1.0576e-08	1.0675e-08	1.075e-08	1.0273e-08	1.0311e-08	9.6996e-09	9.3221e-09	9.5938e-09	9.5273e-09	9.1217e-09	8.6836e-09	8.7551e-09	8.9723e-09	8.9488e-09	8.8478e-09	8.5086e-09	8.4105e-09	8.787e-09	9.0096e-09	8.7435e-09	7.9723e-09	8.3854e-09	9.0192e-09	9.0558e-09	9.0595e-09	8.6169e-09	8.559e-09	8.8234e-09	8.5285e-09	8.0861e-09	7.8259e-09	7.6788e-09	7.6606e-09	7.7845e-09	8.1285e-09	7.928e-09	7.7344e-09	7.9986e-09	8.1077e-09	8.0821e-09	8.051e-09	1.0216e-08	1.7475e-08	2.9108e-08	4.3135e-08	6.1277e-08	7.7443e-08	9.3395e-08	1.0847e-07	1.2176e-07	1.3477e-07	1.4406e-07	1.5207e-07	1.5923e-07	1.6583e-07	1.7112e-07	1.716e-07	1.6953e-07	1.6924e-07	1.7043e-07	1.7088e-07	1.699e-07	1.6613e-07	1.603e-07	1.5341e-07	1.451e-07	1.3702e-07	1.2876e-07	1.2057e-07	1.1233e-07	1.0334e-07	9.5103e-08	8.6884e-08	7.8716e-08	7.0613e-08	6.1788e-08	5.3828e-08	4.5857e-08	3.7788e-08	2.9731e-08	2.1162e-08	1.4948e-08	1.0757e-08	8.9938e-09	7.675e-09	7.1614e-09	6.8613e-09	6.5148e-09	6.5562e-09	6.8629e-09	7.1267e-09	7.1846e-09	7.3378e-09	7.5536e-09	7.8737e-09	7.9426e-09	8.3954e-09	8.7417e-09	9.247e-09	9.7162e-09	9.9513e-09	1.0303e-08	1.0123e-08	1.022e-08	1.0121e-08	1.0001e-08	1.0348e-08	9.9208e-09	9.3009e-09	9.3009e-09	9.1178e-09	9.3508e-09	9.7196e-09	9.818e-09	9.5177e-09	9.9536e-09	1.0048e-08	9.8134e-09	9.7018e-09	9.0856e-09	8.8225e-09	9.0643e-09	9.3256e-09	9.5847e-09	9.5749e-09	9.6879e-09	9.3619e-09	9.3036e-09	8.8309e-09	8.9266e-09	9.4387e-09	9.5879e-09	9.4055e-09
9.0612e-09	9.1107e-09	9.4744e-09	9.9328e-09	1.0309e-08	1.0309e-08	1.0194e-08	1.0279e-08	1.04e-08	1.0006e-08	1.0034e-08	9.3452e-09	8.987e-09	9.1741e-09	9.0867e-09	8.6836e-09	8.3324e-09	8.6482e-09	8.6524e-09	8.5581e-09	8.5086e-09	8.0472e-09	8.4335e-09	8.6298e-09	8.3202e-09	7.9723e-09	8.2131e-09	8.8831e-09	8.9441e-09	8.8439e-09	8.6169e-09	8.2667e-09	8.5161e-09	8.1688e-09	7.6841e-09	7.8259e-09	7.5373e-09	7.546e-09	7.6871e-09	7.9931e-09	7.928e-09	7.6635e-09	7.929e-09	8.0622e-09	8.0638e-09	8.1918e-09	1.1177e-08	1.9285e-08	3.141e-08	4.5688e-08	6.4054e-08	8.0269e-08	9.6014e-08	1.1083e-07	1.2384e-07	1.2592e-07	1.3648e-07	1.4547e-07	1.5335e-07	1.6036e-07	1.679e-07	1.7181e-07	1.7194e-07	1.6977e-07	1.6976e-07	1.7131e-07	1.6992e-07	1.6583e-07	1.5979e-07	1.5277e-07	1.4443e-07	1.363e-07	1.2799e-07	1.1975e-07	1.1147e-07	1.0252e-07	9.4289e-08	8.6105e-08	7.7942e-08	6.9848e-08	6.1075e-08	5.3102e-08	4.5064e-08	3.6961e-08	2.8927e-08	2.0408e-08	1.4385e-08	1.0479e-08	8.8423e-09	7.6943e-09	7.2886e-09	7.0346e-09	6.7944e-09	6.8648e-09	7.0989e-09	7.3817e-09	7.4742e-09	7.6481e-09	7.7365e-09	7.8288e-09	7.7634e-09	8.1181e-09	8.393e-09	8.9066e-09	8.9066e-09	9.1445e-09	9.6445e-09	9.9905e-09	9.8378e-09	9.9609e-09	9.6096e-09	9.8265e-09	1.0268e-08	9.9419e-09	9.3991e-09	9.4531e-09	9.7383e-09	1.0145e-08	1.0226e-08	9.9245e-09	1.0304e-08	1.0353e-08	1.0129e-08	9.9354e-09	9.3116e-09	9.147e-09	9.4806e-09	9.8598e-09	1.0067e-08	9.919e-09	1.0046e-08	9.6677e-09	9.5559e-09	9.119e-09	9.2242e-09	9.7399e-09	9.9143e-09	9.7763e-09
8.6188e-09	8.2716e-09	8.7472e-09	9.1191e-09	9.5631e-09	9.9635e-09	9.7455e-09	9.8311e-09	1.0007e-08	9.7191e-09	9.734e-09	8.9992e-09	8.6718e-09	8.7549e-09	8.6412e-09	8.2492e-09	7.9536e-09	8.3563e-09	8.3754e-09	8.2832e-09	8.1919e-09	7.727e-09	8.1072e-09	8.2832e-09	7.9508e-09	7.63e-09	8.0612e-09	8.7348e-09	8.8243e-09	8.647e-09	8.3192e-09	8.0471e-09	8.2634e-09	7.9218e-09	7.4333e-09	7.6234e-09	7.5185e-09	7.5387e-09	7.6736e-09	7.907e-09	7.8362e-09	7.6445e-09	7.8992e-09	8.0554e-09	8.0968e-09	8.0968e-09	8.4513e-09	1.2326e-08	2.1259e-08	3.382e-08	4.8321e-08	6.6885e-08	8.3122e-08	9.8649e-08	1.1319e-07	1.2592e-07	1.3823e-07	1.4693e-07	1.5468e-07	1.6153e-07	1.679e-07	1.7246e-07	1.7226e-07	1.7009e-07	1.7034e-07	1.7131e-07	1.6994e-07	1.6555e-07	1.5933e-07	1.5219e-07	1.4443e-07	1.3565e-07	1.2728e-07	1.1899e-07	1.1066e-07	1.0252e-07	9.351e-08	8.5367e-08	7.7208e-08	6.9119e-08	6.1075e-08	5.2388e-08	4.4271e-08	3.6132e-08	2.8124e-08	1.968e-08	1.3857e-08	1.0232e-08	8.6966e-09	7.7177e-09	7.4347e-09	7.2198e-09	7.0811e-09	7.1806e-09	7.1806e-09	7.5804e-09	7.6401e-09	7.7701e-09	7.9681e-09	7.9497e-09	7.9578e-09	7.7357e-09	7.9966e-09	8.1879e-09	8.6861e-09	9.0538e-09	9.4213e-09	9.7335e-09	9.6136e-09	9.7348e-09	9.4397e-09	9.6857e-09	1.019e-08	1.0015e-08	9.6095e-09	9.8636e-09	1.0178e-08	1.0586e-08	1.0627e-08	1.0325e-08	1.0632e-08	1.0634e-08	1.0425e-08	1.0144e-08	9.5298e-09	9.4937e-09	9.8956e-09	1.0368e-08	1.0521e-08	1.0248e-08	1.0387e-08	9.9784e-09	9.8249e-09	9.4303e-09	9.5317e-09	1.003e-08	1.0214e-08	1.0097e-08
8.2177e-09	7.9063e-09	8.3908e-09	8.7573e-09	9.1471e-09	9.5496e-09	9.2729e-09	9.3733e-09	9.6017e-09	9.4305e-09	9.4327e-09	8.6877e-09	8.4e-09	8.3735e-09	8.2298e-09	7.8555e-09	7.6565e-09	8.1188e-09	8.1326e-09	8.0384e-09	7.9098e-09	7.4815e-09	7.8355e-09	8.0009e-09	7.6727e-09	7.3744e-09	7.9345e-09	8.5742e-09	8.695e-09	8.4754e-09	8.085e-09	7.905e-09	8.0721e-09	7.786e-09	7.3274e-09	7.3274e-09	7.5727e-09	7.6072e-09	7.6275e-09	7.7394e-09	7.8776e-09	7.788e-09	7.6853e-09	7.92e-09	8.0943e-09	8.1865e-09	8.8502e-09	1.3653e-08	2.3373e-08	3.6323e-08	5.1028e-08	6.9765e-08	8.5992e-08	1.013e-07	1.1556e-07	1.2801e-07	1.4002e-07	1.4847e-07	1.5609e-07	1.6276e-07	1.6893e-07	1.7305e-07	1.7255e-07	1.705e-07	1.7094e-07	1.7172e-07	1.6994e-07	1.6528e-07	1.5889e-07	1.5165e-07	1.4382e-07	1.3504e-07	1.2663e-07	1.1827e-07	1.0989e-07	1.0172e-07	9.2758e-08	8.4659e-08	7.6502e-08	6.8414e-08	6.0384e-08	5.1674e-08	4.3477e-08	3.5302e-08	3.5302e-08	2.7325e-08	1.8981e-08	1.3375e-08	1.003e-08	8.5881e-09	7.7699e-09	7.6172e-09	7.4312e-09	7.3818e-09	7.5071e-09	7.5804e-09	7.9042e-09	8.074e-09	8.299e-09	8.2077e-09	7.9578e-09	7.8963e-09	8.0713e-09	8.1689e-09	8.6257e-09	9.0538e-09	9.284e-09	9.5405e-09	9.4556e-09	9.5511e-09	9.4397e-09	9.582e-09	1.0123e-08	1.0132e-08	9.9001e-09	9.8636e-09	1.0636e-08	1.1015e-08	1.1004e-08	1.0706e-08	1.093e-08	1.0891e-08	1.0699e-08	1.0341e-08	9.7565e-09	9.8655e-09	1.0297e-08	1.082e-08	1.0918e-08	1.0549e-08	1.0697e-08	1.0289e-08	1.0113e-08	9.768e-09	9.768e-09	1.0181e-08	1.0304e-08	1.0477e-08
7.8465e-09	7.5848e-09	8.0647e-09	8.415e-09	8.7246e-09	9.1087e-09	8.8186e-09	8.9455e-09	9.2154e-09	9.1594e-09	9.1512e-09	8.437e-09	8.1951e-09	8.0677e-09	7.8914e-09	7.5395e-09	7.4789e-09	7.9578e-09	7.9388e-09	7.8391e-09	7.6867e-09	7.3378e-09	7.6425e-09	7.8087e-09	7.5162e-09	7.5162e-09	7.193e-09	7.8401e-09	8.4142e-09	8.5672e-09	8.3374e-09	7.8362e-09	7.8414e-09	7.947e-09	7.752e-09	7.3485e-09	7.6985e-09	7.7882e-09	7.8016e-09	7.8801e-09	7.9122e-09	7.8577e-09	7.7936e-09	8.0022e-09	8.186e-09	8.3385e-09	9.4092e-09	1.5145e-08	2.5604e-08	3.8909e-08	5.3803e-08	7.2686e-08	8.8866e-08	1.0397e-07	1.1797e-07	1.3013e-07	1.4188e-07	1.5012e-07	1.5759e-07	1.6407e-07	1.6996e-07	1.7358e-07	1.728e-07	1.7099e-07	1.7155e-07	1.7208e-07	1.6993e-07	1.6502e-07	1.5849e-07	1.5115e-07	1.4326e-07	1.3448e-07	1.2602e-07	1.176e-07	1.176e-07	1.0916e-07	1.0021e-07	9.2026e-08	8.3969e-08	7.5809e-08	6.7718e-08	5.9009e-08	5.0948e-08	4.268e-08	3.4473e-08	2.6527e-08	1.8317e-08	1.2948e-08	9.8859e-09	8.5484e-09	7.8757e-09	7.8537e-09	7.683e-09	7.7034e-09	7.8477e-09	7.8352e-09	8.1746e-09	8.3856e-09	8.6397e-09	8.5171e-09	8.1905e-09	8.2143e-09	8.314e-09	8.3128e-09	8.708e-09	9.0927e-09	9.2303e-09	9.4175e-09	9.3653e-09	9.4169e-09	9.3289e-09	9.519e-09	1.0077e-08	1.0283e-08	1.0239e-08	1.0309e-08	1.1078e-08	1.1404e-08	1.134e-08	1.1055e-08	1.093e-08	1.1123e-08	1.095e-08	1.054e-08	1.054e-08	1.0008e-08	1.0265e-08	1.0671e-08	1.1185e-08	1.1227e-08	1.0808e-08	1.0963e-08	1.0594e-08	1.042e-08	1.0134e-08	1.0181e-08	1.0555e-08	1.0698e-08
7.5245e-09	7.3255e-09	7.7917e-09	8.1183e-09	8.3355e-09	8.6819e-09	8.4252e-09	8.5884e-09	8.8784e-09	8.9248e-09	8.9105e-09	8.2733e-09	8.0807e-09	7.875e-09	7.6649e-09	7.6649e-09	7.281e-09	7.4507e-09	7.8916e-09	7.8075e-09	7.6995e-09	7.4843e-09	7.2981e-09	7.5349e-09	7.7091e-09	7.4763e-09	7.2523e-09	7.7859e-09	8.2714e-09	8.4556e-09	8.2424e-09	7.832e-09	7.8575e-09	7.8931e-09	7.8102e-09	7.4784e-09	7.9078e-09	8.0466e-09	8.0498e-09	8.091e-09	8.0181e-09	8.0075e-09	7.9775e-09	8.1566e-09	8.3378e-09	8.5582e-09	1.0149e-08	1.679e-08	2.7927e-08	4.1563e-08	5.6642e-08	7.564e-08	9.1732e-08	1.0666e-07	1.204e-07	1.3227e-07	1.438e-07	1.5186e-07	1.5919e-07	1.6546e-07	1.7097e-07	1.7404e-07	1.7303e-07	1.7155e-07	1.7155e-07	1.7217e-07	1.7271e-07	1.6991e-07	1.6477e-07	1.5811e-07	1.5067e-07	1.4221e-07	1.3393e-07	1.2544e-07	1.1696e-07	1.0845e-07	9.948e-08	9.1308e-08	8.3283e-08	7.5119e-08	6.702e-08	5.8297e-08	5.02e-08	4.1876e-08	3.3645e-08	2.5732e-08	1.7693e-08	1.2587e-08	9.813e-09	8.6088e-09	8.0598e-09	8.1518e-09	7.9815e-09	8.0477e-09	8.2021e-09	8.103e-09	8.4482e-09	8.6986e-09	8.982e-09	8.8629e-09	8.5198e-09	8.648e-09	8.6847e-09	8.5854e-09	8.9063e-09	9.2395e-09	9.2579e-09	9.3701e-09	9.3444e-09	9.3397e-09	9.2777e-09	9.5005e-09	1.0059e-08	1.0459e-08	1.0459e-08	1.0594e-08	1.1144e-08	1.1471e-08	1.1727e-08	1.1619e-08	1.1358e-08	1.1412e-08	1.133e-08	1.1176e-08	1.0756e-08	1.03e-08	1.0694e-08	1.1007e-08	1.1434e-08	1.1425e-08	1.1013e-08	1.1178e-08	1.0882e-08	1.0735e-08	1.0512e-08	1.0512e-08	1.0774e-08	1.0874e-08
7.2708e-09	7.1463e-09	7.5947e-09	7.8932e-09	8.0198e-09	8.0198e-09	8.0362e-09	8.135e-09	8.3425e-09	8.6214e-09	8.7454e-09	8.6321e-09	8.2166e-09	8.0743e-09	7.8247e-09	7.5815e-09	7.3625e-09	7.5637e-09	7.92e-09	7.7459e-09	7.6272e-09	7.5089e-09	7.3571e-09	7.5142e-09	7.6972e-09	7.5373e-09	7.3961e-09	7.78e-09	8.1627e-09	8.3749e-09	8.1993e-09	7.9148e-09	7.9541e-09	7.9153e-09	7.9512e-09	7.6991e-09	8.1877e-09	8.3671e-09	8.3612e-09	8.3676e-09	8.2026e-09	8.2503e-09	8.2447e-09	8.3941e-09	8.5566e-09	8.8508e-09	1.1089e-08	1.8578e-08	3.032e-08	4.4275e-08	5.9538e-08	7.8617e-08	9.4583e-08	1.0936e-07	1.2286e-07	1.2286e-07	1.366e-07	1.4576e-07	1.5367e-07	1.6084e-07	1.6689e-07	1.7293e-07	1.7445e-07	1.7324e-07	1.7215e-07	1.7279e-07	1.7298e-07	1.6988e-07	1.6451e-07	1.5774e-07	1.5021e-07	1.417e-07	1.334e-07	1.2487e-07	1.1634e-07	1.0778e-07	9.8769e-08	9.0596e-08	8.2591e-08	7.4417e-08	6.6308e-08	5.7551e-08	4.9417e-08	4.1064e-08	3.2819e-08	2.4939e-08	1.7112e-08	1.2298e-08	9.818e-09	8.7858e-09	8.334e-09	8.4932e-09	8.3119e-09	8.4024e-09	8.5597e-09	8.3787e-09	8.7208e-09	9.006e-09	9.3168e-09	9.2267e-09	8.9154e-09	9.1559e-09	9.1439e-09	8.9528e-09	8.9528e-09	9.1937e-09	9.7705e-09	9.3645e-09	9.4044e-09	9.3945e-09	9.3269e-09	9.3566e-09	9.5302e-09	1.008e-08	1.065e-08	1.0933e-08	1.1452e-08	1.1781e-08	1.1956e-08	1.1824e-08	1.1601e-08	1.1582e-08	1.1513e-08	1.1375e-08	1.0998e-08	1.0646e-08	1.1132e-08	1.1295e-08	1.1568e-08	1.1513e-08	1.1162e-08	1.1338e-08	1.114e-08	1.1036e-08	1.088e-08	1.0826e-08	1.0953e-08	1.1005e-08
7.5523e-09	7.0457e-09	7.0655e-09	7.4968e-09	7.7659e-09	7.8175e-09	7.8914e-09	7.9819e-09	8.2396e-09	8.469e-09	8.6368e-09	8.6062e-09	8.2571e-09	8.1655e-09	7.9052e-09	7.6333e-09	7.566e-09	7.7981e-09	8.0366e-09	7.7596e-09	7.6275e-09	7.6165e-09	7.5097e-09	7.582e-09	7.7679e-09	7.6839e-09	7.6129e-09	7.8302e-09	8.1049e-09	8.3398e-09	8.2174e-09	8.0898e-09	8.1325e-09	8.0184e-09	8.1656e-09	7.9925e-09	8.5251e-09	8.7347e-09	8.7249e-09	8.7055e-09	8.4731e-09	8.5983e-09	8.6023e-09	8.7243e-09	8.8491e-09	8.8491e-09	9.6757e-09	1.2227e-08	2.0493e-08	3.2767e-08	4.7033e-08	6.5452e-08	8.16e-08	9.7411e-08	1.1205e-07	1.2532e-07	1.3874e-07	1.4773e-07	1.5551e-07	1.6251e-07	1.6833e-07	1.7384e-07	1.7481e-07	1.7344e-07	1.7278e-07	1.7341e-07	1.7324e-07	1.6984e-07	1.6426e-07	1.5738e-07	1.4976e-07	1.4119e-07	1.3287e-07	1.2431e-07	1.1572e-07	1.0711e-07	9.8068e-08	8.9885e-08	8.1879e-08	7.3691e-08	6.5567e-08	5.6761e-08	4.8593e-08	4.0241e-08	3.1997e-08	2.415e-08	1.6577e-08	1.2075e-08	9.8904e-09	9.0553e-09	8.6749e-09	8.8552e-09	8.6557e-09	8.753e-09	8.753e-09	8.9086e-09	8.9285e-09	8.9887e-09	9.3009e-09	9.635e-09	9.59e-09	9.7856e-09	9.696e-09	9.6516e-09	9.3806e-09	9.5435e-09	1.0112e-08	9.5477e-09	9.526e-09	9.5174e-09	9.3856e-09	9.4878e-09	9.6117e-09	1.0149e-08	1.0847e-08	1.1224e-08	1.1638e-08	1.1976e-08	1.2067e-08	1.1942e-08	1.1773e-08	1.1699e-08	1.1663e-08	1.154e-08	1.1256e-08	1.1028e-08	1.155e-08	1.1526e-08	1.1601e-08	1.1507e-08	1.1254e-08	1.1442e-08	1.1354e-08	1.1302e-08	1.1214e-08	1.1106e-08	1.1083e-08	1.1087e-08
7.5074e-09	7.1076e-09	7.0965e-09	7.5151e-09	7.756e-09	7.7595e-09	7.8689e-09	7.959e-09	8.2695e-09	8.4176e-09	8.5972e-09	8.6423e-09	8.3759e-09	8.3351e-09	8.0927e-09	7.8011e-09	7.8749e-09	8.1342e-09	8.2354e-09	7.854e-09	7.7062e-09	7.8066e-09	7.7508e-09	7.7398e-09	7.9164e-09	7.9003e-09	7.891e-09	7.9444e-09	8.1148e-09	8.3652e-09	8.3058e-09	8.3623e-09	8.3935e-09	8.2073e-09	8.4439e-09	8.4439e-09	8.7256e-09	8.9071e-09	9.1343e-09	9.1296e-09	9.0997e-09	9.2813e-09	9.0432e-09	9.0418e-09	9.139e-09	9.211e-09	1.0216e-08	1.3542e-08	2.2522e-08	3.5264e-08	4.9828e-08	6.8441e-08	8.4575e-08	1.0021e-07	1.1472e-07	1.2776e-07	1.4085e-07	1.4967e-07	1.5733e-07	1.6417e-07	1.6975e-07	1.7468e-07	1.7511e-07	1.7365e-07	1.7343e-07	1.7402e-07	1.7348e-07	1.6979e-07	1.64e-07	1.5701e-07	1.493e-07	1.4066e-07	1.3232e-07	1.2373e-07	1.1511e-07	1.0646e-07	9.7373e-08	8.9168e-08	8.114e-08	7.2932e-08	6.479e-08	5.5932e-08	4.7735e-08	3.9408e-08	3.9408e-08	3.1179e-08	2.2612e-08	1.6089e-08	1.1912e-08	1.0017e-08	9.3867e-09	9.4413e-09	9.2151e-09	8.9945e-09	9.0851e-09	9.2367e-09	9.1901e-09	9.2478e-09	9.576e-09	9.9273e-09	9.9344e-09	1.02e-08	1.0227e-08	1.0168e-08	9.835e-09	9.9288e-09	1.0474e-08	9.8051e-09	9.741e-09	9.7146e-09	9.5233e-09	9.6787e-09	9.7468e-09	1.0273e-08	1.1041e-08	1.1438e-08	1.17e-08	1.2055e-08	1.2062e-08	1.1969e-08	1.1869e-08	1.1758e-08	1.1768e-08	1.1661e-08	1.1504e-08	1.141e-08	1.1919e-08	1.1693e-08	1.1551e-08	1.1425e-08	1.129e-08	1.1487e-08	1.151e-08	1.1514e-08	1.1514e-08	1.1489e-08	1.1494e-08	1.1156e-08
7.5672e-09	7.2782e-09	7.2298e-09	7.6384e-09	7.8534e-09	7.8334e-09	7.949e-09	8.0467e-09	8.4088e-09	8.4546e-09	8.6196e-09	8.7288e-09	8.5539e-09	8.5641e-09	8.3633e-09	8.0653e-09	8.2728e-09	8.5522e-09	8.51e-09	8.0346e-09	7.8686e-09	8.0787e-09	8.075e-09	7.9891e-09	8.1377e-09	8.1377e-09	8.4803e-09	8.2188e-09	8.1307e-09	8.209e-09	8.4657e-09	8.7293e-09	8.7365e-09	8.7377e-09	8.4863e-09	8.7766e-09	9.1341e-09	9.3215e-09	9.554e-09	9.5634e-09	9.5389e-09	9.7842e-09	9.5581e-09	9.5406e-09	9.6128e-09	9.6283e-09	1.0845e-08	1.5013e-08	2.465e-08	3.7804e-08	5.2652e-08	7.143e-08	8.7525e-08	1.0298e-07	1.1736e-07	1.3014e-07	1.4289e-07	1.5156e-07	1.591e-07	1.6577e-07	1.7112e-07	1.7545e-07	1.7537e-07	1.7387e-07	1.7408e-07	1.7462e-07	1.737e-07	1.6972e-07	1.6372e-07	1.5663e-07	1.4883e-07	1.401e-07	1.3175e-07	1.2314e-07	1.2314e-07	1.145e-07	1.0517e-07	9.6681e-08	8.8444e-08	8.0374e-08	7.2144e-08	6.3146e-08	5.5073e-08	4.6851e-08	3.8566e-08	3.0365e-08	2.1879e-08	1.5648e-08	1.1802e-08	1.0184e-08	9.7493e-09	9.8087e-09	9.5502e-09	9.31e-09	9.3841e-09	9.5318e-09	9.4345e-09	9.4942e-09	9.8244e-09	1.0185e-08	1.0241e-08	1.056e-08	1.0707e-08	1.0654e-08	1.0282e-08	1.0323e-08	1.0837e-08	1.0132e-08	1.0052e-08	9.9852e-09	9.7443e-09	9.9093e-09	9.9192e-09	1.0436e-08	1.1219e-08	1.1566e-08	1.1654e-08	1.203e-08	1.1956e-08	1.1911e-08	1.1889e-08	1.1753e-08	1.1818e-08	1.1727e-08	1.1727e-08	1.1717e-08	1.2041e-08	1.2208e-08	1.1789e-08	1.1432e-08	1.1282e-08	1.1203e-08	1.1468e-08	1.1594e-08	1.1652e-08	1.1684e-08	1.1567e-08	1.1163e-08
7.7233e-09	7.2782e-09	7.4489e-09	7.8468e-09	8.0382e-09	8.0137e-09	7.949e-09	8.2256e-09	8.6344e-09	8.5674e-09	8.6972e-09	8.7288e-09	8.7723e-09	8.8333e-09	8.6933e-09	8.6933e-09	8.8051e-09	8.743e-09	9.0323e-09	8.8545e-09	8.3067e-09	8.4672e-09	8.4321e-09	8.4772e-09	8.3315e-09	8.427e-09	8.8132e-09	8.5847e-09	8.3961e-09	8.4035e-09	8.6553e-09	9.0668e-09	9.2004e-09	9.1536e-09	8.8465e-09	9.152e-09	9.557e-09	9.7568e-09	9.9843e-09	1.0013e-08	1.0006e-08	1.0319e-08	1.0116e-08	1.0076e-08	1.012e-08	1.0086e-08	1.1567e-08	1.6616e-08	2.6862e-08	4.0383e-08	5.5494e-08	7.4403e-08	9.0434e-08	1.057e-07	1.1993e-07	1.3245e-07	1.4485e-07	1.5337e-07	1.6079e-07	1.6729e-07	1.724e-07	1.7612e-07	1.7559e-07	1.7411e-07	1.7411e-07	1.7471e-07	1.7575e-07	1.7392e-07	1.6964e-07	1.6343e-07	1.5623e-07	1.4782e-07	1.3952e-07	1.3116e-07	1.2252e-07	1.1387e-07	1.0452e-07	9.5988e-08	8.7712e-08	7.9587e-08	7.133e-08	6.2291e-08	5.4192e-08	4.5949e-08	3.7716e-08	2.9556e-08	2.118e-08	1.5257e-08	1.1738e-08	1.0378e-08	1.0112e-08	1.0127e-08	9.8379e-09	9.5837e-09	9.6354e-09	9.7819e-09	9.6555e-09	9.7239e-09	1.0039e-08	1.0398e-08	1.0493e-08	1.0839e-08	1.1096e-08	1.1071e-08	1.0688e-08	1.0699e-08	1.1177e-08	1.0502e-08	1.043e-08	1.0305e-08	1.0025e-08	1.0149e-08	1.0103e-08	1.0614e-08	1.0614e-08	1.1366e-08	1.1577e-08	1.1515e-08	1.1912e-08	1.1763e-08	1.1775e-08	1.17e-08	1.1682e-08	1.18e-08	1.1728e-08	1.187e-08	1.222e-08	1.2389e-08	1.1805e-08	1.1259e-08	1.1096e-08	1.108e-08	1.1384e-08	1.1592e-08	1.1694e-08	1.1774e-08	1.1538e-08	1.1098e-08
7.9607e-09	7.5375e-09	7.7373e-09	8.1205e-09	8.2911e-09	8.2911e-09	8.2746e-09	8.3379e-09	8.4762e-09	8.9231e-09	8.7436e-09	8.8228e-09	9.0062e-09	9.012e-09	9.1236e-09	9.0587e-09	8.8051e-09	9.269e-09	9.5547e-09	9.2626e-09	8.6758e-09	8.4672e-09	8.8658e-09	8.9518e-09	8.7676e-09	8.779e-09	8.8132e-09	8.9788e-09	8.7357e-09	8.6955e-09	8.932e-09	9.0668e-09	9.7266e-09	9.6193e-09	9.2674e-09	9.5565e-09	9.557e-09	1.0202e-08	1.0416e-08	1.0467e-08	1.0484e-08	1.0319e-08	1.0689e-08	1.0623e-08	1.0635e-08	1.0571e-08	1.1567e-08	1.833e-08	2.9144e-08	4.2993e-08	5.8347e-08	7.7347e-08	9.3288e-08	1.0838e-07	1.0838e-07	1.2244e-07	1.3674e-07	1.467e-07	1.5506e-07	1.6234e-07	1.6869e-07	1.7462e-07	1.7669e-07	1.7577e-07	1.7439e-07	1.7533e-07	1.7628e-07	1.7413e-07	1.6954e-07	1.6312e-07	1.5581e-07	1.4728e-07	1.3891e-07	1.3054e-07	1.2188e-07	1.1323e-07	1.0386e-07	9.5291e-08	8.6971e-08	7.878e-08	7.0495e-08	6.1422e-08	5.3295e-08	4.5039e-08	3.6857e-08	2.875e-08	2.0522e-08	1.4916e-08	1.1714e-08	1.0586e-08	1.0445e-08	1.0367e-08	1.0055e-08	9.7973e-09	9.8247e-09	9.9749e-09	9.8469e-09	9.9331e-09	1.0213e-08	1.0558e-08	1.0671e-08	1.1032e-08	1.1385e-08	1.1405e-08	1.1405e-08	1.1036e-08	1.1321e-08	1.1472e-08	1.0875e-08	1.0832e-08	1.0637e-08	1.0617e-08	1.0369e-08	1.0273e-08	1.078e-08	1.1468e-08	1.1468e-08	1.1301e-08	1.1714e-08	1.15e-08	1.1566e-08	1.1491e-08	1.154e-08	1.1703e-08	1.1654e-08	1.1937e-08	1.2261e-08	1.2431e-08	1.1733e-08	1.1049e-08	1.0884e-08	1.0907e-08	1.1231e-08	1.1492e-08	1.1621e-08	1.1735e-08	1.1408e-08	1.0964e-08
8.3994e-09	8.2642e-09	8.2415e-09	8.0784e-09	8.4395e-09	8.5923e-09	8.5904e-09	8.6072e-09	8.7789e-09	9.2517e-09	8.9705e-09	8.9897e-09	9.1738e-09	9.254e-09	9.4159e-09	9.4356e-09	9.2418e-09	9.8341e-09	1.01e-08	9.7277e-09	9.1465e-09	8.9135e-09	9.3673e-09	9.4834e-09	9.2832e-09	9.1829e-09	9.1609e-09	9.3926e-09	9.1326e-09	9.0655e-09	9.2793e-09	9.4673e-09	1.0287e-08	1.0112e-08	9.7279e-09	9.9766e-09	9.9852e-09	1.0644e-08	1.084e-08	1.0911e-08	1.0955e-08	1.0861e-08	1.1249e-08	1.1161e-08	1.1161e-08	1.1131e-08	1.1068e-08	1.3303e-08	2.0132e-08	3.1479e-08	4.563e-08	6.1201e-08	8.0244e-08	9.607e-08	1.11e-07	1.2486e-07	1.3674e-07	1.4844e-07	1.5664e-07	1.6375e-07	1.6994e-07	1.7462e-07	1.7718e-07	1.7595e-07	1.7471e-07	1.7593e-07	1.7628e-07	1.743e-07	1.6941e-07	1.6279e-07	1.5537e-07	1.4728e-07	1.3828e-07	1.299e-07	1.2122e-07	1.1257e-07	1.0386e-07	9.4587e-08	8.622e-08	7.7958e-08	6.9643e-08	6.1422e-08	5.2391e-08	4.4128e-08	3.5992e-08	2.795e-08	2.0522e-08	1.4626e-08	1.1722e-08	1.0795e-08	1.0718e-08	1.0504e-08	1.0183e-08	9.9346e-09	9.9346e-09	9.9393e-09	1.0161e-08	1.0006e-08	1.0117e-08	1.0346e-08	1.0667e-08	1.0824e-08	1.1147e-08	1.1576e-08	1.165e-08	1.1313e-08	1.1531e-08	1.1699e-08	1.1215e-08	1.1213e-08	1.0944e-08	1.0853e-08	1.0537e-08	1.0402e-08	1.0908e-08	1.151e-08	1.1285e-08	1.1028e-08	1.1448e-08	1.1182e-08	1.1289e-08	1.1205e-08	1.1322e-08	1.1515e-08	1.1496e-08	1.1894e-08	1.2131e-08	1.2306e-08	1.1566e-08	1.0816e-08	1.0661e-08	1.0693e-08	1.1018e-08	1.1296e-08	1.1434e-08	1.157e-08	1.1211e-08	1.0789e-08
8.7468e-09	8.6188e-09	8.646e-09	8.4557e-09	8.7841e-09	8.9222e-09	8.9355e-09	8.9e-09	9.1143e-09	9.597e-09	9.2356e-09	9.1909e-09	9.3456e-09	9.4801e-09	9.6917e-09	9.801e-09	9.6973e-09	1.042e-08	1.0649e-08	1.0236e-08	9.7042e-09	9.4468e-09	9.9144e-09	1.0048e-08	9.8502e-09	9.6229e-09	9.5211e-09	9.8177e-09	9.5699e-09	9.4931e-09	9.68e-09	9.9112e-09	1.0855e-08	1.061e-08	1.0207e-08	1.0207e-08	1.0399e-08	1.0821e-08	1.1074e-08	1.1247e-08	1.1332e-08	1.1403e-08	1.1861e-08	1.177e-08	1.1666e-08	1.1583e-08	1.1562e-08	1.4324e-08	2.2001e-08	3.3854e-08	4.8289e-08	6.4047e-08	8.3084e-08	9.877e-08	1.1356e-07	1.2718e-07	1.3868e-07	1.5008e-07	1.581e-07	1.6503e-07	1.7107e-07	1.7554e-07	1.776e-07	1.7613e-07	1.751e-07	1.7652e-07	1.7678e-07	1.7445e-07	1.6926e-07	1.6243e-07	1.549e-07	1.4672e-07	1.3763e-07	1.2924e-07	1.2053e-07	1.1189e-07	1.0318e-07	9.3873e-08	8.5457e-08	7.7124e-08	6.878e-08	6.0546e-08	5.1488e-08	4.3226e-08	4.3226e-08	3.512e-08	2.7155e-08	1.936e-08	1.4389e-08	1.1755e-08	1.0991e-08	1.0901e-08	1.0538e-08	1.0224e-08	9.9996e-09	9.9844e-09	1.0161e-08	1.0131e-08	1.027e-08	1.044e-08	1.0728e-08	1.0824e-08	1.1191e-08	1.1672e-08	1.1803e-08	1.1508e-08	1.1531e-08	1.1836e-08	1.1481e-08	1.1529e-08	1.119e-08	1.0853e-08	1.0625e-08	1.0466e-08	1.0972e-08	1.1477e-08	1.1285e-08	1.0711e-08	1.1126e-08	1.0823e-08	1.0951e-08	1.1205e-08	1.1024e-08	1.1226e-08	1.1242e-08	1.1716e-08	1.183e-08	1.2015e-08	1.1312e-08	1.0577e-08	1.0443e-08	1.0457e-08	1.0769e-08	1.0769e-08	1.1037e-08	1.1171e-08	1.1023e-08	1.0984e-08
9.13e-09	9.0093e-09	9.0587e-09	8.8527e-09	9.1344e-09	9.2612e-09	9.2842e-09	9.1973e-09	9.4632e-09	9.9364e-09	9.5267e-09	9.4195e-09	9.5187e-09	9.6863e-09	9.9461e-09	1.0145e-08	1.0157e-08	1.1005e-08	1.1188e-08	1.0765e-08	1.0317e-08	1.0039e-08	1.0484e-08	1.0622e-08	1.044e-08	1.044e-08	1.0083e-08	1.0269e-08	1.0245e-08	1.0031e-08	9.9581e-09	1.0117e-08	1.0851e-08	1.1401e-08	1.109e-08	1.0684e-08	1.0809e-08	1.1211e-08	1.1478e-08	1.1627e-08	1.1717e-08	1.1809e-08	1.2269e-08	1.2224e-08	1.2114e-08	1.1965e-08	1.2039e-08	1.5449e-08	2.3919e-08	3.6257e-08	5.0961e-08	6.6876e-08	8.5864e-08	1.0139e-07	1.1605e-07	1.2939e-07	1.405e-07	1.5163e-07	1.5947e-07	1.6621e-07	1.7211e-07	1.7637e-07	1.7797e-07	1.7635e-07	1.7556e-07	1.7712e-07	1.7725e-07	1.7456e-07	1.6907e-07	1.6205e-07	1.5441e-07	1.4613e-07	1.3696e-07	1.2855e-07	1.2855e-07	1.1982e-07	1.1119e-07	1.0178e-07	9.3144e-08	8.4683e-08	7.6281e-08	6.7909e-08	5.8791e-08	5.0591e-08	4.2338e-08	3.4241e-08	2.6363e-08	1.8851e-08	1.4189e-08	1.1797e-08	1.1159e-08	1.0989e-08	1.0486e-08	1.0195e-08	1.0007e-08	9.9746e-09	1.0168e-08	1.022e-08	1.0387e-08	1.0496e-08	1.0746e-08	1.0818e-08	1.1172e-08	1.1677e-08	1.186e-08	1.1609e-08	1.165e-08	1.1861e-08	1.1635e-08	1.1736e-08	1.1338e-08	1.0997e-08	1.0601e-08	1.0437e-08	1.0945e-08	1.1356e-08	1.1033e-08	1.0369e-08	1.0762e-08	1.0439e-08	1.0556e-08	1.0843e-08	1.0658e-08	1.0843e-08	1.0843e-08	1.0902e-08	1.1406e-08	1.141e-08	1.1608e-08	1.1002e-08	1.0346e-08	1.0241e-08	1.0223e-08	1.051e-08	1.0749e-08	1.087e-08	1.1023e-08	1.0763e-08
9.5364e-09	9.4206e-09	9.46e-09	9.2531e-09	9.4711e-09	9.5902e-09	9.6117e-09	9.4914e-09	9.8156e-09	1.026e-08	9.8352e-09	9.6703e-09	9.6986e-09	9.8812e-09	1.0186e-08	1.0186e-08	1.0469e-08	1.1051e-08	1.1568e-08	1.1699e-08	1.1294e-08	1.0953e-08	1.1283e-08	1.1054e-08	1.1181e-08	1.1024e-08	1.0547e-08	1.0653e-08	1.0668e-08	1.0497e-08	1.044e-08	1.0574e-08	1.1309e-08	1.1899e-08	1.153e-08	1.1138e-08	1.1194e-08	1.157e-08	1.1846e-08	1.1971e-08	1.2055e-08	1.2156e-08	1.2592e-08	1.2594e-08	1.2491e-08	1.2264e-08	1.2496e-08	1.668e-08	2.5886e-08	3.8681e-08	5.364e-08	6.9682e-08	8.8581e-08	1.0393e-07	1.1847e-07	1.315e-07	1.422e-07	1.5312e-07	1.6078e-07	1.6733e-07	1.7308e-07	1.7711e-07	1.7831e-07	1.7662e-07	1.7662e-07	1.761e-07	1.7773e-07	1.7808e-07	1.7462e-07	1.6884e-07	1.6165e-07	1.5389e-07	1.4489e-07	1.3628e-07	1.2783e-07	1.1908e-07	1.1046e-07	1.0104e-07	9.2397e-08	8.3894e-08	7.5432e-08	6.7034e-08	5.7907e-08	4.9689e-08	4.1452e-08	3.3345e-08	2.5569e-08	1.8363e-08	1.4006e-08	1.1829e-08	1.1283e-08	1.0989e-08	1.0365e-08	1.0114e-08	9.9716e-09	9.9246e-09	1.0132e-08	1.0272e-08	1.0464e-08	1.0516e-08	1.0725e-08	1.0771e-08	1.1097e-08	1.1593e-08	1.1816e-08	1.1605e-08	1.1662e-08	1.1749e-08	1.1638e-08	1.1788e-08	1.135e-08	1.1013e-08	1.0436e-08	1.0291e-08	1.0291e-08	1.0803e-08	1.1132e-08	1.0347e-08	1.0017e-08	1.0372e-08	1.0048e-08	1.0121e-08	9.9662e-09	1.0256e-08	1.0406e-08	1.0511e-08	1.101e-08	1.0928e-08	1.1139e-08	1.0671e-08	1.0138e-08	1.0066e-08	1.0011e-08	1.0267e-08	1.0466e-08	1.057e-08	1.0728e-08	1.0583e-08
9.9535e-09	9.8377e-09	9.8398e-09	9.646e-09	9.7858e-09	9.7858e-09	9.9005e-09	1.0181e-08	9.7853e-09	1.0169e-08	1.057e-08	1.0156e-08	1.0225e-08	9.8907e-09	1.0074e-08	1.0419e-08	1.0777e-08	1.1465e-08	1.209e-08	1.2168e-08	1.1801e-08	1.1579e-08	1.1877e-08	1.1601e-08	1.1699e-08	1.1573e-08	1.0999e-08	1.104e-08	1.1075e-08	1.0953e-08	1.0919e-08	1.1033e-08	1.1732e-08	1.232e-08	1.1907e-08	1.1547e-08	1.1541e-08	1.1895e-08	1.2171e-08	1.2275e-08	1.2337e-08	1.2436e-08	1.2844e-08	1.2891e-08	1.2804e-08	1.25e-08	1.2956e-08	1.8014e-08	2.7901e-08	4.1121e-08	5.6315e-08	7.2457e-08	9.1234e-08	1.0639e-07	1.0639e-07	1.2079e-07	1.3351e-07	1.4538e-07	1.5455e-07	1.6205e-07	1.6842e-07	1.7401e-07	1.7842e-07	1.7864e-07	1.7699e-07	1.7675e-07	1.7838e-07	1.7844e-07	1.7463e-07	1.6857e-07	1.6122e-07	1.5334e-07	1.4423e-07	1.3558e-07	1.271e-07	1.1832e-07	1.097e-07	1.0026e-07	9.1621e-08	8.308e-08	7.4567e-08	6.6145e-08	5.6995e-08	4.8763e-08	4.0545e-08	3.2419e-08	2.4759e-08	1.7877e-08	1.3818e-08	1.1832e-08	1.1348e-08	1.0907e-08	1.019e-08	9.9963e-09	9.9084e-09	9.849e-09	1.0064e-08	1.0286e-08	1.0495e-08	1.0502e-08	1.0672e-08	1.0693e-08	1.0976e-08	1.1425e-08	1.1425e-08	1.1668e-08	1.1485e-08	1.129e-08	1.1481e-08	1.1453e-08	1.1643e-08	1.1191e-08	1.0546e-08	1.0132e-08	1.003e-08	1.0545e-08	1.0811e-08	9.9586e-09	9.6787e-09	9.9808e-09	9.672e-09	9.6765e-09	9.5217e-09	9.855e-09	9.9567e-09	1.0107e-08	1.0576e-08	1.044e-08	1.066e-08	1.0351e-08	9.9688e-09	9.9289e-09	9.8445e-09	1.0066e-08	1.0222e-08	1.031e-08	1.0474e-08	1.0482e-08
9.5156e-09	1.0371e-08	1.0649e-08	1.0197e-08	1.0025e-08	1.008e-08	1.0193e-08	1.0433e-08	1.0083e-08	1.0523e-08	1.0869e-08	1.0485e-08	1.0521e-08	1.01e-08	1.0274e-08	1.0654e-08	1.107e-08	1.1844e-08	1.2549e-08	1.2577e-08	1.2265e-08	1.2163e-08	1.2415e-08	1.2101e-08	1.2155e-08	1.2059e-08	1.1423e-08	1.1427e-08	1.1461e-08	1.1382e-08	1.1375e-08	1.1477e-08	1.2109e-08	1.2649e-08	1.2211e-08	1.19e-08	1.1842e-08	1.2198e-08	1.2464e-08	1.2546e-08	1.2575e-08	1.2662e-08	1.3045e-08	1.3131e-08	1.3131e-08	1.3065e-08	1.2699e-08	1.4e-08	1.9451e-08	2.9964e-08	4.3572e-08	5.8978e-08	7.7884e-08	9.3821e-08	1.0878e-07	1.2302e-07	1.3541e-07	1.4689e-07	1.5595e-07	1.633e-07	1.695e-07	1.7493e-07	1.7902e-07	1.7897e-07	1.7746e-07	1.7752e-07	1.7905e-07	1.7874e-07	1.7458e-07	1.6826e-07	1.6075e-07	1.5277e-07	1.4353e-07	1.3486e-07	1.2632e-07	1.1753e-07	1.089e-07	9.9434e-08	9.0799e-08	8.2226e-08	7.3669e-08	6.5224e-08	5.6036e-08	4.7793e-08	3.9593e-08	3.1446e-08	2.3922e-08	1.7371e-08	1.3606e-08	1.1784e-08	1.1338e-08	1.0748e-08	9.9794e-09	9.8597e-09	9.8597e-09	9.832e-09	9.7626e-09	9.8724e-09	1.0259e-08	1.0475e-08	1.0456e-08	1.0589e-08	1.0484e-08	1.0815e-08	1.1176e-08	1.1412e-08	1.1238e-08	1.09e-08	1.1063e-08	1.1081e-08	1.1299e-08	1.086e-08	1.0119e-08	9.7414e-09	9.6978e-09	1.0212e-08	1.0431e-08	9.5838e-09	9.3736e-09	9.6154e-09	9.332e-09	9.2531e-09	9.1216e-09	9.4899e-09	9.5355e-09	9.7284e-09	1.0152e-08	1.0003e-08	1.0226e-08	1.0077e-08	9.8537e-09	9.8409e-09	9.7443e-09	9.9329e-09	1.0051e-08	1.0129e-08	1.0306e-08	1.0494e-08
9.9526e-09	1.0781e-08	1.1027e-08	1.053e-08	1.0386e-08	1.0357e-08	1.0467e-08	1.0672e-08	1.0386e-08	1.0874e-08	1.1158e-08	1.0818e-08	1.0826e-08	1.0333e-08	1.0491e-08	1.0897e-08	1.1352e-08	1.2178e-08	1.2924e-08	1.2912e-08	1.2664e-08	1.2673e-08	1.2866e-08	1.2534e-08	1.2522e-08	1.2453e-08	1.1803e-08	1.1814e-08	1.1819e-08	1.1772e-08	1.1794e-08	1.1895e-08	1.2448e-08	1.2907e-08	1.2907e-08	1.2459e-08	1.221e-08	1.2374e-08	1.2491e-08	1.2736e-08	1.2792e-08	1.2782e-08	1.3015e-08	1.3213e-08	1.3331e-08	1.3286e-08	1.2887e-08	1.4641e-08	2.0989e-08	3.2077e-08	4.603e-08	6.1619e-08	8.0522e-08	9.6342e-08	1.111e-07	1.2514e-07	1.372e-07	1.4837e-07	1.5734e-07	1.6455e-07	1.706e-07	1.7586e-07	1.7961e-07	1.7933e-07	1.7805e-07	1.7841e-07	1.7977e-07	1.7899e-07	1.7445e-07	1.6788e-07	1.6025e-07	1.5215e-07	1.4278e-07	1.3409e-07	1.255e-07	1.1669e-07	1.0804e-07	9.8543e-08	8.9917e-08	8.1316e-08	7.2721e-08	6.4256e-08	5.5011e-08	4.6759e-08	4.6759e-08	3.8572e-08	3.0412e-08	2.2119e-08	1.6825e-08	1.3347e-08	1.1667e-08	1.1238e-08	1.0228e-08	9.7485e-09	9.7206e-09	9.7573e-09	9.6799e-09	9.7709e-09	1.0191e-08	1.0398e-08	1.0379e-08	1.0483e-08	1.0374e-08	1.0626e-08	1.086e-08	1.1061e-08	1.0874e-08	1.0427e-08	1.0548e-08	1.058e-08	1.0817e-08	1.0411e-08	9.6409e-09	9.3192e-09	9.3417e-09	9.8489e-09	1.0031e-08	9.2557e-09	9.1231e-09	9.3013e-09	9.0504e-09	8.8827e-09	8.802e-09	9.1963e-09	9.1843e-09	9.4129e-09	9.7871e-09	9.6737e-09	9.8898e-09	9.8823e-09	9.8077e-09	9.8129e-09	9.7326e-09	9.7326e-09	9.8942e-09	9.9865e-09	1.0067e-08	1.0386e-08
1.0416e-08	1.1175e-08	1.1377e-08	1.0837e-08	1.0721e-08	1.0617e-08	1.0725e-08	1.0902e-08	1.07e-08	1.1221e-08	1.144e-08	1.1148e-08	1.1135e-08	1.0595e-08	1.0733e-08	1.1156e-08	1.1625e-08	1.2457e-08	1.3195e-08	1.3155e-08	1.2976e-08	1.3075e-08	1.3215e-08	1.2885e-08	1.2885e-08	1.279e-08	1.2741e-08	1.2417e-08	1.2199e-08	1.2156e-08	1.213e-08	1.2181e-08	1.2664e-08	1.2762e-08	1.3116e-08	1.2675e-08	1.2495e-08	1.2639e-08	1.279e-08	1.2999e-08	1.3023e-08	1.2971e-08	1.3177e-08	1.3366e-08	1.3506e-08	1.3476e-08	1.3089e-08	1.54e-08	2.2629e-08	3.4239e-08	4.8489e-08	6.423e-08	8.31e-08	9.8793e-08	1.1335e-07	1.2714e-07	1.3889e-07	1.4983e-07	1.5873e-07	1.6583e-07	1.7176e-07	1.7682e-07	1.8018e-07	1.7969e-07	1.7875e-07	1.7938e-07	1.805e-07	1.7914e-07	1.7422e-07	1.6742e-07	1.5968e-07	1.5147e-07	1.4196e-07	1.3326e-07	1.3326e-07	1.2461e-07	1.1578e-07	1.0613e-07	9.7573e-08	8.896e-08	8.0334e-08	7.1708e-08	6.2108e-08	5.39e-08	4.564e-08	3.7459e-08	2.9303e-08	2.113e-08	1.6217e-08	1.3021e-08	1.1461e-08	1.1032e-08	9.8788e-09	9.5141e-09	9.5958e-09	9.6991e-09	9.6157e-09	9.6785e-09	1.0087e-08	1.0271e-08	1.0279e-08	1.0361e-08	1.0273e-08	1.0429e-08	1.0509e-08	1.0655e-08	1.044e-08	9.925e-09	9.996e-09	1.0015e-08	1.0264e-08	9.9033e-09	9.1721e-09	8.921e-09	9.0093e-09	9.4996e-09	9.6528e-09	9.0071e-09	8.9485e-09	9.0643e-09	8.8491e-09	8.5968e-09	8.5992e-09	8.5992e-09	9.0097e-09	8.9444e-09	9.1987e-09	9.4307e-09	9.5084e-09	9.7051e-09	9.8002e-09	9.8461e-09	9.9778e-09	9.8252e-09	9.9685e-09	1.0054e-08	1.0151e-08	1.0641e-08
1.0886e-08	1.1544e-08	1.1377e-08	1.1119e-08	1.1025e-08	1.0863e-08	1.0968e-08	1.0902e-08	1.1027e-08	1.1562e-08	1.1717e-08	1.1473e-08	1.1135e-08	1.0891e-08	1.101e-08	1.101e-08	1.1439e-08	1.1892e-08	1.2679e-08	1.3353e-08	1.3303e-08	1.3192e-08	1.3531e-08	1.3477e-08	1.3167e-08	1.2978e-08	1.2944e-08	1.2676e-08	1.2582e-08	1.2481e-08	1.2467e-08	1.2541e-08	1.3027e-08	1.3063e-08	1.3304e-08	1.2881e-08	1.2772e-08	1.2929e-08	1.3108e-08	1.3265e-08	1.3248e-08	1.3156e-08	1.335e-08	1.3524e-08	1.3671e-08	1.3648e-08	1.3332e-08	1.6306e-08	2.4368e-08	3.6452e-08	5.0945e-08	6.68e-08	8.5612e-08	1.0117e-07	1.1553e-07	1.2902e-07	1.4047e-07	1.5129e-07	1.6011e-07	1.6711e-07	1.7295e-07	1.7781e-07	1.807e-07	1.8004e-07	1.8004e-07	1.7949e-07	1.8037e-07	1.8177e-07	1.7917e-07	1.7388e-07	1.6688e-07	1.5903e-07	1.4986e-07	1.4106e-07	1.3235e-07	1.2365e-07	1.148e-07	1.0505e-07	9.6513e-08	8.7911e-08	7.9265e-08	7.0612e-08	6.0895e-08	5.2684e-08	4.4417e-08	3.623e-08	2.8103e-08	2.0067e-08	1.5526e-08	1.2607e-08	1.1146e-08	1.0705e-08	9.4885e-09	9.2909e-09	9.4963e-09	9.6654e-09	9.578e-09	9.6026e-09	9.9624e-09	1.0112e-08	1.0171e-08	1.0239e-08	1.0192e-08	1.0242e-08	1.0155e-08	1.0236e-08	9.9827e-09	9.448e-09	9.4629e-09	9.4522e-09	9.7062e-09	9.3951e-09	8.7727e-09	8.7727e-09	8.6022e-09	8.7482e-09	9.2081e-09	9.1178e-09	8.8714e-09	8.8708e-09	8.9303e-09	8.7501e-09	8.4051e-09	8.5495e-09	8.9658e-09	8.8574e-09	9.1237e-09	9.5229e-09	9.5491e-09	9.7118e-09	9.8557e-09	9.979e-09	1.0166e-08	1.0009e-08	1.0143e-08	1.0237e-08	1.0361e-08	1.0991e-08
1.1344e-08	1.1882e-08	1.1692e-08	1.1374e-08	1.1292e-08	1.1292e-08	1.1098e-08	1.1196e-08	1.1362e-08	1.1372e-08	1.1895e-08	1.1992e-08	1.1786e-08	1.1756e-08	1.1223e-08	1.1327e-08	1.175e-08	1.2155e-08	1.2857e-08	1.3425e-08	1.3378e-08	1.3331e-08	1.3531e-08	1.3675e-08	1.3399e-08	1.3114e-08	1.3091e-08	1.2676e-08	1.2962e-08	1.2801e-08	1.2792e-08	1.2884e-08	1.3027e-08	1.3363e-08	1.3493e-08	1.3102e-08	1.3058e-08	1.2929e-08	1.346e-08	1.3545e-08	1.3476e-08	1.335e-08	1.335e-08	1.3706e-08	1.3844e-08	1.3814e-08	1.364e-08	1.6306e-08	2.6205e-08	3.8713e-08	5.3393e-08	6.9322e-08	8.5612e-08	1.0349e-07	1.0349e-07	1.1766e-07	1.3079e-07	1.4195e-07	1.5272e-07	1.6146e-07	1.6839e-07	1.7415e-07	1.7968e-07	1.8115e-07	1.8035e-07	1.8022e-07	1.8131e-07	1.8221e-07	1.7906e-07	1.7342e-07	1.6622e-07	1.5828e-07	1.4891e-07	1.4006e-07	1.3134e-07	1.2258e-07	1.1372e-07	1.0387e-07	9.5348e-08	8.6755e-08	7.8094e-08	6.9418e-08	5.9566e-08	5.1345e-08	4.3071e-08	3.4864e-08	2.6799e-08	1.894e-08	1.4756e-08	1.2107e-08	1.0727e-08	1.0265e-08	9.0875e-09	9.0911e-09	9.4249e-09	9.6542e-09	9.5657e-09	9.5503e-09	9.8352e-09	9.9431e-09	1.0071e-08	1.0134e-08	1.0142e-08	1.0084e-08	1.0084e-08	9.8311e-09	9.8459e-09	9.195e-09	9.0496e-09	9.0066e-09	8.9549e-09	9.2115e-09	8.6126e-09	8.5026e-09	8.4185e-09	8.606e-09	9.0186e-09	9.0415e-09	8.8814e-09	8.911e-09	8.9253e-09	8.7752e-09	8.5533e-09	8.6791e-09	9.0901e-09	8.9535e-09	9.2157e-09	9.7795e-09	9.7687e-09	9.8867e-09	1.0031e-08	1.0192e-08	1.0405e-08	1.0261e-08	1.0393e-08	1.0504e-08	1.0663e-08	1.1393e-08
1.1497e-08	1.1772e-08	1.2179e-08	1.2185e-08	1.16e-08	1.1516e-08	1.1323e-08	1.1409e-08	1.1603e-08	1.1735e-08	1.2221e-08	1.2268e-08	1.2087e-08	1.2071e-08	1.1589e-08	1.1678e-08	1.2084e-08	1.2417e-08	1.3009e-08	1.344e-08	1.3409e-08	1.342e-08	1.3636e-08	1.3828e-08	1.3597e-08	1.3224e-08	1.3208e-08	1.2922e-08	1.3338e-08	1.3124e-08	1.3115e-08	1.3215e-08	1.3381e-08	1.3674e-08	1.371e-08	1.336e-08	1.337e-08	1.3261e-08	1.3859e-08	1.3853e-08	1.3716e-08	1.3567e-08	1.3551e-08	1.3927e-08	1.3927e-08	1.4037e-08	1.3982e-08	1.4038e-08	1.8613e-08	2.8119e-08	4.1008e-08	5.5823e-08	7.179e-08	9.0428e-08	1.0573e-07	1.1972e-07	1.3247e-07	1.4336e-07	1.5412e-07	1.6277e-07	1.6961e-07	1.7531e-07	1.7968e-07	1.8149e-07	1.8059e-07	1.8089e-07	1.8214e-07	1.8221e-07	1.7877e-07	1.7281e-07	1.6545e-07	1.5742e-07	1.4891e-07	1.3894e-07	1.3022e-07	1.214e-07	1.1254e-07	1.0387e-07	9.4066e-08	8.5478e-08	7.6806e-08	6.8108e-08	5.9566e-08	4.9887e-08	4.1607e-08	3.3365e-08	2.54e-08	1.894e-08	1.3947e-08	1.1558e-08	1.0244e-08	9.7565e-09	9.0875e-09	8.9266e-09	8.9266e-09	9.3833e-09	9.6626e-09	9.6087e-09	9.5291e-09	9.7221e-09	9.7847e-09	9.9931e-09	1.0032e-08	1.0132e-08	9.9762e-09	9.5702e-09	9.5264e-09	8.9609e-09	8.7836e-09	8.6847e-09	8.5879e-09	8.8465e-09	8.4559e-09	8.4222e-09	8.4253e-09	8.63e-09	8.9752e-09	9.1353e-09	9.0602e-09	9.0834e-09	9.0671e-09	8.9394e-09	8.851e-09	8.9668e-09	9.3612e-09	9.2093e-09	9.4528e-09	1.0154e-08	1.0119e-08	1.0187e-08	1.0298e-08	1.0462e-08	1.0677e-08	1.0561e-08	1.0697e-08	1.0827e-08	1.1021e-08	1.1808e-08
1.1905e-08	1.2151e-08	1.2427e-08	1.2354e-08	1.1801e-08	1.1699e-08	1.1542e-08	1.1613e-08	1.1859e-08	1.2116e-08	1.2542e-08	1.2549e-08	1.2384e-08	1.2396e-08	1.1982e-08	1.2054e-08	1.2435e-08	1.2682e-08	1.3153e-08	1.3431e-08	1.3425e-08	1.3485e-08	1.3699e-08	1.396e-08	1.378e-08	1.3333e-08	1.3325e-08	1.317e-08	1.371e-08	1.3458e-08	1.3447e-08	1.3542e-08	1.3731e-08	1.4008e-08	1.4008e-08	1.3979e-08	1.3678e-08	1.3727e-08	1.4118e-08	1.4316e-08	1.4197e-08	1.3974e-08	1.3816e-08	1.4069e-08	1.4175e-08	1.424e-08	1.4152e-08	1.4523e-08	1.9964e-08	3.0081e-08	4.3314e-08	5.8224e-08	7.4203e-08	9.2732e-08	1.0791e-07	1.2173e-07	1.3409e-07	1.4471e-07	1.5548e-07	1.6401e-07	1.7077e-07	1.7639e-07	1.8048e-07	1.8172e-07	1.8075e-07	1.8144e-07	1.8278e-07	1.8245e-07	1.7828e-07	1.7204e-07	1.6453e-07	1.5643e-07	1.4783e-07	1.377e-07	1.2895e-07	1.201e-07	1.1124e-07	1.0258e-07	9.2674e-08	8.4086e-08	7.5407e-08	6.669e-08	5.8128e-08	4.8354e-08	4.8354e-08	4.0067e-08	3.1785e-08	2.3952e-08	1.6659e-08	1.3143e-08	1.0998e-08	9.7408e-09	9.2264e-09	8.3809e-09	8.8094e-09	9.3737e-09	9.6879e-09	9.6087e-09	9.546e-09	9.6402e-09	9.658e-09	9.9538e-09	1.0032e-08	1.0172e-08	9.936e-09	9.405e-09	9.3196e-09	8.9609e-09	8.7038e-09	8.5547e-09	8.4159e-09	8.6779e-09	8.4559e-09	8.5754e-09	8.6624e-09	8.8543e-09	9.1102e-09	9.1353e-09	9.3823e-09	9.3683e-09	9.3361e-09	9.2245e-09	8.851e-09	9.3776e-09	9.7436e-09	9.5856e-09	9.7985e-09	1.0154e-08	1.0552e-08	1.0571e-08	1.0624e-08	1.0769e-08	1.0677e-08	1.0966e-08	1.0886e-08	1.1031e-08	1.1175e-08	1.1764e-08
1.2276e-08	1.247e-08	1.2624e-08	1.249e-08	1.199e-08	1.1859e-08	1.1766e-08	1.1815e-08	1.2137e-08	1.2515e-08	1.2865e-08	1.2841e-08	1.2684e-08	1.2736e-08	1.2397e-08	1.2447e-08	1.2797e-08	1.2952e-08	1.3306e-08	1.3429e-08	1.3453e-08	1.3551e-08	1.3747e-08	1.409e-08	1.409e-08	1.3964e-08	1.347e-08	1.3469e-08	1.3729e-08	1.4078e-08	1.3812e-08	1.3795e-08	1.3872e-08	1.4442e-08	1.4374e-08	1.4321e-08	1.4076e-08	1.4141e-08	1.4635e-08	1.4808e-08	1.4561e-08	1.4242e-08	1.4088e-08	1.4348e-08	1.4424e-08	1.4434e-08	1.4313e-08	1.5079e-08	2.1397e-08	3.2064e-08	4.5606e-08	6.0587e-08	7.6557e-08	9.4965e-08	1.1003e-07	1.2368e-07	1.3567e-07	1.4604e-07	1.5678e-07	1.6516e-07	1.7182e-07	1.7737e-07	1.8115e-07	1.8179e-07	1.808e-07	1.8182e-07	1.8317e-07	1.8244e-07	1.7757e-07	1.7109e-07	1.6346e-07	1.5528e-07	1.4661e-07	1.3633e-07	1.3633e-07	1.2756e-07	1.1868e-07	1.0983e-07	9.9725e-08	9.1215e-08	8.2623e-08	7.3938e-08	6.5204e-08	5.5095e-08	4.6794e-08	3.8499e-08	3.018e-08	2.2507e-08	1.5594e-08	1.2387e-08	1.0468e-08	9.2595e-09	8.7219e-09	8.1387e-09	8.7514e-09	9.3978e-09	9.727e-09	9.6598e-09	9.6083e-09	9.6063e-09	9.5841e-09	9.9686e-09	1.0067e-08	1.0275e-08	9.9832e-09	9.3682e-09	9.2674e-09	8.8976e-09	8.849e-09	8.6588e-09	8.4872e-09	8.7555e-09	8.5192e-09	8.9309e-09	9.0944e-09	9.2476e-09	9.3985e-09	9.377e-09	9.8077e-09	9.7361e-09	9.7016e-09	9.6021e-09	9.265e-09	9.7617e-09	9.876e-09	1.0202e-08	1.0043e-08	1.0216e-08	1.1072e-08	1.102e-08	1.0996e-08	1.0981e-08	1.109e-08	1.1254e-08	1.1213e-08	1.1371e-08	1.1518e-08	1.1764e-08
1.2613e-08	1.2739e-08	1.2786e-08	1.2613e-08	1.2182e-08	1.2019e-08	1.2005e-08	1.2028e-08	1.2443e-08	1.293e-08	1.3192e-08	1.3149e-08	1.2999e-08	1.3097e-08	1.3097e-08	1.2829e-08	1.2849e-08	1.3163e-08	1.3519e-08	1.3484e-08	1.3464e-08	1.3523e-08	1.3643e-08	1.3922e-08	1.4241e-08	1.4168e-08	1.3658e-08	1.3667e-08	1.4066e-08	1.4438e-08	1.4191e-08	1.417e-08	1.421e-08	1.4792e-08	1.4758e-08	1.4716e-08	1.4532e-08	1.4595e-08	1.5158e-08	1.5296e-08	1.4916e-08	1.45e-08	1.436e-08	1.4608e-08	1.4649e-08	1.4595e-08	1.4459e-08	1.5691e-08	2.2876e-08	3.4037e-08	4.7862e-08	6.29e-08	7.885e-08	9.7129e-08	1.1208e-07	1.2559e-07	1.3724e-07	1.4735e-07	1.5802e-07	1.6621e-07	1.7274e-07	1.7821e-07	1.8164e-07	1.8169e-07	1.8169e-07	1.8072e-07	1.8197e-07	1.8325e-07	1.815e-07	1.7664e-07	1.6998e-07	1.6225e-07	1.5399e-07	1.4383e-07	1.3489e-07	1.2609e-07	1.172e-07	1.0835e-07	9.8252e-08	8.9734e-08	8.1134e-08	7.2444e-08	6.3695e-08	5.3588e-08	4.5253e-08	3.6949e-08	2.8605e-08	2.1114e-08	1.4638e-08	1.1722e-08	1.0006e-08	8.8436e-09	8.2904e-09	8.0131e-09	8.7646e-09	9.4577e-09	9.7773e-09	9.7279e-09	9.7233e-09	9.6376e-09	9.584e-09	1.0053e-08	1.0181e-08	1.0444e-08	1.0131e-08	9.4835e-09	9.3997e-09	9.0402e-09	9.1868e-09	8.9653e-09	8.771e-09	9.048e-09	8.777e-09	9.1829e-09	9.4346e-09	9.6633e-09	9.7596e-09	9.798e-09	1.0154e-08	1.0297e-08	1.0157e-08	1.0133e-08	1.0044e-08	1.0308e-08	1.0427e-08	1.07e-08	1.0543e-08	1.067e-08	1.1522e-08	1.1475e-08	1.1419e-08	1.1339e-08	1.1403e-08	1.1525e-08	1.1522e-08	1.1695e-08	1.1827e-08	1.2079e-08
1.2924e-08	1.2973e-08	1.2928e-08	1.2743e-08	1.2743e-08	1.2392e-08	1.2202e-08	1.227e-08	1.2528e-08	1.2783e-08	1.336e-08	1.3529e-08	1.3479e-08	1.3704e-08	1.3484e-08	1.3272e-08	1.3252e-08	1.3526e-08	1.3823e-08	1.3707e-08	1.3569e-08	1.3662e-08	1.3788e-08	1.4103e-08	1.4432e-08	1.4406e-08	1.3922e-08	1.3945e-08	1.4429e-08	1.4782e-08	1.4581e-08	1.4555e-08	1.4546e-08	1.5115e-08	1.513e-08	1.5126e-08	1.5006e-08	1.5051e-08	1.5644e-08	1.5739e-08	1.5235e-08	1.4729e-08	1.461e-08	1.4823e-08	1.4823e-08	1.4702e-08	1.458e-08	1.6342e-08	2.4365e-08	3.5973e-08	5.0058e-08	6.5153e-08	8.108e-08	9.9221e-08	9.9221e-08	1.1408e-07	1.2745e-07	1.3882e-07	1.5001e-07	1.5918e-07	1.6714e-07	1.735e-07	1.7886e-07	1.8198e-07	1.8142e-07	1.8051e-07	1.819e-07	1.83e-07	1.8065e-07	1.7556e-07	1.6876e-07	1.6095e-07	1.5262e-07	1.4238e-07	1.3344e-07	1.2459e-07	1.1569e-07	1.0686e-07	9.6809e-08	8.8274e-08	7.9662e-08	7.0967e-08	6.2205e-08	5.2146e-08	4.3778e-08	3.5464e-08	2.7114e-08	1.9822e-08	1.3835e-08	1.1192e-08	9.6524e-09	8.5364e-09	7.979e-09	8.0357e-09	8.8609e-09	9.5552e-09	9.8358e-09	9.8107e-09	9.8958e-09	9.7465e-09	9.6734e-09	1.0218e-08	1.0384e-08	1.0658e-08	1.067e-08	1.0366e-08	9.7306e-09	9.6897e-09	9.8057e-09	9.6635e-09	9.4206e-09	9.2136e-09	9.4996e-09	9.6906e-09	1.0032e-08	1.0311e-08	1.034e-08	1.0267e-08	1.0614e-08	1.0809e-08	1.0602e-08	1.0598e-08	1.0522e-08	1.087e-08	1.0995e-08	1.1204e-08	1.1046e-08	1.1122e-08	1.1904e-08	1.1869e-08	1.1799e-08	1.1667e-08	1.1686e-08	1.1762e-08	1.1791e-08	1.198e-08	1.2073e-08	1.2311e-08
1.2937e-08	1.3216e-08	1.3186e-08	1.3226e-08	1.2902e-08	1.2636e-08	1.243e-08	1.2573e-08	1.2837e-08	1.3165e-08	1.3803e-08	1.3881e-08	1.3835e-08	1.4114e-08	1.3903e-08	1.3721e-08	1.3648e-08	1.3882e-08	1.4143e-08	1.3987e-08	1.377e-08	1.3895e-08	1.4008e-08	1.4346e-08	1.4654e-08	1.4668e-08	1.4246e-08	1.4283e-08	1.4789e-08	1.5093e-08	1.4956e-08	1.4928e-08	1.486e-08	1.5389e-08	1.5463e-08	1.5511e-08	1.5455e-08	1.5474e-08	1.6049e-08	1.6097e-08	1.5486e-08	1.4909e-08	1.4814e-08	1.4968e-08	1.4968e-08	1.4918e-08	1.4734e-08	1.4668e-08	1.7699e-08	2.5827e-08	3.7841e-08	5.2172e-08	6.7335e-08	8.5337e-08	1.0124e-07	1.1601e-07	1.2927e-07	1.4044e-07	1.5139e-07	1.6028e-07	1.6794e-07	1.7411e-07	1.7933e-07	1.8187e-07	1.8104e-07	1.8021e-07	1.8166e-07	1.8251e-07	1.7965e-07	1.7439e-07	1.6748e-07	1.5961e-07	1.5121e-07	1.4095e-07	1.32e-07	1.2312e-07	1.1421e-07	1.054e-07	9.544e-08	8.688e-08	7.8254e-08	6.9553e-08	6.0779e-08	5.0813e-08	4.2415e-08	3.4089e-08	2.5763e-08	1.8681e-08	1.3229e-08	1.084e-08	9.4455e-09	8.381e-09	7.835e-09	7.8933e-09	8.2287e-09	9.048e-09	9.6915e-09	9.9011e-09	1.0021e-08	1.0118e-08	9.9241e-09	9.8417e-09	1.0449e-08	1.0979e-08	1.0933e-08	1.0665e-08	1.0076e-08	1.0093e-08	1.0331e-08	1.0226e-08	9.971e-09	9.7608e-09	1.0054e-08	1.0254e-08	1.067e-08	1.0981e-08	1.0937e-08	1.0763e-08	1.1071e-08	1.1306e-08	1.1041e-08	1.1068e-08	1.1009e-08	1.1414e-08	1.1545e-08	1.1676e-08	1.1513e-08	1.1536e-08	1.2173e-08	1.2155e-08	1.2093e-08	1.1937e-08	1.1919e-08	1.1955e-08	1.2008e-08	1.2214e-08	1.2246e-08	1.2451e-08
1.3246e-08	1.3494e-08	1.3391e-08	1.3415e-08	1.311e-08	1.2929e-08	1.2725e-08	1.2925e-08	1.32e-08	1.3593e-08	1.426e-08	1.4251e-08	1.4224e-08	1.457e-08	1.4357e-08	1.417e-08	1.4028e-08	1.4222e-08	1.4468e-08	1.4312e-08	1.4051e-08	1.4205e-08	1.4289e-08	1.4622e-08	1.4887e-08	1.4932e-08	1.4593e-08	1.4643e-08	1.5115e-08	1.5355e-08	1.5292e-08	1.5262e-08	1.5133e-08	1.5594e-08	1.5594e-08	1.5726e-08	1.5831e-08	1.5838e-08	1.6077e-08	1.6329e-08	1.6331e-08	1.5643e-08	1.5022e-08	1.4996e-08	1.5018e-08	1.491e-08	1.4669e-08	1.4713e-08	1.8374e-08	2.7226e-08	3.9615e-08	5.4181e-08	6.9435e-08	8.7373e-08	1.032e-07	1.179e-07	1.3105e-07	1.4209e-07	1.528e-07	1.6131e-07	1.6865e-07	1.746e-07	1.7966e-07	1.8166e-07	1.806e-07	1.7989e-07	1.8131e-07	1.8185e-07	1.7859e-07	1.732e-07	1.6621e-07	1.5829e-07	1.4982e-07	1.3961e-07	1.3065e-07	1.2172e-07	1.1282e-07	1.0402e-07	9.419e-08	8.5596e-08	7.6955e-08	6.8243e-08	5.9461e-08	4.9634e-08	4.9634e-08	4.1212e-08	3.2872e-08	2.4607e-08	1.7041e-08	1.2851e-08	1.0697e-08	9.4151e-09	8.4096e-09	8.1309e-09	8.5676e-09	9.3129e-09	9.8633e-09	9.9783e-09	1.0158e-08	1.0379e-08	1.0155e-08	1.0071e-08	1.0728e-08	1.1323e-08	1.1218e-08	1.1005e-08	1.0488e-08	1.0567e-08	1.0888e-08	1.0819e-08	1.0563e-08	1.0359e-08	1.0657e-08	1.0826e-08	1.1294e-08	1.1614e-08	1.1502e-08	1.1244e-08	1.1489e-08	1.1746e-08	1.1445e-08	1.151e-08	1.1474e-08	1.1908e-08	1.2043e-08	1.2084e-08	1.1905e-08	1.1878e-08	1.2319e-08	1.232e-08	1.2289e-08	1.2137e-08	1.2092e-08	1.2205e-08	1.2099e-08	1.2169e-08	1.2394e-08	1.2353e-08
1.3562e-08	1.3766e-08	1.3603e-08	1.3655e-08	1.3389e-08	1.3285e-08	1.311e-08	1.3336e-08	1.3624e-08	1.4072e-08	1.4725e-08	1.4643e-08	1.4647e-08	1.5051e-08	1.4825e-08	1.4602e-08	1.4381e-08	1.4537e-08	1.4779e-08	1.4651e-08	1.4375e-08	1.4552e-08	1.46e-08	1.4904e-08	1.4904e-08	1.5111e-08	1.5173e-08	1.4928e-08	1.5269e-08	1.5379e-08	1.5553e-08	1.5563e-08	1.5532e-08	1.5479e-08	1.5708e-08	1.5892e-08	1.6046e-08	1.6113e-08	1.6185e-08	1.6442e-08	1.6399e-08	1.5675e-08	1.5048e-08	1.493e-08	1.4948e-08	1.4773e-08	1.4486e-08	1.4709e-08	1.9047e-08	2.8556e-08	4.1295e-08	5.6086e-08	7.1461e-08	8.9378e-08	1.0513e-07	1.1974e-07	1.3279e-07	1.4378e-07	1.5422e-07	1.6232e-07	1.6932e-07	1.7503e-07	1.799e-07	1.814e-07	1.8015e-07	1.796e-07	1.8094e-07	1.8112e-07	1.7755e-07	1.7206e-07	1.6501e-07	1.5704e-07	1.4851e-07	1.3841e-07	1.3841e-07	1.2943e-07	1.2046e-07	1.1156e-07	1.017e-07	9.3102e-08	8.4468e-08	7.5809e-08	6.7083e-08	5.731e-08	4.8642e-08	4.0201e-08	3.1846e-08	2.3686e-08	1.6555e-08	1.2678e-08	1.074e-08	9.5424e-09	8.6018e-09	8.5076e-09	9.014e-09	9.6368e-09	1.0066e-08	1.0075e-08	1.0321e-08	1.0667e-08	1.0424e-08	1.0342e-08	1.1032e-08	1.1664e-08	1.1506e-08	1.1365e-08	1.0931e-08	1.1067e-08	1.1426e-08	1.1391e-08	1.1143e-08	1.0953e-08	1.1251e-08	1.1361e-08	1.185e-08	1.2152e-08	1.1984e-08	1.1668e-08	1.1831e-08	1.2091e-08	1.1785e-08	1.1895e-08	1.1892e-08	1.2247e-08	1.2334e-08	1.2469e-08	1.241e-08	1.2208e-08	1.2305e-08	1.2359e-08	1.2382e-08	1.2397e-08	1.227e-08	1.2263e-08	1.219e-08	1.2274e-08	1.2517e-08	1.2402e-08
1.3888e-08	1.4038e-08	1.3836e-08	1.3655e-08	1.3754e-08	1.3717e-08	1.3602e-08	1.3814e-08	1.3624e-08	1.4581e-08	1.5185e-08	1.5041e-08	1.5087e-08	1.5051e-08	1.5519e-08	1.5275e-08	1.4997e-08	1.4693e-08	1.4815e-08	1.506e-08	1.4978e-08	1.4704e-08	1.4898e-08	1.4909e-08	1.5164e-08	1.5304e-08	1.5368e-08	1.5216e-08	1.5269e-08	1.5549e-08	1.567e-08	1.5745e-08	1.5714e-08	1.5512e-08	1.571e-08	1.5932e-08	1.6117e-08	1.6238e-08	1.6115e-08	1.6343e-08	1.6262e-08	1.5555e-08	1.4969e-08	1.4752e-08	1.4758e-08	1.4507e-08	1.4192e-08	1.467e-08	1.9756e-08	2.9862e-08	4.2923e-08	5.793e-08	7.3446e-08	9.138e-08	1.0704e-07	1.2156e-07	1.3449e-07	1.4546e-07	1.5564e-07	1.6332e-07	1.6998e-07	1.7544e-07	1.8008e-07	1.8115e-07	1.8115e-07	1.7977e-07	1.7938e-07	1.806e-07	1.7974e-07	1.7661e-07	1.7104e-07	1.6394e-07	1.5592e-07	1.4634e-07	1.374e-07	1.2839e-07	1.1938e-07	1.1048e-07	1.0084e-07	9.2211e-08	8.3527e-08	7.485e-08	6.6104e-08	5.6486e-08	4.7811e-08	3.9359e-08	3.0988e-08	2.2974e-08	1.6241e-08	1.2666e-08	1.0928e-08	9.7942e-09	8.9218e-09	8.9828e-09	9.5299e-09	1.0001e-08	1.0297e-08	1.0197e-08	1.0518e-08	1.0972e-08	1.0715e-08	1.0638e-08	1.1343e-08	1.1978e-08	1.178e-08	1.1721e-08	1.1374e-08	1.1549e-08	1.1898e-08	1.1887e-08	1.1657e-08	1.1491e-08	1.1782e-08	1.2195e-08	1.1814e-08	1.2286e-08	1.2541e-08	1.2334e-08	1.2216e-08	1.2086e-08	1.2332e-08	1.205e-08	1.2209e-08	1.2535e-08	1.2685e-08	1.2818e-08	1.2657e-08	1.2427e-08	1.2399e-08	1.2314e-08	1.2357e-08	1.2428e-08	1.234e-08	1.2265e-08	1.2224e-08	1.2319e-08	1.2582e-08	1.2402e-08
1.423e-08	1.4315e-08	1.4101e-08	1.3959e-08	1.4313e-08	1.4187e-08	1.4202e-08	1.4175e-08	1.4336e-08	1.4565e-08	1.5088e-08	1.5613e-08	1.542e-08	1.5511e-08	1.5937e-08	1.5675e-08	1.5335e-08	1.4952e-08	1.5045e-08	1.5291e-08	1.5262e-08	1.5001e-08	1.5204e-08	1.5185e-08	1.5373e-08	1.5445e-08	1.5496e-08	1.542e-08	1.5457e-08	1.5595e-08	1.5691e-08	1.5811e-08	1.5783e-08	1.5512e-08	1.5581e-08	1.5817e-08	1.6004e-08	1.6172e-08	1.6115e-08	1.6031e-08	1.5922e-08	1.5283e-08	1.4786e-08	1.4752e-08	1.4487e-08	1.4157e-08	1.3838e-08	1.4644e-08	1.9756e-08	3.1189e-08	4.4547e-08	5.9756e-08	7.5425e-08	9.138e-08	9.3411e-08	1.0896e-07	1.2337e-07	1.3618e-07	1.4713e-07	1.5705e-07	1.6433e-07	1.7068e-07	1.759e-07	1.8026e-07	1.8096e-07	1.7949e-07	1.793e-07	1.8036e-07	1.7928e-07	1.7586e-07	1.702e-07	1.6305e-07	1.5498e-07	1.4558e-07	1.3662e-07	1.2757e-07	1.1852e-07	1.0962e-07	1.0017e-07	9.149e-08	8.2751e-08	7.4055e-08	6.5285e-08	5.578e-08	4.71e-08	3.8639e-08	3.0256e-08	2.2422e-08	1.6056e-08	1.2774e-08	1.1221e-08	1.0138e-08	9.3334e-09	9.5165e-09	1.0077e-08	1.0385e-08	1.0549e-08	1.0353e-08	1.0752e-08	1.1282e-08	1.1013e-08	1.0941e-08	1.1639e-08	1.19e-08	1.224e-08	1.2023e-08	1.2051e-08	1.1782e-08	1.2286e-08	1.2257e-08	1.2256e-08	1.2054e-08	1.1919e-08	1.248e-08	1.217e-08	1.259e-08	1.2771e-08	1.2545e-08	1.2354e-08	1.2267e-08	1.2482e-08	1.2246e-08	1.2452e-08	1.2752e-08	1.2958e-08	1.3084e-08	1.2825e-08	1.2567e-08	1.2423e-08	1.2203e-08	1.2263e-08	1.2393e-08	1.2352e-08	1.2214e-08	1.2195e-08	1.2301e-08	1.2584e-08	1.2359e-08
1.4778e-08	1.4574e-08	1.459e-08	1.4389e-08	1.4688e-08	1.4652e-08	1.4702e-08	1.4779e-08	1.4865e-08	1.5014e-08	1.5557e-08	1.5988e-08	1.5756e-08	1.589e-08	1.6267e-08	1.5992e-08	1.5593e-08	1.5145e-08	1.5215e-08	1.5455e-08	1.5475e-08	1.5228e-08	1.5431e-08	1.5395e-08	1.5505e-08	1.5514e-08	1.5531e-08	1.5504e-08	1.5508e-08	1.5489e-08	1.5601e-08	1.5737e-08	1.5714e-08	1.5428e-08	1.5325e-08	1.5552e-08	1.5707e-08	1.5913e-08	1.5868e-08	1.5571e-08	1.5441e-08	1.4908e-08	1.4533e-08	1.4498e-08	1.4207e-08	1.4176e-08	1.3769e-08	1.3479e-08	1.4685e-08	2.145e-08	3.2584e-08	4.6215e-08	6.1609e-08	7.7433e-08	9.5499e-08	1.1091e-07	1.2518e-07	1.3783e-07	1.4876e-07	1.5844e-07	1.6537e-07	1.7144e-07	1.7644e-07	1.8049e-07	1.8089e-07	1.7938e-07	1.7939e-07	1.803e-07	1.7928e-07	1.7537e-07	1.696e-07	1.6238e-07	1.5427e-07	1.4558e-07	1.3605e-07	1.2694e-07	1.1785e-07	1.0896e-07	1.0017e-07	9.09e-08	8.21e-08	7.3385e-08	6.4585e-08	5.578e-08	4.6468e-08	3.8e-08	2.9608e-08	2.1983e-08	1.6056e-08	1.296e-08	1.1577e-08	1.0539e-08	9.8007e-09	9.8007e-09	1.0068e-08	1.0617e-08	1.0772e-08	1.082e-08	1.055e-08	1.1029e-08	1.1586e-08	1.1303e-08	1.1231e-08	1.19e-08	1.2427e-08	1.2218e-08	1.2334e-08	1.2124e-08	1.2489e-08	1.2492e-08	1.2487e-08	1.2321e-08	1.2226e-08	1.2662e-08	1.2444e-08	1.2785e-08	1.2877e-08	1.2648e-08	1.2429e-08	1.2388e-08	1.2557e-08	1.2378e-08	1.2624e-08	1.2893e-08	1.3147e-08	1.3263e-08	1.2916e-08	1.2633e-08	1.2379e-08	1.2045e-08	1.2118e-08	1.2303e-08	1.2308e-08	1.2112e-08	1.21e-08	1.2219e-08	1.2523e-08	1.2283e-08
1.5162e-08	1.4901e-08	1.4849e-08	1.4679e-08	1.5054e-08	1.5111e-08	1.5177e-08	1.5363e-08	1.5363e-08	1.5402e-08	1.5957e-08	1.6284e-08	1.6024e-08	1.6191e-08	1.6473e-08	1.6194e-08	1.5752e-08	1.5259e-08	1.5312e-08	1.5535e-08	1.5589e-08	1.5347e-08	1.554e-08	1.5509e-08	1.553e-08	1.5489e-08	1.5452e-08	1.5435e-08	1.5384e-08	1.5231e-08	1.5405e-08	1.5527e-08	1.551e-08	1.523e-08	1.4959e-08	1.499e-08	1.5185e-08	1.5285e-08	1.5521e-08	1.5065e-08	1.5031e-08	1.4885e-08	1.4482e-08	1.4246e-08	1.3917e-08	1.3867e-08	1.3392e-08	1.3168e-08	1.4843e-08	2.2517e-08	3.4093e-08	4.7974e-08	6.3534e-08	7.9507e-08	9.7673e-08	1.1293e-07	1.2699e-07	1.3947e-07	1.5033e-07	1.5978e-07	1.6647e-07	1.7232e-07	1.7711e-07	1.808e-07	1.81e-07	1.7948e-07	1.7971e-07	1.8047e-07	1.7905e-07	1.751e-07	1.6921e-07	1.6192e-07	1.5375e-07	1.4501e-07	1.3562e-07	1.2645e-07	1.1733e-07	1.0843e-07	9.964e-08	9.0396e-08	8.1535e-08	7.2799e-08	6.3968e-08	6.3968e-08	5.4565e-08	4.5873e-08	3.7396e-08	2.9003e-08	2.161e-08	1.5906e-08	1.3183e-08	1.1957e-08	1.0966e-08	1.0288e-08	1.0597e-08	1.1111e-08	1.1142e-08	1.1105e-08	1.0795e-08	1.1353e-08	1.1873e-08	1.1569e-08	1.1492e-08	1.2106e-08	1.2534e-08	1.236e-08	1.256e-08	1.2388e-08	1.2489e-08	1.2627e-08	1.2609e-08	1.2483e-08	1.2434e-08	1.2662e-08	1.2649e-08	1.2898e-08	1.2893e-08	1.2672e-08	1.2429e-08	1.2463e-08	1.2572e-08	1.2452e-08	1.2725e-08	1.2893e-08	1.3247e-08	1.3349e-08	1.2932e-08	1.2633e-08	1.2379e-08	1.1861e-08	1.1939e-08	1.217e-08	1.2213e-08	1.2213e-08	1.1961e-08	1.1934e-08	1.2069e-08	1.2396e-08
1.5496e-08	1.5189e-08	1.5075e-08	1.4951e-08	1.5383e-08	1.5526e-08	1.5588e-08	1.5879e-08	1.5789e-08	1.5695e-08	1.6252e-08	1.6478e-08	1.6198e-08	1.6385e-08	1.6516e-08	1.6247e-08	1.5791e-08	1.528e-08	1.5327e-08	1.5511e-08	1.5574e-08	1.5321e-08	1.5492e-08	1.5495e-08	1.5351e-08	1.5446e-08	1.5371e-08	1.5259e-08	1.5209e-08	1.4665e-08	1.4869e-08	1.5136e-08	1.5226e-08	1.5217e-08	1.466e-08	1.4625e-08	1.4773e-08	1.4801e-08	1.5059e-08	1.4626e-08	1.448e-08	1.4322e-08	1.4054e-08	1.3962e-08	1.3668e-08	1.3601e-08	1.3073e-08	1.2962e-08	1.5172e-08	2.3785e-08	3.5763e-08	4.9872e-08	6.5573e-08	8.1681e-08	9.9962e-08	1.1503e-07	1.2884e-07	1.4108e-07	1.5182e-07	1.6109e-07	1.6764e-07	1.7333e-07	1.7796e-07	1.8124e-07	1.8126e-07	1.7979e-07	1.8023e-07	1.8083e-07	1.7904e-07	1.7501e-07	1.6897e-07	1.6161e-07	1.5337e-07	1.5337e-07	1.4428e-07	1.3529e-07	1.2606e-07	1.1691e-07	1.0801e-07	9.8822e-08	8.9939e-08	8.1017e-08	7.2259e-08	6.3393e-08	5.3974e-08	4.5275e-08	3.6784e-08	2.8399e-08	2.1253e-08	1.5856e-08	1.3399e-08	1.2319e-08	1.1386e-08	1.0759e-08	1.1065e-08	1.1522e-08	1.1476e-08	1.1399e-08	1.1093e-08	1.1711e-08	1.2133e-08	1.1803e-08	1.1715e-08	1.2254e-08	1.2575e-08	1.2456e-08	1.2729e-08	1.2582e-08	1.2598e-08	1.2685e-08	1.2649e-08	1.2564e-08	1.2567e-08	1.2769e-08	1.2799e-08	1.2952e-08	1.2854e-08	1.2651e-08	1.2464e-08	1.2505e-08	1.2543e-08	1.2474e-08	1.2755e-08	1.2755e-08	1.2936e-08	1.3254e-08	1.3337e-08	1.2874e-08	1.2571e-08	1.2115e-08	1.1669e-08	1.1744e-08	1.2005e-08	1.2072e-08	1.1765e-08	1.1699e-08	1.1855e-08	1.2204e-08
1.5758e-08	1.5418e-08	1.5256e-08	1.5183e-08	1.5644e-08	1.5861e-08	1.5894e-08	1.6274e-08	1.6107e-08	1.586e-08	1.6411e-08	1.6546e-08	1.6255e-08	1.644e-08	1.6326e-08	1.636e-08	1.6121e-08	1.5688e-08	1.5197e-08	1.5078e-08	1.5389e-08	1.543e-08	1.5147e-08	1.5285e-08	1.5115e-08	1.5282e-08	1.5186e-08	1.4989e-08	1.4877e-08	1.4189e-08	1.4456e-08	1.4834e-08	1.4882e-08	1.4883e-08	1.4376e-08	1.4278e-08	1.437e-08	1.432e-08	1.459e-08	1.424e-08	1.3986e-08	1.382e-08	1.3678e-08	1.3717e-08	1.3498e-08	1.3421e-08	1.2858e-08	1.2913e-08	1.5723e-08	2.5296e-08	3.764e-08	5.1955e-08	6.7773e-08	8.3991e-08	1.0239e-07	1.1723e-07	1.3072e-07	1.4269e-07	1.5322e-07	1.6236e-07	1.6888e-07	1.7447e-07	1.7896e-07	1.8179e-07	1.8244e-07	1.8165e-07	1.8026e-07	1.809e-07	1.8135e-07	1.7951e-07	1.7505e-07	1.6885e-07	1.6139e-07	1.5308e-07	1.44e-07	1.3501e-07	1.2572e-07	1.1655e-07	1.0765e-07	9.8442e-08	8.9485e-08	8.0505e-08	7.1724e-08	6.2822e-08	5.334e-08	4.4631e-08	3.612e-08	2.7756e-08	2.0867e-08	1.5767e-08	1.3568e-08	1.2625e-08	1.1765e-08	1.1178e-08	1.1451e-08	1.1836e-08	1.1762e-08	1.169e-08	1.1433e-08	1.2076e-08	1.2356e-08	1.2001e-08	1.1899e-08	1.2349e-08	1.2565e-08	1.2514e-08	1.2844e-08	1.2711e-08	1.2635e-08	1.2689e-08	1.2636e-08	1.2589e-08	1.2649e-08	1.2649e-08	1.2867e-08	1.2909e-08	1.2972e-08	1.2797e-08	1.2613e-08	1.2501e-08	1.2528e-08	1.2484e-08	1.2451e-08	1.2716e-08	1.283e-08	1.3161e-08	1.3223e-08	1.2744e-08	1.2453e-08	1.1907e-08	1.1485e-08	1.1547e-08	1.1818e-08	1.1889e-08	1.1539e-08	1.1416e-08	1.1594e-08	1.1963e-08
1.5925e-08	1.5565e-08	1.5376e-08	1.5355e-08	1.5446e-08	1.5808e-08	1.6079e-08	1.6058e-08	1.6501e-08	1.6264e-08	1.5862e-08	1.64e-08	1.6464e-08	1.6169e-08	1.6045e-08	1.6007e-08	1.5816e-08	1.5451e-08	1.5017e-08	1.4857e-08	1.5203e-08	1.5202e-08	1.4874e-08	1.4971e-08	1.4832e-08	1.5071e-08	1.4966e-08	1.4684e-08	1.4493e-08	1.3719e-08	1.4041e-08	1.4535e-08	1.4544e-08	1.4558e-08	1.4151e-08	1.3999e-08	1.403e-08	1.3905e-08	1.4178e-08	1.3966e-08	1.3618e-08	1.3445e-08	1.3403e-08	1.3548e-08	1.3446e-08	1.3367e-08	1.2794e-08	1.3077e-08	1.6549e-08	2.7076e-08	3.9757e-08	5.4258e-08	7.0164e-08	8.6462e-08	8.906e-08	1.0491e-07	1.1951e-07	1.3262e-07	1.4428e-07	1.558e-07	1.636e-07	1.7017e-07	1.7572e-07	1.8008e-07	1.8316e-07	1.8215e-07	1.8086e-07	1.8169e-07	1.8198e-07	1.7989e-07	1.7517e-07	1.6878e-07	1.6122e-07	1.5283e-07	1.4371e-07	1.3472e-07	1.2539e-07	1.162e-07	1.0729e-07	9.802e-08	8.8993e-08	7.996e-08	7.1155e-08	6.2217e-08	5.2624e-08	4.3902e-08	3.5362e-08	2.7032e-08	2.0404e-08	1.5622e-08	1.367e-08	1.2854e-08	1.2084e-08	1.1527e-08	1.1753e-08	1.2053e-08	1.1993e-08	1.1961e-08	1.1785e-08	1.242e-08	1.2532e-08	1.2158e-08	1.2047e-08	1.2047e-08	1.2416e-08	1.2518e-08	1.2539e-08	1.2906e-08	1.2785e-08	1.2574e-08	1.2665e-08	1.2598e-08	1.2582e-08	1.2703e-08	1.2913e-08	1.2993e-08	1.2984e-08	1.2755e-08	1.2592e-08	1.2547e-08	1.2544e-08	1.2411e-08	1.2387e-08	1.2608e-08	1.2639e-08	1.2971e-08	1.3007e-08	1.2546e-08	1.2286e-08	1.1662e-08	1.131e-08	1.1353e-08	1.1617e-08	1.1676e-08	1.1296e-08	1.1107e-08	1.1306e-08	1.1691e-08
1.5991e-08	1.5976e-08	1.5611e-08	1.542e-08	1.5435e-08	1.5847e-08	1.6141e-08	1.6039e-08	1.6508e-08	1.6061e-08	1.5699e-08	1.6217e-08	1.6236e-08	1.5942e-08	1.5649e-08	1.5519e-08	1.539e-08	1.5124e-08	1.4775e-08	1.4621e-08	1.4992e-08	1.4934e-08	1.4556e-08	1.4605e-08	1.4546e-08	1.4849e-08	1.4742e-08	1.4383e-08	1.4111e-08	1.3316e-08	1.3678e-08	1.4278e-08	1.4262e-08	1.4292e-08	1.4029e-08	1.3837e-08	1.3808e-08	1.3619e-08	1.3887e-08	1.3862e-08	1.3445e-08	1.3265e-08	1.3283e-08	1.3491e-08	1.3573e-08	1.354e-08	1.3471e-08	1.2919e-08	1.3495e-08	1.9098e-08	2.9089e-08	4.2079e-08	5.6747e-08	7.2715e-08	9.1738e-08	1.075e-07	1.2183e-07	1.3453e-07	1.4585e-07	1.5703e-07	1.6485e-07	1.7151e-07	1.7703e-07	1.8127e-07	1.8392e-07	1.8272e-07	1.8157e-07	1.8255e-07	1.8266e-07	1.8031e-07	1.7532e-07	1.6873e-07	1.6105e-07	1.5257e-07	1.4337e-07	1.3437e-07	1.2501e-07	1.1581e-07	1.0689e-07	9.7513e-08	8.8422e-08	7.9344e-08	7.0513e-08	6.1539e-08	5.1812e-08	4.3074e-08	3.4498e-08	2.6218e-08	1.9853e-08	1.5422e-08	1.3705e-08	1.3002e-08	1.2335e-08	1.2335e-08	1.1997e-08	1.197e-08	1.2179e-08	1.2162e-08	1.2193e-08	1.2406e-08	1.2716e-08	1.2652e-08	1.2271e-08	1.2157e-08	1.2405e-08	1.2449e-08	1.254e-08	1.2916e-08	1.281e-08	1.2517e-08	1.2635e-08	1.2563e-08	1.2569e-08	1.2755e-08	1.2995e-08	1.3065e-08	1.3013e-08	1.2764e-08	1.2618e-08	1.263e-08	1.2564e-08	1.2336e-08	1.2289e-08	1.2434e-08	1.238e-08	1.2701e-08	1.2708e-08	1.2295e-08	1.2078e-08	1.1393e-08	1.1144e-08	1.1164e-08	1.1407e-08	1.1446e-08	1.1052e-08	1.0795e-08	1.1012e-08	1.1404e-08
1.5993e-08	1.5888e-08	1.5534e-08	1.5375e-08	1.5323e-08	1.5756e-08	1.6044e-08	1.5836e-08	1.6291e-08	1.5723e-08	1.5416e-08	1.591e-08	1.5904e-08	1.562e-08	1.5194e-08	1.4961e-08	1.49e-08	1.4755e-08	1.4513e-08	1.4407e-08	1.4794e-08	1.4674e-08	1.4245e-08	1.4244e-08	1.43e-08	1.4648e-08	1.4546e-08	1.4126e-08	1.3784e-08	1.3043e-08	1.3418e-08	1.4099e-08	1.4085e-08	1.4132e-08	1.4128e-08	1.4053e-08	1.3843e-08	1.3759e-08	1.3527e-08	1.3905e-08	1.3972e-08	1.3519e-08	1.333e-08	1.3354e-08	1.378e-08	1.3766e-08	1.3713e-08	1.3214e-08	1.4147e-08	2.0728e-08	3.1275e-08	4.4548e-08	5.9369e-08	7.5378e-08	9.4448e-08	1.1009e-07	1.2416e-07	1.3643e-07	1.4741e-07	1.5825e-07	1.661e-07	1.729e-07	1.784e-07	1.825e-07	1.8471e-07	1.8335e-07	1.8236e-07	1.8344e-07	1.8337e-07	1.8072e-07	1.7546e-07	1.6864e-07	1.6083e-07	1.5225e-07	1.4291e-07	1.3392e-07	1.2455e-07	1.1535e-07	1.0642e-07	9.6901e-08	8.7757e-08	7.8642e-08	6.9782e-08	6.9782e-08	5.9928e-08	5.0914e-08	4.2156e-08	3.3541e-08	2.5331e-08	1.8549e-08	1.5171e-08	1.3671e-08	1.3068e-08	1.2509e-08	1.211e-08	1.2099e-08	1.2216e-08	1.2264e-08	1.2367e-08	1.2615e-08	1.2935e-08	1.2707e-08	1.2337e-08	1.2231e-08	1.2375e-08	1.2371e-08	1.2523e-08	1.2877e-08	1.2793e-08	1.247e-08	1.2623e-08	1.2561e-08	1.2574e-08	1.2827e-08	1.3124e-08	1.3132e-08	1.3072e-08	1.2843e-08	1.2707e-08	1.2737e-08	1.258e-08	1.2256e-08	1.2163e-08	1.2209e-08	1.2071e-08	1.2369e-08	1.2349e-08	1.2004e-08	1.1841e-08	1.1113e-08	1.0987e-08	1.0984e-08	1.1195e-08	1.1195e-08	1.0979e-08	1.0821e-08	1.0502e-08	1.0732e-08
1.5878e-08	1.5668e-08	1.5339e-08	1.5244e-08	1.5143e-08	1.5573e-08	1.5828e-08	1.55e-08	1.5909e-08	1.5303e-08	1.5064e-08	1.5529e-08	1.5515e-08	1.5247e-08	1.4737e-08	1.4401e-08	1.4406e-08	1.4394e-08	1.4269e-08	1.4253e-08	1.4647e-08	1.4468e-08	1.3996e-08	1.3943e-08	1.376e-08	1.4138e-08	1.4502e-08	1.4407e-08	1.3954e-08	1.3515e-08	1.2961e-08	1.3312e-08	1.4038e-08	1.4061e-08	1.4317e-08	1.4256e-08	1.4051e-08	1.3922e-08	1.3675e-08	1.423e-08	1.4268e-08	1.3809e-08	1.361e-08	1.3596e-08	1.4084e-08	1.4091e-08	1.406e-08	1.3646e-08	1.4993e-08	2.2517e-08	3.3578e-08	4.711e-08	6.2072e-08	7.8103e-08	9.714e-08	1.1265e-07	1.2645e-07	1.3831e-07	1.4895e-07	1.5948e-07	1.6738e-07	1.7431e-07	1.7978e-07	1.8373e-07	1.855e-07	1.84e-07	1.8319e-07	1.8431e-07	1.8403e-07	1.8108e-07	1.7552e-07	1.6847e-07	1.605e-07	1.605e-07	1.5128e-07	1.4234e-07	1.3334e-07	1.2398e-07	1.1478e-07	1.0516e-07	9.619e-08	8.7e-08	7.7856e-08	6.8968e-08	5.9004e-08	4.9939e-08	4.1157e-08	3.2508e-08	2.4389e-08	1.7831e-08	1.4872e-08	1.3567e-08	1.3049e-08	1.2597e-08	1.2136e-08	1.2139e-08	1.217e-08	1.229e-08	1.2466e-08	1.2716e-08	1.305e-08	1.2688e-08	1.2352e-08	1.2269e-08	1.2334e-08	1.2299e-08	1.2496e-08	1.2789e-08	1.2742e-08	1.2445e-08	1.2642e-08	1.2605e-08	1.2611e-08	1.2933e-08	1.3277e-08	1.3185e-08	1.3146e-08	1.297e-08	1.2841e-08	1.2848e-08	1.2586e-08	1.2169e-08	1.2015e-08	1.2015e-08	1.1669e-08	1.1732e-08	1.1997e-08	1.1951e-08	1.1688e-08	1.1313e-08	1.0835e-08	1.0839e-08	1.0816e-08	1.0988e-08	1.0767e-08	1.0618e-08	1.0251e-08	1.0485e-08
1.5682e-08	1.5359e-08	1.5066e-08	1.5059e-08	1.5143e-08	1.5335e-08	1.554e-08	1.5089e-08	1.5427e-08	1.5303e-08	1.4692e-08	1.5125e-08	1.5116e-08	1.4872e-08	1.4872e-08	1.4335e-08	1.3904e-08	1.3968e-08	1.409e-08	1.4084e-08	1.4196e-08	1.459e-08	1.4362e-08	1.3861e-08	1.376e-08	1.4104e-08	1.4444e-08	1.4357e-08	1.3907e-08	1.3515e-08	1.3116e-08	1.34e-08	1.4121e-08	1.4226e-08	1.4317e-08	1.461e-08	1.4429e-08	1.4268e-08	1.403e-08	1.4701e-08	1.47e-08	1.4259e-08	1.405e-08	1.3967e-08	1.4459e-08	1.4486e-08	1.4476e-08	1.4181e-08	1.5993e-08	2.4407e-08	3.5938e-08	4.9709e-08	6.4803e-08	8.0841e-08	9.9766e-08	1.1512e-07	1.2867e-07	1.4015e-07	1.5047e-07	1.6075e-07	1.687e-07	1.7574e-07	1.8116e-07	1.8116e-07	1.8603e-07	1.8626e-07	1.8464e-07	1.8403e-07	1.8513e-07	1.8511e-07	1.8137e-07	1.755e-07	1.6818e-07	1.6005e-07	1.5061e-07	1.4165e-07	1.3265e-07	1.2331e-07	1.1412e-07	1.0438e-07	9.5383e-08	8.6159e-08	7.6992e-08	6.8073e-08	5.801e-08	4.8897e-08	4.0088e-08	3.1413e-08	2.341e-08	1.7094e-08	1.4528e-08	1.3394e-08	1.2942e-08	1.2592e-08	1.2071e-08	1.2087e-08	1.2042e-08	1.2235e-08	1.2471e-08	1.268e-08	1.3032e-08	1.2583e-08	1.2311e-08	1.2271e-08	1.2286e-08	1.2241e-08	1.2461e-08	1.2656e-08	1.2663e-08	1.2429e-08	1.2674e-08	1.2674e-08	1.2663e-08	1.2663e-08	1.3161e-08	1.3424e-08	1.3212e-08	1.3216e-08	1.3118e-08	1.3135e-08	1.2945e-08	1.2574e-08	1.2071e-08	1.1853e-08	1.1386e-08	1.138e-08	1.1603e-08	1.1536e-08	1.1362e-08	1.1041e-08	1.057e-08	1.07e-08	1.0663e-08	1.0793e-08	1.0585e-08	1.0458e-08	1.0066e-08	1.0293e-08
1.5444e-08	1.501e-08	1.476e-08	1.4853e-08	1.4853e-08	1.4725e-08	1.5082e-08	1.5226e-08	1.4659e-08	1.4911e-08	1.4443e-08	1.4348e-08	1.4749e-08	1.4752e-08	1.454e-08	1.4042e-08	1.3537e-08	1.3645e-08	1.389e-08	1.3996e-08	1.4274e-08	1.466e-08	1.4404e-08	1.3894e-08	1.375e-08	1.423e-08	1.4501e-08	1.4419e-08	1.4015e-08	1.3665e-08	1.3476e-08	1.3658e-08	1.4333e-08	1.4552e-08	1.4668e-08	1.5072e-08	1.4928e-08	1.4743e-08	1.4537e-08	1.4701e-08	1.5216e-08	1.4814e-08	1.4596e-08	1.4428e-08	1.4459e-08	1.4922e-08	1.4929e-08	1.4787e-08	1.7109e-08	2.4407e-08	3.8298e-08	5.2288e-08	6.7509e-08	6.7509e-08	8.3543e-08	1.0228e-07	1.1746e-07	1.3078e-07	1.4194e-07	1.5197e-07	1.6208e-07	1.7008e-07	1.7718e-07	1.825e-07	1.8603e-07	1.8698e-07	1.8525e-07	1.8485e-07	1.8587e-07	1.8511e-07	1.8155e-07	1.7537e-07	1.678e-07	1.595e-07	1.5061e-07	1.4086e-07	1.3186e-07	1.2255e-07	1.1336e-07	1.0352e-07	9.4486e-08	8.5237e-08	7.6055e-08	6.7105e-08	5.695e-08	4.7798e-08	3.8957e-08	3.0272e-08	2.2413e-08	1.6354e-08	1.4141e-08	1.315e-08	1.2744e-08	1.2486e-08	1.1912e-08	1.1943e-08	1.1837e-08	1.2092e-08	1.2365e-08	1.2493e-08	1.2868e-08	1.2392e-08	1.2215e-08	1.2215e-08	1.2168e-08	1.2226e-08	1.2189e-08	1.2414e-08	1.2483e-08	1.2411e-08	1.2405e-08	1.2696e-08	1.2742e-08	1.2711e-08	1.3235e-08	1.3535e-08	1.3201e-08	1.3261e-08	1.3257e-08	1.3244e-08	1.3009e-08	1.2536e-08	1.1959e-08	1.1682e-08	1.1115e-08	1.1036e-08	1.1207e-08	1.1125e-08	1.104e-08	1.0778e-08	1.0333e-08	1.0569e-08	1.0528e-08	1.0615e-08	1.0444e-08	1.0353e-08	9.9654e-09	1.0171e-08
1.5222e-08	1.5203e-08	1.467e-08	1.4465e-08	1.4661e-08	1.4559e-08	1.4853e-08	1.4932e-08	1.4268e-08	1.4428e-08	1.4114e-08	1.4084e-08	1.4452e-08	1.4471e-08	1.4299e-08	1.3917e-08	1.3365e-08	1.3496e-08	1.3843e-08	1.4046e-08	1.4513e-08	1.4886e-08	1.4626e-08	1.4133e-08	1.3955e-08	1.4494e-08	1.466e-08	1.4583e-08	1.4257e-08	1.399e-08	1.3985e-08	1.4046e-08	1.4643e-08	1.4994e-08	1.5134e-08	1.5596e-08	1.5495e-08	1.5297e-08	1.5137e-08	1.5263e-08	1.5767e-08	1.542e-08	1.5193e-08	1.4936e-08	1.4936e-08	1.531e-08	1.5367e-08	1.5383e-08	1.543e-08	1.8302e-08	2.8261e-08	4.06e-08	5.4791e-08	7.0138e-08	8.616e-08	1.0463e-07	1.1963e-07	1.3276e-07	1.4366e-07	1.5345e-07	1.6347e-07	1.715e-07	1.786e-07	1.8378e-07	1.8704e-07	1.8761e-07	1.8581e-07	1.8562e-07	1.8651e-07	1.8547e-07	1.8163e-07	1.7515e-07	1.6732e-07	1.5885e-07	1.4986e-07	1.4e-07	1.3098e-07	1.2171e-07	1.1253e-07	1.0352e-07	9.3503e-08	8.4242e-08	7.505e-08	6.6066e-08	5.695e-08	4.6651e-08	3.7776e-08	2.91e-08	2.1415e-08	1.6354e-08	1.3716e-08	1.2836e-08	1.2454e-08	1.2454e-08	1.2269e-08	1.1659e-08	1.1709e-08	1.1563e-08	1.186e-08	1.2139e-08	1.2183e-08	1.2584e-08	1.2131e-08	1.2069e-08	1.2168e-08	1.2147e-08	1.2131e-08	1.2347e-08	1.2276e-08	1.2411e-08	1.2358e-08	1.2685e-08	1.2782e-08	1.2734e-08	1.3251e-08	1.3579e-08	1.3138e-08	1.3262e-08	1.3361e-08	1.3294e-08	1.3021e-08	1.2465e-08	1.183e-08	1.1509e-08	1.0871e-08	1.0717e-08	1.0828e-08	1.074e-08	1.0737e-08	1.0531e-08	1.0134e-08	1.0446e-08	1.0414e-08	1.0462e-08	1.0345e-08	1.0302e-08	9.9438e-09	1.0116e-08
1.4973e-08	1.4997e-08	1.4386e-08	1.4225e-08	1.4516e-08	1.4469e-08	1.4686e-08	1.4703e-08	1.3972e-08	1.4041e-08	1.3927e-08	1.3948e-08	1.4286e-08	1.4319e-08	1.4196e-08	1.4e-08	1.3441e-08	1.3566e-08	1.3987e-08	1.4263e-08	1.489e-08	1.5242e-08	1.5e-08	1.4545e-08	1.434e-08	1.4858e-08	1.4898e-08	1.4828e-08	1.4598e-08	1.4437e-08	1.4586e-08	1.4521e-08	1.5021e-08	1.5506e-08	1.5506e-08	1.6221e-08	1.6138e-08	1.608e-08	1.5877e-08	1.5775e-08	1.6443e-08	1.6304e-08	1.6019e-08	1.5787e-08	1.5453e-08	1.5733e-08	1.5792e-08	1.5804e-08	1.6077e-08	1.9532e-08	3.011e-08	4.2789e-08	5.7166e-08	7.2638e-08	8.8644e-08	1.0681e-07	1.2162e-07	1.3459e-07	1.453e-07	1.549e-07	1.6487e-07	1.7292e-07	1.7998e-07	1.8498e-07	1.8792e-07	1.8814e-07	1.8629e-07	1.8631e-07	1.8702e-07	1.8571e-07	1.8158e-07	1.7481e-07	1.6675e-07	1.5812e-07	1.4903e-07	1.3908e-07	1.3004e-07	1.208e-07	1.1161e-07	1.0257e-07	9.2441e-08	8.3177e-08	7.3981e-08	7.3981e-08	6.4963e-08	5.4656e-08	4.5468e-08	3.6553e-08	2.7913e-08	2.0434e-08	1.4933e-08	1.3256e-08	1.2455e-08	1.2074e-08	1.1944e-08	1.1333e-08	1.1404e-08	1.1237e-08	1.1558e-08	1.1818e-08	1.1785e-08	1.221e-08	1.1817e-08	1.1881e-08	1.206e-08	1.2041e-08	1.2055e-08	1.2254e-08	1.2042e-08	1.2233e-08	1.2269e-08	1.2619e-08	1.2766e-08	1.2711e-08	1.3251e-08	1.3526e-08	1.3012e-08	1.32e-08	1.34e-08	1.3294e-08	1.2964e-08	1.2354e-08	1.1681e-08	1.134e-08	1.0871e-08	1.0441e-08	1.0486e-08	1.0402e-08	1.0467e-08	1.0531e-08	9.9784e-09	1.0334e-08	1.0323e-08	1.0323e-08	1.0336e-08	1.0285e-08	1.0293e-08	9.9818e-09
1.4805e-08	1.4865e-08	1.4207e-08	1.4085e-08	1.4452e-08	1.4492e-08	1.4622e-08	1.4586e-08	1.3828e-08	1.3817e-08	1.3924e-08	1.3978e-08	1.4288e-08	1.4331e-08	1.4266e-08	1.427e-08	1.3735e-08	1.3834e-08	1.4299e-08	1.4623e-08	1.5364e-08	1.5687e-08	1.5478e-08	1.5075e-08	1.5075e-08	1.5437e-08	1.5283e-08	1.5193e-08	1.5132e-08	1.5003e-08	1.5502e-08	1.5224e-08	1.5042e-08	1.5436e-08	1.6041e-08	1.6745e-08	1.6655e-08	1.6632e-08	1.6431e-08	1.6395e-08	1.6951e-08	1.6775e-08	1.6558e-08	1.6324e-08	1.5938e-08	1.6118e-08	1.6167e-08	1.6159e-08	1.6694e-08	2.0762e-08	3.1868e-08	4.4846e-08	5.9395e-08	7.4994e-08	9.0981e-08	1.0885e-07	1.2345e-07	1.3629e-07	1.4688e-07	1.5633e-07	1.6627e-07	1.743e-07	1.8127e-07	1.8606e-07	1.8866e-07	1.8853e-07	1.8667e-07	1.8688e-07	1.8741e-07	1.8582e-07	1.8139e-07	1.7436e-07	1.661e-07	1.661e-07	1.5733e-07	1.4721e-07	1.381e-07	1.2904e-07	1.1981e-07	1.1062e-07	1.0043e-07	9.1303e-08	8.2049e-08	7.2853e-08	6.3799e-08	5.3434e-08	4.4254e-08	3.5298e-08	2.6723e-08	1.9485e-08	1.4271e-08	1.2775e-08	1.2023e-08	1.1627e-08	1.1532e-08	1.0954e-08	1.1049e-08	1.0878e-08	1.1205e-08	1.143e-08	1.1336e-08	1.1778e-08	1.1469e-08	1.1657e-08	1.1913e-08	1.1902e-08	1.1951e-08	1.2127e-08	1.1786e-08	1.2019e-08	1.2124e-08	1.2475e-08	1.2668e-08	1.2622e-08	1.3185e-08	1.3347e-08	1.281e-08	1.3053e-08	1.3346e-08	1.3257e-08	1.282e-08	1.2195e-08	1.151e-08	1.151e-08	1.1182e-08	1.0514e-08	1.0215e-08	1.0192e-08	1.0119e-08	1.0236e-08	1.0121e-08	9.8656e-09	1.0238e-08	1.0256e-08	1.0239e-08	1.0261e-08	1.0318e-08	1.006e-08
1.4763e-08	1.4845e-08	1.418e-08	1.4087e-08	1.4504e-08	1.4655e-08	1.469e-08	1.4617e-08	1.388e-08	1.3806e-08	1.4089e-08	1.416e-08	1.4445e-08	1.4493e-08	1.4493e-08	1.4837e-08	1.4683e-08	1.4198e-08	1.4254e-08	1.4738e-08	1.562e-08	1.5896e-08	1.6183e-08	1.6013e-08	1.567e-08	1.6039e-08	1.5732e-08	1.5521e-08	1.5474e-08	1.5436e-08	1.6019e-08	1.5842e-08	1.5569e-08	1.586e-08	1.6552e-08	1.7194e-08	1.7101e-08	1.71e-08	1.6908e-08	1.6938e-08	1.7334e-08	1.7132e-08	1.6982e-08	1.675e-08	1.635e-08	1.6449e-08	1.6477e-08	1.6437e-08	1.7274e-08	2.1974e-08	3.3548e-08	4.6788e-08	6.1497e-08	7.722e-08	9.319e-08	1.1077e-07	1.2517e-07	1.3788e-07	1.4839e-07	1.5771e-07	1.6762e-07	1.756e-07	1.8245e-07	1.8245e-07	1.87e-07	1.8962e-07	1.8874e-07	1.8691e-07	1.8731e-07	1.8763e-07	1.8558e-07	1.8104e-07	1.738e-07	1.6536e-07	1.5647e-07	1.4625e-07	1.371e-07	1.2799e-07	1.1877e-07	1.0957e-07	9.9254e-08	9.0097e-08	8.0864e-08	7.1671e-08	6.2581e-08	5.2167e-08	4.3011e-08	3.4018e-08	2.554e-08	1.8573e-08	1.3645e-08	1.2285e-08	1.1559e-08	1.1134e-08	1.1062e-08	1.0543e-08	1.0663e-08	1.0506e-08	1.0822e-08	1.1003e-08	1.0869e-08	1.1318e-08	1.1108e-08	1.1405e-08	1.1726e-08	1.1723e-08	1.1807e-08	1.1959e-08	1.1515e-08	1.1765e-08	1.1904e-08	1.2231e-08	1.2462e-08	1.2462e-08	1.2446e-08	1.2715e-08	1.3017e-08	1.2524e-08	1.2806e-08	1.3175e-08	1.287e-08	1.2598e-08	1.1996e-08	1.1322e-08	1.1038e-08	1.0402e-08	1.004e-08	9.9514e-09	9.8969e-09	1.0051e-08	9.9719e-09	9.7959e-09	1.016e-08	1.0213e-08	1.0173e-08	1.0268e-08	1.0364e-08	1.0158e-08
1.488e-08	1.4967e-08	1.4342e-08	1.4266e-08	1.4266e-08	1.5006e-08	1.4939e-08	1.4878e-08	1.4783e-08	1.411e-08	1.4333e-08	1.4391e-08	1.4464e-08	1.4725e-08	1.4774e-08	1.527e-08	1.5196e-08	1.4779e-08	1.4786e-08	1.5266e-08	1.618e-08	1.6446e-08	1.6688e-08	1.6557e-08	1.6273e-08	1.6604e-08	1.6167e-08	1.586e-08	1.5833e-08	1.5862e-08	1.6458e-08	1.6384e-08	1.6059e-08	1.6261e-08	1.6995e-08	1.7521e-08	1.7434e-08	1.7434e-08	1.7258e-08	1.7351e-08	1.7576e-08	1.736e-08	1.7273e-08	1.7046e-08	1.6673e-08	1.6716e-08	1.6717e-08	1.6646e-08	1.7826e-08	2.3171e-08	3.5161e-08	4.8635e-08	6.3491e-08	6.3491e-08	7.9334e-08	9.7288e-08	1.126e-07	1.268e-07	1.3939e-07	1.4986e-07	1.6037e-07	1.689e-07	1.7678e-07	1.8348e-07	1.8777e-07	1.8979e-07	1.8876e-07	1.87e-07	1.8756e-07	1.8769e-07	1.8522e-07	1.8052e-07	1.7311e-07	1.6455e-07	1.5557e-07	1.4527e-07	1.3608e-07	1.2692e-07	1.1767e-07	1.0845e-07	9.8017e-08	8.8834e-08	7.9628e-08	7.0441e-08	6.1315e-08	5.0862e-08	4.1738e-08	3.272e-08	2.4371e-08	1.7702e-08	1.306e-08	1.1797e-08	1.1082e-08	1.062e-08	1.0562e-08	1.0121e-08	1.0269e-08	1.014e-08	1.0428e-08	1.0565e-08	1.042e-08	1.0862e-08	1.0751e-08	1.0751e-08	1.1132e-08	1.1228e-08	1.1496e-08	1.1612e-08	1.1745e-08	1.1235e-08	1.1131e-08	1.1597e-08	1.1869e-08	1.2123e-08	1.2167e-08	1.2312e-08	1.2559e-08	1.217e-08	1.2476e-08	1.2901e-08	1.2558e-08	1.2319e-08	1.1771e-08	1.1128e-08	1.0911e-08	1.0331e-08	9.9179e-09	9.7717e-09	9.7376e-09	9.9135e-09	9.8698e-09	9.7695e-09	1.0107e-08	1.0197e-08	1.0138e-08	1.0304e-08	1.0422e-08	1.0258e-08
1.5189e-08	1.5136e-08	1.521e-08	1.4664e-08	1.4594e-08	1.5401e-08	1.5316e-08	1.5163e-08	1.5057e-08	1.4482e-08	1.4792e-08	1.4795e-08	1.486e-08	1.5097e-08	1.5144e-08	1.5757e-08	1.5766e-08	1.5429e-08	1.5385e-08	1.5842e-08	1.6731e-08	1.6975e-08	1.7163e-08	1.7063e-08	1.6831e-08	1.7078e-08	1.6548e-08	1.6185e-08	1.6187e-08	1.6246e-08	1.6771e-08	1.6797e-08	1.6473e-08	1.661e-08	1.7324e-08	1.7712e-08	1.7642e-08	1.7623e-08	1.7467e-08	1.7617e-08	1.7689e-08	1.7471e-08	1.7441e-08	1.7441e-08	1.7223e-08	1.7052e-08	1.6913e-08	1.6883e-08	1.6796e-08	1.836e-08	2.5535e-08	3.6722e-08	5.0403e-08	6.5395e-08	8.1352e-08	9.9213e-08	1.1436e-07	1.2838e-07	1.4083e-07	1.5129e-07	1.6163e-07	1.7006e-07	1.778e-07	1.8432e-07	1.8835e-07	1.8974e-07	1.8854e-07	1.869e-07	1.876e-07	1.8756e-07	1.847e-07	1.7983e-07	1.723e-07	1.6367e-07	1.5464e-07	1.4428e-07	1.3504e-07	1.2581e-07	1.1653e-07	1.0728e-07	9.6734e-08	8.7528e-08	7.8351e-08	6.9167e-08	6.0006e-08	4.9522e-08	4.0433e-08	3.141e-08	2.3224e-08	1.6875e-08	1.2517e-08	1.1326e-08	1.0609e-08	1.0609e-08	1.0107e-08	9.5755e-09	9.7096e-09	9.8847e-09	9.7986e-09	1.0045e-08	9.7722e-09	1.0024e-08	1.0441e-08	1.0417e-08	1.0845e-08	1.0916e-08	1.1216e-08	1.1356e-08	1.1477e-08	1.0952e-08	1.0762e-08	1.1219e-08	1.1408e-08	1.1676e-08	1.1802e-08	1.1844e-08	1.2025e-08	1.1779e-08	1.2093e-08	1.2554e-08	1.2203e-08	1.2004e-08	1.1532e-08	1.0939e-08	1.0802e-08	1.0299e-08	9.8498e-09	9.6596e-09	9.6454e-09	9.8293e-09	9.8219e-09	9.7867e-09	1.008e-08	1.0208e-08	1.0137e-08	1.0364e-08	1.0481e-08	1.0339e-08
1.5552e-08	1.5492e-08	1.5542e-08	1.5101e-08	1.5032e-08	1.5848e-08	1.5753e-08	1.552e-08	1.5413e-08	1.4957e-08	1.5331e-08	1.5268e-08	1.5315e-08	1.553e-08	1.5572e-08	1.6264e-08	1.6351e-08	1.6097e-08	1.6008e-08	1.6428e-08	1.7234e-08	1.7444e-08	1.7566e-08	1.7484e-08	1.7289e-08	1.7407e-08	1.684e-08	1.6476e-08	1.6517e-08	1.6553e-08	1.6948e-08	1.7065e-08	1.6794e-08	1.6892e-08	1.6892e-08	1.7618e-08	1.7785e-08	1.7737e-08	1.7685e-08	1.7553e-08	1.7772e-08	1.7691e-08	1.7479e-08	1.7497e-08	1.7292e-08	1.7111e-08	1.7031e-08	1.6971e-08	1.6896e-08	1.8889e-08	2.6708e-08	3.8242e-08	5.2111e-08	6.7229e-08	8.329e-08	1.0108e-07	1.1608e-07	1.2993e-07	1.4222e-07	1.5268e-07	1.6284e-07	1.7108e-07	1.7861e-07	1.8495e-07	1.887e-07	1.8946e-07	1.8809e-07	1.8662e-07	1.8742e-07	1.8724e-07	1.8404e-07	1.7899e-07	1.7139e-07	1.6273e-07	1.5367e-07	1.4326e-07	1.3397e-07	1.2468e-07	1.1535e-07	1.0606e-07	9.5418e-08	8.6191e-08	7.7038e-08	7.7038e-08	6.7856e-08	5.7289e-08	4.8152e-08	3.9096e-08	3.0095e-08	2.2105e-08	1.537e-08	1.202e-08	1.0884e-08	1.0159e-08	9.6194e-09	9.1449e-09	9.3299e-09	9.5323e-09	9.5021e-09	9.6913e-09	9.4703e-09	9.713e-09	1.0084e-08	1.0124e-08	1.0553e-08	1.0576e-08	1.0898e-08	1.1052e-08	1.1167e-08	1.0672e-08	1.0383e-08	1.0798e-08	1.0889e-08	1.1162e-08	1.1388e-08	1.1354e-08	1.1463e-08	1.1384e-08	1.1691e-08	1.2169e-08	1.1835e-08	1.1674e-08	1.1294e-08	1.0763e-08	1.0714e-08	1.0303e-08	9.837e-09	9.6216e-09	9.6238e-09	9.8023e-09	9.8357e-09	9.8474e-09	9.8474e-09	1.0085e-08	1.0247e-08	1.0243e-08	1.0445e-08	1.0532e-08
1.5552e-08	1.5911e-08	1.5929e-08	1.5606e-08	1.5537e-08	1.5848e-08	1.6222e-08	1.5926e-08	1.5824e-08	1.55e-08	1.591e-08	1.5777e-08	1.5802e-08	1.5993e-08	1.6029e-08	1.6756e-08	1.6908e-08	1.6732e-08	1.6613e-08	1.6983e-08	1.7652e-08	1.7813e-08	1.786e-08	1.7773e-08	1.7773e-08	1.7737e-08	1.758e-08	1.7031e-08	1.672e-08	1.6809e-08	1.6922e-08	1.7015e-08	1.7209e-08	1.7026e-08	1.7107e-08	1.7615e-08	1.7758e-08	1.7734e-08	1.7642e-08	1.7536e-08	1.7695e-08	1.7597e-08	1.7398e-08	1.7454e-08	1.7265e-08	1.7086e-08	1.7063e-08	1.6978e-08	1.6953e-08	1.9423e-08	2.788e-08	3.9736e-08	5.3777e-08	6.9012e-08	8.5165e-08	1.0291e-07	1.1778e-07	1.3149e-07	1.4359e-07	1.5404e-07	1.6399e-07	1.7195e-07	1.792e-07	1.8534e-07	1.8882e-07	1.8899e-07	1.8745e-07	1.8619e-07	1.8706e-07	1.8677e-07	1.8329e-07	1.7805e-07	1.704e-07	1.704e-07	1.6174e-07	1.5164e-07	1.4222e-07	1.3288e-07	1.2352e-07	1.1413e-07	1.0354e-07	9.4081e-08	8.4836e-08	7.5699e-08	6.6512e-08	5.5892e-08	4.6756e-08	3.7728e-08	2.8783e-08	2.1024e-08	1.4699e-08	1.1573e-08	1.0483e-08	9.7501e-09	9.1799e-09	8.79e-09	9.0013e-09	9.2303e-09	9.2672e-09	9.3866e-09	9.2423e-09	9.4894e-09	9.7965e-09	9.8778e-09	1.0264e-08	1.0231e-08	1.0565e-08	1.0721e-08	1.0832e-08	1.0403e-08	1.0013e-08	1.0365e-08	1.0354e-08	1.0627e-08	1.0961e-08	1.0883e-08	1.0923e-08	1.1014e-08	1.1301e-08	1.1777e-08	1.148e-08	1.1349e-08	1.1349e-08	1.1071e-08	1.0612e-08	1.0612e-08	1.0341e-08	9.8806e-09	9.6645e-09	9.6765e-09	9.9366e-09	9.918e-09	9.9519e-09	1.0125e-08	1.0315e-08	1.0348e-08	1.0545e-08	1.0569e-08
1.5978e-08	1.6356e-08	1.6338e-08	1.6132e-08	1.6067e-08	1.6313e-08	1.6691e-08	1.6355e-08	1.6263e-08	1.6073e-08	1.591e-08	1.6288e-08	1.6288e-08	1.6455e-08	1.6455e-08	1.6484e-08	1.72e-08	1.7395e-08	1.7286e-08	1.7156e-08	1.7468e-08	1.7969e-08	1.8068e-08	1.8031e-08	1.7919e-08	1.7737e-08	1.7619e-08	1.7133e-08	1.6916e-08	1.7062e-08	1.6922e-08	1.6996e-08	1.7249e-08	1.7174e-08	1.7253e-08	1.7615e-08	1.7649e-08	1.765e-08	1.7517e-08	1.7435e-08	1.7695e-08	1.7422e-08	1.7243e-08	1.7324e-08	1.7153e-08	1.6977e-08	1.7001e-08	1.6901e-08	1.6979e-08	1.9973e-08	2.9055e-08	4.1215e-08	5.5419e-08	7.0762e-08	8.6993e-08	1.047e-07	1.1949e-07	1.3307e-07	1.4494e-07	1.5538e-07	1.6508e-07	1.7267e-07	1.796e-07	1.796e-07	1.8553e-07	1.885e-07	1.8838e-07	1.8669e-07	1.8567e-07	1.8659e-07	1.8556e-07	1.8247e-07	1.7702e-07	1.6935e-07	1.6071e-07	1.5058e-07	1.4115e-07	1.3177e-07	1.2234e-07	1.1289e-07	1.0224e-07	9.2737e-08	8.3477e-08	7.434e-08	6.5141e-08	5.448e-08	4.5341e-08	3.6326e-08	2.7479e-08	1.9987e-08	1.4087e-08	1.1178e-08	1.0134e-08	9.3994e-09	8.81e-09	8.5149e-09	8.7285e-09	8.9829e-09	9.0934e-09	9.1338e-09	9.0782e-09	9.34e-09	9.5743e-09	9.6775e-09	9.9907e-09	9.9012e-09	1.0241e-08	1.0387e-08	1.049e-08	1.0151e-08	9.6708e-09	9.9504e-09	9.8432e-09	9.8432e-09	1.0115e-08	1.0208e-08	1.0473e-08	1.0457e-08	1.0702e-08	1.0957e-08	1.1102e-08	1.1166e-08	1.105e-08	1.0876e-08	1.0497e-08	1.0601e-08	1.0412e-08	9.9821e-09	9.7948e-09	9.8069e-09	1.0099e-08	1.0068e-08	1.0097e-08	1.0201e-08	1.0411e-08	1.0482e-08	1.0659e-08	1.0599e-08
1.6429e-08	1.6788e-08	1.6736e-08	1.6633e-08	1.6633e-08	1.6581e-08	1.716e-08	1.713e-08	1.6784e-08	1.6704e-08	1.664e-08	1.7034e-08	1.677e-08	1.6744e-08	1.6886e-08	1.6907e-08	1.7577e-08	1.7788e-08	1.7733e-08	1.7614e-08	1.7863e-08	1.8186e-08	1.8216e-08	1.8092e-08	1.794e-08	1.774e-08	1.755e-08	1.7159e-08	1.7064e-08	1.727e-08	1.7008e-08	1.6917e-08	1.7207e-08	1.7244e-08	1.7328e-08	1.7534e-08	1.7475e-08	1.7497e-08	1.7329e-08	1.7271e-08	1.7538e-08	1.7183e-08	1.7026e-08	1.7118e-08	1.6968e-08	1.6977e-08	1.6836e-08	1.6735e-08	1.6981e-08	2.055e-08	2.9055e-08	4.2689e-08	5.7051e-08	5.7051e-08	7.2494e-08	8.8787e-08	1.0645e-07	1.2117e-07	1.3465e-07	1.4627e-07	1.5667e-07	1.6609e-07	1.7327e-07	1.7986e-07	1.8557e-07	1.885e-07	1.8768e-07	1.8585e-07	1.851e-07	1.8605e-07	1.8556e-07	1.8162e-07	1.7596e-07	1.6826e-07	1.5964e-07	1.5058e-07	1.4005e-07	1.3063e-07	1.2113e-07	1.1163e-07	1.0224e-07	9.1397e-08	8.2125e-08	7.297e-08	6.3748e-08	5.3057e-08	4.391e-08	3.4891e-08	2.6191e-08	1.9002e-08	1.3532e-08	1.0834e-08	9.839e-09	9.1094e-09	8.5135e-09	8.3127e-09	8.5085e-09	8.7867e-09	8.9706e-09	8.9285e-09	8.9679e-09	9.2511e-09	9.4122e-09	9.4122e-09	9.5226e-09	9.5335e-09	9.6086e-09	9.9508e-09	1.0071e-08	1.0159e-08	9.7274e-09	9.3771e-09	9.584e-09	9.3969e-09	9.6701e-09	9.9557e-09	1.0165e-08	1.0114e-08	1.0478e-08	1.069e-08	1.0884e-08	1.0921e-08	1.0799e-08	1.0722e-08	1.0426e-08	1.0621e-08	1.0511e-08	1.0139e-08	1.0009e-08	1.0011e-08	1.031e-08	1.0273e-08	1.0276e-08	1.0308e-08	1.0528e-08	1.0635e-08	1.0784e-08	1.0628e-08
1.6962e-08	1.7252e-08	1.7172e-08	1.7088e-08	1.7064e-08	1.7036e-08	1.7476e-08	1.751e-08	1.7189e-08	1.712e-08	1.7164e-08	1.7518e-08	1.7202e-08	1.715e-08	1.7265e-08	1.7279e-08	1.7876e-08	1.8081e-08	1.8067e-08	1.7976e-08	1.8163e-08	1.8307e-08	1.8263e-08	1.8056e-08	1.7857e-08	1.763e-08	1.7396e-08	1.7119e-08	1.7161e-08	1.7432e-08	1.7047e-08	1.6805e-08	1.7104e-08	1.7239e-08	1.7333e-08	1.7392e-08	1.7255e-08	1.7291e-08	1.7099e-08	1.7062e-08	1.7319e-08	1.6895e-08	1.6763e-08	1.6763e-08	1.6849e-08	1.6722e-08	1.6518e-08	1.6569e-08	1.6483e-08	1.6971e-08	2.1163e-08	3.1416e-08	4.4159e-08	5.8671e-08	7.4206e-08	9.0542e-08	1.0816e-07	1.2282e-07	1.362e-07	1.4756e-07	1.579e-07	1.6703e-07	1.7378e-07	1.8001e-07	1.8548e-07	1.8814e-07	1.8695e-07	1.85e-07	1.8453e-07	1.855e-07	1.849e-07	1.8077e-07	1.7488e-07	1.6715e-07	1.5854e-07	1.4948e-07	1.3892e-07	1.2945e-07	1.1991e-07	1.1036e-07	1.0094e-07	9.0075e-08	8.0793e-08	7.1595e-08	6.2339e-08	5.3057e-08	4.2471e-08	3.3435e-08	2.4928e-08	1.8072e-08	1.3532e-08	1.0538e-08	9.5924e-09	9.5924e-09	8.8754e-09	8.2854e-09	8.1765e-09	8.3383e-09	8.6383e-09	8.889e-09	8.7662e-09	8.9012e-09	9.2096e-09	9.3053e-09	9.4126e-09	9.5335e-09	9.3748e-09	9.7182e-09	9.7972e-09	9.857e-09	9.7274e-09	9.1509e-09	9.2962e-09	9.0562e-09	9.3361e-09	9.9557e-09	9.9998e-09	9.9422e-09	1.0374e-08	1.0533e-08	1.0769e-08	1.0759e-08	1.0608e-08	1.0619e-08	1.0406e-08	1.0672e-08	1.0639e-08	1.0343e-08	1.0289e-08	1.0271e-08	1.0556e-08	1.0518e-08	1.0481e-08	1.044e-08	1.066e-08	1.0802e-08	1.0918e-08	1.0661e-08
1.7434e-08	1.7549e-08	1.7469e-08	1.7363e-08	1.7379e-08	1.7393e-08	1.7698e-08	1.7816e-08	1.7552e-08	1.7494e-08	1.7624e-08	1.793e-08	1.7572e-08	1.7499e-08	1.7583e-08	1.759e-08	1.809e-08	1.8267e-08	1.8284e-08	1.8232e-08	1.8365e-08	1.8336e-08	1.8218e-08	1.7934e-08	1.7688e-08	1.7434e-08	1.7182e-08	1.7028e-08	1.7208e-08	1.7543e-08	1.705e-08	1.6686e-08	1.6961e-08	1.6961e-08	1.7166e-08	1.7266e-08	1.699e-08	1.7006e-08	1.7047e-08	1.6851e-08	1.6829e-08	1.6761e-08	1.6572e-08	1.6465e-08	1.6528e-08	1.6426e-08	1.619e-08	1.6221e-08	1.6167e-08	1.6963e-08	2.1813e-08	3.2604e-08	4.5621e-08	6.0279e-08	7.5894e-08	9.2255e-08	1.0979e-07	1.244e-07	1.3769e-07	1.4879e-07	1.5906e-07	1.6787e-07	1.7421e-07	1.8009e-07	1.8531e-07	1.8771e-07	1.8623e-07	1.8421e-07	1.8401e-07	1.85e-07	1.8427e-07	1.7997e-07	1.7384e-07	1.6605e-07	1.5742e-07	1.4835e-07	1.3774e-07	1.2825e-07	1.1866e-07	1.0908e-07	9.9635e-08	8.8771e-08	7.9483e-08	7.9483e-08	7.0222e-08	6.0922e-08	5.0212e-08	4.1034e-08	3.1976e-08	2.3699e-08	1.7201e-08	1.2579e-08	1.0286e-08	9.3893e-09	8.6927e-09	8.1204e-09	8.0994e-09	8.2149e-09	8.5344e-09	8.8384e-09	8.6424e-09	8.868e-09	9.2021e-09	9.2486e-09	9.3469e-09	9.3724e-09	9.2213e-09	9.5673e-09	9.5868e-09	9.6013e-09	9.5685e-09	9.0117e-09	9.1166e-09	8.8616e-09	9.1569e-09	9.8329e-09	9.9907e-09	9.9579e-09	1.0398e-08	1.0496e-08	1.0769e-08	1.0672e-08	1.048e-08	1.0569e-08	1.0438e-08	1.0672e-08	1.0792e-08	1.0586e-08	1.0614e-08	1.0572e-08	1.0556e-08	1.079e-08	1.079e-08	1.0704e-08	1.0591e-08	1.0801e-08	1.0975e-08	1.1057e-08
1.7798e-08	1.7742e-08	1.7667e-08	1.7549e-08	1.7567e-08	1.7638e-08	1.7835e-08	1.8047e-08	1.7862e-08	1.7814e-08	1.8012e-08	1.8261e-08	1.7872e-08	1.7779e-08	1.7831e-08	1.7828e-08	1.8209e-08	1.8341e-08	1.8379e-08	1.8374e-08	1.8463e-08	1.8274e-08	1.8088e-08	1.8088e-08	1.774e-08	1.7453e-08	1.6888e-08	1.6932e-08	1.6898e-08	1.7202e-08	1.76e-08	1.7003e-08	1.6584e-08	1.6799e-08	1.7028e-08	1.7126e-08	1.6759e-08	1.6743e-08	1.6778e-08	1.6598e-08	1.6586e-08	1.6447e-08	1.6227e-08	1.6141e-08	1.617e-08	1.6093e-08	1.582e-08	1.5818e-08	1.5812e-08	1.6973e-08	2.25e-08	3.3794e-08	4.7075e-08	6.1871e-08	7.7557e-08	9.3921e-08	1.1136e-07	1.259e-07	1.391e-07	1.4994e-07	1.6011e-07	1.6861e-07	1.746e-07	1.8016e-07	1.851e-07	1.8724e-07	1.8558e-07	1.8352e-07	1.836e-07	1.846e-07	1.8372e-07	1.7923e-07	1.7285e-07	1.7285e-07	1.6497e-07	1.5629e-07	1.4599e-07	1.3654e-07	1.2702e-07	1.1741e-07	1.078e-07	9.7036e-08	8.7485e-08	7.8191e-08	6.8853e-08	5.9505e-08	4.8806e-08	3.9608e-08	3.0532e-08	2.2516e-08	1.639e-08	1.2173e-08	1.0077e-08	9.2248e-09	8.5567e-09	8.0133e-09	8.0746e-09	8.1352e-09	8.4713e-09	8.8088e-09	8.5523e-09	8.8583e-09	9.2152e-09	9.237e-09	9.325e-09	9.2711e-09	9.1696e-09	9.5217e-09	9.4624e-09	9.41e-09	9.4542e-09	8.9674e-09	9.0571e-09	8.8276e-09	9.1477e-09	9.851e-09	1.0108e-08	1.0124e-08	1.0526e-08	1.0557e-08	1.0741e-08	1.065e-08	1.065e-08	1.0417e-08	1.0572e-08	1.052e-08	1.0876e-08	1.0968e-08	1.0859e-08	1.0965e-08	1.0894e-08	1.1093e-08	1.1074e-08	1.0938e-08	1.0755e-08	1.0944e-08	1.1145e-08	1.1198e-08
1.8035e-08	1.7841e-08	1.7773e-08	1.7653e-08	1.7646e-08	1.7782e-08	1.7898e-08	1.8202e-08	1.8107e-08	1.8073e-08	1.8319e-08	1.8498e-08	1.8092e-08	1.7983e-08	1.7983e-08	1.8e-08	1.8049e-08	1.8226e-08	1.8296e-08	1.8348e-08	1.8391e-08	1.8334e-08	1.8125e-08	1.7879e-08	1.7487e-08	1.7172e-08	1.6591e-08	1.6671e-08	1.674e-08	1.7144e-08	1.7601e-08	1.6973e-08	1.6515e-08	1.6634e-08	1.6832e-08	1.6915e-08	1.6513e-08	1.6468e-08	1.6489e-08	1.6345e-08	1.6338e-08	1.6122e-08	1.5872e-08	1.58e-08	1.5786e-08	1.5737e-08	1.5426e-08	1.5384e-08	1.5442e-08	1.7018e-08	2.3224e-08	3.4988e-08	4.8519e-08	6.3446e-08	7.919e-08	9.5535e-08	1.1283e-07	1.2728e-07	1.4038e-07	1.5101e-07	1.6104e-07	1.6925e-07	1.7497e-07	1.7497e-07	1.8025e-07	1.8489e-07	1.8636e-07	1.8503e-07	1.8299e-07	1.8334e-07	1.8434e-07	1.8294e-07	1.7857e-07	1.7192e-07	1.6392e-07	1.5515e-07	1.4479e-07	1.3531e-07	1.2578e-07	1.1615e-07	1.0652e-07	9.5747e-08	8.6212e-08	7.6914e-08	6.7494e-08	5.8096e-08	4.7422e-08	3.8202e-08	2.9119e-08	2.1389e-08	1.5641e-08	1.181e-08	9.9073e-09	9.0939e-09	8.4625e-09	7.9588e-09	8.0951e-09	8.0962e-09	8.4458e-09	8.7903e-09	8.4917e-09	8.8619e-09	9.2356e-09	9.2656e-09	9.3462e-09	9.2407e-09	9.2263e-09	9.5883e-09	9.4326e-09	9.2927e-09	9.3892e-09	9.0092e-09	9.0092e-09	9.1031e-09	8.9311e-09	9.2809e-09	1.0205e-08	1.032e-08	1.0401e-08	1.073e-08	1.0693e-08	1.0878e-08	1.0684e-08	1.0419e-08	1.0631e-08	1.065e-08	1.1032e-08	1.1165e-08	1.1154e-08	1.1322e-08	1.1222e-08	1.1355e-08	1.1357e-08	1.1174e-08	1.0928e-08	1.1084e-08	1.1307e-08	1.1337e-08
1.8156e-08	1.7853e-08	1.7795e-08	1.7685e-08	1.7685e-08	1.7635e-08	1.7819e-08	1.7896e-08	1.8281e-08	1.8274e-08	1.8258e-08	1.8655e-08	1.8632e-08	1.8222e-08	1.81e-08	1.8081e-08	1.8012e-08	1.8131e-08	1.8125e-08	1.8187e-08	1.8275e-08	1.8099e-08	1.7893e-08	1.7599e-08	1.7186e-08	1.6864e-08	1.6307e-08	1.6416e-08	1.6565e-08	1.7034e-08	1.7543e-08	1.6934e-08	1.6468e-08	1.6464e-08	1.6589e-08	1.6644e-08	1.6251e-08	1.6184e-08	1.6188e-08	1.6091e-08	1.6087e-08	1.5795e-08	1.5516e-08	1.545e-08	1.539e-08	1.5371e-08	1.5027e-08	1.4943e-08	1.5082e-08	1.7113e-08	2.3985e-08	3.6184e-08	4.9951e-08	4.9951e-08	6.5002e-08	8.079e-08	9.8592e-08	1.142e-07	1.2854e-07	1.4151e-07	1.5198e-07	1.6247e-07	1.6977e-07	1.7534e-07	1.804e-07	1.8473e-07	1.8601e-07	1.8461e-07	1.8264e-07	1.8324e-07	1.8424e-07	1.827e-07	1.7797e-07	1.7105e-07	1.6289e-07	1.5402e-07	1.4358e-07	1.3408e-07	1.2453e-07	1.1489e-07	1.0526e-07	9.4467e-08	8.4951e-08	7.5649e-08	6.6148e-08	5.6703e-08	4.6068e-08	3.6826e-08	2.7755e-08	2.0326e-08	1.4957e-08	1.1484e-08	9.7732e-09	8.9916e-09	8.4057e-09	7.9517e-09	8.154e-09	8.095e-09	8.4543e-09	8.7729e-09	8.4558e-09	8.8752e-09	9.2581e-09	9.2581e-09	9.3299e-09	9.4091e-09	9.3973e-09	9.3769e-09	9.7484e-09	9.4853e-09	9.2471e-09	9.4147e-09	9.1266e-09	9.2377e-09	9.1456e-09	9.5256e-09	1.0484e-08	1.0594e-08	1.0748e-08	1.0983e-08	1.0879e-08	1.1007e-08	1.0765e-08	1.0488e-08	1.0746e-08	1.083e-08	1.1226e-08	1.1382e-08	1.1463e-08	1.1666e-08	1.1537e-08	1.1595e-08	1.1624e-08	1.1406e-08	1.1103e-08	1.1213e-08	1.1452e-08	1.1472e-08
1.8251e-08	1.8093e-08	1.7786e-08	1.7742e-08	1.765e-08	1.7552e-08	1.7737e-08	1.7838e-08	1.8284e-08	1.8351e-08	1.8361e-08	1.8669e-08	1.8651e-08	1.8253e-08	1.8122e-08	1.8063e-08	1.7863e-08	1.7916e-08	1.7823e-08	1.7889e-08	1.8016e-08	1.7753e-08	1.7584e-08	1.7258e-08	1.6851e-08	1.6546e-08	1.6037e-08	1.6169e-08	1.6374e-08	1.6876e-08	1.743e-08	1.6876e-08	1.6426e-08	1.6286e-08	1.6308e-08	1.6324e-08	1.5974e-08	1.5892e-08	1.5879e-08	1.5837e-08	1.5835e-08	1.5476e-08	1.5173e-08	1.5173e-08	1.51e-08	1.4997e-08	1.4659e-08	1.4639e-08	1.4521e-08	1.4755e-08	1.7274e-08	2.5621e-08	3.7383e-08	5.137e-08	6.6535e-08	8.2354e-08	1.0003e-07	1.1547e-07	1.2964e-07	1.4247e-07	1.5283e-07	1.6297e-07	1.7019e-07	1.7571e-07	1.8062e-07	1.8461e-07	1.8572e-07	1.843e-07	1.8246e-07	1.8328e-07	1.8427e-07	1.8253e-07	1.7742e-07	1.7023e-07	1.619e-07	1.529e-07	1.4238e-07	1.3285e-07	1.2329e-07	1.1364e-07	1.04e-07	9.3199e-08	8.3699e-08	7.4392e-08	6.4818e-08	5.5337e-08	4.4751e-08	3.5488e-08	2.6459e-08	1.934e-08	1.4341e-08	1.1194e-08	9.6721e-09	9.6721e-09	8.913e-09	8.3814e-09	8.0599e-09	8.2458e-09	8.1296e-09	8.4947e-09	8.7541e-09	8.4598e-09	8.9037e-09	9.2886e-09	9.4259e-09	9.5105e-09	9.5694e-09	9.6047e-09	9.9814e-09	9.6069e-09	9.2698e-09	9.5085e-09	9.3095e-09	9.444e-09	9.4446e-09	9.8509e-09	1.0793e-08	1.0897e-08	1.1124e-08	1.1257e-08	1.1091e-08	1.1153e-08	1.0883e-08	1.0626e-08	1.092e-08	1.1057e-08	1.146e-08	1.1617e-08	1.1777e-08	1.1976e-08	1.1823e-08	1.1798e-08	1.1862e-08	1.1625e-08	1.1274e-08	1.1327e-08	1.1576e-08	1.1595e-08
1.8213e-08	1.7929e-08	1.7648e-08	1.7619e-08	1.7558e-08	1.7416e-08	1.7604e-08	1.7734e-08	1.8209e-08	1.8328e-08	1.8372e-08	1.8568e-08	1.8545e-08	1.8174e-08	1.804e-08	1.7939e-08	1.7601e-08	1.7583e-08	1.7395e-08	1.7464e-08	1.7617e-08	1.7323e-08	1.7219e-08	1.6878e-08	1.6498e-08	1.6228e-08	1.5782e-08	1.5927e-08	1.6167e-08	1.6678e-08	1.7268e-08	1.679e-08	1.6374e-08	1.6374e-08	1.6096e-08	1.6e-08	1.5588e-08	1.568e-08	1.5594e-08	1.5568e-08	1.5583e-08	1.5339e-08	1.5173e-08	1.4853e-08	1.4757e-08	1.4618e-08	1.4341e-08	1.4281e-08	1.4142e-08	1.4486e-08	1.7516e-08	2.6496e-08	3.8585e-08	5.2774e-08	6.8046e-08	8.3879e-08	1.0141e-07	1.1664e-07	1.3061e-07	1.4327e-07	1.5358e-07	1.6337e-07	1.7054e-07	1.761e-07	1.8091e-07	1.8456e-07	1.8549e-07	1.841e-07	1.8243e-07	1.8345e-07	1.8441e-07	1.8241e-07	1.7691e-07	1.6945e-07	1.6093e-07	1.5179e-07	1.412e-07	1.3164e-07	1.2207e-07	1.1242e-07	1.0276e-07	9.1944e-08	8.2454e-08	8.2454e-08	7.3141e-08	6.351e-08	5.2713e-08	4.3481e-08	3.4198e-08	2.5246e-08	1.8438e-08	1.3317e-08	1.0937e-08	9.6028e-09	8.8569e-09	8.3871e-09	8.1675e-09	8.3672e-09	8.1999e-09	8.5662e-09	8.7425e-09	8.5084e-09	8.9536e-09	9.3342e-09	9.55e-09	9.6473e-09	9.7935e-09	9.8933e-09	1.0267e-08	9.7837e-09	9.3575e-09	9.6586e-09	9.5474e-09	9.705e-09	9.8017e-09	1.0226e-08	1.1105e-08	1.1197e-08	1.1489e-08	1.1527e-08	1.1304e-08	1.1298e-08	1.1029e-08	1.0834e-08	1.1153e-08	1.1331e-08	1.1732e-08	1.1864e-08	1.2086e-08	1.2236e-08	1.2063e-08	1.196e-08	1.196e-08	1.2062e-08	1.1821e-08	1.1433e-08	1.1488e-08	1.1672e-08
1.8091e-08	1.7929e-08	1.7447e-08	1.7437e-08	1.7417e-08	1.7247e-08	1.7604e-08	1.7594e-08	1.8056e-08	1.8192e-08	1.828e-08	1.8568e-08	1.8314e-08	1.7985e-08	1.7852e-08	1.7706e-08	1.7251e-08	1.7162e-08	1.6876e-08	1.6945e-08	1.7114e-08	1.6842e-08	1.682e-08	1.682e-08	1.6478e-08	1.6142e-08	1.5621e-08	1.5541e-08	1.569e-08	1.5945e-08	1.6445e-08	1.6812e-08	1.6666e-08	1.6295e-08	1.5893e-08	1.5675e-08	1.5196e-08	1.5369e-08	1.5291e-08	1.5262e-08	1.533e-08	1.51e-08	1.4896e-08	1.4568e-08	1.4429e-08	1.4267e-08	1.4064e-08	1.397e-08	1.383e-08	1.4298e-08	1.7855e-08	2.7416e-08	3.9798e-08	5.4172e-08	6.9542e-08	8.5376e-08	1.0277e-07	1.1776e-07	1.3151e-07	1.4397e-07	1.5425e-07	1.637e-07	1.7083e-07	1.7648e-07	1.8125e-07	1.8457e-07	1.8534e-07	1.8399e-07	1.8255e-07	1.8375e-07	1.8464e-07	1.8231e-07	1.7642e-07	1.7642e-07	1.687e-07	1.5999e-07	1.4966e-07	1.4006e-07	1.3045e-07	1.2087e-07	1.1121e-07	1.0035e-07	9.0705e-08	8.1212e-08	7.1892e-08	6.2227e-08	5.1468e-08	4.2258e-08	3.2961e-08	2.4127e-08	1.7628e-08	1.2911e-08	1.072e-08	9.5668e-09	8.8275e-09	8.4234e-09	8.3069e-09	8.515e-09	8.3059e-09	8.6685e-09	8.7473e-09	8.5941e-09	9.0312e-09	9.4021e-09	9.6984e-09	9.8164e-09	1.0062e-08	1.0226e-08	1.0583e-08	1.0002e-08	9.5068e-09	9.8666e-09	9.8301e-09	1.0004e-08	1.0191e-08	1.0619e-08	1.1389e-08	1.1461e-08	1.1802e-08	1.1763e-08	1.1496e-08	1.1426e-08	1.1426e-08	1.1194e-08	1.1109e-08	1.1444e-08	1.1988e-08	1.2023e-08	1.2111e-08	1.2377e-08	1.244e-08	1.2393e-08	1.2078e-08	1.2216e-08	1.1982e-08	1.157e-08	1.1529e-08	1.1735e-08
1.7894e-08	1.7691e-08	1.7192e-08	1.7202e-08	1.7234e-08	1.7063e-08	1.7433e-08	1.7427e-08	1.7829e-08	1.7941e-08	1.8084e-08	1.8354e-08	1.7984e-08	1.7984e-08	1.7707e-08	1.7577e-08	1.7387e-08	1.6843e-08	1.6685e-08	1.6307e-08	1.6374e-08	1.6549e-08	1.634e-08	1.641e-08	1.608e-08	1.5798e-08	1.5621e-08	1.5315e-08	1.5454e-08	1.5707e-08	1.6184e-08	1.6812e-08	1.6495e-08	1.6173e-08	1.5671e-08	1.5344e-08	1.5196e-08	1.504e-08	1.4987e-08	1.4966e-08	1.5079e-08	1.51e-08	1.4653e-08	1.4329e-08	1.4126e-08	1.3956e-08	1.4064e-08	1.3713e-08	1.3591e-08	1.4203e-08	1.8296e-08	2.7416e-08	4.1035e-08	5.5578e-08	7.1035e-08	8.686e-08	1.0412e-07	1.1886e-07	1.3236e-07	1.4461e-07	1.5488e-07	1.6399e-07	1.7108e-07	1.7108e-07	1.7688e-07	1.8166e-07	1.8481e-07	1.8526e-07	1.8397e-07	1.828e-07	1.8416e-07	1.8527e-07	1.8223e-07	1.7594e-07	1.6796e-07	1.5908e-07	1.4866e-07	1.3896e-07	1.2931e-07	1.1971e-07	1.1004e-07	9.9176e-08	8.9483e-08	7.9975e-08	7.0644e-08	6.097e-08	5.0259e-08	4.1073e-08	3.1774e-08	2.3098e-08	1.6907e-08	1.2574e-08	1.0548e-08	9.5658e-09	8.8293e-09	8.4913e-09	8.4748e-09	8.6859e-09	8.4477e-09	8.8009e-09	8.7781e-09	8.7217e-09	9.1428e-09	9.4992e-09	9.8673e-09	1.0014e-08	1.0366e-08	1.0587e-08	1.0911e-08	1.0248e-08	9.7143e-09	1.0134e-08	1.0134e-08	1.0147e-08	1.0324e-08	1.0585e-08	1.1342e-08	1.1622e-08	1.1662e-08	1.2029e-08	1.1944e-08	1.1749e-08	1.1534e-08	1.1366e-08	1.143e-08	1.1771e-08	1.2327e-08	1.231e-08	1.2341e-08	1.2634e-08	1.2586e-08	1.2478e-08	1.2151e-08	1.2316e-08	1.2097e-08	1.1676e-08	1.1538e-08	1.1761e-08
1.763e-08	1.739e-08	1.6893e-08	1.6893e-08	1.6925e-08	1.7018e-08	1.6878e-08	1.7015e-08	1.7237e-08	1.7544e-08	1.7601e-08	1.7805e-08	1.7679e-08	1.7584e-08	1.7366e-08	1.7238e-08	1.7005e-08	1.6405e-08	1.6188e-08	1.5727e-08	1.579e-08	1.5964e-08	1.5848e-08	1.6011e-08	1.5706e-08	1.5484e-08	1.535e-08	1.5104e-08	1.5218e-08	1.5456e-08	1.59e-08	1.6528e-08	1.6267e-08	1.5991e-08	1.5428e-08	1.5017e-08	1.4803e-08	1.4695e-08	1.4682e-08	1.4686e-08	1.483e-08	1.4869e-08	1.4448e-08	1.4137e-08	1.3855e-08	1.3694e-08	1.3835e-08	1.3512e-08	1.3422e-08	1.4204e-08	1.884e-08	2.8391e-08	4.2309e-08	4.2309e-08	5.7004e-08	7.2539e-08	8.8348e-08	1.0549e-07	1.1998e-07	1.3323e-07	1.4523e-07	1.5547e-07	1.6429e-07	1.7132e-07	1.7728e-07	1.8211e-07	1.8481e-07	1.8527e-07	1.8403e-07	1.8318e-07	1.8466e-07	1.8527e-07	1.8213e-07	1.7546e-07	1.6725e-07	1.5819e-07	1.4866e-07	1.379e-07	1.2821e-07	1.1859e-07	1.089e-07	9.9176e-08	8.8281e-08	7.8748e-08	6.9403e-08	5.9738e-08	5.0259e-08	3.9919e-08	3.0634e-08	2.2155e-08	1.6272e-08	1.2308e-08	1.0428e-08	9.6014e-09	8.8672e-09	8.5916e-09	8.6683e-09	8.8767e-09	8.6252e-09	8.963e-09	8.8442e-09	8.8956e-09	8.8956e-09	9.2947e-09	9.6327e-09	1.0053e-08	1.0485e-08	1.0699e-08	1.0959e-08	1.1229e-08	1.0508e-08	1.0287e-08	1.0458e-08	1.0487e-08	1.0648e-08	1.096e-08	1.1631e-08	1.1797e-08	1.1797e-08	1.2172e-08	1.2069e-08	1.1816e-08	1.1618e-08	1.1533e-08	1.1767e-08	1.2109e-08	1.264e-08	1.2569e-08	1.2537e-08	1.2843e-08	1.2674e-08	1.2508e-08	1.2176e-08	1.2354e-08	1.2154e-08	1.1741e-08	1.151e-08	1.1743e-08
1.7545e-08	1.7309e-08	1.6657e-08	1.6567e-08	1.6622e-08	1.678e-08	1.6696e-08	1.6784e-08	1.7028e-08	1.7218e-08	1.7201e-08	1.7465e-08	1.7271e-08	1.7146e-08	1.6986e-08	1.6856e-08	1.6585e-08	1.5966e-08	1.5703e-08	1.5178e-08	1.5236e-08	1.5398e-08	1.5398e-08	1.5646e-08	1.5378e-08	1.5213e-08	1.511e-08	1.4906e-08	1.4981e-08	1.519e-08	1.5599e-08	1.6212e-08	1.5974e-08	1.5738e-08	1.5163e-08	1.4704e-08	1.4421e-08	1.4346e-08	1.4387e-08	1.4428e-08	1.459e-08	1.4652e-08	1.4281e-08	1.4281e-08	1.3991e-08	1.3625e-08	1.3485e-08	1.3526e-08	1.3368e-08	1.3322e-08	1.4307e-08	1.9489e-08	3.0543e-08	4.3634e-08	5.8463e-08	7.4065e-08	8.9854e-08	1.0689e-07	1.2115e-07	1.3414e-07	1.4588e-07	1.5608e-07	1.6461e-07	1.7158e-07	1.7768e-07	1.8261e-07	1.8505e-07	1.8535e-07	1.8416e-07	1.8367e-07	1.8526e-07	1.8564e-07	1.82e-07	1.7498e-07	1.6653e-07	1.5732e-07	1.4768e-07	1.3688e-07	1.2715e-07	1.1751e-07	1.078e-07	9.8032e-08	8.7101e-08	7.7536e-08	6.817e-08	5.8529e-08	4.9081e-08	3.8787e-08	2.954e-08	2.1294e-08	1.5722e-08	1.2308e-08	1.2111e-08	1.0364e-08	9.6755e-09	8.9456e-09	8.7252e-09	8.8844e-09	9.0842e-09	8.8385e-09	9.1543e-09	8.955e-09	9.1204e-09	9.4931e-09	9.8096e-09	1.0252e-08	1.0485e-08	1.105e-08	1.1325e-08	1.1519e-08	1.077e-08	1.0287e-08	1.0812e-08	1.0827e-08	1.0961e-08	1.13e-08	1.1631e-08	1.1913e-08	1.187e-08	1.224e-08	1.2144e-08	1.1816e-08	1.1678e-08	1.1685e-08	1.2094e-08	1.243e-08	1.264e-08	1.2777e-08	1.2682e-08	1.2987e-08	1.2701e-08	1.2479e-08	1.2149e-08	1.2322e-08	1.2144e-08	1.1757e-08	1.1443e-08	1.1676e-08
1.7235e-08	1.695e-08	1.6267e-08	1.6232e-08	1.631e-08	1.6533e-08	1.6516e-08	1.6546e-08	1.6804e-08	1.687e-08	1.677e-08	1.7089e-08	1.6852e-08	1.67e-08	1.6593e-08	1.6453e-08	1.6151e-08	1.5555e-08	1.5265e-08	1.4699e-08	1.475e-08	1.4895e-08	1.502e-08	1.5336e-08	1.5115e-08	1.5003e-08	1.491e-08	1.4723e-08	1.4741e-08	1.4912e-08	1.5289e-08	1.587e-08	1.5631e-08	1.5631e-08	1.5425e-08	1.4883e-08	1.4415e-08	1.3746e-08	1.4014e-08	1.4116e-08	1.42e-08	1.4367e-08	1.4286e-08	1.4154e-08	1.389e-08	1.3443e-08	1.3334e-08	1.3451e-08	1.3283e-08	1.3289e-08	1.4516e-08	2.0243e-08	3.1739e-08	4.5023e-08	5.9968e-08	7.5627e-08	9.1394e-08	1.0835e-07	1.224e-07	1.3515e-07	1.4661e-07	1.5671e-07	1.6501e-07	1.7187e-07	1.7809e-07	1.8315e-07	1.8538e-07	1.8551e-07	1.8435e-07	1.8426e-07	1.8592e-07	1.86e-07	1.8181e-07	1.7446e-07	1.6581e-07	1.5645e-07	1.4674e-07	1.3588e-07	1.2611e-07	1.1645e-07	1.0671e-07	9.691e-08	8.5946e-08	8.5946e-08	7.6345e-08	6.6952e-08	5.7339e-08	4.6785e-08	3.7666e-08	2.8488e-08	2.0509e-08	1.5254e-08	1.1983e-08	1.0362e-08	9.7897e-09	9.0694e-09	8.8929e-09	9.1199e-09	9.3052e-09	9.0874e-09	9.3744e-09	9.1199e-09	9.3966e-09	9.7399e-09	1.0033e-08	1.0458e-08	1.0749e-08	1.14e-08	1.1669e-08	1.1769e-08	1.102e-08	1.0624e-08	1.1163e-08	1.1143e-08	1.1245e-08	1.1592e-08	1.1862e-08	1.1967e-08	1.1886e-08	1.2241e-08	1.2173e-08	1.1848e-08	1.1711e-08	1.181e-08	1.2383e-08	1.271e-08	1.2903e-08	1.291e-08	1.276e-08	1.3051e-08	1.2665e-08	1.2479e-08	1.2391e-08	1.207e-08	1.2212e-08	1.2053e-08	1.1712e-08	1.1333e-08
1.6903e-08	1.6573e-08	1.589e-08	1.5906e-08	1.6006e-08	1.6286e-08	1.6338e-08	1.631e-08	1.6571e-08	1.6515e-08	1.6338e-08	1.67e-08	1.6448e-08	1.6275e-08	1.6211e-08	1.6052e-08	1.5728e-08	1.5201e-08	1.4907e-08	1.4331e-08	1.4373e-08	1.4494e-08	1.4743e-08	1.4743e-08	1.5102e-08	1.4938e-08	1.4866e-08	1.4651e-08	1.4558e-08	1.4507e-08	1.4633e-08	1.4981e-08	1.5162e-08	1.5261e-08	1.5078e-08	1.4603e-08	1.4158e-08	1.348e-08	1.3719e-08	1.3882e-08	1.4006e-08	1.4172e-08	1.4149e-08	1.4067e-08	1.3831e-08	1.3318e-08	1.3245e-08	1.3432e-08	1.3259e-08	1.332e-08	1.4836e-08	2.1103e-08	3.3028e-08	4.6487e-08	6.1533e-08	7.7237e-08	9.2985e-08	1.099e-07	1.2378e-07	1.3631e-07	1.4746e-07	1.5739e-07	1.6549e-07	1.7221e-07	1.7852e-07	1.8372e-07	1.8579e-07	1.8573e-07	1.846e-07	1.8492e-07	1.866e-07	1.8633e-07	1.8156e-07	1.8156e-07	1.7391e-07	1.6506e-07	1.5559e-07	1.4487e-07	1.349e-07	1.2509e-07	1.1541e-07	1.0565e-07	9.473e-08	8.4818e-08	7.518e-08	6.5752e-08	5.6166e-08	4.5651e-08	3.6549e-08	2.7475e-08	1.9797e-08	1.4865e-08	1.1924e-08	1.0429e-08	9.9457e-09	9.243e-09	9.0956e-09	9.3701e-09	9.5345e-09	9.3687e-09	9.6198e-09	9.3433e-09	9.7045e-09	1.0017e-08	1.0285e-08	1.0662e-08	1.1015e-08	1.1726e-08	1.1971e-08	1.1971e-08	1.1249e-08	1.096e-08	1.1477e-08	1.141e-08	1.1485e-08	1.1825e-08	1.2025e-08	1.1959e-08	1.1849e-08	1.2187e-08	1.2163e-08	1.1851e-08	1.1828e-08	1.1716e-08	1.1895e-08	1.2606e-08	1.2922e-08	1.3183e-08	1.2944e-08	1.2755e-08	1.3021e-08	1.2565e-08	1.2241e-08	1.1934e-08	1.2016e-08	1.1872e-08	1.16e-08	1.1178e-08
1.6567e-08	1.6199e-08	1.5546e-08	1.5607e-08	1.5727e-08	1.6051e-08	1.6165e-08	1.6081e-08	1.6331e-08	1.6173e-08	1.5935e-08	1.6322e-08	1.6086e-08	1.6086e-08	1.5903e-08	1.5867e-08	1.5675e-08	1.5009e-08	1.493e-08	1.466e-08	1.4111e-08	1.4143e-08	1.4114e-08	1.457e-08	1.4946e-08	1.4844e-08	1.4798e-08	1.4587e-08	1.4419e-08	1.4293e-08	1.437e-08	1.4688e-08	1.4827e-08	1.4887e-08	1.4724e-08	1.434e-08	1.3942e-08	1.3279e-08	1.348e-08	1.3699e-08	1.3856e-08	1.4011e-08	1.4051e-08	1.4023e-08	1.3813e-08	1.3259e-08	1.3224e-08	1.347e-08	1.3297e-08	1.3413e-08	1.5272e-08	2.207e-08	3.4419e-08	4.8041e-08	6.317e-08	7.8908e-08	9.4641e-08	1.1153e-07	1.2529e-07	1.3762e-07	1.4844e-07	1.5815e-07	1.6607e-07	1.6607e-07	1.7263e-07	1.7897e-07	1.8432e-07	1.8673e-07	1.8599e-07	1.8488e-07	1.856e-07	1.8727e-07	1.8675e-07	1.8122e-07	1.7329e-07	1.6428e-07	1.547e-07	1.4393e-07	1.3392e-07	1.2407e-07	1.1438e-07	1.046e-07	9.3667e-08	8.372e-08	7.4046e-08	6.4574e-08	5.5009e-08	4.4517e-08	3.5426e-08	2.6499e-08	1.9153e-08	1.4553e-08	1.193e-08	1.0566e-08	1.0142e-08	9.4673e-09	9.3315e-09	9.6221e-09	9.7582e-09	9.6631e-09	9.8737e-09	9.6061e-09	1.0019e-08	1.0301e-08	1.0543e-08	1.0849e-08	1.1263e-08	1.2004e-08	1.2213e-08	1.2116e-08	1.1445e-08	1.1268e-08	1.1521e-08	1.1722e-08	1.1605e-08	1.1665e-08	1.1984e-08	1.2125e-08	1.1887e-08	1.1762e-08	1.2087e-08	1.2118e-08	1.1786e-08	1.169e-08	1.1931e-08	1.2734e-08	1.304e-08	1.3153e-08	1.2858e-08	1.2649e-08	1.2881e-08	1.24e-08	1.2028e-08	1.1742e-08	1.1737e-08	1.1603e-08	1.1418e-08	1.098e-08
1.6243e-08	1.5847e-08	1.5257e-08	1.5257e-08	1.5354e-08	1.5491e-08	1.5841e-08	1.583e-08	1.5868e-08	1.6091e-08	1.5861e-08	1.559e-08	1.5689e-08	1.5789e-08	1.5611e-08	1.5583e-08	1.5343e-08	1.4742e-08	1.4743e-08	1.4524e-08	1.4034e-08	1.4056e-08	1.4115e-08	1.4488e-08	1.4859e-08	1.4818e-08	1.4788e-08	1.456e-08	1.4311e-08	1.4111e-08	1.4141e-08	1.4425e-08	1.4527e-08	1.4536e-08	1.439e-08	1.4108e-08	1.3776e-08	1.3158e-08	1.3318e-08	1.3581e-08	1.3754e-08	1.3895e-08	1.3999e-08	1.402e-08	1.3835e-08	1.3272e-08	1.3274e-08	1.3567e-08	1.3399e-08	1.3567e-08	1.5827e-08	2.3145e-08	3.5912e-08	3.5912e-08	4.9684e-08	6.4882e-08	8.0641e-08	9.8143e-08	1.1323e-07	1.269e-07	1.3905e-07	1.4954e-07	1.5985e-07	1.6673e-07	1.7313e-07	1.7946e-07	1.8493e-07	1.8721e-07	1.8626e-07	1.852e-07	1.8629e-07	1.8787e-07	1.8677e-07	1.8078e-07	1.7261e-07	1.6345e-07	1.5379e-07	1.4295e-07	1.3292e-07	1.2306e-07	1.1334e-07	1.0356e-07	9.2621e-08	8.2653e-08	7.2949e-08	6.3422e-08	5.3864e-08	4.3375e-08	3.4289e-08	2.5557e-08	1.8573e-08	1.4313e-08	1.1982e-08	1.0752e-08	1.0361e-08	9.7238e-09	9.5858e-09	9.8605e-09	9.9599e-09	9.9467e-09	1.0116e-08	9.8826e-09	1.0147e-08	1.0315e-08	1.0567e-08	1.0784e-08	1.1007e-08	1.1631e-08	1.2213e-08	1.2378e-08	1.2197e-08	1.1598e-08	1.1693e-08	1.1864e-08	1.1702e-08	1.1768e-08	1.2057e-08	1.2045e-08	1.175e-08	1.1631e-08	1.1951e-08	1.2045e-08	1.1727e-08	1.1633e-08	1.1904e-08	1.2742e-08	1.3038e-08	1.2994e-08	1.2647e-08	1.244e-08	1.2631e-08	1.2168e-08	1.1754e-08	1.1494e-08	1.1385e-08	1.1258e-08	1.1174e-08	1.0739e-08
1.5844e-08	1.5948e-08	1.529e-08	1.5044e-08	1.5163e-08	1.5314e-08	1.5666e-08	1.567e-08	1.5677e-08	1.5853e-08	1.5595e-08	1.533e-08	1.5459e-08	1.5559e-08	1.54e-08	1.5361e-08	1.506e-08	1.4535e-08	1.4629e-08	1.4485e-08	1.4079e-08	1.4091e-08	1.4218e-08	1.4487e-08	1.4834e-08	1.4848e-08	1.4822e-08	1.4565e-08	1.4241e-08	1.3977e-08	1.3964e-08	1.4205e-08	1.4277e-08	1.4229e-08	1.41e-08	1.3922e-08	1.3668e-08	1.3129e-08	1.3252e-08	1.3541e-08	1.3707e-08	1.3833e-08	1.3999e-08	1.3999e-08	1.4062e-08	1.3895e-08	1.3368e-08	1.3601e-08	1.3721e-08	1.3561e-08	1.3781e-08	1.6501e-08	2.5596e-08	3.749e-08	5.1403e-08	6.6653e-08	8.2423e-08	9.9953e-08	1.1496e-07	1.2857e-07	1.4056e-07	1.5072e-07	1.6077e-07	1.6749e-07	1.7374e-07	1.8003e-07	1.8555e-07	1.8766e-07	1.8653e-07	1.8553e-07	1.8694e-07	1.8838e-07	1.8663e-07	1.8022e-07	1.7184e-07	1.6255e-07	1.5283e-07	1.4194e-07	1.3191e-07	1.2203e-07	1.123e-07	1.0252e-07	9.1585e-08	8.1616e-08	7.189e-08	6.2297e-08	5.2728e-08	4.2215e-08	3.3135e-08	2.4643e-08	1.8045e-08	1.4128e-08	1.3979e-08	1.2059e-08	1.0963e-08	1.0582e-08	9.9891e-09	1.0075e-08	1.007e-08	1.0123e-08	1.0196e-08	1.0324e-08	1.0373e-08	1.0566e-08	1.0793e-08	1.0984e-08	1.1124e-08	1.1713e-08	1.2329e-08	1.2448e-08	1.2205e-08	1.1697e-08	1.1757e-08	1.187e-08	1.1678e-08	1.1779e-08	1.2032e-08	1.1871e-08	1.1546e-08	1.1459e-08	1.1787e-08	1.1949e-08	1.1648e-08	1.1538e-08	1.1809e-08	1.2621e-08	1.2911e-08	1.2718e-08	1.2322e-08	1.2134e-08	1.2282e-08	1.1872e-08	1.1419e-08	1.119e-08	1.0973e-08	1.0851e-08	1.0874e-08	1.0458e-08
1.559e-08	1.5699e-08	1.5122e-08	1.4926e-08	1.5052e-08	1.5211e-08	1.5537e-08	1.5517e-08	1.5508e-08	1.5624e-08	1.5378e-08	1.5153e-08	1.5279e-08	1.5386e-08	1.5254e-08	1.5193e-08	1.4827e-08	1.4384e-08	1.4576e-08	1.4526e-08	1.4223e-08	1.4227e-08	1.4403e-08	1.4556e-08	1.4861e-08	1.4919e-08	1.4886e-08	1.4598e-08	1.4215e-08	1.3902e-08	1.3856e-08	1.4044e-08	1.4094e-08	1.4094e-08	1.3992e-08	1.3883e-08	1.3796e-08	1.3663e-08	1.3207e-08	1.3303e-08	1.3593e-08	1.3723e-08	1.3898e-08	1.4052e-08	1.4145e-08	1.399e-08	1.3543e-08	1.3857e-08	1.3919e-08	1.3773e-08	1.4056e-08	1.7286e-08	2.6948e-08	3.9137e-08	5.3179e-08	6.847e-08	8.424e-08	1.0178e-07	1.1671e-07	1.3028e-07	1.4211e-07	1.5195e-07	1.6175e-07	1.6835e-07	1.7446e-07	1.8068e-07	1.8617e-07	1.8805e-07	1.8678e-07	1.8587e-07	1.8752e-07	1.8873e-07	1.8629e-07	1.7952e-07	1.7097e-07	1.6158e-07	1.5181e-07	1.4087e-07	1.3086e-07	1.2098e-07	1.1124e-07	1.0147e-07	1.0039e-07	9.0536e-08	8.0582e-08	7.0843e-08	6.118e-08	5.0419e-08	4.1026e-08	3.1963e-08	2.3752e-08	1.7557e-08	1.3845e-08	1.2136e-08	1.1174e-08	1.0783e-08	1.0239e-08	1.0274e-08	1.0235e-08	1.0231e-08	1.0386e-08	1.048e-08	1.0535e-08	1.0749e-08	1.0952e-08	1.1122e-08	1.1186e-08	1.1702e-08	1.2329e-08	1.2403e-08	1.213e-08	1.1729e-08	1.1688e-08	1.1709e-08	1.1509e-08	1.1683e-08	1.1896e-08	1.1604e-08	1.1277e-08	1.1247e-08	1.1596e-08	1.1826e-08	1.1535e-08	1.14e-08	1.1644e-08	1.2381e-08	1.2664e-08	1.2333e-08	1.1895e-08	1.1738e-08	1.1845e-08	1.1513e-08	1.1092e-08	1.1023e-08	1.0831e-08	1.051e-08	1.0395e-08	1.0136e-08
1.541e-08	1.5511e-08	1.5122e-08	1.4896e-08	1.5014e-08	1.5177e-08	1.545e-08	1.5517e-08	1.5361e-08	1.541e-08	1.5206e-08	1.5045e-08	1.5279e-08	1.5259e-08	1.5162e-08	1.5072e-08	1.4641e-08	1.4384e-08	1.4572e-08	1.4634e-08	1.4444e-08	1.4442e-08	1.4403e-08	1.4651e-08	1.4683e-08	1.4934e-08	1.5017e-08	1.5056e-08	1.4654e-08	1.424e-08	1.3902e-08	1.3833e-08	1.395e-08	1.3992e-08	1.3849e-08	1.3764e-08	1.3747e-08	1.3772e-08	1.3389e-08	1.347e-08	1.3736e-08	1.38e-08	1.4018e-08	1.4153e-08	1.4266e-08	1.4117e-08	1.3781e-08	1.4152e-08	1.415e-08	1.4023e-08	1.4394e-08	1.8171e-08	2.8368e-08	4.0835e-08	5.4995e-08	7.0315e-08	8.6077e-08	1.036e-07	1.1846e-07	1.3198e-07	1.4366e-07	1.5321e-07	1.6276e-07	1.6929e-07	1.7533e-07	1.8143e-07	1.8678e-07	1.8835e-07	1.8699e-07	1.862e-07	1.8801e-07	1.8891e-07	1.8886e-07	1.8572e-07	1.7867e-07	1.6999e-07	1.6053e-07	1.4957e-07	1.3974e-07	1.2977e-07	1.1989e-07	1.1014e-07	9.9261e-08	8.9444e-08	7.9519e-08	6.9776e-08	6.0047e-08	4.9212e-08	3.9798e-08	3.0771e-08	2.2879e-08	1.7098e-08	1.3705e-08	1.2191e-08	1.1358e-08	1.0943e-08	1.0451e-08	1.0416e-08	1.0341e-08	1.0267e-08	1.0494e-08	1.0561e-08	1.0607e-08	1.0836e-08	1.1023e-08	1.1173e-08	1.1181e-08	1.158e-08	1.2193e-08	1.2228e-08	1.1966e-08	1.1686e-08	1.1483e-08	1.1384e-08	1.1199e-08	1.1478e-08	1.1651e-08	1.1257e-08	1.0951e-08	1.0993e-08	1.1369e-08	1.1665e-08	1.1455e-08	1.1376e-08	1.1211e-08	1.1407e-08	1.2031e-08	1.1852e-08	1.1851e-08	1.1378e-08	1.1258e-08	1.1332e-08	1.0611e-08	1.0568e-08	1.0417e-08	1.001e-08	9.9032e-09	9.712e-09
1.5299e-08	1.5382e-08	1.5031e-08	1.4934e-08	1.5036e-08	1.5198e-08	1.5398e-08	1.5372e-08	1.5234e-08	1.522e-08	1.5076e-08	1.4993e-08	1.514e-08	1.5036e-08	1.5168e-08	1.5108e-08	1.499e-08	1.4502e-08	1.4239e-08	1.4606e-08	1.4792e-08	1.4718e-08	1.4715e-08	1.4942e-08	1.4857e-08	1.5043e-08	1.5129e-08	1.5056e-08	1.4728e-08	1.4321e-08	1.3988e-08	1.3914e-08	1.395e-08	1.3978e-08	1.3808e-08	1.3751e-08	1.3777e-08	1.3772e-08	1.3651e-08	1.3727e-08	1.3948e-08	1.3928e-08	1.4018e-08	1.4297e-08	1.4419e-08	1.4272e-08	1.4067e-08	1.4152e-08	1.44e-08	1.43e-08	1.4797e-08	1.9147e-08	2.8368e-08	4.2567e-08	5.6835e-08	7.2173e-08	8.7919e-08	1.036e-07	1.2017e-07	1.3365e-07	1.4517e-07	1.5447e-07	1.638e-07	1.638e-07	1.7034e-07	1.7635e-07	1.823e-07	1.8792e-07	1.8855e-07	1.8713e-07	1.8652e-07	1.8837e-07	1.8859e-07	1.8492e-07	1.7766e-07	1.6888e-07	1.5938e-07	1.4832e-07	1.3852e-07	1.286e-07	1.1874e-07	1.0898e-07	9.8052e-08	8.8281e-08	7.8395e-08	6.8658e-08	5.8872e-08	4.7946e-08	3.852e-08	2.9558e-08	2.2017e-08	1.6655e-08	1.3539e-08	1.2201e-08	1.1492e-08	1.1039e-08	1.06e-08	1.0484e-08	1.0371e-08	1.0214e-08	1.0496e-08	1.0547e-08	1.0565e-08	1.0806e-08	1.0982e-08	1.1116e-08	1.1096e-08	1.1346e-08	1.1921e-08	1.1925e-08	1.1713e-08	1.1562e-08	1.1357e-08	1.1162e-08	1.0928e-08	1.0776e-08	1.1178e-08	1.0895e-08	1.0843e-08	1.0574e-08	1.0695e-08	1.1098e-08	1.1184e-08	1.1158e-08	1.0962e-08	1.1095e-08	1.158e-08	1.1304e-08	1.1281e-08	1.0784e-08	1.0702e-08	1.0754e-08	1.007e-08	1.0054e-08	9.9489e-09	9.4818e-09	9.3893e-09	9.26e-09
1.5245e-08	1.5301e-08	1.5e-08	1.5015e-08	1.5021e-08	1.5102e-08	1.5257e-08	1.5372e-08	1.5112e-08	1.5127e-08	1.5058e-08	1.4984e-08	1.498e-08	1.4958e-08	1.5101e-08	1.508e-08	1.4937e-08	1.4406e-08	1.4238e-08	1.4665e-08	1.4986e-08	1.5023e-08	1.5024e-08	1.5257e-08	1.5067e-08	1.5182e-08	1.524e-08	1.5136e-08	1.4818e-08	1.446e-08	1.4163e-08	1.4099e-08	1.4035e-08	1.4042e-08	1.3857e-08	1.3829e-08	1.3873e-08	1.3942e-08	1.3968e-08	1.4043e-08	1.4206e-08	1.4096e-08	1.4185e-08	1.4477e-08	1.46e-08	1.4454e-08	1.4381e-08	1.447e-08	1.4658e-08	1.4591e-08	1.5267e-08	2.0205e-08	2.9844e-08	3.1364e-08	4.4316e-08	5.868e-08	7.4029e-08	8.9752e-08	1.0717e-07	1.2183e-07	1.3525e-07	1.4661e-07	1.5569e-07	1.6486e-07	1.7147e-07	1.7754e-07	1.8331e-07	1.8792e-07	1.8863e-07	1.8721e-07	1.8681e-07	1.8858e-07	1.8859e-07	1.8393e-07	1.765e-07	1.6766e-07	1.5812e-07	1.4832e-07	1.3721e-07	1.2735e-07	1.1751e-07	1.0775e-07	9.8052e-08	8.7016e-08	7.7178e-08	6.7458e-08	5.7632e-08	4.7946e-08	3.7184e-08	2.8321e-08	2.1161e-08	1.6217e-08	1.3539e-08	1.2143e-08	1.1548e-08	1.1051e-08	1.0664e-08	1.0484e-08	1.0312e-08	1.0058e-08	1.0368e-08	1.0418e-08	1.0175e-08	1.0405e-08	1.0653e-08	1.0824e-08	1.0947e-08	1.0683e-08	1.1015e-08	1.1534e-08	1.1512e-08	1.1379e-08	1.1073e-08	1.0745e-08	1.0375e-08	1.0267e-08	1.0795e-08	1.0413e-08	1.0372e-08	1.0151e-08	1.0349e-08	1.0773e-08	1.0842e-08	1.0868e-08	1.0648e-08	1.0706e-08	1.1038e-08	1.0672e-08	1.0633e-08	1.0125e-08	1.0078e-08	1.0122e-08	9.4714e-09	9.4822e-09	9.4272e-09	8.938e-09	8.8663e-09	8.7867e-09
1.5136e-08	1.5231e-08	1.5258e-08	1.506e-08	1.5137e-08	1.5196e-08	1.5339e-08	1.5364e-08	1.5001e-08	1.5038e-08	1.4932e-08	1.4925e-08	1.4992e-08	1.4898e-08	1.5049e-08	1.5063e-08	1.4907e-08	1.4354e-08	1.428e-08	1.4738e-08	1.52e-08	1.5336e-08	1.5347e-08	1.5582e-08	1.5304e-08	1.5343e-08	1.5345e-08	1.5203e-08	1.4926e-08	1.4647e-08	1.441e-08	1.4369e-08	1.4194e-08	1.4172e-08	1.3983e-08	1.398e-08	1.4022e-08	1.4154e-08	1.4314e-08	1.4389e-08	1.4486e-08	1.4292e-08	1.4389e-08	1.4621e-08	1.4689e-08	1.4802e-08	1.4658e-08	1.4708e-08	1.5101e-08	1.4911e-08	1.4885e-08	1.5806e-08	2.1335e-08	3.2916e-08	4.6064e-08	6.0515e-08	7.5867e-08	9.156e-08	1.0888e-07	1.2341e-07	1.3675e-07	1.4794e-07	1.5685e-07	1.6593e-07	1.7266e-07	1.7883e-07	1.8439e-07	1.8842e-07	1.8859e-07	1.8724e-07	1.8707e-07	1.8865e-07	1.8811e-07	1.8275e-07	1.7519e-07	1.6631e-07	1.5676e-07	1.4697e-07	1.3578e-07	1.2598e-07	1.1617e-07	1.0641e-07	9.6741e-08	8.5622e-08	7.5836e-08	6.6142e-08	5.6303e-08	4.6605e-08	3.5777e-08	2.706e-08	2.0305e-08	1.5772e-08	1.5772e-08	1.3052e-08	1.1995e-08	1.1503e-08	1.0957e-08	1.0618e-08	1.0342e-08	1.0162e-08	9.8011e-09	1.0114e-08	1.0175e-08	1.0142e-08	1.0393e-08	1.056e-08	1.0677e-08	1.0683e-08	1.0603e-08	1.1054e-08	1.1012e-08	1.0973e-08	1.1073e-08	1.0253e-08	9.7594e-09	9.6998e-09	1.0343e-08	1.0413e-08	9.8585e-09	9.6901e-09	9.9551e-09	1.0387e-08	1.0842e-08	1.0494e-08	1.0261e-08	1.0239e-08	1.0416e-08	1.0672e-08	9.9171e-09	9.4121e-09	9.3904e-09	9.4492e-09	9.4714e-09	8.8579e-09	8.8567e-09	8.3886e-09	8.345e-09	8.2966e-09
1.5083e-08	1.5244e-08	1.5242e-08	1.5121e-08	1.5263e-08	1.5302e-08	1.543e-08	1.5363e-08	1.4904e-08	1.4966e-08	1.485e-08	1.4897e-08	1.5016e-08	1.4848e-08	1.5002e-08	1.5044e-08	1.4892e-08	1.4343e-08	1.4361e-08	1.482e-08	1.5425e-08	1.5642e-08	1.567e-08	1.5911e-08	1.5563e-08	1.5525e-08	1.5448e-08	1.5265e-08	1.5053e-08	1.4873e-08	1.4711e-08	1.4701e-08	1.4412e-08	1.4675e-08	1.4356e-08	1.4172e-08	1.4185e-08	1.4208e-08	1.4642e-08	1.4662e-08	1.4735e-08	1.4766e-08	1.4504e-08	1.4872e-08	1.4926e-08	1.5021e-08	1.4882e-08	1.5029e-08	1.5381e-08	1.5147e-08	1.5171e-08	1.6414e-08	2.2527e-08	3.4487e-08	4.7796e-08	6.2323e-08	7.7673e-08	9.3332e-08	1.1054e-07	1.2492e-07	1.3815e-07	1.4917e-07	1.5795e-07	1.6698e-07	1.7387e-07	1.8017e-07	1.8548e-07	1.8883e-07	1.8845e-07	1.8721e-07	1.8726e-07	1.8857e-07	1.8743e-07	1.8139e-07	1.7374e-07	1.6482e-07	1.5527e-07	1.455e-07	1.3424e-07	1.245e-07	1.1471e-07	1.0495e-07	1.0495e-07	9.3706e-08	8.4068e-08	7.4336e-08	6.468e-08	5.486e-08	4.3627e-08	3.429e-08	2.5772e-08	1.9444e-08	1.5308e-08	1.2703e-08	1.1753e-08	1.135e-08	1.0756e-08	1.0461e-08	1.0138e-08	9.931e-09	9.4614e-09	9.7547e-09	9.8377e-09	9.7922e-09	1.0043e-08	1.0203e-08	1.0319e-08	1.0365e-08	1.0124e-08	1.0503e-08	1.0443e-08	1.0504e-08	1.071e-08	9.7058e-09	9.1153e-09	9.1035e-09	9.8337e-09	9.8817e-09	9.3136e-09	9.1966e-09	9.5095e-09	9.9296e-09	1.0416e-08	1.0022e-08	9.7928e-09	9.691e-09	9.7211e-09	9.9654e-09	9.1479e-09	8.6605e-09	8.6527e-09	8.747e-09	8.747e-09	8.1399e-09	8.2014e-09	8.2538e-09	7.8418e-09	7.829e-09
1.5041e-08	1.5269e-08	1.5242e-08	1.5181e-08	1.538e-08	1.5407e-08	1.5513e-08	1.5363e-08	1.4822e-08	1.491e-08	1.4817e-08	1.4895e-08	1.5035e-08	1.4806e-08	1.4954e-08	1.5016e-08	1.4886e-08	1.4372e-08	1.4479e-08	1.4914e-08	1.5654e-08	1.5937e-08	1.5987e-08	1.6294e-08	1.6237e-08	1.5838e-08	1.5727e-08	1.5556e-08	1.5405e-08	1.5203e-08	1.5127e-08	1.5048e-08	1.5071e-08	1.4966e-08	1.4585e-08	1.441e-08	1.4426e-08	1.4418e-08	1.4886e-08	1.4986e-08	1.5051e-08	1.5021e-08	1.4722e-08	1.5132e-08	1.5182e-08	1.5253e-08	1.5121e-08	1.5328e-08	1.5616e-08	1.5355e-08	1.5438e-08	1.7093e-08	2.377e-08	3.6064e-08	4.9502e-08	6.4096e-08	7.944e-08	9.5062e-08	1.1213e-07	1.2637e-07	1.3946e-07	1.5029e-07	1.5898e-07	1.6799e-07	1.7505e-07	1.8148e-07	1.8651e-07	1.8913e-07	1.8821e-07	1.8713e-07	1.8739e-07	1.8833e-07	1.8833e-07	1.8553e-07	1.7989e-07	1.7214e-07	1.6321e-07	1.5367e-07	1.4219e-07	1.3255e-07	1.2287e-07	1.1311e-07	1.0334e-07	9.1935e-08	8.2327e-08	7.2648e-08	6.3041e-08	5.328e-08	4.1971e-08	3.2723e-08	2.4459e-08	1.857e-08	1.4814e-08	1.2287e-08	1.1425e-08	1.11e-08	1.0461e-08	1.0205e-08	9.8585e-09	9.6297e-09	9.0584e-09	9.3143e-09	9.4246e-09	9.3712e-09	9.6176e-09	9.7648e-09	9.8861e-09	9.9812e-09	9.5947e-09	9.9016e-09	9.826e-09	9.9793e-09	1.0268e-08	9.1227e-09	8.4768e-09	8.5056e-09	9.2811e-09	9.3168e-09	8.7496e-09	8.6772e-09	9.0104e-09	9.393e-09	9.393e-09	9.282e-09	9.45e-09	9.2446e-09	9.0669e-09	8.9686e-09	8.3938e-09	8.3491e-09	7.8917e-09	7.8876e-09	8.0323e-09	7.4484e-09	7.5349e-09	7.6365e-09	7.3051e-09	7.3213e-09
1.5004e-08	1.5292e-08	1.5248e-08	1.5226e-08	1.5467e-08	1.5494e-08	1.5573e-08	1.5354e-08	1.4761e-08	1.4871e-08	1.4835e-08	1.4918e-08	1.5046e-08	1.5058e-08	1.4778e-08	1.4915e-08	1.4988e-08	1.4894e-08	1.4535e-08	1.4628e-08	1.5025e-08	1.5885e-08	1.6218e-08	1.6585e-08	1.6557e-08	1.6125e-08	1.5946e-08	1.5674e-08	1.5499e-08	1.5376e-08	1.5401e-08	1.5405e-08	1.5458e-08	1.5271e-08	1.4845e-08	1.4683e-08	1.4685e-08	1.4637e-08	1.5108e-08	1.5261e-08	1.5307e-08	1.5228e-08	1.4933e-08	1.5391e-08	1.545e-08	1.549e-08	1.5371e-08	1.5589e-08	1.5801e-08	1.5529e-08	1.5687e-08	1.7829e-08	2.5049e-08	3.7632e-08	5.1177e-08	6.5828e-08	8.1165e-08	9.6747e-08	1.1367e-07	1.2775e-07	1.4068e-07	1.5132e-07	1.5132e-07	1.6085e-07	1.6894e-07	1.7617e-07	1.827e-07	1.8742e-07	1.8926e-07	1.8786e-07	1.8701e-07	1.8745e-07	1.8793e-07	1.8432e-07	1.7824e-07	1.7039e-07	1.6145e-07	1.5193e-07	1.4033e-07	1.3072e-07	1.2108e-07	1.1134e-07	1.0157e-07	8.9992e-08	8.0403e-08	7.0774e-08	6.1227e-08	5.1561e-08	4.0212e-08	3.1086e-08	2.3121e-08	1.7677e-08	1.4282e-08	1.1807e-08	1.1022e-08	1.0762e-08	1.0086e-08	9.8646e-09	9.5135e-09	9.2687e-09	8.6113e-09	8.8162e-09	8.9552e-09	8.8948e-09	9.1328e-09	9.2564e-09	9.3896e-09	9.5357e-09	9.0296e-09	9.2719e-09	9.181e-09	9.4082e-09	9.4082e-09	9.1531e-09	8.5243e-09	7.878e-09	7.9341e-09	8.6979e-09	8.1431e-09	8.1775e-09	8.1386e-09	8.4598e-09	8.7765e-09	8.5955e-09	8.8023e-09	8.6356e-09	8.3891e-09	8.1823e-09	7.5804e-09	7.5463e-09	7.1282e-09	7.1204e-09	7.3223e-09	6.7685e-09	6.8804e-09	7.0231e-09	6.7864e-09	6.8245e-09
1.4963e-08	1.5298e-08	1.5248e-08	1.5241e-08	1.5251e-08	1.5518e-08	1.5558e-08	1.5607e-08	1.5323e-08	1.4728e-08	1.4856e-08	1.4901e-08	1.4966e-08	1.5082e-08	1.4774e-08	1.4889e-08	1.4966e-08	1.4916e-08	1.4663e-08	1.4804e-08	1.5158e-08	1.6113e-08	1.6482e-08	1.6858e-08	1.6863e-08	1.6418e-08	1.6182e-08	1.5808e-08	1.5621e-08	1.5575e-08	1.5684e-08	1.5762e-08	1.5839e-08	1.5574e-08	1.5127e-08	1.4977e-08	1.4944e-08	1.485e-08	1.5293e-08	1.5464e-08	1.5479e-08	1.5368e-08	1.5128e-08	1.5636e-08	1.5713e-08	1.5719e-08	1.5617e-08	1.5804e-08	1.5934e-08	1.5664e-08	1.5918e-08	1.8606e-08	1.8606e-08	2.7641e-08	3.9179e-08	5.2811e-08	6.7514e-08	8.2842e-08	9.997e-08	1.1515e-07	1.2908e-07	1.4182e-07	1.5228e-07	1.6169e-07	1.6982e-07	1.7718e-07	1.8377e-07	1.8813e-07	1.8904e-07	1.874e-07	1.8685e-07	1.8741e-07	1.8735e-07	1.8296e-07	1.7647e-07	1.6852e-07	1.5956e-07	1.5005e-07	1.3833e-07	1.2874e-07	1.1913e-07	1.0941e-07	9.9645e-08	8.7906e-08	7.8329e-08	6.8746e-08	5.9264e-08	4.9716e-08	3.8361e-08	2.9388e-08	2.176e-08	1.6757e-08	1.3703e-08	1.1269e-08	1.0554e-08	1.0346e-08	9.6441e-09	9.4532e-09	9.1133e-09	8.8585e-09	8.1392e-09	8.2836e-09	8.2836e-09	7.9253e-09	8.3788e-09	8.6044e-09	8.6903e-09	8.8422e-09	8.4827e-09	8.4443e-09	8.6357e-09	8.5282e-09	8.7992e-09	8.4869e-09	7.9269e-09	7.3414e-09	7.4081e-09	8.0965e-09	7.5567e-09	7.6051e-09	7.5888e-09	7.8711e-09	8.1015e-09	7.8657e-09	8.1069e-09	7.9882e-09	7.6826e-09	7.3881e-09	6.7841e-09	6.7652e-09	6.3926e-09	6.3761e-09	6.6342e-09	6.122e-09	6.26e-09	6.4315e-09	6.2932e-09	6.3415e-09
1.4637e-08	1.4917e-08	1.5284e-08	1.5236e-08	1.5269e-08	1.5548e-08	1.561e-08	1.5628e-08	1.5326e-08	1.473e-08	1.487e-08	1.5008e-08	1.5042e-08	1.5127e-08	1.4799e-08	1.4886e-08	1.4958e-08	1.4956e-08	1.4818e-08	1.5005e-08	1.5318e-08	1.6335e-08	1.6726e-08	1.7106e-08	1.7151e-08	1.6712e-08	1.6433e-08	1.5965e-08	1.5779e-08	1.5801e-08	1.5967e-08	1.6102e-08	1.6192e-08	1.586e-08	1.5417e-08	1.5277e-08	1.5185e-08	1.5045e-08	1.5437e-08	1.5596e-08	1.5571e-08	1.5445e-08	1.5299e-08	1.5442e-08	1.585e-08	1.5951e-08	1.5924e-08	1.5843e-08	1.6073e-08	1.6013e-08	1.5758e-08	1.6134e-08	1.9408e-08	2.8917e-08	4.069e-08	5.4398e-08	6.9147e-08	8.4469e-08	1.015e-07	1.1658e-07	1.3035e-07	1.4288e-07	1.5316e-07	1.6246e-07	1.7059e-07	1.7804e-07	1.8461e-07	1.8859e-07	1.8859e-07	1.8685e-07	1.8665e-07	1.8726e-07	1.866e-07	1.8148e-07	1.7462e-07	1.6652e-07	1.5754e-07	1.4804e-07	1.3622e-07	1.2664e-07	1.1706e-07	1.0735e-07	9.7581e-08	8.5708e-08	7.6136e-08	6.6597e-08	5.7181e-08	4.7762e-08	3.6427e-08	2.7638e-08	2.038e-08	1.5803e-08	1.5803e-08	1.2367e-08	1.0677e-08	1.0031e-08	9.8626e-09	9.1504e-09	8.474e-09	8.6678e-09	8.4095e-09	7.6614e-09	7.7399e-09	7.4035e-09	7.8391e-09	8.0483e-09	8.0781e-09	8.2564e-09	7.8887e-09	7.8523e-09	8.0101e-09	7.8842e-09	8.1625e-09	7.7735e-09	7.3367e-09	6.8592e-09	6.9237e-09	7.4883e-09	6.9818e-09	7.0396e-09	7.0355e-09	7.2593e-09	7.3924e-09	7.1204e-09	7.3921e-09	7.3249e-09	6.9725e-09	6.612e-09	6.0319e-09	6.0313e-09	5.7075e-09	5.6801e-09	5.9849e-09	5.5306e-09	5.6957e-09	5.8799e-09	5.8333e-09	5.8749e-09
1.4611e-08	1.4879e-08	1.5263e-08	1.5243e-08	1.529e-08	1.5569e-08	1.5661e-08	1.5649e-08	1.536e-08	1.4777e-08	1.4919e-08	1.5151e-08	1.5146e-08	1.5206e-08	1.4861e-08	1.4912e-08	1.4971e-08	1.5016e-08	1.4997e-08	1.5226e-08	1.5509e-08	1.6546e-08	1.6945e-08	1.7326e-08	1.7416e-08	1.7003e-08	1.6697e-08	1.6149e-08	1.5975e-08	1.6054e-08	1.6239e-08	1.6409e-08	1.6495e-08	1.6737e-08	1.6115e-08	1.5697e-08	1.5562e-08	1.5396e-08	1.5348e-08	1.5536e-08	1.5661e-08	1.5595e-08	1.5469e-08	1.5551e-08	1.6018e-08	1.6144e-08	1.6091e-08	1.6029e-08	1.6114e-08	1.6037e-08	1.5805e-08	1.6336e-08	2.0221e-08	3.0156e-08	4.2152e-08	5.5932e-08	7.0722e-08	8.6039e-08	1.0298e-07	1.1795e-07	1.3159e-07	1.4388e-07	1.5398e-07	1.6316e-07	1.7124e-07	1.7872e-07	1.8517e-07	1.8873e-07	1.8792e-07	1.8622e-07	1.864e-07	1.8701e-07	1.8569e-07	1.7992e-07	1.7271e-07	1.6445e-07	1.5543e-07	1.4594e-07	1.3402e-07	1.2444e-07	1.1487e-07	1.0517e-07	1.0517e-07	9.315e-08	8.3427e-08	7.3857e-08	6.436e-08	5.5008e-08	4.3589e-08	3.442e-08	2.5845e-08	1.8981e-08	1.4806e-08	1.1592e-08	1.0036e-08	9.464e-09	9.3215e-09	8.6188e-09	7.934e-09	8.1871e-09	7.9325e-09	7.1969e-09	7.2086e-09	6.8987e-09	7.29e-09	7.4788e-09	7.4333e-09	7.6444e-09	7.2668e-09	7.2622e-09	7.4011e-09	7.2563e-09	7.5118e-09	7.0383e-09	6.7586e-09	6.4191e-09	6.4735e-09	6.8843e-09	6.427e-09	6.4882e-09	6.4869e-09	6.6397e-09	6.6736e-09	6.3877e-09	6.686e-09	6.668e-09	6.2838e-09	5.8797e-09	5.3504e-09	5.3704e-09	5.0954e-09	5.0573e-09	5.0573e-09	4.8716e-09	5.016e-09	5.2098e-09	5.3863e-09	5.4144e-09
1.4612e-08	1.4862e-08	1.5248e-08	1.5243e-08	1.5329e-08	1.5599e-08	1.5721e-08	1.5686e-08	1.536e-08	1.4877e-08	1.501e-08	1.5325e-08	1.5279e-08	1.5206e-08	1.4967e-08	1.4974e-08	1.5014e-08	1.51e-08	1.4997e-08	1.5463e-08	1.5735e-08	1.6743e-08	1.7138e-08	1.7138e-08	1.7512e-08	1.7649e-08	1.7283e-08	1.6968e-08	1.6363e-08	1.619e-08	1.6312e-08	1.6485e-08	1.6668e-08	1.691e-08	1.6325e-08	1.5947e-08	1.5812e-08	1.5567e-08	1.5441e-08	1.5588e-08	1.5665e-08	1.5561e-08	1.5449e-08	1.5621e-08	1.6125e-08	1.6274e-08	1.6204e-08	1.616e-08	1.6086e-08	1.6004e-08	1.5802e-08	1.6526e-08	2.1027e-08	3.134e-08	4.3551e-08	5.7403e-08	7.2232e-08	8.7549e-08	1.044e-07	1.1926e-07	1.3279e-07	1.4481e-07	1.5475e-07	1.6381e-07	1.7177e-07	1.7921e-07	1.8543e-07	1.8853e-07	1.8707e-07	1.8551e-07	1.8611e-07	1.8666e-07	1.8666e-07	1.8359e-07	1.7833e-07	1.7081e-07	1.6235e-07	1.5326e-07	1.4153e-07	1.3177e-07	1.2218e-07	1.126e-07	1.029e-07	9.0834e-08	8.1094e-08	7.1526e-08	6.2066e-08	5.2773e-08	4.1401e-08	3.2351e-08	2.4019e-08	1.7566e-08	1.376e-08	1.0735e-08	9.351e-09	8.8625e-09	8.7331e-09	8.063e-09	7.3765e-09	7.6796e-09	7.4363e-09	6.7591e-09	6.707e-09	6.4149e-09	6.7418e-09	6.9065e-09	6.7731e-09	7.0182e-09	6.6326e-09	6.6821e-09	6.8131e-09	6.6502e-09	6.8618e-09	6.3064e-09	6.1975e-09	6.0087e-09	6.05e-09	6.2957e-09	5.9004e-09	5.9582e-09	5.9507e-09	6.0272e-09	6.0272e-09	5.3051e-09	5.6956e-09	6.0168e-09	6.04e-09	5.6415e-09	4.6506e-09	4.7664e-09	4.8081e-09	4.5789e-09	4.533e-09	4.4392e-09	4.5967e-09	4.8208e-09	4.9664e-09	5.0428e-09
1.4653e-08	1.4881e-08	1.5253e-08	1.5272e-08	1.5398e-08	1.565e-08	1.5802e-08	1.5751e-08	1.5438e-08	1.5037e-08	1.5149e-08	1.5525e-08	1.5443e-08	1.5443e-08	1.5504e-08	1.5126e-08	1.508e-08	1.5093e-08	1.5209e-08	1.5413e-08	1.5709e-08	1.5997e-08	1.6921e-08	1.73e-08	1.7653e-08	1.7836e-08	1.7532e-08	1.7225e-08	1.6585e-08	1.6397e-08	1.655e-08	1.6687e-08	1.6867e-08	1.691e-08	1.6476e-08	1.6147e-08	1.6002e-08	1.5686e-08	1.5441e-08	1.559e-08	1.5613e-08	1.5483e-08	1.5395e-08	1.5621e-08	1.6156e-08	1.6319e-08	1.6247e-08	1.6217e-08	1.6086e-08	1.5911e-08	1.5745e-08	1.6706e-08	2.1812e-08	3.134e-08	4.4873e-08	5.8808e-08	7.3672e-08	8.8996e-08	1.044e-07	1.2053e-07	1.3396e-07	1.4569e-07	1.4569e-07	1.5547e-07	1.6441e-07	1.7221e-07	1.7953e-07	1.8543e-07	1.8805e-07	1.861e-07	1.8476e-07	1.8576e-07	1.8623e-07	1.8249e-07	1.7676e-07	1.6894e-07	1.6025e-07	1.5106e-07	1.3929e-07	1.2948e-07	1.1987e-07	1.1027e-07	1.0057e-07	8.8486e-08	7.8739e-08	6.9174e-08	5.9749e-08	5.0505e-08	3.9166e-08	3.023e-08	2.217e-08	1.6137e-08	1.2657e-08	9.7959e-09	8.6286e-09	8.237e-09	8.1082e-09	7.4952e-09	6.8072e-09	7.1494e-09	6.9261e-09	6.3465e-09	6.237e-09	5.9543e-09	6.2042e-09	6.3416e-09	6.1154e-09	6.39e-09	6.0016e-09	6.1199e-09	6.2505e-09	6.0718e-09	6.0718e-09	5.6216e-09	5.6033e-09	5.6583e-09	5.6155e-09	5.6459e-09	5.209e-09	5.4105e-09	5.4568e-09	5.4351e-09	5.4371e-09	4.7044e-09	5.0721e-09	5.4129e-09	5.4634e-09	5.0707e-09	4.2017e-09	4.3028e-09	4.366e-09	4.1769e-09	4.1286e-09	4.0866e-09	4.2629e-09	4.5183e-09	4.614e-09	4.7126e-09
1.4749e-08	1.4948e-08	1.5291e-08	1.5291e-08	1.5441e-08	1.551e-08	1.5738e-08	1.5915e-08	1.5861e-08	1.5779e-08	1.5267e-08	1.5342e-08	1.5746e-08	1.564e-08	1.5739e-08	1.534e-08	1.5234e-08	1.5214e-08	1.5343e-08	1.5631e-08	1.595e-08	1.6273e-08	1.7067e-08	1.7421e-08	1.7737e-08	1.796e-08	1.7727e-08	1.7441e-08	1.6788e-08	1.657e-08	1.6742e-08	1.6828e-08	1.6993e-08	1.7006e-08	1.6553e-08	1.6276e-08	1.6112e-08	1.5744e-08	1.5487e-08	1.554e-08	1.5509e-08	1.537e-08	1.5317e-08	1.5648e-08	1.6094e-08	1.6261e-08	1.6206e-08	1.6184e-08	1.5982e-08	1.5758e-08	1.5629e-08	1.6877e-08	1.6877e-08	2.256e-08	3.3494e-08	4.6123e-08	6.015e-08	7.5051e-08	9.0387e-08	1.071e-07	1.2176e-07	1.351e-07	1.4654e-07	1.5616e-07	1.6498e-07	1.7259e-07	1.7972e-07	1.8522e-07	1.8733e-07	1.8504e-07	1.8398e-07	1.8534e-07	1.8571e-07	1.8249e-07	1.7525e-07	1.6716e-07	1.582e-07	1.4886e-07	1.3929e-07	1.2719e-07	1.1754e-07	1.0791e-07	9.8193e-08	8.8486e-08	7.6393e-08	6.6834e-08	5.7441e-08	4.8232e-08	3.9166e-08	2.8071e-08	2.031e-08	1.47e-08	1.15e-08	9.7959e-09	7.8844e-09	7.5976e-09	7.4604e-09	6.9222e-09	6.8072e-09	6.5997e-09	6.4065e-09	5.9554e-09	5.9554e-09	5.7979e-09	5.5192e-09	5.6872e-09	5.7941e-09	5.4779e-09	5.1749e-09	5.3894e-09	5.5836e-09	5.7173e-09	5.5268e-09	5.0605e-09	4.9542e-09	5.1458e-09	5.2272e-09	5.2535e-09	4.7331e-09	4.9655e-09	4.9912e-09	4.9479e-09	4.8843e-09	4.1892e-09	4.5419e-09	4.8988e-09	4.9579e-09	4.5931e-09	3.86e-09	3.9488e-09	4.0322e-09	3.877e-09	3.8328e-09	3.7947e-09	3.9907e-09	4.2765e-09	4.3121e-09	4.4121e-09
1.4894e-08	1.4914e-08	1.5076e-08	1.5377e-08	1.5601e-08	1.5677e-08	1.5878e-08	1.6071e-08	1.6028e-08	1.6062e-08	1.5566e-08	1.559e-08	1.5979e-08	1.5867e-08	1.6011e-08	1.5589e-08	1.5422e-08	1.5364e-08	1.5492e-08	1.5835e-08	1.6165e-08	1.6533e-08	1.7169e-08	1.7491e-08	1.7751e-08	1.8004e-08	1.7846e-08	1.759e-08	1.6943e-08	1.6683e-08	1.6862e-08	1.6892e-08	1.7035e-08	1.7015e-08	1.6543e-08	1.6315e-08	1.6119e-08	1.5728e-08	1.5479e-08	1.5435e-08	1.536e-08	1.5234e-08	1.5234e-08	1.5224e-08	1.5549e-08	1.5927e-08	1.6081e-08	1.6066e-08	1.6044e-08	1.5534e-08	1.5544e-08	1.5459e-08	1.7044e-08	2.327e-08	3.4485e-08	4.7318e-08	6.1447e-08	7.6389e-08	9.1743e-08	1.0841e-07	1.2297e-07	1.3622e-07	1.4736e-07	1.5683e-07	1.6552e-07	1.7291e-07	1.7981e-07	1.8483e-07	1.8642e-07	1.8394e-07	1.832e-07	1.8484e-07	1.8512e-07	1.8141e-07	1.7387e-07	1.6551e-07	1.5623e-07	1.4671e-07	1.3704e-07	1.2491e-07	1.1522e-07	1.0554e-07	9.5804e-08	8.6132e-08	7.4076e-08	6.453e-08	5.5165e-08	4.5977e-08	3.6901e-08	2.59e-08	1.8463e-08	1.3277e-08	1.3277e-08	1.0316e-08	7.7945e-09	7.1347e-09	6.9544e-09	6.8033e-09	6.35e-09	5.6506e-09	6.0341e-09	5.882e-09	5.5819e-09	5.3894e-09	5.112e-09	5.2005e-09	5.2741e-09	4.8786e-09	5.1749e-09	4.8113e-09	5.0813e-09	5.2181e-09	5.0212e-09	5.0605e-09	4.3846e-09	4.6648e-09	4.8314e-09	4.8655e-09	4.7331e-09	4.5723e-09	4.5676e-09	4.4963e-09	4.3826e-09	4.1892e-09	4.101e-09	4.47e-09	4.5199e-09	4.202e-09	3.86e-09	3.6764e-09	3.7772e-09	3.6509e-09	3.6178e-09	3.7947e-09	3.756e-09	4.07e-09	4.0435e-09	4.1293e-09
1.5169e-08	1.5162e-08	1.528e-08	1.5523e-08	1.582e-08	1.5905e-08	1.6078e-08	1.6277e-08	1.626e-08	1.6391e-08	1.5907e-08	1.587e-08	1.6209e-08	1.6107e-08	1.6291e-08	1.5848e-08	1.5623e-08	1.5527e-08	1.5642e-08	1.6008e-08	1.6335e-08	1.675e-08	1.7214e-08	1.7498e-08	1.7684e-08	1.7952e-08	1.7866e-08	1.7643e-08	1.7025e-08	1.6708e-08	1.6886e-08	1.686e-08	1.6978e-08	1.6978e-08	1.6739e-08	1.6431e-08	1.6242e-08	1.6001e-08	1.5628e-08	1.5272e-08	1.5273e-08	1.5171e-08	1.5088e-08	1.5127e-08	1.5414e-08	1.5653e-08	1.5781e-08	1.5826e-08	1.5797e-08	1.5204e-08	1.5272e-08	1.5246e-08	1.7217e-08	2.3956e-08	3.5443e-08	4.8476e-08	6.2715e-08	7.7704e-08	9.3084e-08	1.0973e-07	1.2417e-07	1.3732e-07	1.4816e-07	1.5749e-07	1.6606e-07	1.7322e-07	1.7981e-07	1.8429e-07	1.8536e-07	1.8285e-07	1.8243e-07	1.8426e-07	1.8447e-07	1.804e-07	1.7264e-07	1.6402e-07	1.544e-07	1.4462e-07	1.3484e-07	1.2267e-07	1.1292e-07	1.0318e-07	1.0318e-07	9.3418e-08	8.1462e-08	7.1789e-08	6.226e-08	5.2921e-08	4.374e-08	3.2356e-08	2.3746e-08	1.6656e-08	1.1891e-08	9.1382e-09	6.7977e-09	6.3955e-09	6.3177e-09	6.1507e-09	5.7847e-09	5.0724e-09	5.456e-09	5.357e-09	5.2222e-09	5.0107e-09	4.7348e-09	4.7538e-09	4.7918e-09	4.3353e-09	4.6121e-09	4.283e-09	4.6209e-09	4.7571e-09	4.5606e-09	4.558e-09	3.9162e-09	4.2194e-09	4.4171e-09	4.4751e-09	4.3151e-09	4.2238e-09	4.1828e-09	4.08e-09	3.9324e-09	3.7566e-09	3.7307e-09	4.1068e-09	4.1341e-09	3.8765e-09	3.5982e-09	3.4575e-09	3.5718e-09	3.5718e-09	3.47e-09	3.4556e-09	3.3155e-09	3.5348e-09	3.8731e-09	3.7909e-09
1.5554e-08	1.5501e-08	1.5565e-08	1.5738e-08	1.6075e-08	1.6172e-08	1.6316e-08	1.651e-08	1.653e-08	1.6724e-08	1.6251e-08	1.615e-08	1.6416e-08	1.6339e-08	1.6549e-08	1.6092e-08	1.5819e-08	1.5687e-08	1.5777e-08	1.6134e-08	1.6441e-08	1.6896e-08	1.7189e-08	1.7189e-08	1.7282e-08	1.7522e-08	1.7786e-08	1.7763e-08	1.7576e-08	1.6855e-08	1.6619e-08	1.6787e-08	1.6717e-08	1.6812e-08	1.6438e-08	1.6203e-08	1.604e-08	1.5739e-08	1.5434e-08	1.5064e-08	1.5051e-08	1.4941e-08	1.4928e-08	1.5019e-08	1.5216e-08	1.5286e-08	1.5378e-08	1.5498e-08	1.5457e-08	1.4817e-08	1.4947e-08	1.5002e-08	1.7402e-08	2.4631e-08	3.6388e-08	4.9616e-08	6.3973e-08	7.9018e-08	9.4428e-08	1.1105e-07	1.2538e-07	1.3841e-07	1.4897e-07	1.5814e-07	1.6659e-07	1.7354e-07	1.7976e-07	1.8366e-07	1.842e-07	1.818e-07	1.8169e-07	1.8358e-07	1.8358e-07	1.8377e-07	1.7872e-07	1.7159e-07	1.6272e-07	1.527e-07	1.4261e-07	1.3055e-07	1.2045e-07	1.1063e-07	1.0083e-07	9.1042e-08	7.9151e-08	6.9525e-08	6.0017e-08	5.0704e-08	4.1523e-08	3.0115e-08	2.1638e-08	1.4914e-08	1.0564e-08	7.9983e-09	5.8477e-09	5.6833e-09	5.6977e-09	5.5164e-09	5.2323e-09	4.5002e-09	4.8687e-09	4.8362e-09	4.8725e-09	4.6614e-09	4.3899e-09	4.357e-09	4.3572e-09	3.8657e-09	4.0952e-09	3.8181e-09	4.209e-09	4.3376e-09	4.1498e-09	4.1264e-09	3.5416e-09	3.8069e-09	3.985e-09	4.0806e-09	3.9486e-09	3.9061e-09	3.8288e-09	3.8288e-09	3.6947e-09	3.5278e-09	3.078e-09	3.4124e-09	3.7894e-09	3.7849e-09	3.5954e-09	3.204e-09	3.264e-09	3.3864e-09	3.3059e-09	3.3182e-09	3.0897e-09	3.303e-09	3.6602e-09	3.5372e-09
1.6013e-08	1.5899e-08	1.5905e-08	1.5998e-08	1.6337e-08	1.6445e-08	1.6563e-08	1.6743e-08	1.6804e-08	1.702e-08	1.656e-08	1.6399e-08	1.658e-08	1.658e-08	1.6692e-08	1.6755e-08	1.6294e-08	1.5991e-08	1.5829e-08	1.5946e-08	1.6196e-08	1.6464e-08	1.694e-08	1.7079e-08	1.7037e-08	1.7254e-08	1.749e-08	1.7516e-08	1.7359e-08	1.655e-08	1.6392e-08	1.6541e-08	1.6446e-08	1.6525e-08	1.603e-08	1.5863e-08	1.571e-08	1.5334e-08	1.5147e-08	1.4789e-08	1.4769e-08	1.4668e-08	1.4742e-08	1.4884e-08	1.4951e-08	1.484e-08	1.4893e-08	1.5095e-08	1.504e-08	1.4385e-08	1.457e-08	1.4739e-08	1.7608e-08	2.5308e-08	3.7339e-08	5.0756e-08	6.5238e-08	8.0351e-08	9.5796e-08	1.1241e-07	1.2661e-07	1.3948e-07	1.3948e-07	1.498e-07	1.5947e-07	1.6714e-07	1.7388e-07	1.7969e-07	1.8296e-07	1.8176e-07	1.8084e-07	1.81e-07	1.8281e-07	1.83e-07	1.7799e-07	1.7062e-07	1.6152e-07	1.5109e-07	1.4066e-07	1.2842e-07	1.1824e-07	1.0836e-07	9.8494e-08	8.868e-08	7.6856e-08	6.728e-08	5.7797e-08	4.851e-08	3.9324e-08	2.7921e-08	1.9603e-08	1.3263e-08	9.3208e-09	6.9286e-09	4.9774e-09	5.0141e-09	5.1046e-09	4.9141e-09	4.699e-09	3.9386e-09	4.2757e-09	4.324e-09	4.529e-09	4.341e-09	4.0787e-09	4.0179e-09	3.9787e-09	3.4849e-09	3.6345e-09	3.4137e-09	3.8403e-09	3.9545e-09	3.9545e-09	3.7828e-09	3.4408e-09	3.2383e-09	3.4209e-09	3.5415e-09	3.6831e-09	3.3127e-09	3.6053e-09	3.4977e-09	3.3365e-09	3.1627e-09	2.8011e-09	3.1273e-09	3.4978e-09	3.457e-09	3.3376e-09	3.0168e-09	3.0679e-09	3.1916e-09	3.1301e-09	3.1777e-09	2.8475e-09	3.0364e-09	3.4056e-09	3.2651e-09
1.6497e-08	1.6315e-08	1.6263e-08	1.6263e-08	1.6533e-08	1.6574e-08	1.6692e-08	1.6787e-08	1.6947e-08	1.7216e-08	1.7239e-08	1.6794e-08	1.6588e-08	1.6682e-08	1.6771e-08	1.688e-08	1.643e-08	1.612e-08	1.5935e-08	1.5952e-08	1.6179e-08	1.6384e-08	1.6856e-08	1.6873e-08	1.6686e-08	1.6869e-08	1.7048e-08	1.7102e-08	1.6969e-08	1.6096e-08	1.6027e-08	1.6151e-08	1.605e-08	1.6119e-08	1.5531e-08	1.5427e-08	1.5271e-08	1.4815e-08	1.4776e-08	1.4448e-08	1.4426e-08	1.4348e-08	1.4518e-08	1.4705e-08	1.4614e-08	1.4328e-08	1.4345e-08	1.4628e-08	1.4559e-08	1.3918e-08	1.4145e-08	1.4467e-08	1.4467e-08	1.7844e-08	2.6719e-08	3.8316e-08	5.1915e-08	6.6525e-08	8.1723e-08	9.8682e-08	1.1381e-07	1.2787e-07	1.4054e-07	1.5066e-07	1.6016e-07	1.6771e-07	1.7426e-07	1.7962e-07	1.8224e-07	1.8055e-07	1.7996e-07	1.8034e-07	1.8192e-07	1.8215e-07	1.7719e-07	1.6964e-07	1.6032e-07	1.4949e-07	1.3872e-07	1.2628e-07	1.1603e-07	1.0608e-07	9.6165e-08	8.6336e-08	7.4579e-08	6.5049e-08	5.5594e-08	4.6333e-08	3.7144e-08	2.5794e-08	1.7669e-08	1.1728e-08	8.1831e-09	5.9612e-09	4.2198e-09	4.4043e-09	4.5485e-09	4.3576e-09	4.1907e-09	3.3918e-09	3.6806e-09	3.8248e-09	3.8248e-09	4.1879e-09	3.7756e-09	3.7944e-09	3.7278e-09	3.6493e-09	3.1843e-09	2.8659e-09	3.0584e-09	3.5034e-09	3.5982e-09	3.4488e-09	3.1546e-09	2.9837e-09	3.0552e-09	3.0936e-09	3.2835e-09	3.0143e-09	3.3073e-09	3.1814e-09	3.0011e-09	2.8311e-09	2.5452e-09	2.8568e-09	3.2124e-09	3.1347e-09	3.0818e-09	2.7995e-09	2.8411e-09	2.9581e-09	2.9142e-09	3.0061e-09	2.5696e-09	2.7115e-09	3.0842e-09	2.9579e-09
1.7385e-08	1.6956e-08	1.6707e-08	1.6602e-08	1.6745e-08	1.6758e-08	1.688e-08	1.6958e-08	1.7093e-08	1.7282e-08	1.7338e-08	1.6916e-08	1.6685e-08	1.6703e-08	1.6755e-08	1.6894e-08	1.6473e-08	1.6185e-08	1.5991e-08	1.5886e-08	1.6066e-08	1.6183e-08	1.6616e-08	1.6557e-08	1.6238e-08	1.6374e-08	1.6472e-08	1.6535e-08	1.6417e-08	1.5526e-08	1.5551e-08	1.5643e-08	1.555e-08	1.5613e-08	1.4958e-08	1.4909e-08	1.4745e-08	1.4209e-08	1.4333e-08	1.4042e-08	1.4021e-08	1.3977e-08	1.3977e-08	1.4243e-08	1.4145e-08	1.4202e-08	1.3763e-08	1.3753e-08	1.4111e-08	1.347e-08	1.3428e-08	1.3676e-08	1.4198e-08	1.8116e-08	2.748e-08	3.9337e-08	5.311e-08	6.7853e-08	8.3153e-08	1.0023e-07	1.1527e-07	1.2918e-07	1.4159e-07	1.5156e-07	1.6086e-07	1.6829e-07	1.7466e-07	1.7952e-07	1.8148e-07	1.7936e-07	1.7915e-07	1.7969e-07	1.8093e-07	1.8117e-07	1.7625e-07	1.6854e-07	1.5903e-07	1.4784e-07	1.3675e-07	1.2411e-07	1.1381e-07	1.0381e-07	9.3845e-08	8.4014e-08	7.2319e-08	6.2827e-08	5.3402e-08	4.417e-08	3.4982e-08	2.3753e-08	1.5866e-08	1.0335e-08	1.0335e-08	7.1743e-09	4.4569e-09	3.6033e-09	3.8676e-09	4.0381e-09	3.8587e-09	3.2628e-09	2.8629e-09	3.0904e-09	3.3407e-09	3.8462e-09	3.513e-09	3.526e-09	3.4694e-09	3.3545e-09	2.943e-09	2.54e-09	2.7409e-09	3.1869e-09	3.2594e-09	3.1366e-09	2.8846e-09	2.7551e-09	2.7035e-09	2.6477e-09	2.883e-09	2.7096e-09	2.9981e-09	2.8719e-09	2.6845e-09	2.5268e-09	2.2949e-09	2.582e-09	2.9134e-09	2.8026e-09	2.807e-09	2.5251e-09	2.5558e-09	2.6568e-09	2.63e-09	2.7757e-09	2.2516e-09	2.3252e-09	2.6923e-09	2.6132e-09
1.7694e-08	1.7343e-08	1.7035e-08	1.6887e-08	1.688e-08	1.6857e-08	1.6979e-08	1.7047e-08	1.7154e-08	1.7207e-08	1.7277e-08	1.6888e-08	1.6659e-08	1.6623e-08	1.6625e-08	1.6769e-08	1.64e-08	1.6168e-08	1.5979e-08	1.5742e-08	1.5854e-08	1.5865e-08	1.6224e-08	1.6138e-08	1.5714e-08	1.5798e-08	1.5799e-08	1.5855e-08	1.5745e-08	1.4875e-08	1.4988e-08	1.5045e-08	1.5045e-08	1.4967e-08	1.4372e-08	1.4327e-08	1.4327e-08	1.4151e-08	1.3541e-08	1.3273e-08	1.3576e-08	1.3554e-08	1.3553e-08	1.3904e-08	1.3729e-08	1.3711e-08	1.316e-08	1.3137e-08	1.3555e-08	1.289e-08	1.2925e-08	1.3164e-08	1.3945e-08	1.8434e-08	2.8294e-08	4.0418e-08	5.4357e-08	6.9235e-08	8.4656e-08	1.0185e-07	1.1678e-07	1.3051e-07	1.4263e-07	1.5247e-07	1.6155e-07	1.6884e-07	1.7504e-07	1.7939e-07	1.807e-07	1.7824e-07	1.7839e-07	1.7902e-07	1.7983e-07	1.8002e-07	1.7506e-07	1.6721e-07	1.5756e-07	1.4607e-07	1.3471e-07	1.2187e-07	1.1155e-07	1.0152e-07	1.0152e-07	9.1534e-08	7.9454e-08	7.0078e-08	6.061e-08	5.1216e-08	4.2015e-08	3.0712e-08	2.1815e-08	1.4217e-08	9.1063e-09	6.3134e-09	3.9306e-09	3.1158e-09	3.3963e-09	3.5685e-09	3.4125e-09	2.8356e-09	2.3542e-09	2.5134e-09	2.8727e-09	3.5011e-09	3.2501e-09	3.2627e-09	3.2257e-09	3.0795e-09	2.74e-09	2.2408e-09	2.4498e-09	2.8792e-09	2.9284e-09	2.8351e-09	2.6147e-09	2.53e-09	2.3596e-09	2.2106e-09	2.4825e-09	2.3843e-09	2.6638e-09	2.5614e-09	2.3824e-09	2.2438e-09	2.035e-09	2.2846e-09	2.5811e-09	2.4456e-09	2.4923e-09	2.1871e-09	2.205e-09	2.205e-09	2.2811e-09	2.2709e-09	2.1295e-09	1.9097e-09	1.9046e-09	2.2579e-09
1.7875e-08	1.7607e-08	1.7257e-08	1.708e-08	1.688e-08	1.6842e-08	1.6954e-08	1.7022e-08	1.71e-08	1.7207e-08	1.7016e-08	1.6673e-08	1.6482e-08	1.6423e-08	1.6625e-08	1.6503e-08	1.6205e-08	1.6061e-08	1.5891e-08	1.5742e-08	1.5552e-08	1.5448e-08	1.5448e-08	1.5714e-08	1.5639e-08	1.5136e-08	1.5166e-08	1.5068e-08	1.5104e-08	1.4995e-08	1.4175e-08	1.4366e-08	1.4384e-08	1.4323e-08	1.4372e-08	1.3655e-08	1.3697e-08	1.351e-08	1.2839e-08	1.2676e-08	1.3049e-08	1.3023e-08	1.3072e-08	1.3488e-08	1.32e-08	1.3135e-08	1.2532e-08	1.2515e-08	1.2973e-08	1.2303e-08	1.2416e-08	1.2618e-08	1.3719e-08	1.8805e-08	2.9169e-08	4.1565e-08	5.5664e-08	7.0676e-08	8.6226e-08	1.0351e-07	1.1832e-07	1.3186e-07	1.4364e-07	1.5337e-07	1.622e-07	1.6935e-07	1.7537e-07	1.7919e-07	1.7989e-07	1.7719e-07	1.7769e-07	1.7832e-07	1.7832e-07	1.7862e-07	1.7707e-07	1.7353e-07	1.6556e-07	1.558e-07	1.4412e-07	1.3029e-07	1.1954e-07	1.0925e-07	9.9206e-08	8.923e-08	7.7223e-08	6.7855e-08	5.8393e-08	4.9031e-08	3.9866e-08	2.8607e-08	1.9979e-08	1.2718e-08	8.0308e-09	5.5852e-09	3.5112e-09	2.7246e-09	2.972e-09	3.1278e-09	3.0055e-09	2.4253e-09	1.8681e-09	1.9581e-09	2.422e-09	3.15e-09	2.9766e-09	2.9935e-09	2.9792e-09	2.8097e-09	2.5544e-09	1.9595e-09	2.1738e-09	2.5691e-09	2.5958e-09	2.5333e-09	2.3288e-09	2.2857e-09	2.0172e-09	1.7889e-09	2.0831e-09	2.0241e-09	2.2906e-09	2.2906e-09	2.2419e-09	2.0909e-09	1.7229e-09	1.7619e-09	1.9602e-09	2.212e-09	2.062e-09	1.754e-09	1.8091e-09	1.8112e-09	1.857e-09	1.8617e-09	1.7518e-09	1.5619e-09	1.4792e-09	1.8117e-09
1.7886e-08	1.7699e-08	1.7331e-08	1.7144e-08	1.6907e-08	1.6684e-08	1.6777e-08	1.6854e-08	1.6905e-08	1.6957e-08	1.6559e-08	1.6275e-08	1.6154e-08	1.6154e-08	1.6106e-08	1.603e-08	1.6115e-08	1.5901e-08	1.5865e-08	1.5723e-08	1.5217e-08	1.5169e-08	1.4954e-08	1.5119e-08	1.5082e-08	1.4529e-08	1.4506e-08	1.4316e-08	1.4324e-08	1.4211e-08	1.3463e-08	1.371e-08	1.3686e-08	1.3639e-08	1.3673e-08	1.2958e-08	1.3034e-08	1.2843e-08	1.213e-08	1.2676e-08	1.2465e-08	1.2428e-08	1.253e-08	1.2982e-08	1.32e-08	1.2478e-08	1.189e-08	1.1903e-08	1.2375e-08	1.2303e-08	1.1901e-08	1.2056e-08	1.3541e-08	1.9243e-08	2.9169e-08	4.2785e-08	5.7035e-08	7.2178e-08	8.7856e-08	1.0351e-07	1.1988e-07	1.3319e-07	1.3319e-07	1.4461e-07	1.5424e-07	1.6281e-07	1.698e-07	1.7562e-07	1.7892e-07	1.7904e-07	1.7624e-07	1.7702e-07	1.7757e-07	1.773e-07	1.7707e-07	1.7155e-07	1.6348e-07	1.5366e-07	1.419e-07	1.2782e-07	1.1712e-07	1.0689e-07	9.687e-08	8.6933e-08	7.5021e-08	6.5649e-08	5.6177e-08	4.6849e-08	3.7722e-08	2.6528e-08	1.8231e-08	1.1351e-08	7.081e-09	4.9571e-09	3.1598e-09	2.3969e-09	2.5762e-09	2.7042e-09	2.6241e-09	2.0261e-09	1.4069e-09	1.4329e-09	1.9896e-09	2.7902e-09	2.682e-09	2.7075e-09	2.7129e-09	2.5303e-09	2.3653e-09	1.687e-09	1.9015e-09	1.9015e-09	2.2449e-09	2.2522e-09	1.8844e-09	2.0111e-09	1.9999e-09	1.6701e-09	1.3894e-09	1.2974e-09	1.6302e-09	1.8808e-09	1.9145e-09	1.8106e-09	1.4906e-09	1.4888e-09	1.6251e-09	1.8251e-09	1.6704e-09	1.3755e-09	1.4172e-09	1.3996e-09	1.4132e-09	1.4297e-09	1.3644e-09	1.2261e-09	1.0786e-09	1.3841e-09
1.7685e-08	1.7574e-08	1.7219e-08	1.7219e-08	1.7046e-08	1.654e-08	1.6381e-08	1.6445e-08	1.6542e-08	1.6569e-08	1.5976e-08	1.5948e-08	1.5732e-08	1.5703e-08	1.5689e-08	1.5594e-08	1.5626e-08	1.5502e-08	1.5579e-08	1.5472e-08	1.4836e-08	1.4713e-08	1.4405e-08	1.4473e-08	1.449e-08	1.3914e-08	1.3845e-08	1.3581e-08	1.3557e-08	1.3436e-08	1.2772e-08	1.3047e-08	1.2979e-08	1.2935e-08	1.2946e-08	1.2253e-08	1.2357e-08	1.217e-08	1.144e-08	1.205e-08	1.1831e-08	1.1774e-08	1.1929e-08	1.2384e-08	1.2553e-08	1.1758e-08	1.1242e-08	1.1302e-08	1.1765e-08	1.1712e-08	1.1376e-08	1.1501e-08	1.1501e-08	1.3429e-08	1.9759e-08	3.1139e-08	4.4081e-08	5.8478e-08	7.3746e-08	8.9539e-08	1.0694e-07	1.2144e-07	1.3451e-07	1.4553e-07	1.5505e-07	1.6336e-07	1.7017e-07	1.7576e-07	1.7855e-07	1.7817e-07	1.7541e-07	1.7638e-07	1.7674e-07	1.7587e-07	1.752e-07	1.6906e-07	1.6088e-07	1.5107e-07	1.3938e-07	1.2782e-07	1.146e-07	1.0448e-07	9.4508e-08	8.4641e-08	7.5021e-08	6.3454e-08	5.3966e-08	4.4675e-08	3.559e-08	2.6528e-08	1.6561e-08	1.0094e-08	6.2295e-09	4.3962e-09	3.1598e-09	2.0998e-09	2.1902e-09	2.2859e-09	2.255e-09	2.0261e-09	9.7291e-10	9.4612e-10	9.4612e-10	1.5766e-09	2.4189e-09	2.356e-09	2.3937e-09	2.4094e-09	2.2267e-09	2.1518e-09	1.4144e-09	1.6217e-09	1.8955e-09	1.8881e-09	1.5281e-09	1.6613e-09	1.6696e-09	1.3212e-09	1.0198e-09	9.3132e-10	1.226e-09	1.4593e-09	1.5931e-09	1.5489e-09	1.2864e-09	1.2301e-09	1.2974e-09	1.4415e-09	1.2908e-09	1.022e-09	1.0372e-09	9.9529e-10	9.7823e-10	1.0021e-09	9.8752e-10	9.2032e-10	7.3238e-10	1.0056e-09
1.7412e-08	1.7275e-08	1.7231e-08	1.6918e-08	1.6782e-08	1.6161e-08	1.5955e-08	1.5984e-08	1.6106e-08	1.6113e-08	1.5315e-08	1.5225e-08	1.5082e-08	1.5157e-08	1.5191e-08	1.5084e-08	1.5058e-08	1.502e-08	1.5205e-08	1.5132e-08	1.4376e-08	1.4193e-08	1.3821e-08	1.3809e-08	1.3886e-08	1.3314e-08	1.321e-08	1.2901e-08	1.2845e-08	1.2714e-08	1.2136e-08	1.2401e-08	1.2291e-08	1.2233e-08	1.2207e-08	1.1554e-08	1.1678e-08	1.1507e-08	1.0791e-08	1.1405e-08	1.1164e-08	1.1081e-08	1.1081e-08	1.1286e-08	1.1712e-08	1.1013e-08	1.0996e-08	1.0593e-08	1.0713e-08	1.1147e-08	1.0518e-08	1.0839e-08	1.0973e-08	1.3403e-08	2.0364e-08	3.225e-08	4.546e-08	5.9998e-08	7.5381e-08	9.1267e-08	1.0867e-07	1.2299e-07	1.3578e-07	1.464e-07	1.5578e-07	1.6382e-07	1.7043e-07	1.7576e-07	1.7806e-07	1.7726e-07	1.7472e-07	1.7577e-07	1.7582e-07	1.7432e-07	1.7302e-07	1.6609e-07	1.5782e-07	1.4806e-07	1.3657e-07	1.2519e-07	1.12e-07	1.0203e-07	9.2123e-08	8.2351e-08	7.2838e-08	6.1268e-08	5.1764e-08	4.2513e-08	3.3473e-08	2.4479e-08	1.4957e-08	8.9299e-09	8.9299e-09	5.4488e-09	3.8698e-09	2.507e-09	1.8006e-09	1.7956e-09	1.8608e-09	1.8846e-09	1.2387e-09	5.6857e-10	5.0629e-10	1.1841e-09	2.0334e-09	1.9887e-09	2.0415e-09	2.0518e-09	1.8845e-09	1.8931e-09	1.1413e-09	1.3334e-09	1.5225e-09	1.5061e-09	1.5281e-09	1.3017e-09	1.3194e-09	9.8608e-10	6.8996e-10	9.3132e-10	8.3691e-10	1.0533e-09	1.293e-09	1.3137e-09	1.2864e-09	1.0004e-09	9.9483e-10	1.0823e-09	9.4331e-10	1.022e-09	6.9515e-10	6.2334e-10	5.8075e-10	6.0618e-10	9.8752e-10	6.6257e-10	4.6999e-10	7.0672e-10
1.6844e-08	1.6698e-08	1.6708e-08	1.646e-08	1.6373e-08	1.5675e-08	1.5428e-08	1.5419e-08	1.5568e-08	1.5561e-08	1.4588e-08	1.4434e-08	1.4364e-08	1.4545e-08	1.4631e-08	1.4515e-08	1.443e-08	1.447e-08	1.4743e-08	1.4701e-08	1.3837e-08	1.3617e-08	1.3224e-08	1.316e-08	1.3293e-08	1.2752e-08	1.2628e-08	1.2313e-08	1.223e-08	1.2087e-08	1.1578e-08	1.1793e-08	1.1793e-08	1.1641e-08	1.155e-08	1.076e-08	1.0872e-08	1.1009e-08	1.0861e-08	1.0183e-08	1.0114e-08	1.0486e-08	1.037e-08	1.062e-08	1.0993e-08	1.0183e-08	1.0213e-08	9.949e-09	1.0137e-08	1.0524e-08	9.9156e-09	1.0287e-08	1.0492e-08	1.3483e-08	2.1071e-08	3.3456e-08	4.6927e-08	6.1601e-08	7.7088e-08	9.3032e-08	1.104e-07	1.2452e-07	1.37e-07	1.4719e-07	1.5641e-07	1.6419e-07	1.7058e-07	1.7558e-07	1.7744e-07	1.7632e-07	1.7415e-07	1.7515e-07	1.748e-07	1.7266e-07	1.7055e-07	1.6276e-07	1.5439e-07	1.4472e-07	1.3353e-07	1.2243e-07	1.0935e-07	9.9534e-08	9.9534e-08	8.9721e-08	8.006e-08	6.8491e-08	5.9086e-08	4.9574e-08	4.0368e-08	3.1376e-08	2.0494e-08	1.3406e-08	7.8376e-09	4.7112e-09	3.345e-09	2.1282e-09	1.4665e-09	1.3736e-09	1.4173e-09	1.4992e-09	8.3907e-10	1.962e-10	1.2171e-10	8.1319e-10	1.6312e-09	1.5844e-09	1.6543e-09	1.6419e-09	1.5049e-09	1.5866e-09	8.7971e-10	1.0503e-09	1.1458e-09	1.1258e-09	1.171e-09	9.5647e-10	9.76e-10	6.8159e-10	4.0947e-10	6.0228e-10	4.8811e-10	6.8965e-10	1.029e-09	1.1131e-09	1.1174e-09	8.1435e-10	7.3549e-10	7.6856e-10	6.4806e-10	7.1722e-10	4.1712e-10	4.1712e-10	3.0884e-10	2.4938e-10	2.6913e-10	3.4575e-10	4.7079e-10	3.2099e-10
1.6147e-08	1.5995e-08	1.6048e-08	1.5876e-08	1.5845e-08	1.5102e-08	1.4821e-08	1.4775e-08	1.4951e-08	1.4937e-08	1.3831e-08	1.3616e-08	1.3619e-08	1.3895e-08	1.4027e-08	1.3902e-08	1.3763e-08	1.3864e-08	1.4194e-08	1.4175e-08	1.3218e-08	1.2993e-08	1.2993e-08	1.2634e-08	1.256e-08	1.2223e-08	1.2241e-08	1.2115e-08	1.1839e-08	1.1736e-08	1.1175e-08	1.109e-08	1.1221e-08	1.103e-08	1.0892e-08	1.0073e-08	1.0218e-08	1.0358e-08	1.0236e-08	9.6167e-09	9.4956e-09	9.8168e-09	9.664e-09	9.9478e-09	1.0251e-08	9.354e-09	9.4297e-09	9.3165e-09	9.5727e-09	9.8999e-09	9.3114e-09	9.7171e-09	1.008e-08	1.3688e-08	2.1891e-08	3.4765e-08	4.8486e-08	6.3293e-08	7.887e-08	9.4828e-08	1.1211e-07	1.2601e-07	1.3815e-07	1.4791e-07	1.5692e-07	1.6447e-07	1.7061e-07	1.7523e-07	1.767e-07	1.7535e-07	1.7365e-07	1.7449e-07	1.7449e-07	1.7366e-07	1.7089e-07	1.6501e-07	1.5919e-07	1.5073e-07	1.4117e-07	1.3034e-07	1.1666e-07	1.0666e-07	9.7016e-08	8.7304e-08	7.7765e-08	6.6307e-08	5.6905e-08	4.74e-08	3.8246e-08	2.9304e-08	1.8567e-08	1.1896e-08	6.798e-09	3.9893e-09	2.7889e-09	1.6637e-09	1.0651e-09	9.0626e-10	9.4362e-10	1.0858e-09	4.3564e-10	-1.4095e-10	-2.0267e-10	4.6786e-10	1.2189e-09	1.1691e-09	1.2562e-09	1.2084e-09	1.1116e-09	1.2549e-09	6.4262e-10	7.8728e-10	7.8704e-10	7.6819e-10	8.3448e-10	6.4969e-10	6.664e-10	4.2446e-10	1.8811e-10	3.248e-10	2.0488e-10	2.0488e-10	3.9543e-10	8.1618e-10	9.5508e-10	9.1346e-10	6.8637e-10	5.3727e-10	5.2128e-10	4.2511e-10	3.4768e-10	2.2906e-10	7.6885e-11	1.2725e-11	1.8213e-11	1.1881e-10	3.5978e-10	3.0738e-10
1.5364e-08	1.5206e-08	1.5291e-08	1.5198e-08	1.5223e-08	1.446e-08	1.4158e-08	1.4078e-08	1.4275e-08	1.4264e-08	1.308e-08	1.2815e-08	1.2815e-08	1.2884e-08	1.3235e-08	1.2765e-08	1.326e-08	1.3079e-08	1.3215e-08	1.3558e-08	1.2833e-08	1.2527e-08	1.2334e-08	1.2067e-08	1.2029e-08	1.1752e-08	1.1775e-08	1.1657e-08	1.1454e-08	1.134e-08	1.0842e-08	1.0658e-08	1.0683e-08	1.0456e-08	1.0266e-08	9.427e-09	9.6028e-09	9.7366e-09	9.6358e-09	9.0904e-09	8.9131e-09	9.1766e-09	8.9847e-09	9.2895e-09	9.5092e-09	8.5576e-09	8.6679e-09	8.7013e-09	9.0216e-09	9.2782e-09	8.7056e-09	9.1272e-09	9.7582e-09	1.4037e-08	2.2837e-08	3.6184e-08	5.0142e-08	6.5079e-08	8.0727e-08	9.6646e-08	1.138e-07	1.2746e-07	1.2746e-07	1.3923e-07	1.4857e-07	1.5765e-07	1.6468e-07	1.7055e-07	1.7475e-07	1.7584e-07	1.7336e-07	1.7317e-07	1.7377e-07	1.7241e-07	1.6901e-07	1.6204e-07	1.5547e-07	1.4693e-07	1.375e-07	1.2706e-07	1.1373e-07	1.0396e-07	9.4481e-08	8.4878e-08	7.5464e-08	6.4103e-08	5.472e-08	4.5247e-08	3.6152e-08	2.7261e-08	1.6691e-08	1.0416e-08	5.7917e-09	3.2559e-09	2.1695e-09	1.1065e-09	5.9059e-10	3.9433e-10	4.4304e-10	6.4512e-10	4.123e-11	-4.3827e-10	-4.6691e-10	1.5623e-10	8.1622e-10	7.7033e-10	8.7302e-10	7.8234e-10	7.304e-10	9.2304e-10	4.4302e-10	4.4302e-10	5.5936e-10	4.6776e-10	4.5415e-10	3.081e-10	4.0551e-10	4.1744e-10	2.3143e-10	3.564e-11	-1.7362e-11	1.2475e-11	1.976e-10	6.696e-10	8.4753e-10	8.9272e-10	6.3104e-10	4.1814e-10	3.6153e-10	2.9453e-10	3.2406e-10	1.5139e-10	-5.2025e-11	-1.0652e-10	-1.2458e-10	-3.2077e-11	3.2996e-10	4.1683e-10
1.4538e-08	1.4375e-08	1.4375e-08	1.4478e-08	1.446e-08	1.3788e-08	1.3767e-08	1.3461e-08	1.3354e-08	1.3562e-08	1.2865e-08	1.237e-08	1.2073e-08	1.2199e-08	1.2595e-08	1.2139e-08	1.2601e-08	1.2395e-08	1.2537e-08	1.2844e-08	1.2048e-08	1.1786e-08	1.1651e-08	1.1521e-08	1.1557e-08	1.1308e-08	1.134e-08	1.1238e-08	1.1128e-08	1.1012e-08	1.0556e-08	1.027e-08	1.0174e-08	9.9185e-09	9.6743e-09	8.8318e-09	9.0362e-09	9.1534e-09	9.0655e-09	8.6034e-09	8.3806e-09	8.5861e-09	8.3542e-09	8.6632e-09	8.7932e-09	7.8247e-09	7.9485e-09	8.1094e-09	8.4837e-09	8.6623e-09	8.0992e-09	8.5163e-09	8.5163e-09	9.5456e-09	1.4547e-08	2.5125e-08	3.7706e-08	5.1888e-08	6.6953e-08	8.2655e-08	1.0034e-07	1.1545e-07	1.2885e-07	1.4023e-07	1.4918e-07	1.5794e-07	1.6486e-07	1.7043e-07	1.7415e-07	1.7489e-07	1.7235e-07	1.7267e-07	1.7296e-07	1.7103e-07	1.6703e-07	1.5903e-07	1.5174e-07	1.4311e-07	1.338e-07	1.2375e-07	1.1082e-07	1.0127e-07	9.1939e-08	8.2445e-08	7.3153e-08	6.187e-08	5.2528e-08	4.3117e-08	3.409e-08	2.5251e-08	1.4877e-08	8.9684e-09	4.8133e-09	2.5046e-09	1.4828e-09	4.9523e-10	7.6179e-11	-1.3325e-10	-5.9685e-11	1.9839e-10	-3.3046e-10	-3.3046e-10	-6.9106e-10	-6.7143e-10	-1.1326e-10	1.2325e-10	4.1564e-10	5.3049e-10	3.946e-10	3.8689e-10	3.5854e-10	2.9386e-10	3.814e-10	2.0948e-10	2.0469e-10	1.6089e-10	2.4808e-10	2.5595e-10	1.1925e-10	-3.8196e-11	-5.2977e-11	-6.3828e-11	1.2315e-10	6.0429e-10	7.9845e-10	9.3327e-10	6.5872e-10	3.9154e-10	3.0526e-10	2.7115e-10	4.0429e-10	1.7913e-10	-7.8238e-11	-1.1265e-10	-1.6127e-10	-1.0235e-10	3.7767e-10	6.2726e-10
1.4144e-08	1.3712e-08	1.3541e-08	1.3651e-08	1.3692e-08	1.3024e-08	1.3043e-08	1.2751e-08	1.2627e-08	1.2835e-08	1.2181e-08	1.1726e-08	1.1418e-08	1.1589e-08	1.1994e-08	1.1524e-08	1.1933e-08	1.1718e-08	1.1843e-08	1.2073e-08	1.1228e-08	1.1022e-08	1.0962e-08	1.0995e-08	1.1124e-08	1.0881e-08	1.0926e-08	1.0839e-08	1.0831e-08	1.0721e-08	1.0287e-08	9.9127e-09	9.6918e-09	9.4145e-09	9.1236e-09	8.2989e-09	8.5289e-09	8.6184e-09	8.5293e-09	8.1551e-09	7.9117e-09	8.0657e-09	8.0657e-09	7.7945e-09	8.0874e-09	7.5323e-09	7.183e-09	7.2903e-09	7.5461e-09	7.9591e-09	7.463e-09	7.4969e-09	7.9002e-09	9.4479e-09	1.5209e-08	2.6436e-08	3.9317e-08	5.3712e-08	6.8903e-08	8.4641e-08	1.0221e-07	1.1708e-07	1.3018e-07	1.4117e-07	1.4976e-07	1.5823e-07	1.6502e-07	1.7027e-07	1.7346e-07	1.7386e-07	1.7134e-07	1.721e-07	1.7203e-07	1.6953e-07	1.6495e-07	1.5602e-07	1.4809e-07	1.3938e-07	1.3019e-07	1.2049e-07	1.0795e-07	9.8602e-08	8.9397e-08	8.0011e-08	7.0829e-08	5.9612e-08	5.0335e-08	4.1018e-08	3.2069e-08	2.3284e-08	1.3147e-08	1.3147e-08	7.5765e-09	3.8769e-09	1.7591e-09	6.2487e-11	-1.2775e-10	-4.4202e-10	-6.454e-10	-5.3808e-10	-6.2142e-10	-6.657e-10	-8.9463e-10	-8.1668e-10	-3.3217e-10	-1.2532e-10	1.3257e-10	2.5434e-10	7.617e-11	1.0673e-10	1.7575e-10	2.0814e-10	2.6833e-10	3.3752e-11	4.0762e-11	1.1942e-10	2.0151e-10	2.0881e-10	1.0468e-10	-2.3645e-11	1.6027e-11	-6.5866e-12	1.9059e-10	6.3066e-10	8.1344e-10	1.0291e-09	7.6088e-10	4.5044e-10	3.4528e-10	3.4591e-10	5.7123e-10	3.0008e-10	-8.0337e-12	-1.7639e-11	-1.0069e-10	-8.7481e-11	4.9923e-10	9.1658e-10
1.4144e-08	1.2929e-08	1.2748e-08	1.285e-08	1.2926e-08	1.3024e-08	1.2303e-08	1.2048e-08	1.1918e-08	1.2112e-08	1.1515e-08	1.114e-08	1.0841e-08	1.1045e-08	1.1427e-08	1.0921e-08	1.1264e-08	1.1057e-08	1.1146e-08	1.1271e-08	1.0403e-08	1.0259e-08	1.0281e-08	1.0485e-08	1.0715e-08	1.0458e-08	1.052e-08	1.0443e-08	1.0533e-08	1.0437e-08	1.001e-08	9.5735e-09	9.5735e-09	9.2326e-09	8.9426e-09	8.1639e-09	7.8395e-09	8.0912e-09	8.1413e-09	8.0316e-09	7.3704e-09	7.5175e-09	7.6324e-09	7.3243e-09	7.5779e-09	7.0041e-09	6.6292e-09	6.6938e-09	7.0106e-09	7.4477e-09	6.8887e-09	6.9051e-09	7.3035e-09	9.4638e-09	1.6002e-08	2.7833e-08	4.1004e-08	5.5604e-08	7.0916e-08	8.6675e-08	1.0409e-07	1.1866e-07	1.3143e-07	1.4205e-07	1.5034e-07	1.5854e-07	1.6519e-07	1.701e-07	1.7271e-07	1.7276e-07	1.7035e-07	1.7142e-07	1.7094e-07	1.6788e-07	1.6277e-07	1.5308e-07	1.4465e-07	1.3586e-07	1.2675e-07	1.1734e-07	1.0517e-07	9.5984e-08	9.5984e-08	8.6872e-08	7.7587e-08	6.6194e-08	5.7356e-08	4.8162e-08	3.8962e-08	3.0097e-08	1.9544e-08	1.1524e-08	6.2658e-09	2.9984e-09	1.0456e-09	-5.8882e-10	-7.2022e-10	-9.2784e-10	-1.111e-09	-9.6566e-10	-9.4867e-10	-9.5079e-10	-1.0443e-09	-9.0311e-10	-4.9204e-10	-2.8079e-10	-5.1313e-11	7.0334e-11	-1.4201e-10	-8.4422e-11	9.2485e-11	1.9883e-10	2.3506e-10	-3.7895e-11	-1.6666e-11	1.9757e-10	2.8181e-10	2.9406e-10	1.9834e-10	8.4642e-11	1.7607e-10	1.6606e-10	3.7992e-10	7.382e-10	8.8729e-10	1.171e-09	9.236e-10	5.8196e-10	4.678e-10	5.0294e-10	8.0775e-10	8.0775e-10	5.0204e-10	1.523e-10	1.6653e-10	2.7699e-10	1.7082e-11	6.9095e-10
1.3345e-08	1.2217e-08	1.2022e-08	1.2104e-08	1.2187e-08	1.2258e-08	1.156e-08	1.1359e-08	1.1234e-08	1.1402e-08	1.1515e-08	1.06e-08	1.0326e-08	1.0552e-08	1.0888e-08	1.0921e-08	1.0601e-08	1.0419e-08	1.0458e-08	1.0464e-08	1.0403e-08	9.5235e-09	9.5235e-09	9.6228e-09	9.988e-09	1.0311e-08	1.0027e-08	1.0112e-08	1.0032e-08	1.0204e-08	1.013e-08	9.6972e-09	9.2393e-09	8.793e-09	8.501e-09	8.1639e-09	7.4622e-09	7.731e-09	7.7292e-09	7.5753e-09	7.3704e-09	7.1862e-09	7.274e-09	6.9316e-09	7.1265e-09	7.0041e-09	6.1446e-09	6.1498e-09	6.4991e-09	6.949e-09	6.3376e-09	6.3302e-09	6.7509e-09	9.592e-09	1.6903e-08	2.9295e-08	4.2752e-08	5.755e-08	7.2982e-08	8.8744e-08	1.0598e-07	1.2021e-07	1.3259e-07	1.4287e-07	1.5093e-07	1.5893e-07	1.6538e-07	1.6993e-07	1.7192e-07	1.7162e-07	1.6937e-07	1.7057e-07	1.7057e-07	1.6967e-07	1.6609e-07	1.5815e-07	1.5024e-07	1.4146e-07	1.326e-07	1.2355e-07	1.115e-07	1.0248e-07	9.343e-08	8.4385e-08	7.5195e-08	6.3929e-08	5.5128e-08	4.6031e-08	3.6961e-08	2.8186e-08	1.7805e-08	1.003e-08	5.0614e-09	2.1937e-09	3.9026e-10	-1.146e-09	-1.2399e-09	-1.3451e-09	-1.499e-09	-1.316e-09	-1.1903e-09	-1.172e-09	-1.1353e-09	-9.3116e-10	-5.8442e-10	-3.2231e-10	-1.0847e-10	4.2121e-12	-2.2898e-10	-1.6091e-10	1.2685e-10	2.7469e-10	2.9185e-10	9.4025e-12	4.6485e-11	3.7537e-10	4.6794e-10	4.8976e-10	3.8301e-10	2.7197e-10	4.0701e-10	4.0701e-10	4.2584e-10	6.6014e-10	9.1039e-10	1.1784e-09	1.35e-09	1.133e-09	7.7324e-10	6.5903e-10	1.0004e-09	1.0967e-09	7.7281e-10	3.965e-10	4.279e-10	5.7642e-10	2.1588e-10	9.4918e-10
