-7.8742e-09	-7.611e-09	-7.3528e-09	-7.1197e-09	-7.0937e-09	-7.3839e-09	-7.6352e-09	-7.6097e-09	-7.7835e-09	-8.1021e-09	-8.7218e-09	-9.0016e-09	-9.0391e-09	-8.7374e-09	-8.5367e-09	-8.377e-09	-8.377e-09	-8.3378e-09	-8.3686e-09	-8.6195e-09	-8.7297e-09	-8.9176e-09	-9.0833e-09	-9.1403e-09	-8.9441e-09	-8.8639e-09	-8.9329e-09	-7.9809e-09	-4.8314e-09	4.7787e-10	7.1548e-09	1.4623e-08	2.2371e-08	3.1881e-08	4.098e-08	4.9113e-08	5.6231e-08	6.3331e-08	7.1055e-08	7.7264e-08	8.1505e-08	8.2749e-08	8.0892e-08	7.6826e-08	7.6655e-08	7.9579e-08	8.1441e-08	7.8349e-08	6.9288e-08	5.9337e-08	4.8342e-08	3.6966e-08	2.5419e-08	1.5012e-08	1.0274e-08	5.6389e-09	-2.0536e-10	-4.9326e-09	-9.0979e-09	-1.0925e-08	-1.1561e-08	-1.1673e-08	-1.154e-08	-1.1087e-08	-1.056e-08	-1.018e-08	-1.018e-08	-9.8205e-09	-9.0627e-09	-8.3411e-09	-7.7208e-09	-6.9537e-09	-6.7803e-09	-6.3315e-09	-6.091e-09	-5.9952e-09	-6.1286e-09	-6.511e-09	-6.8999e-09	-7.213e-09	-7.4026e-09	-7.8064e-09	-8.3033e-09	-8.8838e-09	-9.303e-09	-9.3368e-09	-9.8085e-09	-1.0269e-08	-1.0411e-08	-1.0728e-08	-1.1154e-08	-1.1435e-08
-7.7136e-09	-7.4386e-09	-7.194e-09	-7.0076e-09	-7.0125e-09	-7.3282e-09	-7.3282e-09	-7.5144e-09	-7.355e-09	-7.7349e-09	-8.0966e-09	-8.7375e-09	-8.9685e-09	-8.8596e-09	-8.6179e-09	-8.4105e-09	-8.2246e-09	-8.1895e-09	-8.2664e-09	-8.5248e-09	-8.675e-09	-8.8605e-09	-9.0222e-09	-9.0598e-09	-8.8775e-09	-8.7698e-09	-8.7824e-09	-7.7833e-09	-4.4079e-09	1.0273e-09	7.7745e-09	1.5311e-08	2.3119e-08	3.2873e-08	4.1972e-08	4.9873e-08	5.6998e-08	6.414e-08	7.1766e-08	7.7794e-08	8.1769e-08	8.259e-08	8.0423e-08	7.6372e-08	7.6687e-08	7.9576e-08	8.0867e-08	7.7098e-08	6.7403e-08	5.7247e-08	4.6132e-08	3.4684e-08	2.3188e-08	1.2852e-08	8.0605e-09	3.7239e-09	3.7239e-09	-1.6418e-09	-6.7007e-09	-9.553e-09	-1.1148e-08	-1.1653e-08	-1.1657e-08	-1.1353e-08	-1.0913e-08	-1.0273e-08	-9.9778e-09	-9.6559e-09	-8.8928e-09	-8.1491e-09	-7.6097e-09	-6.8812e-09	-6.6305e-09	-6.1591e-09	-5.9681e-09	-5.9902e-09	-6.156e-09	-6.4991e-09	-6.9157e-09	-7.2643e-09	-7.4197e-09	-7.8152e-09	-8.311e-09	-8.8928e-09	-9.2872e-09	-9.3023e-09	-9.7642e-09	-1.0184e-08	-1.0301e-08	-1.0608e-08	-1.1047e-08	-1.134e-08
-7.7206e-09	-7.5532e-09	-7.2744e-09	-7.0441e-09	-6.9102e-09	-6.9306e-09	-7.2555e-09	-7.3869e-09	-7.355e-09	-7.7077e-09	-8.1503e-09	-8.7945e-09	-8.9548e-09	-8.7961e-09	-8.5362e-09	-8.3281e-09	-8.1124e-09	-8.0703e-09	-8.1779e-09	-8.4337e-09	-8.6185e-09	-8.7922e-09	-8.9401e-09	-8.967e-09	-8.8199e-09	-8.6922e-09	-8.64e-09	-7.5852e-09	-3.9643e-09	1.5986e-09	8.4166e-09	1.602e-08	2.3902e-08	3.3877e-08	4.2937e-08	5.0619e-08	5.7772e-08	6.4941e-08	7.2444e-08	7.825e-08	8.1929e-08	8.2326e-08	7.9903e-08	7.604e-08	7.6775e-08	7.9502e-08	7.9502e-08	8.0068e-08	7.3777e-08	6.5233e-08	5.4907e-08	4.3738e-08	3.2239e-08	1.8386e-08	1.0573e-08	5.6749e-09	1.6776e-09	-3.1232e-09	-7.579e-09	-9.9529e-09	-1.129e-08	-1.1667e-08	-1.158e-08	-1.1199e-08	-1.0712e-08	-9.9725e-09	-9.7637e-09	-9.481e-09	-8.7008e-09	-7.9402e-09	-7.4785e-09	-6.7916e-09	-6.4614e-09	-5.9655e-09	-5.8268e-09	-5.9627e-09	-6.1642e-09	-6.4724e-09	-6.9079e-09	-7.2867e-09	-7.4262e-09	-7.8239e-09	-8.3192e-09	-8.9082e-09	-9.2909e-09	-9.3052e-09	-9.7357e-09	-1.0107e-08	-1.0199e-08	-1.0479e-08	-1.0904e-08	-1.1204e-08
-7.5697e-09	-7.4114e-09	-7.1395e-09	-6.9237e-09	-6.8388e-09	-6.8533e-09	-7.1671e-09	-7.262e-09	-7.2544e-09	-7.7009e-09	-8.2557e-09	-8.8855e-09	-8.9577e-09	-8.7961e-09	-8.4805e-09	-8.2764e-09	-8.0327e-09	-7.9785e-09	-8.1779e-09	-8.3512e-09	-8.564e-09	-8.72e-09	-8.8459e-09	-8.967e-09	-8.7709e-09	-8.6331e-09	-8.5103e-09	-7.3793e-09	-3.9643e-09	2.2029e-09	9.0976e-09	1.6764e-08	2.4734e-08	3.489e-08	4.3869e-08	5.1358e-08	5.1358e-08	5.8548e-08	6.6479e-08	7.308e-08	7.8621e-08	8.1965e-08	8.1938e-08	7.8677e-08	7.5843e-08	7.6913e-08	7.9351e-08	7.9046e-08	7.1792e-08	6.2865e-08	5.2396e-08	4.1221e-08	2.9687e-08	1.5929e-08	8.2518e-09	3.2254e-09	-4.0999e-10	-4.5918e-09	-8.4017e-09	-1.0284e-08	-1.135e-08	-1.1606e-08	-1.1444e-08	-1.1004e-08	-1.0482e-08	-9.6618e-09	-9.5294e-09	-9.2825e-09	-8.471e-09	-7.7018e-09	-7.3089e-09	-6.6647e-09	-6.2626e-09	-5.7461e-09	-5.6629e-09	-5.8997e-09	-6.142e-09	-6.428e-09	-6.871e-09	-7.2736e-09	-7.4227e-09	-7.8365e-09	-8.3328e-09	-8.928e-09	-9.31e-09	-9.3382e-09	-9.3382e-09	-9.7188e-09	-9.9735e-09	-1.0105e-08	-1.0345e-08	-1.0735e-08
-7.4573e-09	-7.3049e-09	-7.0529e-09	-6.8513e-09	-6.7922e-09	-6.7824e-09	-7.0677e-09	-7.1455e-09	-7.1793e-09	-7.7064e-09	-8.3885e-09	-8.9884e-09	-8.9646e-09	-8.7427e-09	-8.4388e-09	-8.2422e-09	-7.9775e-09	-7.9124e-09	-8.1058e-09	-8.2822e-09	-8.5149e-09	-8.6512e-09	-8.7488e-09	-8.8684e-09	-8.7305e-09	-8.5948e-09	-8.5948e-09	-8.3983e-09	-7.1579e-09	-2.9867e-09	2.8515e-09	9.8342e-09	1.7559e-08	2.5632e-08	3.5906e-08	4.4759e-08	5.2097e-08	5.9324e-08	6.6479e-08	7.3679e-08	7.8909e-08	8.1876e-08	8.1426e-08	7.8677e-08	7.5775e-08	7.71e-08	7.9135e-08	7.7855e-08	6.9702e-08	6.0391e-08	4.9799e-08	3.8644e-08	2.7088e-08	1.3516e-08	5.9671e-09	8.2048e-10	-2.4492e-09	-5.9899e-09	-9.1298e-09	-1.0533e-08	-1.1327e-08	-1.1473e-08	-1.1254e-08	-1.0766e-08	-1.0223e-08	-9.3444e-09	-9.2671e-09	-9.047e-09	-8.1874e-09	-7.4215e-09	-7.0824e-09	-6.4805e-09	-6.0241e-09	-5.4983e-09	-5.474e-09	-5.7912e-09	-5.7912e-09	-6.0807e-09	-6.2815e-09	-6.8076e-09	-7.2282e-09	-7.4096e-09	-7.8509e-09	-8.3645e-09	-8.9473e-09	-9.3364e-09	-9.3872e-09	-9.7052e-09	-9.9099e-09	-1.0016e-08	-1.0212e-08	-1.0551e-08
-7.3843e-09	-7.2338e-09	-7.0123e-09	-6.8243e-09	-6.7622e-09	-6.7174e-09	-6.9645e-09	-7.0416e-09	-7.1273e-09	-7.7161e-09	-8.5245e-09	-9.081e-09	-8.9625e-09	-8.6916e-09	-8.3992e-09	-8.2124e-09	-8.2124e-09	-7.9389e-09	-7.8705e-09	-8.0203e-09	-8.2314e-09	-8.4749e-09	-8.593e-09	-8.6577e-09	-8.6804e-09	-8.6984e-09	-8.5794e-09	-8.3085e-09	-6.9138e-09	-2.4377e-09	3.5555e-09	1.0643e-08	1.8421e-08	2.6609e-08	3.6926e-08	4.5607e-08	5.2843e-08	6.0102e-08	6.7208e-08	7.4264e-08	7.9144e-08	8.1694e-08	8.0826e-08	7.8013e-08	7.5833e-08	7.7334e-08	7.8869e-08	7.6552e-08	6.9702e-08	5.7907e-08	4.7203e-08	3.6071e-08	2.4502e-08	1.3516e-08	3.7966e-09	-1.4318e-09	-4.3503e-09	-7.2599e-09	-9.1298e-09	-1.0686e-08	-1.122e-08	-1.127e-08	-1.1012e-08	-1.0484e-08	-9.9319e-09	-9.0239e-09	-9.0239e-09	-8.9689e-09	-8.4146e-09	-7.8381e-09	-7.09e-09	-6.7853e-09	-6.2237e-09	-5.417e-09	-5.2302e-09	-5.2671e-09	-5.6441e-09	-5.9841e-09	-6.1851e-09	-6.7228e-09	-7.1571e-09	-7.3876e-09	-7.8631e-09	-8.3729e-09	-8.9615e-09	-9.3619e-09	-9.4382e-09	-9.6865e-09	-9.8437e-09	-9.9325e-09	-1.0085e-08	-1.0365e-08
-7.3415e-09	-7.1885e-09	-7.0025e-09	-6.8278e-09	-6.7403e-09	-6.658e-09	-6.658e-09	-6.8643e-09	-6.9545e-09	-7.0821e-09	-7.7216e-09	-8.6393e-09	-9.1409e-09	-8.9385e-09	-8.5644e-09	-8.3496e-09	-8.1738e-09	-7.9088e-09	-7.8509e-09	-8.0119e-09	-8.2039e-09	-8.4477e-09	-8.5529e-09	-8.5816e-09	-8.6041e-09	-8.6744e-09	-8.5889e-09	-8.2456e-09	-6.6395e-09	-1.8406e-09	4.3209e-09	1.153e-08	1.9357e-08	2.7671e-08	3.795e-08	4.6428e-08	5.3604e-08	6.0889e-08	6.7934e-08	7.4862e-08	7.9361e-08	8.1457e-08	8.018e-08	7.7366e-08	7.601e-08	7.7616e-08	7.8567e-08	7.5193e-08	6.7591e-08	5.5507e-08	4.4694e-08	3.3567e-08	2.1988e-08	1.1206e-08	1.8179e-09	-3.4232e-09	-3.4232e-09	-6.0234e-09	-8.3441e-09	-1.0147e-08	-1.0729e-08	-1.1028e-08	-1.1001e-08	-1.0724e-08	-1.0157e-08	-9.6098e-09	-8.7035e-09	-8.6288e-09	-8.4146e-09	-7.4314e-09	-6.7149e-09	-6.4274e-09	-5.9052e-09	-5.417e-09	-4.9533e-09	-5.0525e-09	-5.4706e-09	-5.8605e-09	-6.0779e-09	-6.6217e-09	-7.0669e-09	-7.3574e-09	-7.869e-09	-8.3699e-09	-8.9658e-09	-9.3781e-09	-9.4772e-09	-9.6547e-09	-9.7715e-09	-9.8521e-09	-9.9707e-09	-1.0186e-08
-7.6324e-09	-7.3194e-09	-7.1594e-09	-7.0081e-09	-6.8659e-09	-6.7182e-09	-6.6038e-09	-6.7744e-09	-6.8882e-09	-7.0838e-09	-7.7148e-09	-8.7085e-09	-9.1459e-09	-8.8797e-09	-8.4727e-09	-8.2781e-09	-8.1131e-09	-7.8794e-09	-7.8521e-09	-8.0296e-09	-8.2043e-09	-8.4367e-09	-8.5378e-09	-8.5296e-09	-8.5438e-09	-8.6564e-09	-8.6203e-09	-8.2054e-09	-6.3274e-09	-1.1934e-09	5.145e-09	1.2488e-08	2.0363e-08	2.8807e-08	3.898e-08	4.7233e-08	5.4388e-08	6.1697e-08	6.8679e-08	7.55e-08	7.9591e-08	8.12e-08	7.9525e-08	7.6778e-08	7.6302e-08	7.7945e-08	7.7945e-08	7.8241e-08	7.3837e-08	6.3643e-08	5.3284e-08	4.2358e-08	3.1196e-08	1.9607e-08	7.1334e-09	1.0904e-10	-5.0455e-09	-7.3788e-09	-9.1846e-09	-1.0367e-08	-1.0654e-08	-1.0753e-08	-1.0671e-08	-1.0393e-08	-9.7954e-09	-9.2616e-09	-8.3841e-09	-8.2524e-09	-8.0141e-09	-6.9825e-09	-6.3093e-09	-6.0272e-09	-5.5444e-09	-5.0743e-09	-4.679e-09	-4.8405e-09	-5.2832e-09	-5.718e-09	-6.0779e-09	-6.5095e-09	-6.964e-09	-7.3195e-09	-7.8647e-09	-8.3699e-09	-8.9555e-09	-9.377e-09	-9.4902e-09	-9.6013e-09	-9.7715e-09	-9.774e-09	-9.873e-09	-1.0027e-08
-7.6727e-09	-7.3088e-09	-7.1366e-09	-7.0139e-09	-6.8701e-09	-6.6874e-09	-6.5543e-09	-6.7016e-09	-6.8471e-09	-7.0982e-09	-7.6874e-09	-8.7078e-09	-9.0737e-09	-8.7732e-09	-8.3517e-09	-8.1729e-09	-8.0175e-09	-7.8427e-09	-7.8723e-09	-8.0707e-09	-8.2316e-09	-8.4417e-09	-8.5491e-09	-8.5044e-09	-8.4939e-09	-8.6393e-09	-8.6616e-09	-8.1687e-09	-5.9699e-09	-4.9463e-10	6.0241e-09	1.3504e-08	2.1432e-08	3.0003e-08	4.002e-08	4.8038e-08	4.8038e-08	5.5202e-08	6.2533e-08	7.0329e-08	7.6205e-08	7.987e-08	8.0958e-08	7.8903e-08	7.5933e-08	7.6704e-08	7.832e-08	7.7907e-08	7.2541e-08	6.1975e-08	5.1334e-08	4.0281e-08	2.9022e-08	1.7417e-08	5.4791e-09	-1.2678e-09	-6.2132e-09	-8.3451e-09	-9.7369e-09	-1.0406e-08	-1.0476e-08	-1.0412e-08	-1.0294e-08	-1.003e-08	-9.4086e-09	-8.8949e-09	-8.0661e-09	-7.8487e-09	-7.5715e-09	-6.5069e-09	-5.8865e-09	-5.6026e-09	-5.1609e-09	-4.7268e-09	-4.4189e-09	-4.6412e-09	-5.0941e-09	-5.5649e-09	-5.9637e-09	-6.3914e-09	-6.8552e-09	-7.2746e-09	-7.8461e-09	-8.3507e-09	-8.9259e-09	-8.9259e-09	-9.3503e-09	-9.4632e-09	-9.5181e-09	-9.595e-09	-9.6968e-09	-9.7977e-09
-7.7052e-09	-7.3003e-09	-7.1105e-09	-7.0045e-09	-6.8445e-09	-6.6396e-09	-6.5092e-09	-6.653e-09	-6.8351e-09	-7.1228e-09	-7.6313e-09	-8.6131e-09	-8.9024e-09	-8.6063e-09	-8.1995e-09	-8.0306e-09	-7.8831e-09	-7.794e-09	-7.9069e-09	-8.1238e-09	-8.2745e-09	-8.456e-09	-8.5777e-09	-8.4983e-09	-8.4484e-09	-8.6176e-09	-8.6176e-09	-8.6998e-09	-8.1149e-09	-5.0877e-09	2.5747e-10	6.9547e-09	1.4568e-08	2.2558e-08	3.2524e-08	4.1071e-08	4.8855e-08	5.6056e-08	6.341e-08	7.1281e-08	7.7002e-08	8.023e-08	8.0768e-08	7.8354e-08	7.5757e-08	7.721e-08	7.8739e-08	7.7577e-08	7.1361e-08	6.0603e-08	4.9726e-08	3.8529e-08	2.7095e-08	1.5468e-08	4.0792e-09	-2.3339e-09	-6.9623e-09	-8.9509e-09	-1.0025e-08	-1.0298e-08	-1.0222e-08	-1.0025e-08	-9.8867e-09	-9.6474e-09	-9.0079e-09	-8.5171e-09	-7.7497e-09	-7.427e-09	-7.099e-09	-6.0196e-09	-5.4597e-09	-5.1719e-09	-4.7743e-09	-4.3903e-09	-4.1847e-09	-4.1847e-09	-4.465e-09	-4.9156e-09	-5.4093e-09	-5.728e-09	-6.2725e-09	-6.7468e-09	-7.2232e-09	-7.8092e-09	-8.2451e-09	-8.8724e-09	-9.2901e-09	-9.3827e-09	-9.3973e-09	-9.488e-09	-9.6192e-09	-9.7431e-09
-7.7149e-09	-7.2845e-09	-7.0713e-09	-6.9646e-09	-6.7738e-09	-6.5663e-09	-6.4681e-09	-6.6356e-09	-6.8564e-09	-7.1542e-09	-7.5445e-09	-8.4194e-09	-8.6293e-09	-8.3776e-09	-8.0237e-09	-7.8619e-09	-7.8619e-09	-7.7224e-09	-7.7341e-09	-7.9816e-09	-8.1767e-09	-8.3208e-09	-8.4723e-09	-8.6138e-09	-8.5086e-09	-8.4008e-09	-8.5859e-09	-8.7221e-09	-8.0232e-09	-4.5476e-09	1.0645e-09	7.9333e-09	1.567e-08	2.3735e-08	3.3824e-08	4.2134e-08	4.9698e-08	5.6956e-08	6.4335e-08	7.235e-08	7.7918e-08	8.0704e-08	8.0666e-08	7.7917e-08	7.5787e-08	7.7809e-08	7.9196e-08	7.7259e-08	7.0341e-08	5.9471e-08	4.8405e-08	3.705e-08	2.5384e-08	1.3739e-08	2.8959e-09	-3.1384e-09	-7.3695e-09	-9.258e-09	-1.0097e-08	-1.0082e-08	-9.9143e-09	-9.6136e-09	-9.4661e-09	-9.2571e-09	-8.6042e-09	-8.6042e-09	-8.1356e-09	-7.4352e-09	-6.9965e-09	-6.1125e-09	-5.536e-09	-5.042e-09	-4.7531e-09	-4.4042e-09	-3.8136e-09	-3.9877e-09	-4.3219e-09	-4.7601e-09	-5.2594e-09	-5.6136e-09	-6.158e-09	-6.6454e-09	-7.1662e-09	-7.7502e-09	-8.1579e-09	-8.7974e-09	-9.1983e-09	-9.2511e-09	-9.2418e-09	-9.3731e-09	-9.5393e-09	-9.7011e-09
-7.6865e-09	-7.2523e-09	-7.0094e-09	-6.879e-09	-6.654e-09	-6.4662e-09	-6.4662e-09	-6.4312e-09	-6.6508e-09	-6.9859e-09	-7.188e-09	-7.4348e-09	-8.1539e-09	-8.285e-09	-7.8097e-09	-7.8329e-09	-7.6791e-09	-7.5492e-09	-7.6643e-09	-8.002e-09	-8.2171e-09	-8.3584e-09	-8.4831e-09	-8.6472e-09	-8.5076e-09	-8.345e-09	-8.5388e-09	-8.7158e-09	-7.8731e-09	-3.9313e-09	1.928e-09	8.9561e-09	1.6799e-08	2.4957e-08	3.5132e-08	4.3214e-08	5.0581e-08	5.7911e-08	6.5319e-08	7.3551e-08	7.8967e-08	8.1312e-08	8.0677e-08	7.7623e-08	7.5988e-08	7.8456e-08	7.9644e-08	7.6922e-08	6.944e-08	5.8489e-08	4.7275e-08	3.5756e-08	2.383e-08	1.2191e-08	1.8916e-09	1.8916e-09	-3.7305e-09	-7.5116e-09	-9.328e-09	-9.7816e-09	-9.7926e-09	-9.579e-09	-9.1993e-09	-9.0496e-09	-8.5024e-09	-8.2083e-09	-7.7579e-09	-7.1228e-09	-6.5663e-09	-5.6227e-09	-5.0713e-09	-4.6468e-09	-4.3646e-09	-4.0701e-09	-3.6046e-09	-3.8392e-09	-4.222e-09	-4.6396e-09	-5.1232e-09	-5.5061e-09	-6.0513e-09	-6.555e-09	-7.1068e-09	-7.673e-09	-8.0608e-09	-8.7098e-09	-9.0865e-09	-9.086e-09	-9.0654e-09	-9.2549e-09	-9.4554e-09	-9.6633e-09
-7.9231e-09	-7.6135e-09	-7.1987e-09	-6.9208e-09	-6.7435e-09	-6.4991e-09	-6.3491e-09	-6.4e-09	-6.6907e-09	-6.9859e-09	-7.2199e-09	-7.3113e-09	-7.8468e-09	-7.9032e-09	-7.8097e-09	-7.6357e-09	-7.4945e-09	-7.3774e-09	-7.5859e-09	-7.9981e-09	-8.2329e-09	-8.3751e-09	-8.4811e-09	-8.6681e-09	-8.4909e-09	-8.2746e-09	-8.4709e-09	-8.6679e-09	-7.644e-09	-3.231e-09	2.8497e-09	1.002e-08	1.7944e-08	2.6217e-08	3.6437e-08	4.431e-08	5.1515e-08	5.8927e-08	6.6368e-08	7.4842e-08	8.0099e-08	8.2005e-08	8.0771e-08	7.7453e-08	7.6306e-08	7.6306e-08	7.9091e-08	8.0023e-08	7.6521e-08	6.7732e-08	5.7563e-08	4.6237e-08	3.4557e-08	2.2375e-08	9.4745e-09	1.0285e-09	-4.1593e-09	-7.4653e-09	-9.2229e-09	-9.4896e-09	-9.4673e-09	-9.2406e-09	-8.803e-09	-8.6543e-09	-8.1625e-09	-7.8311e-09	-7.3914e-09	-6.813e-09	-6.1456e-09	-5.1512e-09	-4.6406e-09	-4.2869e-09	-4.0239e-09	-3.791e-09	-3.4571e-09	-3.7411e-09	-4.1668e-09	-4.5578e-09	-5.0054e-09	-5.4084e-09	-5.9547e-09	-6.477e-09	-7.0509e-09	-7.589e-09	-7.966e-09	-8.6185e-09	-8.9665e-09	-8.9055e-09	-8.8822e-09	-9.1379e-09	-9.3657e-09	-9.6212e-09
-7.7871e-09	-7.5036e-09	-7.1264e-09	-6.8114e-09	-6.572e-09	-6.3248e-09	-6.2259e-09	-6.3758e-09	-6.7465e-09	-7.0738e-09	-7.2451e-09	-7.1831e-09	-7.5285e-09	-7.5176e-09	-7.5105e-09	-7.4408e-09	-7.3202e-09	-7.2209e-09	-7.5e-09	-7.9981e-09	-8.2116e-09	-8.3587e-09	-8.459e-09	-8.6665e-09	-8.4909e-09	-8.1835e-09	-8.3766e-09	-8.5657e-09	-7.315e-09	-3.231e-09	3.83e-09	1.112e-08	1.9096e-08	2.7511e-08	3.7734e-08	3.7734e-08	4.5422e-08	5.2501e-08	5.9995e-08	6.8596e-08	7.6163e-08	8.1241e-08	8.2706e-08	8.0898e-08	7.7346e-08	7.6687e-08	7.9658e-08	8.0274e-08	7.6012e-08	6.6792e-08	5.6601e-08	4.5194e-08	3.3365e-08	2.096e-08	8.2243e-09	2.6886e-10	-4.474e-09	-7.3075e-09	-9.0045e-09	-9.1714e-09	-9.1424e-09	-8.9239e-09	-8.446e-09	-8.2972e-09	-7.8632e-09	-7.4833e-09	-7.0434e-09	-6.5058e-09	-5.7435e-09	-4.7068e-09	-4.2521e-09	-3.9693e-09	-3.7384e-09	-3.573e-09	-3.3624e-09	-3.6863e-09	-4.1501e-09	-4.5104e-09	-4.9071e-09	-5.3234e-09	-5.8703e-09	-6.4129e-09	-7.0045e-09	-7.5098e-09	-7.8858e-09	-7.8858e-09	-8.5328e-09	-8.8501e-09	-8.7281e-09	-8.5519e-09	-9.0268e-09	-9.2685e-09
-7.6148e-09	-7.3659e-09	-7.0389e-09	-6.688e-09	-6.3805e-09	-6.147e-09	-6.1078e-09	-6.3603e-09	-6.8095e-09	-7.1631e-09	-7.2593e-09	-7.0591e-09	-7.2293e-09	-7.1619e-09	-7.228e-09	-7.2568e-09	-7.1684e-09	-7.0934e-09	-7.4081e-09	-7.9601e-09	-8.1412e-09	-8.2972e-09	-8.4094e-09	-8.6325e-09	-8.4498e-09	-8.3776e-09	-8.0674e-09	-8.2522e-09	-8.3985e-09	-6.8703e-09	-1.5726e-09	4.8624e-09	1.2255e-08	2.0259e-08	2.8832e-08	3.902e-08	4.6548e-08	5.3532e-08	6.1103e-08	6.8596e-08	7.7455e-08	8.2319e-08	8.3342e-08	8.1007e-08	7.7346e-08	7.7075e-08	8.0098e-08	8.0338e-08	7.5351e-08	6.5705e-08	5.551e-08	4.4049e-08	3.2091e-08	1.9529e-08	6.992e-09	-4.2494e-10	-4.7239e-09	-7.1148e-09	-8.7344e-09	-8.8735e-09	-8.8534e-09	-8.6529e-09	-8.1487e-09	-7.9948e-09	-7.6066e-09	-7.1676e-09	-6.716e-09	-6.2017e-09	-5.3647e-09	-4.2949e-09	-3.908e-09	-3.6948e-09	-3.5053e-09	-3.4096e-09	-3.3118e-09	-3.3118e-09	-3.6675e-09	-4.1651e-09	-4.4929e-09	-4.7728e-09	-5.2543e-09	-5.8003e-09	-6.364e-09	-6.9736e-09	-7.4123e-09	-7.8322e-09	-8.4617e-09	-8.7493e-09	-8.5719e-09	-8.4331e-09	-8.9261e-09	-9.1621e-09
-7.4189e-09	-7.2093e-09	-6.9397e-09	-6.5576e-09	-6.1846e-09	-5.9815e-09	-6.0057e-09	-6.3548e-09	-6.8708e-09	-7.2431e-09	-7.258e-09	-6.9483e-09	-6.9795e-09	-6.8696e-09	-6.9821e-09	-6.793e-09	-7.0923e-09	-7.0515e-09	-7.0089e-09	-7.3114e-09	-7.745e-09	-8.0126e-09	-8.1813e-09	-8.3268e-09	-8.5582e-09	-8.2774e-09	-7.9327e-09	-8.1028e-09	-8.1684e-09	-6.3179e-09	-6.378e-10	5.9384e-09	1.3419e-08	2.1441e-08	3.0176e-08	4.0294e-08	4.7683e-08	5.4606e-08	6.2239e-08	6.9734e-08	7.866e-08	8.326e-08	8.3839e-08	8.1049e-08	7.7339e-08	7.7416e-08	8.0355e-08	8.0155e-08	7.4495e-08	6.5705e-08	5.4198e-08	4.2704e-08	3.0646e-08	1.8022e-08	6.992e-09	-1.0897e-09	-4.9569e-09	-6.9622e-09	-8.4733e-09	-8.8735e-09	-8.6163e-09	-8.4365e-09	-7.9167e-09	-7.7511e-09	-7.3848e-09	-7.3848e-09	-6.879e-09	-6.4062e-09	-5.9009e-09	-4.681e-09	-3.9211e-09	-3.6098e-09	-3.4641e-09	-3.3213e-09	-3.2176e-09	-3.2962e-09	-3.6772e-09	-4.2051e-09	-4.5006e-09	-4.7388e-09	-5.2038e-09	-5.7466e-09	-6.3319e-09	-6.9641e-09	-7.4174e-09	-7.8174e-09	-8.4144e-09	-8.6758e-09	-8.4553e-09	-8.3639e-09	-8.8404e-09	-9.0446e-09
-7.2124e-09	-7.0431e-09	-6.8319e-09	-6.4268e-09	-6.0004e-09	-5.8436e-09	-5.844e-09	-5.9307e-09	-6.3608e-09	-6.9217e-09	-7.3335e-09	-7.2365e-09	-6.8598e-09	-6.8094e-09	-6.6747e-09	-6.676e-09	-6.954e-09	-6.9784e-09	-6.9774e-09	-7.211e-09	-7.5684e-09	-7.834e-09	-8.0189e-09	-8.2148e-09	-8.4478e-09	-8.156e-09	-7.7893e-09	-7.9366e-09	-7.8816e-09	-5.6742e-09	3.4879e-10	7.0494e-09	1.4609e-08	2.2648e-08	3.1539e-08	4.1553e-08	4.8827e-08	5.5717e-08	6.339e-08	7.086e-08	7.9717e-08	8.3993e-08	8.4121e-08	8.0975e-08	7.7314e-08	7.7655e-08	8.037e-08	7.9667e-08	7.3399e-08	6.4405e-08	5.2576e-08	4.1065e-08	2.8943e-08	1.6383e-08	5.7385e-09	4.4578e-09	-1.7407e-09	-5.196e-09	-6.8824e-09	-8.2525e-09	-8.4113e-09	-8.4275e-09	-8.2681e-09	-7.741e-09	-7.5571e-09	-7.1893e-09	-6.6124e-09	-6.1107e-09	-5.6037e-09	-4.681e-09	-3.5907e-09	-3.3593e-09	-3.2778e-09	-3.1831e-09	-3.2176e-09	-3.3066e-09	-3.7079e-09	-4.2634e-09	-4.5288e-09	-4.7388e-09	-5.1751e-09	-5.7116e-09	-6.3178e-09	-6.9821e-09	-7.4738e-09	-7.8536e-09	-8.4e-09	-8.6416e-09	-8.3965e-09	-8.3515e-09	-8.772e-09	-8.9158e-09
-7.0155e-09	-7.0079e-09	-6.8762e-09	-6.7193e-09	-6.3026e-09	-5.7301e-09	-5.7503e-09	-5.8937e-09	-6.3799e-09	-6.9534e-09	-7.3249e-09	-7.1916e-09	-6.8006e-09	-6.7423e-09	-6.6025e-09	-6.6215e-09	-6.838e-09	-6.9402e-09	-6.988e-09	-7.1075e-09	-7.3606e-09	-7.6195e-09	-7.8232e-09	-8.0807e-09	-8.3093e-09	-8.0201e-09	-7.6472e-09	-7.7614e-09	-7.5442e-09	-4.9555e-09	1.3731e-09	8.1868e-09	1.5823e-08	2.3889e-08	3.2914e-08	4.2795e-08	4.9977e-08	5.6862e-08	6.4544e-08	7.1953e-08	8.0567e-08	8.4443e-08	8.4114e-08	8.0734e-08	7.7238e-08	7.7077e-08	7.774e-08	8.0087e-08	7.8815e-08	7.2022e-08	6.0973e-08	5.0632e-08	3.9118e-08	2.6973e-08	1.461e-08	3.1769e-09	-2.3721e-09	-5.4392e-09	-6.8667e-09	-8.075e-09	-8.2482e-09	-8.2826e-09	-8.1407e-09	-7.6116e-09	-7.4035e-09	-7.012e-09	-6.3625e-09	-5.8265e-09	-5.3103e-09	-4.3774e-09	-3.3091e-09	-3.1582e-09	-3.1366e-09	-3.0873e-09	-3.1747e-09	-3.3342e-09	-3.7522e-09	-4.3331e-09	-4.573e-09	-4.7282e-09	-5.171e-09	-5.6972e-09	-6.3232e-09	-7.0334e-09	-7.4738e-09	-7.9456e-09	-8.4224e-09	-8.6524e-09	-8.4047e-09	-8.3515e-09	-8.7169e-09	-8.7795e-09
-6.8835e-09	-6.8184e-09	-6.7178e-09	-6.605e-09	-6.1916e-09	-5.672e-09	-5.7129e-09	-5.903e-09	-6.4126e-09	-6.9589e-09	-7.2817e-09	-7.1262e-09	-6.7665e-09	-6.7639e-09	-6.6355e-09	-6.6115e-09	-6.7371e-09	-6.9223e-09	-7.023e-09	-7.0012e-09	-7.134e-09	-7.3831e-09	-7.6073e-09	-7.9312e-09	-8.1508e-09	-7.8763e-09	-7.5165e-09	-7.5855e-09	-7.1624e-09	-4.1782e-09	2.4212e-09	9.3419e-09	1.7055e-08	2.517e-08	3.4299e-08	3.5687e-08	4.4017e-08	5.113e-08	5.8034e-08	6.5688e-08	7.3958e-08	8.1153e-08	8.4541e-08	8.3748e-08	8.0279e-08	7.6826e-08	7.7656e-08	7.9506e-08	7.7606e-08	7.0369e-08	5.8892e-08	4.8431e-08	3.6925e-08	2.4802e-08	1.2751e-08	1.924e-09	-2.977e-09	-5.6832e-09	-6.9044e-09	-7.9422e-09	-8.1308e-09	-8.1773e-09	-8.047e-09	-7.5189e-09	-7.281e-09	-6.8446e-09	-6.1241e-09	-5.5503e-09	-5.0212e-09	-4.1004e-09	-3.0819e-09	-3.0082e-09	-3.0411e-09	-3.0308e-09	-3.1577e-09	-3.3698e-09	-3.8026e-09	-4.4077e-09	-4.6285e-09	-4.7421e-09	-5.1933e-09	-5.7047e-09	-6.3488e-09	-7.1205e-09	-7.5862e-09	-7.7382e-09	-8.0766e-09	-8.4707e-09	-8.6954e-09	-8.463e-09	-8.4392e-09	-8.6697e-09
-6.7341e-09	-6.6539e-09	-6.575e-09	-6.4918e-09	-6.0993e-09	-5.6623e-09	-5.7253e-09	-5.9515e-09	-6.4554e-09	-6.9414e-09	-7.2119e-09	-7.045e-09	-6.7499e-09	-6.8474e-09	-6.7412e-09	-6.6281e-09	-6.6439e-09	-6.9102e-09	-7.0645e-09	-6.8922e-09	-6.9009e-09	-7.1389e-09	-7.3847e-09	-7.7736e-09	-7.9804e-09	-7.8061e-09	-7.7314e-09	-7.4069e-09	-7.4169e-09	-6.7423e-09	-2.513e-09	3.479e-09	1.0506e-08	1.8303e-08	2.65e-08	3.7073e-08	4.5218e-08	5.2284e-08	5.9231e-08	6.6811e-08	7.4835e-08	8.1462e-08	8.4281e-08	8.3027e-08	7.9617e-08	7.6512e-08	7.7432e-08	7.8676e-08	7.6105e-08	6.8492e-08	5.6644e-08	4.6043e-08	3.4553e-08	2.2496e-08	1.0858e-08	7.2771e-10	-3.5486e-09	-5.9249e-09	-6.985e-09	-7.8557e-09	-8.0592e-09	-8.1071e-09	-7.9802e-09	-7.453e-09	-7.1803e-09	-6.6786e-09	-5.8919e-09	-5.279e-09	-4.7366e-09	-3.8505e-09	-2.9145e-09	-2.9109e-09	-2.992e-09	-3.0101e-09	-3.1594e-09	-3.1738e-09	-3.4067e-09	-3.8531e-09	-4.4808e-09	-4.691e-09	-4.8398e-09	-5.2395e-09	-5.7334e-09	-6.3927e-09	-7.2348e-09	-7.9099e-09	-8.2258e-09	-8.531e-09	-8.7547e-09	-8.5493e-09	-8.5047e-09	-8.625e-09
-6.569e-09	-6.5105e-09	-6.4447e-09	-6.3784e-09	-6.0221e-09	-5.6874e-09	-5.7753e-09	-6.027e-09	-6.5031e-09	-6.9073e-09	-7.1235e-09	-6.9532e-09	-6.743e-09	-6.9659e-09	-6.8875e-09	-7.042e-09	-6.6533e-09	-6.5511e-09	-6.889e-09	-7.0949e-09	-6.6678e-09	-6.6738e-09	-6.9009e-09	-7.1686e-09	-7.6146e-09	-7.6359e-09	-7.592e-09	-7.3287e-09	-7.2637e-09	-6.2902e-09	-1.6574e-09	4.5329e-09	1.1671e-08	1.9563e-08	2.7885e-08	3.8451e-08	4.6396e-08	5.3437e-08	6.0442e-08	6.7901e-08	7.5618e-08	8.153e-08	8.3722e-08	8.2031e-08	7.8806e-08	7.6163e-08	7.7096e-08	7.7651e-08	7.4381e-08	6.6446e-08	5.429e-08	4.3535e-08	3.207e-08	2.0125e-08	8.981e-09	-3.8376e-10	-4.08e-09	-6.1614e-09	-7.0978e-09	-7.8171e-09	-8.0336e-09	-8.0677e-09	-7.9329e-09	-7.4041e-09	-7.092e-09	-7.0067e-09	-6.5059e-09	-5.6606e-09	-5.0093e-09	-4.4567e-09	-3.435e-09	-2.8081e-09	-2.8646e-09	-2.9871e-09	-3.0211e-09	-3.1984e-09	-3.444e-09	-3.9011e-09	-4.5471e-09	-4.7569e-09	-4.9168e-09	-5.3064e-09	-5.7817e-09	-6.4528e-09	-7.3658e-09	-8.0812e-09	-8.3725e-09	-8.5896e-09	-8.8144e-09	-8.6418e-09	-8.5616e-09	-8.5777e-09
-6.569e-09	-6.3792e-09	-6.3201e-09	-6.262e-09	-5.9539e-09	-5.8883e-09	-5.7338e-09	-5.8503e-09	-6.1175e-09	-6.5507e-09	-6.8153e-09	-7.0246e-09	-6.8557e-09	-6.7383e-09	-7.0926e-09	-7.1725e-09	-6.669e-09	-6.4514e-09	-6.8442e-09	-7.0963e-09	-6.5529e-09	-6.4651e-09	-6.683e-09	-6.9723e-09	-7.4615e-09	-7.4778e-09	-7.4646e-09	-7.291e-09	-7.1334e-09	-5.8119e-09	-7.9664e-10	5.5789e-09	1.2834e-08	2.083e-08	2.9318e-08	3.981e-08	4.7552e-08	5.4588e-08	6.1655e-08	6.895e-08	7.6301e-08	8.1393e-08	8.2923e-08	8.0845e-08	7.7908e-08	7.5805e-08	7.6677e-08	7.6484e-08	7.2501e-08	6.4286e-08	5.1886e-08	4.0977e-08	2.9541e-08	1.7756e-08	7.1724e-09	5.4829e-09	-1.382e-09	-4.5644e-09	-6.3894e-09	-7.2323e-09	-7.8895e-09	-8.0542e-09	-8.0546e-09	-7.8981e-09	-7.3625e-09	-6.9161e-09	-6.3202e-09	-5.4266e-09	-4.7396e-09	-4.1831e-09	-3.2687e-09	-2.7521e-09	-2.8577e-09	-3.016e-09	-3.0567e-09	-3.2311e-09	-3.4821e-09	-3.9451e-09	-4.6018e-09	-4.8232e-09	-5.0077e-09	-5.3909e-09	-5.8484e-09	-6.527e-09	-7.5032e-09	-8.2322e-09	-8.4961e-09	-8.6326e-09	-8.8586e-09	-8.7187e-09	-8.5927e-09	-8.5223e-09
-6.344e-09	-6.2008e-09	-6.2513e-09	-6.1947e-09	-6.14e-09	-5.8883e-09	-5.7877e-09	-5.9379e-09	-6.2108e-09	-6.5929e-09	-6.8153e-09	-6.9232e-09	-6.7573e-09	-6.728e-09	-7.2005e-09	-7.1725e-09	-6.6574e-09	-6.3375e-09	-6.7612e-09	-7.0509e-09	-6.4366e-09	-6.2868e-09	-6.4991e-09	-6.8085e-09	-7.3209e-09	-7.336e-09	-7.3521e-09	-7.2915e-09	-7.0203e-09	-5.307e-09	7.4957e-11	6.6223e-09	1.3994e-08	2.2101e-08	3.0775e-08	4.1138e-08	4.8689e-08	5.5735e-08	6.2855e-08	6.995e-08	7.6876e-08	8.1085e-08	8.1946e-08	7.9553e-08	7.6986e-08	7.61e-08	7.5468e-08	7.6202e-08	7.5228e-08	7.0534e-08	5.9842e-08	4.9492e-08	3.8438e-08	2.7033e-08	1.5457e-08	3.9638e-09	-2.2387e-09	-4.995e-09	-6.6058e-09	-7.3778e-09	-7.9993e-09	-8.1174e-09	-8.0619e-09	-7.8688e-09	-7.3193e-09	-6.8147e-09	-6.1211e-09	-5.1904e-09	-4.4725e-09	-3.921e-09	-3.1286e-09	-2.7338e-09	-2.8768e-09	-3.0666e-09	-3.1092e-09	-3.2699e-09	-3.5212e-09	-3.9832e-09	-4.6399e-09	-4.8863e-09	-5.1087e-09	-5.4899e-09	-5.9321e-09	-6.6129e-09	-7.6365e-09	-8.3429e-09	-8.5757e-09	-8.6463e-09	-8.8713e-09	-8.7581e-09	-8.5806e-09	-8.4535e-09
-6.1134e-09	-6.0024e-09	-6.1179e-09	-6.0618e-09	-6.0097e-09	-5.8193e-09	-5.8358e-09	-6.0256e-09	-6.2948e-09	-6.6247e-09	-6.7703e-09	-6.8274e-09	-6.6631e-09	-6.7043e-09	-7.263e-09	-7.2466e-09	-6.6012e-09	-6.2025e-09	-6.6259e-09	-6.9418e-09	-6.4366e-09	-6.1442e-09	-6.3545e-09	-6.6819e-09	-7.1958e-09	-7.336e-09	-7.2537e-09	-7.3156e-09	-6.9058e-09	-4.7692e-09	7.4957e-11	7.6688e-09	1.5155e-08	2.337e-08	3.2234e-08	3.3672e-08	4.2425e-08	4.9807e-08	5.6878e-08	6.4028e-08	7.1767e-08	7.7337e-08	8.0643e-08	8.0852e-08	7.8238e-08	7.5313e-08	7.5178e-08	7.5702e-08	7.3937e-08	6.8549e-08	5.7666e-08	4.7165e-08	3.5985e-08	2.4614e-08	1.3297e-08	2.649e-09	-2.9373e-09	-5.3682e-09	-6.8081e-09	-7.5251e-09	-8.1418e-09	-8.2087e-09	-8.0791e-09	-7.838e-09	-7.2685e-09	-6.6974e-09	-5.9095e-09	-4.9533e-09	-4.2116e-09	-3.6762e-09	-3.0137e-09	-2.7403e-09	-2.9084e-09	-3.127e-09	-3.171e-09	-3.313e-09	-3.5617e-09	-4.0139e-09	-4.6565e-09	-4.9432e-09	-5.2162e-09	-5.6002e-09	-6.0315e-09	-6.7085e-09	-6.7085e-09	-7.8489e-09	-8.3931e-09	-8.5907e-09	-8.6169e-09	-8.8365e-09	-8.6397e-09	-8.5103e-09
-5.8798e-09	-5.7976e-09	-5.9702e-09	-5.9149e-09	-5.8683e-09	-5.7404e-09	-5.8643e-09	-6.1009e-09	-6.3574e-09	-6.6411e-09	-6.7345e-09	-6.7449e-09	-6.5778e-09	-6.66e-09	-7.254e-09	-7.2333e-09	-6.499e-09	-6.049e-09	-6.4421e-09	-6.7719e-09	-6.3221e-09	-6.036e-09	-6.2464e-09	-6.5885e-09	-7.0852e-09	-7.0852e-09	-7.1029e-09	-7.1683e-09	-7.3482e-09	-6.7709e-09	-4.1915e-09	1.8756e-09	8.7242e-09	1.6316e-08	2.4633e-08	3.3672e-08	4.366e-08	5.0907e-08	5.8015e-08	6.5161e-08	7.1767e-08	7.7678e-08	8.0104e-08	7.9702e-08	7.6984e-08	7.5313e-08	7.4962e-08	7.5204e-08	7.2663e-08	6.6614e-08	5.7666e-08	4.4948e-08	3.3669e-08	2.2332e-08	1.1325e-08	1.5228e-09	-3.4964e-09	-5.69e-09	-6.9952e-09	-7.6684e-09	-8.2989e-09	-8.3113e-09	-8.095e-09	-7.7987e-09	-7.2044e-09	-6.5592e-09	-5.686e-09	-4.7167e-09	-3.9604e-09	-3.4545e-09	-2.9229e-09	-2.7588e-09	-2.939e-09	-3.1853e-09	-3.1853e-09	-3.2924e-09	-3.3582e-09	-3.6038e-09	-4.0353e-09	-4.6465e-09	-5.0248e-09	-5.3265e-09	-5.7188e-09	-6.1451e-09	-6.8116e-09	-7.9081e-09	-8.3655e-09	-8.523e-09	-8.5324e-09	-8.7404e-09	-8.4719e-09	-8.3881e-09
-5.6507e-09	-5.5887e-09	-5.7993e-09	-5.7472e-09	-5.7133e-09	-5.6455e-09	-5.8601e-09	-6.1518e-09	-6.3868e-09	-6.6369e-09	-6.7142e-09	-6.6775e-09	-6.5027e-09	-6.5934e-09	-7.1689e-09	-7.1689e-09	-6.9548e-09	-6.3654e-09	-5.8892e-09	-6.2306e-09	-6.5636e-09	-6.1213e-09	-5.9605e-09	-6.1717e-09	-6.5241e-09	-6.988e-09	-7.0123e-09	-7.095e-09	-7.3744e-09	-6.5964e-09	-3.5672e-09	2.8171e-09	9.7942e-09	1.7479e-08	2.5885e-08	3.5067e-08	4.4834e-08	5.1992e-08	5.9145e-08	6.624e-08	7.2567e-08	7.7893e-08	7.9502e-08	7.8556e-08	7.5875e-08	7.4686e-08	7.4838e-08	7.4728e-08	7.1443e-08	6.4777e-08	5.5579e-08	4.2832e-08	3.148e-08	2.0188e-08	9.5364e-09	1.5228e-09	-3.9406e-09	-5.9681e-09	-7.1665e-09	-7.803e-09	-8.2989e-09	-8.4088e-09	-8.0983e-09	-7.744e-09	-7.744e-09	-7.1216e-09	-6.395e-09	-5.4516e-09	-4.4818e-09	-3.7223e-09	-3.1035e-09	-2.855e-09	-2.7765e-09	-2.9553e-09	-3.2294e-09	-3.3366e-09	-3.4037e-09	-3.6478e-09	-4.0459e-09	-4.6051e-09	-5.0437e-09	-5.4363e-09	-5.8425e-09	-6.2716e-09	-6.92e-09	-7.9342e-09	-8.2675e-09	-8.381e-09	-8.3988e-09	-8.59e-09	-8.2603e-09	-8.2328e-09
-5.4335e-09	-5.3782e-09	-5.5969e-09	-5.5524e-09	-5.5421e-09	-5.5421e-09	-5.3922e-09	-5.821e-09	-6.1734e-09	-6.3798e-09	-6.6109e-09	-6.7106e-09	-6.6213e-09	-6.4359e-09	-6.509e-09	-7.024e-09	-6.736e-09	-6.2155e-09	-5.7354e-09	-6.0131e-09	-6.3402e-09	-6.0465e-09	-5.9161e-09	-6.1274e-09	-6.4842e-09	-6.9032e-09	-6.9395e-09	-7.0329e-09	-7.3791e-09	-6.363e-09	-2.8895e-09	3.7944e-09	1.0885e-08	1.8646e-08	2.7121e-08	3.6394e-08	4.5934e-08	5.3062e-08	6.0267e-08	6.725e-08	7.3283e-08	7.7987e-08	7.8875e-08	7.747e-08	7.4977e-08	7.4264e-08	7.4793e-08	7.426e-08	7.0269e-08	6.3031e-08	5.3576e-08	4.08e-08	2.9401e-08	1.8171e-08	1.8171e-08	7.9173e-09	-2.6428e-10	-4.2947e-09	-6.2103e-09	-7.3213e-09	-7.9238e-09	-8.5862e-09	-8.4844e-09	-8.0775e-09	-7.6669e-09	-7.0145e-09	-6.1999e-09	-5.2069e-09	-4.2502e-09	-3.5009e-09	-3.1035e-09	-2.8089e-09	-2.7806e-09	-2.9437e-09	-3.2475e-09	-3.3366e-09	-3.4476e-09	-3.6941e-09	-4.0445e-09	-4.5286e-09	-5.0437e-09	-5.5459e-09	-5.9701e-09	-6.4084e-09	-7.0313e-09	-7.9344e-09	-8.121e-09	-8.1888e-09	-8.2328e-09	-8.4042e-09	-8.0305e-09	-8.0635e-09
-5.2826e-09	-5.0598e-09	-5.1693e-09	-5.364e-09	-5.3322e-09	-5.3572e-09	-5.2459e-09	-5.7554e-09	-6.168e-09	-6.3415e-09	-6.5653e-09	-6.7124e-09	-6.5718e-09	-6.3752e-09	-6.4117e-09	-6.8365e-09	-6.4958e-09	-6.0645e-09	-5.6002e-09	-5.8112e-09	-6.1249e-09	-5.9967e-09	-5.9012e-09	-6.1102e-09	-6.4648e-09	-6.8295e-09	-6.8848e-09	-6.981e-09	-7.3474e-09	-6.0517e-09	-2.1516e-09	4.8136e-09	1.2001e-08	1.9818e-08	2.8337e-08	3.7631e-08	4.6956e-08	5.4118e-08	6.138e-08	6.8186e-08	7.3913e-08	7.7995e-08	7.8259e-08	7.6486e-08	7.6486e-08	7.4306e-08	7.4008e-08	7.4805e-08	7.3786e-08	6.9121e-08	6.1355e-08	4.977e-08	3.8834e-08	2.7414e-08	1.6273e-08	6.4533e-09	-9.752e-10	-4.5834e-09	-6.4242e-09	-7.4588e-09	-8.0258e-09	-8.6806e-09	-8.5217e-09	-8.0216e-09	-7.5604e-09	-6.8774e-09	-5.9689e-09	-4.9528e-09	-4.023e-09	-3.2997e-09	-2.9858e-09	-2.7833e-09	-2.7595e-09	-2.8924e-09	-3.2289e-09	-3.3606e-09	-3.4896e-09	-3.7434e-09	-4.0365e-09	-4.4278e-09	-5.0527e-09	-5.6576e-09	-6.1012e-09	-6.5523e-09	-7.1431e-09	-7.9344e-09	-7.9484e-09	-7.9703e-09	-8.0508e-09	-8.2023e-09	-8.0305e-09	-7.899e-09
-5.1182e-09	-4.905e-09	-4.9661e-09	-5.1113e-09	-5.0956e-09	-5.1659e-09	-5.1005e-09	-5.672e-09	-6.1381e-09	-6.2775e-09	-6.5024e-09	-6.7062e-09	-6.5249e-09	-6.3184e-09	-6.306e-09	-6.6237e-09	-6.258e-09	-5.9275e-09	-5.4961e-09	-5.6466e-09	-5.9409e-09	-5.9775e-09	-5.914e-09	-6.1171e-09	-6.4616e-09	-6.7658e-09	-6.8485e-09	-6.9382e-09	-7.2643e-09	-5.6434e-09	-1.3468e-09	5.8777e-09	1.3147e-08	2.0996e-08	2.0996e-08	2.953e-08	3.9815e-08	4.7915e-08	5.5161e-08	6.2478e-08	6.9058e-08	7.4998e-08	7.7962e-08	7.7691e-08	7.564e-08	7.3868e-08	7.4149e-08	7.4857e-08	7.3286e-08	6.7981e-08	5.9732e-08	4.7942e-08	3.6919e-08	2.5499e-08	1.4484e-08	5.1299e-09	-1.5977e-09	-4.8315e-09	-6.6176e-09	-7.5783e-09	-8.1043e-09	-8.7184e-09	-8.5039e-09	-7.9191e-09	-7.4177e-09	-6.7049e-09	-5.6978e-09	-4.6904e-09	-3.8018e-09	-3.1217e-09	-2.9135e-09	-2.7738e-09	-2.7144e-09	-2.8062e-09	-3.1777e-09	-3.3657e-09	-3.5301e-09	-3.7966e-09	-4.0311e-09	-4.3216e-09	-5.062e-09	-5.7738e-09	-6.2355e-09	-6.7003e-09	-6.7003e-09	-7.253e-09	-7.8867e-09	-7.7717e-09	-7.7499e-09	-7.8697e-09	-8.0035e-09	-7.6192e-09
-4.98e-09	-4.7698e-09	-4.7727e-09	-4.8498e-09	-4.8523e-09	-4.9759e-09	-4.9663e-09	-5.5797e-09	-6.0865e-09	-6.1933e-09	-6.4246e-09	-6.6846e-09	-6.4763e-09	-6.2632e-09	-6.1968e-09	-6.4028e-09	-6.0463e-09	-5.8198e-09	-5.4355e-09	-5.5409e-09	-5.8115e-09	-5.9948e-09	-5.953e-09	-6.145e-09	-6.145e-09	-6.4702e-09	-6.6637e-09	-6.829e-09	-6.9019e-09	-7.118e-09	-5.1264e-09	4.6349e-10	6.9805e-09	1.4319e-08	2.2182e-08	3.0706e-08	4.08e-08	4.8827e-08	5.6192e-08	6.3558e-08	6.9883e-08	7.5497e-08	7.793e-08	7.7208e-08	7.4971e-08	7.367e-08	7.4451e-08	7.4929e-08	7.2746e-08	6.6832e-08	5.8141e-08	4.6147e-08	3.5036e-08	2.3639e-08	1.2795e-08	3.933e-09	-2.1569e-09	-5.0637e-09	-6.7983e-09	-7.6793e-09	-8.1542e-09	-8.6837e-09	-8.4163e-09	-7.7602e-09	-7.2327e-09	-6.4924e-09	-5.3935e-09	-4.4235e-09	-3.5887e-09	-2.9669e-09	-2.8805e-09	-2.7747e-09	-2.6539e-09	-2.6992e-09	-2.6992e-09	-3.1061e-09	-3.3426e-09	-3.5697e-09	-3.8545e-09	-4.0375e-09	-4.2291e-09	-5.1222e-09	-5.897e-09	-6.3725e-09	-6.849e-09	-7.3586e-09	-7.8536e-09	-7.6132e-09	-7.5514e-09	-7.706e-09	-7.8268e-09	-7.489e-09
-4.8655e-09	-4.6527e-09	-4.5935e-09	-4.5905e-09	-4.6118e-09	-4.7947e-09	-4.8537e-09	-5.4873e-09	-6.0156e-09	-6.0946e-09	-6.3343e-09	-6.6397e-09	-6.4215e-09	-6.2076e-09	-6.2076e-09	-6.0888e-09	-6.0056e-09	-5.8844e-09	-5.7565e-09	-5.4309e-09	-5.5157e-09	-5.7987e-09	-6.0501e-09	-6.0147e-09	-6.1895e-09	-6.4859e-09	-6.6206e-09	-6.8191e-09	-6.8642e-09	-6.9069e-09	-4.5109e-09	1.4495e-09	8.1138e-09	1.5513e-08	2.3378e-08	3.1869e-08	4.1743e-08	4.9709e-08	5.7211e-08	6.4615e-08	7.0675e-08	7.5998e-08	7.7943e-08	7.6848e-08	7.4518e-08	7.3717e-08	7.4902e-08	7.5002e-08	7.2146e-08	6.5656e-08	5.6565e-08	4.4371e-08	3.3168e-08	2.1814e-08	1.1196e-08	2.8481e-09	-2.6764e-09	-5.3028e-09	-6.973e-09	-7.7608e-09	-8.1711e-09	-8.5798e-09	-8.2623e-09	-7.5491e-09	-7.5491e-09	-7.0087e-09	-5.9696e-09	-5.0688e-09	-4.1579e-09	-3.3864e-09	-2.8332e-09	-2.8843e-09	-2.78e-09	-2.5866e-09	-2.5857e-09	-3.0265e-09	-3.3266e-09	-3.6088e-09	-3.918e-09	-4.0649e-09	-4.1693e-09	-5.1934e-09	-6.0296e-09	-6.5121e-09	-6.9955e-09	-7.4574e-09	-7.8242e-09	-7.495e-09	-7.3991e-09	-7.5763e-09	-7.6915e-09	-7.4431e-09
-4.7722e-09	-4.6527e-09	-4.4324e-09	-4.3443e-09	-4.3837e-09	-4.3837e-09	-4.4891e-09	-4.7733e-09	-5.4037e-09	-5.9282e-09	-5.9868e-09	-6.1253e-09	-6.564e-09	-6.3564e-09	-6.1494e-09	-5.9866e-09	-5.8584e-09	-5.7873e-09	-5.7458e-09	-5.4878e-09	-5.5819e-09	-5.9081e-09	-6.133e-09	-6.0908e-09	-6.2427e-09	-6.5025e-09	-6.5786e-09	-6.8105e-09	-6.8162e-09	-6.6309e-09	-3.8114e-09	2.4751e-09	9.2696e-09	1.6723e-08	2.4586e-08	3.3025e-08	4.2667e-08	5.0578e-08	5.8219e-08	6.5645e-08	7.145e-08	7.6523e-08	7.8042e-08	7.6647e-08	7.4318e-08	7.4016e-08	7.5487e-08	7.5055e-08	7.1472e-08	6.4433e-08	5.4984e-08	4.2602e-08	3.1299e-08	2.0009e-08	2.0009e-08	9.6784e-09	9.6012e-10	-3.1658e-09	-5.5524e-09	-7.1406e-09	-7.8228e-09	-8.1152e-09	-8.4214e-09	-8.0557e-09	-7.2982e-09	-6.7545e-09	-5.6786e-09	-4.7365e-09	-3.8994e-09	-3.1976e-09	-2.7184e-09	-2.8969e-09	-2.7839e-09	-2.5211e-09	-2.4801e-09	-2.9514e-09	-3.3156e-09	-3.648e-09	-3.9881e-09	-4.1225e-09	-4.1612e-09	-5.3057e-09	-6.1739e-09	-6.6536e-09	-7.1366e-09	-7.5469e-09	-7.8058e-09	-7.4391e-09	-7.3169e-09	-7.4972e-09	-7.6166e-09	-7.4902e-09
-4.7567e-09	-4.6977e-09	-4.4672e-09	-4.2938e-09	-4.1224e-09	-4.1776e-09	-4.4891e-09	-4.7355e-09	-5.3376e-09	-5.8269e-09	-5.8754e-09	-6.1253e-09	-6.4539e-09	-6.2783e-09	-6.0866e-09	-5.8934e-09	-5.8584e-09	-5.7439e-09	-5.7758e-09	-5.5908e-09	-5.7183e-09	-6.063e-09	-6.2304e-09	-6.172e-09	-6.2962e-09	-6.5134e-09	-6.5343e-09	-6.7948e-09	-6.7491e-09	-6.2902e-09	-3.0421e-09	3.5294e-09	1.044e-08	1.7946e-08	2.5808e-08	3.418e-08	4.3594e-08	5.1451e-08	5.9217e-08	6.6643e-08	7.2225e-08	7.7096e-08	7.8272e-08	7.6644e-08	7.6644e-08	7.4409e-08	7.5387e-08	7.6191e-08	7.5069e-08	7.0705e-08	6.3147e-08	5.1733e-08	4.0823e-08	2.9418e-08	1.8216e-08	8.235e-09	1.3399e-10	-3.6268e-09	-5.8051e-09	-7.295e-09	-7.8649e-09	-8.0519e-09	-8.2231e-09	-7.8106e-09	-7.0201e-09	-6.4789e-09	-5.3809e-09	-4.4097e-09	-3.6536e-09	-3.025e-09	-2.6204e-09	-2.9004e-09	-2.7803e-09	-2.466e-09	-2.3965e-09	-2.8932e-09	-3.3156e-09	-3.6878e-09	-4.0655e-09	-4.2195e-09	-4.2238e-09	-5.4691e-09	-6.3324e-09	-6.797e-09	-7.269e-09	-7.6249e-09	-7.8025e-09	-7.4538e-09	-7.3139e-09	-7.4755e-09	-7.6093e-09	-7.6109e-09
-4.7481e-09	-4.6395e-09	-4.3961e-09	-4.1817e-09	-3.9356e-09	-4.0029e-09	-4.3798e-09	-4.7458e-09	-5.2951e-09	-5.7153e-09	-5.7659e-09	-6.012e-09	-6.3174e-09	-6.1892e-09	-6.0182e-09	-5.8079e-09	-5.7459e-09	-5.7381e-09	-5.8309e-09	-5.7209e-09	-5.8982e-09	-6.063e-09	-6.3295e-09	-6.249e-09	-6.3414e-09	-6.5121e-09	-6.5343e-09	-6.7639e-09	-6.6541e-09	-5.8846e-09	-2.2174e-09	3.5294e-09	1.1616e-08	1.9176e-08	1.9176e-08	2.7045e-08	3.534e-08	4.4546e-08	5.2345e-08	6.0206e-08	6.7605e-08	7.383e-08	7.7735e-08	7.8669e-08	7.6867e-08	7.4821e-08	7.6397e-08	7.6957e-08	7.5011e-08	6.9828e-08	6.1779e-08	5.0028e-08	3.9015e-08	2.7519e-08	1.6437e-08	6.8601e-09	-6.2811e-10	-4.0609e-09	-6.053e-09	-7.4301e-09	-7.8872e-09	-7.9714e-09	-7.9997e-09	-7.541e-09	-6.7273e-09	-6.1908e-09	-5.0861e-09	-4.1011e-09	-3.4262e-09	-2.8714e-09	-2.537e-09	-2.8827e-09	-2.7635e-09	-2.4301e-09	-2.3494e-09	-2.8643e-09	-3.3326e-09	-3.7288e-09	-4.1513e-09	-4.3649e-09	-4.3761e-09	-5.6838e-09	-6.5043e-09	-6.9411e-09	-6.9411e-09	-7.3907e-09	-7.7448e-09	-7.8125e-09	-7.525e-09	-7.3754e-09	-7.5021e-09	-7.7466e-09
-4.757e-09	-4.5952e-09	-4.3359e-09	-4.0973e-09	-3.7917e-09	-3.8671e-09	-4.3074e-09	-4.796e-09	-5.2737e-09	-5.6002e-09	-5.6627e-09	-5.8988e-09	-6.1648e-09	-6.0921e-09	-5.9435e-09	-5.728e-09	-5.6617e-09	-5.7542e-09	-5.8952e-09	-5.8593e-09	-6.0947e-09	-6.238e-09	-6.4174e-09	-6.3125e-09	-6.3125e-09	-6.3698e-09	-6.4922e-09	-6.4258e-09	-6.7094e-09	-6.5222e-09	-5.4143e-09	-1.3515e-09	5.681e-09	1.2791e-08	2.0409e-08	2.83e-08	3.651e-08	4.5544e-08	5.3276e-08	6.1186e-08	6.8528e-08	7.383e-08	7.8425e-08	7.9205e-08	7.7286e-08	7.5506e-08	7.6397e-08	7.7707e-08	7.4842e-08	6.8824e-08	6.0313e-08	5.0028e-08	3.7159e-08	2.5593e-08	1.4672e-08	5.5483e-09	-1.3371e-09	-4.4696e-09	-6.2886e-09	-7.5399e-09	-7.8894e-09	-7.8785e-09	-7.7658e-09	-7.2608e-09	-6.4324e-09	-5.899e-09	-4.8038e-09	-3.8238e-09	-3.223e-09	-2.7392e-09	-2.4662e-09	-2.8319e-09	-2.7276e-09	-2.4217e-09	-2.4217e-09	-2.3528e-09	-2.9348e-09	-3.3692e-09	-3.7719e-09	-4.2458e-09	-4.5596e-09	-4.9339e-09	-5.9339e-09	-6.6843e-09	-7.0846e-09	-7.5015e-09	-7.7898e-09	-7.8336e-09	-7.6361e-09	-7.4841e-09	-7.5662e-09	-7.863e-09
-4.7768e-09	-4.5604e-09	-4.2792e-09	-4.0335e-09	-3.6879e-09	-3.7713e-09	-4.271e-09	-4.875e-09	-5.2694e-09	-5.4891e-09	-5.5702e-09	-5.7909e-09	-6.0064e-09	-5.99e-09	-5.99e-09	-5.8615e-09	-5.6515e-09	-5.5525e-09	-5.7762e-09	-5.9533e-09	-5.9868e-09	-6.2809e-09	-6.5474e-09	-6.4813e-09	-6.3532e-09	-6.3728e-09	-6.4471e-09	-6.3552e-09	-6.623e-09	-6.3448e-09	-4.8792e-09	-4.5874e-10	6.7579e-09	1.3957e-08	2.1641e-08	2.9574e-08	3.7697e-08	4.6595e-08	5.4251e-08	6.2163e-08	6.9418e-08	7.4674e-08	7.9135e-08	7.9816e-08	7.7832e-08	7.6369e-08	7.7499e-08	7.8361e-08	7.4525e-08	6.7676e-08	5.8731e-08	4.8246e-08	3.5235e-08	2.3635e-08	1.2922e-08	4.2938e-09	-1.3371e-09	-4.8543e-09	-6.5041e-09	-7.6182e-09	-7.8715e-09	-7.8785e-09	-7.5362e-09	-6.9842e-09	-6.9842e-09	-6.1477e-09	-5.6123e-09	-4.5436e-09	-3.5905e-09	-3.0496e-09	-2.6314e-09	-2.3546e-09	-2.7445e-09	-2.6712e-09	-2.4436e-09	-2.411e-09	-3.0272e-09	-3.4226e-09	-3.8194e-09	-4.3486e-09	-4.7904e-09	-5.2895e-09	-6.2017e-09	-6.8662e-09	-7.2258e-09	-7.6011e-09	-7.8273e-09	-7.8637e-09	-7.771e-09	-7.6228e-09	-7.6571e-09	-7.9923e-09
-4.7931e-09	-4.5252e-09	-4.2179e-09	-3.9812e-09	-3.9812e-09	-3.6201e-09	-3.7154e-09	-4.2973e-09	-4.9719e-09	-5.2782e-09	-5.3892e-09	-5.4929e-09	-5.6123e-09	-5.8524e-09	-5.8859e-09	-5.7714e-09	-5.5762e-09	-5.5147e-09	-5.7884e-09	-5.9893e-09	-6.0845e-09	-6.4301e-09	-6.6312e-09	-6.5082e-09	-6.3618e-09	-6.342e-09	-6.3703e-09	-6.2698e-09	-6.4976e-09	-6.1136e-09	-4.2798e-09	4.4766e-10	7.833e-09	1.5117e-08	2.2877e-08	3.0868e-08	3.8902e-08	4.7697e-08	5.5272e-08	6.3146e-08	7.0289e-08	7.5534e-08	7.9829e-08	8.0438e-08	7.8435e-08	7.7313e-08	7.8594e-08	7.8841e-08	7.4018e-08	6.6365e-08	5.7017e-08	4.6371e-08	3.3224e-08	2.1636e-08	2.1636e-08	1.1188e-08	3.091e-09	-2.6394e-09	-5.2167e-09	-6.6918e-09	-7.6589e-09	-7.8333e-09	-7.6748e-09	-7.3255e-09	-6.725e-09	-5.8858e-09	-5.3394e-09	-4.3096e-09	-3.406e-09	-2.9084e-09	-2.5483e-09	-2.3546e-09	-2.6321e-09	-2.6006e-09	-2.4883e-09	-2.5116e-09	-3.0272e-09	-3.4893e-09	-3.8733e-09	-4.4593e-09	-5.0432e-09	-5.2895e-09	-6.4699e-09	-7.0441e-09	-7.3629e-09	-7.6895e-09	-7.8588e-09	-7.9006e-09	-7.9132e-09	-7.7742e-09	-7.7642e-09	-8.1204e-09
-4.884e-09	-4.7905e-09	-4.4095e-09	-4.1435e-09	-3.9316e-09	-3.5838e-09	-3.6995e-09	-4.3556e-09	-5.0758e-09	-5.2961e-09	-5.3079e-09	-5.4352e-09	-5.552e-09	-5.7131e-09	-5.7826e-09	-5.6723e-09	-5.4999e-09	-5.4796e-09	-5.7748e-09	-5.9877e-09	-6.1334e-09	-6.5154e-09	-6.6364e-09	-6.4869e-09	-6.3303e-09	-6.2701e-09	-6.2566e-09	-6.1735e-09	-6.3365e-09	-5.8281e-09	-3.6199e-09	1.3657e-09	8.9137e-09	1.6281e-08	2.4122e-08	3.2183e-08	4.013e-08	4.8849e-08	5.634e-08	6.4144e-08	7.1155e-08	7.64e-08	8.0474e-08	8.1005e-08	8.1005e-08	7.9025e-08	7.8242e-08	8.0354e-08	7.9067e-08	7.3284e-08	6.4875e-08	5.5154e-08	4.2269e-08	3.1108e-08	1.959e-08	9.4703e-09	1.9344e-09	-3.2544e-09	-5.5581e-09	-6.8442e-09	-7.656e-09	-7.7747e-09	-7.5694e-09	-7.1398e-09	-6.4902e-09	-5.6522e-09	-5.0843e-09	-4.0965e-09	-3.2617e-09	-2.7965e-09	-2.4873e-09	-2.3132e-09	-2.5071e-09	-2.5226e-09	-2.5477e-09	-2.6405e-09	-3.1422e-09	-3.566e-09	-3.9359e-09	-4.5775e-09	-5.3035e-09	-5.661e-09	-6.7208e-09	-7.2119e-09	-7.4943e-09	-7.7666e-09	-7.8588e-09	-7.9421e-09	-8.0463e-09	-7.9211e-09	-7.8768e-09	-8.1204e-09
-4.9313e-09	-4.7532e-09	-4.3072e-09	-4.048e-09	-3.8758e-09	-3.5747e-09	-3.7234e-09	-4.4412e-09	-5.1756e-09	-5.3192e-09	-5.2526e-09	-5.4015e-09	-5.5181e-09	-5.5987e-09	-5.6831e-09	-5.5634e-09	-5.4205e-09	-5.4407e-09	-5.7208e-09	-5.9342e-09	-6.1162e-09	-6.5125e-09	-6.5652e-09	-6.4206e-09	-6.2635e-09	-6.1642e-09	-6.1147e-09	-6.0739e-09	-6.1496e-09	-5.4921e-09	-2.9056e-09	2.3e-09	1.0007e-08	1.7458e-08	1.7458e-08	2.5386e-08	3.3519e-08	4.2659e-08	5.0049e-08	5.7456e-08	6.5164e-08	7.2029e-08	7.8106e-08	8.1037e-08	8.1453e-08	7.9535e-08	7.9063e-08	8.0818e-08	7.896e-08	7.2283e-08	6.3188e-08	5.3124e-08	4.0009e-08	2.8867e-08	1.749e-08	7.7697e-09	8.1828e-10	-3.8509e-09	-5.8771e-09	-6.9569e-09	-7.6078e-09	-7.6951e-09	-7.4559e-09	-6.9711e-09	-6.2756e-09	-5.4406e-09	-4.8426e-09	-3.8981e-09	-3.1476e-09	-2.7101e-09	-2.4453e-09	-2.2822e-09	-2.3821e-09	-2.4441e-09	-2.6135e-09	-2.7838e-09	-3.2677e-09	-3.6492e-09	-4.0093e-09	-4.7026e-09	-5.557e-09	-6.0223e-09	-6.937e-09	-6.937e-09	-7.3637e-09	-7.6183e-09	-7.8321e-09	-7.9111e-09	-7.986e-09	-8.154e-09	-8.0464e-09	-7.9841e-09
-4.9264e-09	-4.6656e-09	-4.1606e-09	-3.9231e-09	-3.805e-09	-3.5885e-09	-3.7871e-09	-4.5519e-09	-5.2605e-09	-5.3435e-09	-5.2306e-09	-5.3962e-09	-5.5142e-09	-5.5178e-09	-5.5898e-09	-5.4439e-09	-5.336e-09	-5.3929e-09	-5.6244e-09	-5.8287e-09	-6.0323e-09	-6.4223e-09	-6.4338e-09	-6.3214e-09	-6.3214e-09	-6.1737e-09	-6.0393e-09	-5.8126e-09	-5.9784e-09	-5.9467e-09	-5.1094e-09	-2.1429e-09	4.2357e-09	1.112e-08	1.8656e-08	2.6676e-08	3.4876e-08	4.3965e-08	5.1297e-08	5.8623e-08	6.6216e-08	7.2925e-08	7.8925e-08	8.1482e-08	8.1717e-08	7.9893e-08	7.9677e-08	8.0869e-08	7.8443e-08	7.0978e-08	6.1288e-08	5.0911e-08	3.761e-08	2.6509e-08	1.5348e-08	6.0974e-09	-2.5456e-10	-4.4163e-09	-6.1673e-09	-7.0314e-09	-7.5196e-09	-7.5936e-09	-7.3277e-09	-6.8104e-09	-6.0755e-09	-5.2438e-09	-4.6091e-09	-3.7084e-09	-3.054e-09	-2.6459e-09	-2.4192e-09	-2.2621e-09	-2.27e-09	-2.27e-09	-2.372e-09	-2.6774e-09	-2.9274e-09	-3.5024e-09	-3.7356e-09	-4.0957e-09	-4.8343e-09	-5.7895e-09	-6.6091e-09	-7.1008e-09	-7.4934e-09	-7.7333e-09	-7.886e-09	-7.9351e-09	-8.0303e-09	-8.2229e-09	-8.1358e-09	-8.0768e-09
-4.8426e-09	-4.5123e-09	-3.9588e-09	-3.7605e-09	-3.7102e-09	-3.6208e-09	-3.8906e-09	-4.6845e-09	-5.3198e-09	-5.3646e-09	-5.2476e-09	-5.4222e-09	-5.5272e-09	-5.4613e-09	-5.4613e-09	-5.498e-09	-5.3133e-09	-5.1432e-09	-5.3311e-09	-5.4909e-09	-5.6794e-09	-5.8912e-09	-6.0427e-09	-6.2587e-09	-6.2013e-09	-6.0733e-09	-5.9106e-09	-5.6857e-09	-5.8946e-09	-5.7375e-09	-4.6838e-09	-1.338e-09	5.2463e-09	1.226e-08	1.9885e-08	2.8001e-08	3.6255e-08	4.5302e-08	5.259e-08	5.984e-08	6.7308e-08	7.3856e-08	7.9708e-08	8.1778e-08	8.1733e-08	8.0033e-08	7.9992e-08	8.0472e-08	7.7492e-08	6.9366e-08	5.9183e-08	4.8525e-08	3.512e-08	2.408e-08	1.3205e-08	4.4815e-09	-1.268e-09	-4.9366e-09	-6.4218e-09	-7.0695e-09	-7.3973e-09	-7.469e-09	-7.1782e-09	-7.1782e-09	-6.6482e-09	-5.8846e-09	-5.0546e-09	-4.1464e-09	-3.5212e-09	-2.971e-09	-2.6003e-09	-2.4059e-09	-2.2575e-09	-2.1832e-09	-2.3132e-09	-2.7311e-09	-3.0575e-09	-3.5876e-09	-3.8217e-09	-4.1973e-09	-4.972e-09	-5.9866e-09	-6.7875e-09	-7.1989e-09	-7.5962e-09	-7.8378e-09	-7.9285e-09	-7.9585e-09	-8.0738e-09	-8.2562e-09	-8.1909e-09	-8.1523e-09
-4.6528e-09	-4.2775e-09	-3.9588e-09	-3.5531e-09	-3.5531e-09	-3.5835e-09	-3.6668e-09	-4.0324e-09	-4.825e-09	-5.3464e-09	-5.3756e-09	-5.2921e-09	-5.509e-09	-5.5342e-09	-5.4101e-09	-5.3993e-09	-5.1712e-09	-5.0312e-09	-5.2506e-09	-5.3256e-09	-5.4945e-09	-5.7023e-09	-5.7847e-09	-6.0564e-09	-6.0726e-09	-5.9746e-09	-5.7932e-09	-5.5971e-09	-5.8302e-09	-5.5319e-09	-4.2192e-09	-4.9675e-10	6.2916e-09	1.3434e-08	2.1155e-08	2.9368e-08	3.7656e-08	4.6671e-08	5.3928e-08	6.1111e-08	6.8449e-08	7.4835e-08	8.0436e-08	8.1905e-08	8.1479e-08	7.9926e-08	7.9966e-08	7.9695e-08	7.6178e-08	6.7508e-08	5.6928e-08	4.6023e-08	3.2589e-08	3.2589e-08	2.1631e-08	1.1106e-08	2.9516e-09	-3.0468e-09	-5.3977e-09	-6.634e-09	-7.0731e-09	-7.2469e-09	-7.1459e-09	-7.0009e-09	-6.4755e-09	-5.6975e-09	-4.8657e-09	-3.9071e-09	-3.3304e-09	-2.8886e-09	-2.5698e-09	-2.4022e-09	-2.2741e-09	-2.1344e-09	-2.2746e-09	-2.7665e-09	-3.16e-09	-3.6382e-09	-3.9049e-09	-4.3156e-09	-5.1153e-09	-6.1372e-09	-6.891e-09	-7.2392e-09	-7.674e-09	-7.9314e-09	-7.9615e-09	-7.9813e-09	-8.1154e-09	-8.2621e-09	-8.2185e-09	-8.21e-09
-4.738e-09	-4.334e-09	-3.9482e-09	-3.3709e-09	-3.3058e-09	-3.4261e-09	-3.7174e-09	-4.1969e-09	-4.9531e-09	-5.3355e-09	-5.3674e-09	-5.3425e-09	-5.509e-09	-5.5123e-09	-5.3451e-09	-5.2851e-09	-5.0175e-09	-5.0312e-09	-5.1466e-09	-5.1338e-09	-5.2822e-09	-5.475e-09	-5.7847e-09	-5.8435e-09	-5.9471e-09	-5.8899e-09	-5.7024e-09	-5.5635e-09	-5.7925e-09	-5.3396e-09	-3.7194e-09	3.7471e-10	7.3761e-09	1.4649e-08	2.2473e-08	3.0785e-08	3.908e-08	4.8072e-08	5.5306e-08	6.2431e-08	6.9635e-08	7.5858e-08	8.1077e-08	8.1077e-08	8.1875e-08	8.1005e-08	7.9616e-08	7.9105e-08	7.8617e-08	7.4578e-08	6.5469e-08	5.4582e-08	4.0909e-08	3.0068e-08	1.9215e-08	9.0947e-09	1.5373e-09	-3.7773e-09	-5.7858e-09	-6.7969e-09	-7.0441e-09	-7.0744e-09	-6.9452e-09	-6.7891e-09	-6.283e-09	-5.5086e-09	-4.6699e-09	-3.6555e-09	-3.13e-09	-2.797e-09	-2.5508e-09	-2.4052e-09	-2.3031e-09	-2.133e-09	-2.2615e-09	-2.7771e-09	-3.2239e-09	-3.6592e-09	-3.9864e-09	-4.4486e-09	-5.263e-09	-6.2465e-09	-6.9378e-09	-7.2369e-09	-7.7307e-09	-8.0138e-09	-7.9877e-09	-8.0037e-09	-8.1542e-09	-8.2489e-09	-8.2254e-09	-8.2497e-09
-4.2424e-09	-3.8999e-09	-3.5381e-09	-3.0131e-09	-3.0301e-09	-3.2444e-09	-3.7608e-09	-4.3604e-09	-5.0486e-09	-5.282e-09	-5.3315e-09	-5.3773e-09	-5.5264e-09	-5.4385e-09	-5.2469e-09	-5.1469e-09	-4.8519e-09	-4.9062e-09	-5.0141e-09	-4.921e-09	-5.0507e-09	-5.2188e-09	-5.5023e-09	-5.6365e-09	-5.8372e-09	-5.8317e-09	-5.6533e-09	-5.5635e-09	-5.7891e-09	-5.1703e-09	-3.1882e-09	1.2704e-09	7.3761e-09	8.5013e-09	1.5907e-08	2.3844e-08	3.2251e-08	4.0522e-08	4.9496e-08	5.6716e-08	6.3788e-08	7.0845e-08	7.7876e-08	8.16e-08	8.1698e-08	8.0367e-08	7.915e-08	7.8388e-08	7.7318e-08	7.277e-08	6.3316e-08	5.2204e-08	3.8418e-08	2.7608e-08	1.6882e-08	7.2165e-09	2.6815e-10	-4.3786e-09	-6.0868e-09	-6.9038e-09	-6.9844e-09	-6.8857e-09	-6.7168e-09	-6.5362e-09	-6.0614e-09	-5.3126e-09	-4.46e-09	-3.3881e-09	-2.9151e-09	-2.688e-09	-2.5394e-09	-2.4112e-09	-2.3392e-09	-2.1718e-09	-2.2709e-09	-2.7665e-09	-3.2536e-09	-3.6609e-09	-4.0686e-09	-4.5934e-09	-5.4137e-09	-6.3254e-09	-6.9459e-09	-6.9459e-09	-7.2069e-09	-7.7702e-09	-8.0849e-09	-8.0296e-09	-8.0255e-09	-8.1891e-09	-8.2248e-09	-8.2184e-09
-3.6359e-09	-3.3858e-09	-3.0762e-09	-2.6386e-09	-2.7376e-09	-3.0449e-09	-3.7854e-09	-4.499e-09	-5.0911e-09	-5.181e-09	-5.2589e-09	-5.3748e-09	-5.4978e-09	-5.2898e-09	-5.0963e-09	-4.976e-09	-4.674e-09	-4.7665e-09	-4.8485e-09	-4.6926e-09	-4.8084e-09	-4.9431e-09	-5.2113e-09	-5.4517e-09	-5.4517e-09	-5.7546e-09	-5.8121e-09	-5.6609e-09	-5.7087e-09	-5.8151e-09	-5.0201e-09	-2.6245e-09	2.1882e-09	9.6635e-09	1.7203e-08	2.5257e-08	3.3752e-08	4.1975e-08	5.0934e-08	5.8149e-08	6.5169e-08	7.2058e-08	7.7876e-08	8.1972e-08	8.1387e-08	7.9622e-08	7.8578e-08	7.8388e-08	7.5876e-08	7.0833e-08	6.1115e-08	4.9852e-08	3.8418e-08	2.5259e-08	1.4685e-08	5.5156e-09	-8.2617e-10	-4.8333e-09	-6.2868e-09	-6.9478e-09	-6.896e-09	-6.6868e-09	-6.4604e-09	-6.2377e-09	-5.8035e-09	-5.1044e-09	-4.2301e-09	-3.1089e-09	-2.6886e-09	-2.5615e-09	-2.5294e-09	-2.4151e-09	-2.375e-09	-2.375e-09	-2.238e-09	-2.2972e-09	-2.7416e-09	-3.2486e-09	-3.6531e-09	-4.1539e-09	-4.7469e-09	-5.566e-09	-6.4347e-09	-6.9336e-09	-7.1642e-09	-7.7965e-09	-8.1445e-09	-8.0504e-09	-8.0469e-09	-8.2192e-09	-8.1983e-09	-8.2043e-09
-2.9676e-09	-2.8273e-09	-2.5916e-09	-2.267e-09	-2.44e-09	-2.8343e-09	-3.7794e-09	-4.5888e-09	-5.0603e-09	-5.0276e-09	-5.1408e-09	-5.3135e-09	-5.4013e-09	-5.0435e-09	-5.0435e-09	-4.8741e-09	-4.764e-09	-4.4836e-09	-4.4348e-09	-4.6448e-09	-4.4538e-09	-4.5633e-09	-4.6573e-09	-4.6601e-09	-5.296e-09	-5.701e-09	-5.8307e-09	-5.7246e-09	-5.8536e-09	-5.8455e-09	-4.8625e-09	-2.0194e-09	3.1322e-09	1.0859e-08	1.853e-08	2.6703e-08	3.5273e-08	4.3429e-08	5.2376e-08	5.9597e-08	6.6561e-08	7.3251e-08	7.8791e-08	8.216e-08	8.0953e-08	7.8826e-08	7.7949e-08	7.7561e-08	7.4371e-08	6.8844e-08	5.8931e-08	4.7584e-08	3.6051e-08	2.3072e-08	1.2673e-08	4.0365e-09	-1.7161e-09	-4.8333e-09	-6.3764e-09	-6.9245e-09	-6.7807e-09	-6.4828e-09	-6.4604e-09	-6.1794e-09	-5.8998e-09	-5.5114e-09	-4.8813e-09	-3.981e-09	-2.8242e-09	-2.4559e-09	-2.4202e-09	-2.5137e-09	-2.4107e-09	-2.4034e-09	-2.3188e-09	-2.3348e-09	-2.709e-09	-3.233e-09	-3.6459e-09	-4.2446e-09	-4.9061e-09	-5.7186e-09	-6.4867e-09	-6.919e-09	-7.1239e-09	-7.8134e-09	-8.1924e-09	-8.0747e-09	-8.0678e-09	-8.2435e-09	-8.1776e-09	-8.1897e-09
-2.2865e-09	-2.26e-09	-2.1134e-09	-1.9177e-09	-1.9177e-09	-2.149e-09	-2.6189e-09	-3.7312e-09	-4.5264e-09	-4.936e-09	-4.8167e-09	-4.9684e-09	-5.1716e-09	-4.9185e-09	-4.6767e-09	-4.5612e-09	-4.5024e-09	-4.2804e-09	-4.2416e-09	-4.4044e-09	-4.2096e-09	-4.3213e-09	-4.3696e-09	-4.4104e-09	-5.1601e-09	-5.661e-09	-5.8658e-09	-5.8184e-09	-6.0013e-09	-5.8531e-09	-4.6693e-09	-1.3631e-09	4.1074e-09	1.2082e-08	1.9881e-08	2.8173e-08	3.6796e-08	4.4874e-08	5.3814e-08	6.105e-08	6.7951e-08	7.44e-08	7.9589e-08	8.2133e-08	8.041e-08	7.8036e-08	7.731e-08	7.6681e-08	7.2881e-08	6.6883e-08	5.6831e-08	4.546e-08	3.3869e-08	3.1916e-08	2.1087e-08	1.0889e-08	2.8132e-09	-2.381e-09	-5.2913e-09	-6.3709e-09	-6.8427e-09	-6.6415e-09	-6.2742e-09	-5.8787e-09	-5.532e-09	-5.1906e-09	-4.6413e-09	-3.7158e-09	-2.5405e-09	-2.2221e-09	-2.2668e-09	-2.4853e-09	-2.392e-09	-2.4173e-09	-2.4014e-09	-2.378e-09	-2.6756e-09	-3.233e-09	-3.6493e-09	-4.3433e-09	-5.0678e-09	-5.8702e-09	-6.4867e-09	-6.9202e-09	-7.101e-09	-7.8251e-09	-8.2286e-09	-8.0747e-09	-8.0881e-09	-8.2609e-09	-8.1704e-09	-8.1812e-09
-1.565e-09	-1.6417e-09	-1.7194e-09	-1.293e-09	-1.6102e-09	-1.8762e-09	-2.4053e-09	-3.6289e-09	-4.3268e-09	-4.698e-09	-4.5436e-09	-4.733e-09	-4.9279e-09	-4.5092e-09	-4.1904e-09	-4.1572e-09	-4.192e-09	-4.0657e-09	-4.035e-09	-4.138e-09	-3.9644e-09	-4.0843e-09	-4.0865e-09	-4.1775e-09	-5.0335e-09	-5.6176e-09	-5.8941e-09	-5.9138e-09	-6.1167e-09	-5.8111e-09	-4.4119e-09	-6.4591e-10	5.1184e-09	1.3331e-08	2.125e-08	2.9656e-08	3.8307e-08	4.63e-08	5.5239e-08	6.2499e-08	6.9328e-08	7.5484e-08	8.0229e-08	8.067e-08	8.1857e-08	7.9768e-08	7.7307e-08	7.6711e-08	7.4994e-08	7.1472e-08	6.5014e-08	5.4867e-08	4.3524e-08	3.0163e-08	1.9288e-08	9.3217e-09	1.8237e-09	-2.8485e-09	-5.3496e-09	-6.2934e-09	-6.7153e-09	-6.4813e-09	-6.0598e-09	-5.5629e-09	-5.144e-09	-4.8465e-09	-4.3824e-09	-3.4378e-09	-2.2643e-09	-1.9925e-09	-2.104e-09	-2.4373e-09	-2.3531e-09	-2.4093e-09	-2.473e-09	-2.4213e-09	-2.6482e-09	-3.2212e-09	-3.6732e-09	-4.4523e-09	-5.2292e-09	-6.0194e-09	-6.5511e-09	-6.9547e-09	-7.11e-09	-7.8351e-09	-8.2528e-09	-8.1046e-09	-8.1042e-09	-8.2672e-09	-8.1737e-09	-8.1766e-09
-1.0107e-09	-1.0822e-09	-1.241e-09	-1.0089e-09	-1.3638e-09	-1.6332e-09	-2.2e-09	-3.461e-09	-4.0045e-09	-4.3452e-09	-4.211e-09	-4.4344e-09	-4.5788e-09	-4.0185e-09	-3.6243e-09	-3.6919e-09	-3.8484e-09	-3.8434e-09	-3.82e-09	-3.8575e-09	-3.7224e-09	-3.8538e-09	-3.8139e-09	-3.9609e-09	-4.9054e-09	-5.5537e-09	-5.892e-09	-5.9823e-09	-6.165e-09	-5.6925e-09	-4.0618e-09	1.4186e-10	6.17e-09	7.2672e-09	1.46e-08	2.2631e-08	3.1142e-08	3.979e-08	4.9058e-08	5.6641e-08	6.3937e-08	7.0676e-08	7.6479e-08	8.0884e-08	8.1316e-08	7.9046e-08	7.669e-08	7.6194e-08	7.4235e-08	7.0143e-08	6.3237e-08	5.303e-08	4.1752e-08	2.8554e-08	1.7642e-08	7.9412e-09	1.028e-09	-3.1613e-09	-5.3378e-09	-6.167e-09	-6.555e-09	-6.3032e-09	-5.8387e-09	-5.2369e-09	-4.7454e-09	-4.4846e-09	-4.1026e-09	-3.1501e-09	-2.002e-09	-1.7725e-09	-1.9345e-09	-2.3627e-09	-2.288e-09	-2.3724e-09	-2.521e-09	-2.4589e-09	-2.6335e-09	-3.2228e-09	-3.7274e-09	-4.5739e-09	-5.3871e-09	-6.1648e-09	-6.6384e-09	-6.7484e-09	-7.0245e-09	-7.1516e-09	-7.8423e-09	-8.2636e-09	-8.1648e-09	-8.1089e-09	-8.2553e-09	-8.1735e-09
-5.9888e-10	-6.5693e-10	-8.6026e-10	-8.3045e-10	-1.1877e-09	-1.4275e-09	-2.0084e-09	-3.2275e-09	-3.5915e-09	-3.9073e-09	-3.8345e-09	-4.0864e-09	-4.1503e-09	-3.4805e-09	-3.0218e-09	-3.1981e-09	-3.489e-09	-3.6174e-09	-3.6016e-09	-3.5748e-09	-3.488e-09	-3.6314e-09	-3.5581e-09	-3.325e-09	-3.7603e-09	-4.7653e-09	-5.4523e-09	-5.8361e-09	-5.9243e-09	-6.1115e-09	-5.4703e-09	-3.5907e-09	1.01e-09	8.4145e-09	1.5885e-08	2.4015e-08	3.2623e-08	4.1229e-08	5.0374e-08	5.8014e-08	6.5355e-08	7.1986e-08	7.7368e-08	8.0903e-08	8.0578e-08	7.8296e-08	7.6202e-08	7.5761e-08	7.3516e-08	6.8868e-08	6.1531e-08	5.1289e-08	4.0097e-08	2.7034e-08	1.6115e-08	6.719e-09	3.8603e-10	-3.3626e-09	-5.2889e-09	-6.0149e-09	-6.375e-09	-6.1103e-09	-5.6097e-09	-4.9053e-09	-4.3459e-09	-4.1102e-09	-3.8e-09	-2.8558e-09	-1.76e-09	-1.5673e-09	-1.7609e-09	-2.2545e-09	-2.1906e-09	-2.0554e-09	-2.2998e-09	-2.533e-09	-2.4855e-09	-2.6383e-09	-3.2986e-09	-3.8148e-09	-4.7076e-09	-5.5397e-09	-6.3045e-09	-6.8711e-09	-7.1168e-09	-7.2135e-09	-7.8412e-09	-8.2587e-09	-8.1789e-09	-8.0949e-09	-8.2179e-09	-8.1555e-09
-3.5173e-10	-3.8751e-10	-5.9367e-10	-7.4144e-10	-1.0739e-09	-1.2594e-09	-1.8341e-09	-2.9471e-09	-3.1234e-09	-3.4168e-09	-3.4308e-09	-3.7042e-09	-3.6712e-09	-3.1702e-09	-2.9294e-09	-2.4264e-09	-2.7087e-09	-3.1308e-09	-3.1709e-09	-3.3849e-09	-3.3017e-09	-3.2655e-09	-3.4185e-09	-3.1209e-09	-3.575e-09	-4.6024e-09	-5.2963e-09	-5.7029e-09	-5.7409e-09	-5.9212e-09	-5.1174e-09	-2.9701e-09	1.9681e-09	9.6168e-09	1.7184e-08	2.54e-08	3.4089e-08	4.2612e-08	5.1654e-08	5.9362e-08	6.675e-08	7.3251e-08	7.8153e-08	8.078e-08	7.9736e-08	7.7579e-08	7.585e-08	7.5403e-08	7.2819e-08	6.7623e-08	5.9874e-08	4.9611e-08	3.8511e-08	2.5547e-08	1.4672e-08	5.6264e-09	-1.4242e-10	-3.4953e-09	-5.2357e-09	-5.8604e-09	-6.188e-09	-5.9055e-09	-5.3719e-09	-5.1241e-09	-4.573e-09	-3.9551e-09	-3.7289e-09	-3.4725e-09	-2.2601e-09	-1.5446e-09	-1.3821e-09	-1.5862e-09	-2.1063e-09	-1.8885e-09	-2.1955e-09	-2.509e-09	-2.5023e-09	-2.6666e-09	-3.3771e-09	-3.9319e-09	-4.8504e-09	-5.6858e-09	-6.4363e-09	-6.996e-09	-7.218e-09	-7.2829e-09	-7.8257e-09	-8.2357e-09	-8.1714e-09	-8.055e-09	-8.1478e-09	-8.1054e-09
-2.4381e-10	-2.5121e-10	-4.2707e-10	-4.2707e-10	-7.2307e-10	-1.0129e-09	-1.1288e-09	-1.6805e-09	-2.6403e-09	-2.6355e-09	-2.9066e-09	-3.0167e-09	-3.3028e-09	-2.6761e-09	-2.3993e-09	-1.8815e-09	-2.2563e-09	-2.7913e-09	-2.9585e-09	-3.1747e-09	-3.05e-09	-3.0591e-09	-3.2166e-09	-2.9518e-09	-3.4046e-09	-4.4062e-09	-5.0687e-09	-5.4688e-09	-5.4247e-09	-5.5678e-09	-4.6131e-09	-2.178e-09	3.0239e-09	1.0877e-08	1.8505e-08	2.6789e-08	3.554e-08	4.3945e-08	5.2911e-08	6.0693e-08	6.8123e-08	7.4468e-08	7.8845e-08	8.0568e-08	7.8884e-08	7.6958e-08	7.5641e-08	7.511e-08	7.2126e-08	6.6384e-08	5.8243e-08	4.7965e-08	3.6948e-08	3.536e-08	2.4039e-08	1.3281e-08	4.6345e-09	-5.9742e-10	-3.727e-09	-5.2111e-09	-5.7266e-09	-6.0069e-09	-5.6919e-09	-4.8654e-09	-4.2446e-09	-3.5825e-09	-3.346e-09	-3.1185e-09	-1.9668e-09	-1.358e-09	-1.2199e-09	-1.4156e-09	-1.9236e-09	-1.7069e-09	-2.0738e-09	-2.4609e-09	-2.5168e-09	-2.72e-09	-3.4823e-09	-4.0749e-09	-4.9988e-09	-5.8246e-09	-6.5578e-09	-7.1127e-09	-7.3147e-09	-7.347e-09	-7.79e-09	-8.1921e-09	-8.1341e-09	-7.9819e-09	-8.0378e-09	-8.0089e-09
-4.5618e-10	-2.4524e-10	-2.2105e-10	-3.4331e-10	-7.5651e-10	-9.9525e-10	-1.0355e-09	-1.551e-09	-2.328e-09	-2.1632e-09	-2.4093e-09	-2.6088e-09	-2.8974e-09	-2.6761e-09	-1.9243e-09	-1.4304e-09	-1.8738e-09	-2.4874e-09	-2.9585e-09	-2.9762e-09	-2.8316e-09	-2.8731e-09	-3.0274e-09	-2.9518e-09	-3.2488e-09	-4.1692e-09	-4.7581e-09	-5.1181e-09	-4.9985e-09	-5.0704e-09	-3.9679e-09	-1.2266e-09	4.1737e-09	1.2199e-08	1.9862e-08	2.8191e-08	3.6977e-08	4.5241e-08	5.4159e-08	6.2014e-08	6.9472e-08	7.5634e-08	7.9455e-08	7.9993e-08	8.032e-08	7.8116e-08	7.6494e-08	7.5581e-08	7.4685e-08	7.1421e-08	6.5127e-08	5.6619e-08	4.6319e-08	3.37e-08	2.2454e-08	1.1906e-08	3.7145e-09	-1.0191e-09	-3.9105e-09	-5.2466e-09	-5.6358e-09	-5.8443e-09	-5.4725e-09	-4.5965e-09	-3.923e-09	-3.2322e-09	-2.9666e-09	-2.7436e-09	-1.6847e-09	-1.1985e-09	-1.0819e-09	-1.2572e-09	-1.7238e-09	-1.528e-09	-1.9494e-09	-2.4009e-09	-2.5365e-09	-2.7998e-09	-3.6137e-09	-4.2399e-09	-5.1497e-09	-5.955e-09	-6.6666e-09	-7.2107e-09	-7.3933e-09	-7.3927e-09	-7.7281e-09	-8.1256e-09	-8.0589e-09	-7.8685e-09	-7.8806e-09	-7.8516e-09
-4.9475e-10	-3.2613e-10	-2.7006e-10	-3.2528e-10	-8.2293e-10	-1.0114e-09	-9.7912e-10	-1.4489e-09	-2.0306e-09	-1.742e-09	-1.9575e-09	-2.2238e-09	-2.5032e-09	-2.2177e-09	-1.5387e-09	-1.1166e-09	-1.594e-09	-2.2365e-09	-2.7588e-09	-2.7936e-09	-2.6559e-09	-2.7109e-09	-2.8521e-09	-2.8222e-09	-3.1077e-09	-3.9013e-09	-4.382e-09	-4.6753e-09	-4.9985e-09	-4.4627e-09	-3.2031e-09	-1.393e-10	5.4102e-09	5.4102e-09	1.3585e-08	2.1265e-08	2.9611e-08	3.8403e-08	4.6514e-08	5.541e-08	6.3333e-08	7.0796e-08	7.6746e-08	8.0469e-08	8.0088e-08	7.7527e-08	7.625e-08	7.5676e-08	7.4533e-08	7.0687e-08	6.3826e-08	5.4977e-08	4.4643e-08	3.1923e-08	2.0739e-08	1.0516e-08	2.838e-09	-1.4465e-09	-4.1623e-09	-5.3465e-09	-5.5913e-09	-5.7024e-09	-5.2498e-09	-4.3201e-09	-3.6093e-09	-2.9037e-09	-2.5955e-09	-2.3604e-09	-1.4205e-09	-1.0643e-09	-9.6892e-10	-1.1192e-09	-1.5246e-09	-1.3694e-09	-1.837e-09	-2.3412e-09	-2.5692e-09	-2.9075e-09	-3.7711e-09	-4.4232e-09	-5.2998e-09	-6.0761e-09	-6.0761e-09	-6.837e-09	-7.2796e-09	-7.4403e-09	-7.4074e-09	-7.6342e-09	-7.914e-09	-7.9374e-09	-7.7073e-09	-7.6691e-09
-5.7717e-10	-4.5661e-10	-3.7129e-10	-3.5583e-10	-9.0351e-10	-1.0519e-09	-9.5958e-10	-1.3776e-09	-1.7687e-09	-1.4072e-09	-1.584e-09	-1.8786e-09	-2.1353e-09	-1.8238e-09	-1.27e-09	-9.7352e-10	-1.4423e-09	-2.0522e-09	-2.5754e-09	-2.6276e-09	-2.5192e-09	-2.571e-09	-2.6914e-09	-2.6914e-09	-2.6619e-09	-2.982e-09	-3.6183e-09	-3.9677e-09	-4.1782e-09	-3.9625e-09	-3.7786e-09	-2.3398e-09	1.0607e-09	6.7262e-09	1.5038e-08	2.2727e-08	3.106e-08	3.9818e-08	4.7776e-08	5.6679e-08	6.4658e-08	7.2095e-08	7.78e-08	8.0469e-08	7.9926e-08	7.7211e-08	7.6288e-08	7.5934e-08	7.4533e-08	6.9905e-08	6.2458e-08	5.3298e-08	4.2905e-08	3.1923e-08	1.8887e-08	9.102e-09	1.9908e-09	-1.8957e-09	-4.1623e-09	-5.4883e-09	-5.5779e-09	-5.5737e-09	-5.0257e-09	-4.0385e-09	-3.3048e-09	-2.5961e-09	-2.2376e-09	-1.9817e-09	-1.1806e-09	-9.5353e-10	-8.8207e-10	-1.0095e-09	-1.0095e-09	-1.1993e-09	-1.2487e-09	-1.7513e-09	-2.2943e-09	-2.6227e-09	-3.2126e-09	-3.9541e-09	-4.621e-09	-5.4459e-09	-6.187e-09	-6.8939e-09	-7.3088e-09	-7.4423e-09	-7.3781e-09	-7.5024e-09	-7.7671e-09	-7.7674e-09	-7.4977e-09	-7.4028e-09
-6.81e-10	-6.0679e-10	-4.9775e-10	-4.1783e-10	-9.7943e-10	-1.1072e-09	-9.7664e-10	-1.3406e-09	-1.563e-09	-1.1867e-09	-1.3146e-09	-1.5869e-09	-1.8067e-09	-1.8067e-09	-1.2967e-09	-1.1114e-09	-9.8205e-10	-1.4053e-09	-1.93e-09	-2.2611e-09	-2.4777e-09	-2.4138e-09	-2.4505e-09	-2.5457e-09	-2.6173e-09	-2.8721e-09	-3.3356e-09	-3.5423e-09	-3.6646e-09	-3.4262e-09	-3.0518e-09	-1.399e-09	2.3499e-09	8.1144e-09	1.6561e-08	2.426e-08	3.2543e-08	4.1225e-08	4.904e-08	5.7978e-08	6.5997e-08	7.3368e-08	7.8793e-08	8.0893e-08	7.9883e-08	7.7257e-08	7.6667e-08	7.636e-08	7.4408e-08	6.9061e-08	6.1014e-08	5.1572e-08	4.1092e-08	3.0018e-08	1.6939e-08	7.6816e-09	1.1719e-09	-2.3606e-09	-4.4607e-09	-5.6487e-09	-5.5797e-09	-5.4505e-09	-5.4505e-09	-4.8022e-09	-3.7545e-09	-3.0104e-09	-2.3085e-09	-1.8975e-09	-1.6204e-09	-9.7181e-10	-8.6426e-10	-8.2226e-10	-9.3633e-10	-1.1993e-09	-1.1832e-09	-1.7071e-09	-2.2722e-09	-2.7045e-09	-3.4127e-09	-4.1622e-09	-4.8293e-09	-5.5846e-09	-6.2866e-09	-6.9295e-09	-7.2927e-09	-7.3917e-09	-7.2984e-09	-7.3317e-09	-7.602e-09	-7.5634e-09	-7.2571e-09	-7.101e-09
-7.8383e-10	-7.4678e-10	-6.2249e-10	-6.2249e-10	-5.6943e-10	-1.0344e-09	-1.1685e-09	-1.0287e-09	-1.3394e-09	-1.359e-09	-1.0688e-09	-1.14e-09	-1.3471e-09	-1.5193e-09	-1.1477e-09	-1.0453e-09	-1.106e-09	-1.4572e-09	-1.8592e-09	-2.131e-09	-2.3434e-09	-2.3318e-09	-2.3464e-09	-2.4155e-09	-2.5869e-09	-2.7784e-09	-3.0688e-09	-3.1331e-09	-3.172e-09	-2.9268e-09	-2.3161e-09	-4.0194e-10	3.7052e-09	9.5676e-09	1.8157e-08	2.5876e-08	3.4069e-08	4.2626e-08	5.032e-08	5.9321e-08	6.7357e-08	7.4613e-08	7.9722e-08	8.1277e-08	7.997e-08	7.7661e-08	7.7357e-08	7.6913e-08	7.4283e-08	6.8139e-08	5.9499e-08	4.98e-08	4.98e-08	3.9211e-08	2.5919e-08	1.4937e-08	6.2721e-09	3.8065e-10	-2.8342e-09	-5.1056e-09	-5.804e-09	-5.5807e-09	-5.3247e-09	-4.5811e-09	-3.4705e-09	-2.7273e-09	-2.0402e-09	-1.5801e-09	-1.2895e-09	-8.0062e-10	-7.9466e-10	-7.9049e-10	-9.0772e-10	-1.1087e-09	-1.1905e-09	-1.719e-09	-2.2874e-09	-2.8223e-09	-3.4127e-09	-4.393e-09	-5.0438e-09	-5.7131e-09	-6.3736e-09	-6.9295e-09	-7.2386e-09	-7.2985e-09	-7.1799e-09	-7.1355e-09	-7.602e-09	-7.3428e-09	-7.0062e-09	-6.7865e-09
-1.2873e-09	-8.6598e-10	-8.509e-10	-7.2215e-10	-6.3742e-10	-1.0658e-09	-1.2298e-09	-1.107e-09	-1.3659e-09	-1.3354e-09	-1.0291e-09	-1.0393e-09	-1.1525e-09	-1.2714e-09	-1.0586e-09	-1.0535e-09	-1.309e-09	-1.5719e-09	-1.8293e-09	-2.0195e-09	-2.2242e-09	-2.2654e-09	-2.2556e-09	-2.3012e-09	-2.5637e-09	-2.7015e-09	-2.8335e-09	-2.7673e-09	-2.7384e-09	-2.5009e-09	-1.6053e-09	6.3031e-10	5.1031e-09	1.1078e-08	1.9829e-08	2.7586e-08	3.5645e-08	4.4021e-08	5.1627e-08	6.071e-08	6.8733e-08	7.582e-08	7.582e-08	8.0572e-08	8.1901e-08	8.0153e-08	7.8327e-08	7.8249e-08	7.751e-08	7.3856e-08	6.7125e-08	5.7918e-08	4.7984e-08	3.7267e-08	2.3776e-08	1.2922e-08	4.8913e-09	-3.833e-10	-3.3095e-09	-5.4061e-09	-5.9309e-09	-5.565e-09	-5.1886e-09	-4.3644e-09	-3.1892e-09	-2.4565e-09	-1.7903e-09	-1.2901e-09	-1.0017e-09	-6.7366e-10	-7.4289e-10	-7.8771e-10	-9.3177e-10	-1.0898e-09	-1.2796e-09	-1.7953e-09	-2.3477e-09	-2.9801e-09	-3.6436e-09	-4.637e-09	-5.2577e-09	-5.8297e-09	-6.4454e-09	-6.9442e-09	-7.1562e-09	-7.1753e-09	-7.0377e-09	-6.9299e-09	-7.4293e-09	-7.123e-09	-6.7659e-09	-6.4819e-09
-1.2373e-09	-9.2213e-10	-9.1545e-10	-7.9235e-10	-6.9494e-10	-1.0753e-09	-1.2864e-09	-1.2004e-09	-1.4088e-09	-1.3416e-09	-1.0429e-09	-9.9157e-10	-9.9667e-10	-1.0614e-09	-1.0171e-09	-1.1183e-09	-1.555e-09	-1.7234e-09	-1.8295e-09	-1.9268e-09	-2.1196e-09	-2.2068e-09	-2.1752e-09	-2.2032e-09	-2.5408e-09	-2.6418e-09	-2.6453e-09	-2.472e-09	-2.4014e-09	-2.1835e-09	-9.5163e-10	1.6773e-09	6.5209e-09	6.5209e-09	1.4245e-08	2.157e-08	2.9383e-08	3.727e-08	4.5419e-08	5.4356e-08	6.2139e-08	7.0109e-08	7.6967e-08	8.1319e-08	8.2114e-08	8.0399e-08	7.9154e-08	7.9225e-08	7.8068e-08	7.3464e-08	6.6004e-08	5.6277e-08	4.6127e-08	3.5265e-08	2.1604e-08	1.0935e-08	3.5568e-09	-1.1204e-09	-3.7793e-09	-5.6612e-09	-6.0058e-09	-5.5167e-09	-5.0343e-09	-4.154e-09	-2.913e-09	-2.1993e-09	-1.5579e-09	-1.0325e-09	-7.6999e-10	-5.9458e-10	-7.0774e-10	-8.1385e-10	-1.0119e-09	-1.1521e-09	-1.4355e-09	-1.926e-09	-2.4484e-09	-3.1707e-09	-3.8951e-09	-4.8838e-09	-5.464e-09	-5.9329e-09	-5.9329e-09	-6.4991e-09	-6.9139e-09	-7.0554e-09	-7.0352e-09	-6.8865e-09	-6.7308e-09	-7.1036e-09	-6.9213e-09	-6.5569e-09
-1.1425e-09	-9.5166e-10	-9.4395e-10	-8.3491e-10	-7.3875e-10	-1.0645e-09	-1.3336e-09	-1.2978e-09	-1.4569e-09	-1.361e-09	-1.0857e-09	-9.7587e-10	-8.7286e-10	-8.8748e-10	-1.0108e-09	-1.2217e-09	-1.8077e-09	-1.8859e-09	-1.8493e-09	-1.8535e-09	-2.029e-09	-2.1481e-09	-2.1022e-09	-2.1022e-09	-2.0577e-09	-2.5114e-09	-2.5998e-09	-2.5191e-09	-2.2733e-09	-2.1241e-09	-1.9702e-09	-3.5516e-10	2.7341e-09	7.9492e-09	1.5889e-08	2.3366e-08	3.1245e-08	3.8937e-08	4.6831e-08	5.5786e-08	6.3603e-08	7.1468e-08	7.8031e-08	8.1941e-08	8.2242e-08	8.0674e-08	8.0044e-08	8.0173e-08	7.8502e-08	7.2893e-08	6.4762e-08	5.4583e-08	4.4229e-08	3.3211e-08	1.9429e-08	9.019e-09	2.2862e-09	-1.8312e-09	-4.2367e-09	-5.848e-09	-6.0052e-09	-5.4197e-09	-4.8538e-09	-3.9519e-09	-2.6452e-09	-1.9569e-09	-1.3431e-09	-8.1057e-10	-6.0239e-10	-5.5864e-10	-6.8994e-10	-8.6573e-10	-8.6573e-10	-1.1384e-09	-1.4593e-09	-1.6386e-09	-2.0978e-09	-2.5828e-09	-3.3848e-09	-4.414e-09	-5.1229e-09	-5.6557e-09	-6.0211e-09	-6.532e-09	-6.8703e-09	-6.9459e-09	-6.8911e-09	-6.7413e-09	-6.5542e-09	-6.9717e-09	-6.7553e-09	-6.4001e-09
-1.0148e-09	-9.5397e-10	-9.3988e-10	-8.5163e-10	-7.6565e-10	-1.0352e-09	-1.3665e-09	-1.3881e-09	-1.4989e-09	-1.3767e-09	-1.1329e-09	-9.7128e-10	-7.7448e-10	-7.7448e-10	-6.4116e-10	-1.0275e-09	-1.3459e-09	-2.0308e-09	-2.0332e-09	-1.9056e-09	-1.7997e-09	-1.952e-09	-2.082e-09	-2.0338e-09	-2.0104e-09	-2.4737e-09	-2.574e-09	-2.4558e-09	-2.1735e-09	-2.145e-09	-1.8189e-09	2.1543e-10	3.8103e-09	9.3913e-09	1.7566e-08	2.5201e-08	3.3146e-08	4.0638e-08	4.827e-08	5.7265e-08	6.5093e-08	7.2794e-08	7.8992e-08	8.2412e-08	8.2271e-08	8.0945e-08	8.0897e-08	8.0977e-08	7.8728e-08	7.2099e-08	6.3384e-08	5.2839e-08	4.2294e-08	3.1111e-08	1.7274e-08	7.2152e-09	1.0972e-09	-2.5162e-09	-4.6746e-09	-5.9518e-09	-5.9165e-09	-5.266e-09	-5.266e-09	-4.6439e-09	-3.5769e-09	-2.3903e-09	-1.7319e-09	-1.1481e-09	-6.2457e-10	-4.3348e-10	-5.5962e-10	-6.9054e-10	-9.3967e-10	-1.2991e-09	-1.6674e-09	-1.8695e-09	-2.2973e-09	-2.7441e-09	-3.6135e-09	-4.6582e-09	-5.3439e-09	-5.8257e-09	-6.0929e-09	-6.5413e-09	-6.8088e-09	-6.8375e-09	-6.7557e-09	-6.6171e-09	-6.4159e-09	-6.8745e-09	-6.6424e-09	-6.3161e-09
-8.6573e-10	-9.2844e-10	-9.0674e-10	-9.0674e-10	-8.4436e-10	-7.7242e-10	-9.8913e-10	-1.3804e-09	-1.4602e-09	-1.5236e-09	-1.3722e-09	-1.1599e-09	-9.5689e-10	-6.9492e-10	-5.6529e-10	-1.055e-09	-1.4732e-09	-2.1892e-09	-2.1403e-09	-1.9266e-09	-1.7648e-09	-1.8892e-09	-2.0086e-09	-1.97e-09	-1.9792e-09	-2.4309e-09	-2.5613e-09	-2.4426e-09	-2.1515e-09	-2.2208e-09	-1.6857e-09	7.9276e-10	4.9166e-09	1.0851e-08	1.9271e-08	2.7061e-08	3.5063e-08	4.2364e-08	4.9749e-08	5.8798e-08	6.6605e-08	7.4069e-08	7.9826e-08	8.2709e-08	8.2187e-08	8.1177e-08	8.1612e-08	8.1521e-08	7.866e-08	7.1036e-08	6.1855e-08	5.1053e-08	5.1053e-08	4.0323e-08	2.6802e-08	1.5167e-08	5.5574e-09	6.1445e-12	-3.1707e-09	-5.4522e-09	-5.9812e-09	-5.7576e-09	-5.0691e-09	-4.4138e-09	-3.4043e-09	-2.1533e-09	-1.527e-09	-9.7583e-10	-4.7389e-10	-4.1551e-10	-5.9127e-10	-7.1059e-10	-1.032e-09	-1.4818e-09	-1.8873e-09	-2.1088e-09	-2.5114e-09	-2.9253e-09	-3.8475e-09	-4.8768e-09	-5.5362e-09	-5.9671e-09	-6.1466e-09	-6.5241e-09	-6.7301e-09	-6.74e-09	-6.642e-09	-6.5289e-09	-6.332e-09	-6.8217e-09	-6.598e-09	-6.323e-09
-6.4427e-10	-7.071e-10	-8.7444e-10	-8.4804e-10	-8.1489e-10	-7.5585e-10	-9.2793e-10	-1.3705e-09	-1.5029e-09	-1.5196e-09	-1.3309e-09	-1.1429e-09	-9.1236e-10	-6.2767e-10	-5.6529e-10	-1.0861e-09	-1.5925e-09	-2.2711e-09	-2.1984e-09	-1.9266e-09	-1.7471e-09	-1.8419e-09	-1.9357e-09	-1.9141e-09	-1.9792e-09	-2.3861e-09	-2.5585e-09	-2.4665e-09	-2.1853e-09	-2.2208e-09	-1.5268e-09	1.4094e-09	6.0633e-09	1.2333e-08	2.0998e-08	2.8928e-08	3.6971e-08	4.4108e-08	5.128e-08	6.0389e-08	6.8131e-08	7.5278e-08	7.5278e-08	8.0512e-08	8.2684e-08	8.1977e-08	8.1337e-08	8.209e-08	8.1692e-08	7.7344e-08	6.9683e-08	6.0169e-08	4.9227e-08	3.8319e-08	2.4626e-08	1.3133e-08	4.0571e-09	-9.7475e-10	-3.7764e-09	-5.764e-09	-5.9492e-09	-5.5518e-09	-4.8467e-09	-4.1751e-09	-3.2418e-09	-1.939e-09	-1.3447e-09	-8.2899e-10	-3.5799e-10	-4.3075e-10	-6.4738e-10	-7.5115e-10	-1.1389e-09	-1.6744e-09	-2.1005e-09	-2.3371e-09	-2.7266e-09	-3.1197e-09	-4.0778e-09	-5.0584e-09	-5.6896e-09	-6.0727e-09	-6.1808e-09	-6.4776e-09	-6.6356e-09	-6.6625e-09	-6.5617e-09	-6.4898e-09	-6.3166e-09	-6.8123e-09	-6.6184e-09	-6.4124e-09
-4.9895e-10	-5.506e-10	-7.9138e-10	-7.6728e-10	-7.6506e-10	-7.1297e-10	-8.5338e-10	-1.3321e-09	-1.5055e-09	-1.4762e-09	-1.2471e-09	-1.0735e-09	-8.304e-10	-5.6851e-10	-5.1708e-10	-1.1184e-09	-1.6987e-09	-2.2875e-09	-2.2147e-09	-1.9414e-09	-1.7448e-09	-1.8117e-09	-1.8716e-09	-1.8694e-09	-1.9633e-09	-2.3427e-09	-2.5623e-09	-2.514e-09	-2.253e-09	-2.3125e-09	-1.2983e-09	2.098e-09	2.098e-09	7.2609e-09	1.3839e-08	2.2743e-08	3.079e-08	3.8845e-08	4.586e-08	5.2874e-08	6.2041e-08	6.9665e-08	7.6403e-08	8.1028e-08	8.2684e-08	8.1639e-08	8.1402e-08	8.2264e-08	8.1417e-08	7.6105e-08	6.8075e-08	5.8344e-08	4.7358e-08	3.6286e-08	2.247e-08	1.12e-08	2.7217e-09	-1.8338e-09	-4.3122e-09	-6.0053e-09	-5.8687e-09	-5.3225e-09	-4.6163e-09	-3.9396e-09	-3.0892e-09	-1.7525e-09	-1.1878e-09	-7.1038e-10	-2.763e-10	-4.7085e-10	-7.2171e-10	-8.1327e-10	-1.2568e-09	-1.8647e-09	-2.2888e-09	-2.5348e-09	-2.9298e-09	-3.3204e-09	-4.2952e-09	-5.1927e-09	-5.7949e-09	-6.137e-09	-6.137e-09	-6.1947e-09	-6.3015e-09	-6.5334e-09	-6.6089e-09	-6.5167e-09	-6.4978e-09	-6.4658e-09	-6.8396e-09	-6.6892e-09
-3.6489e-10	-4.0754e-10	-6.7878e-10	-6.6797e-10	-6.9676e-10	-6.4606e-10	-7.6849e-10	-1.2655e-09	-1.4651e-09	-1.3905e-09	-1.1244e-09	-9.5817e-10	-7.163e-10	-5.1549e-10	-4.9184e-10	-1.1499e-09	-1.7871e-09	-2.2501e-09	-2.1972e-09	-1.9504e-09	-1.7562e-09	-1.8002e-09	-1.8002e-09	-1.8242e-09	-1.8391e-09	-1.9743e-09	-2.304e-09	-2.5695e-09	-2.572e-09	-2.3327e-09	-2.3877e-09	-9.5653e-10	2.8912e-09	8.5198e-09	1.5376e-08	2.4498e-08	3.2629e-08	4.0662e-08	4.7613e-08	5.4546e-08	6.3751e-08	7.1196e-08	7.7431e-08	8.1362e-08	8.2334e-08	8.1208e-08	8.1378e-08	8.216e-08	8.075e-08	7.6105e-08	6.6263e-08	5.6402e-08	4.5442e-08	3.4231e-08	2.247e-08	9.3951e-09	1.5588e-09	-2.5594e-09	-4.757e-09	-6.0053e-09	-5.7526e-09	-5.0932e-09	-4.3956e-09	-3.7188e-09	-2.9467e-09	-1.5985e-09	-1.0589e-09	-6.2278e-10	-2.2828e-10	-5.2748e-10	-8.0804e-10	-8.9801e-10	-8.9801e-10	-1.3819e-09	-2.1908e-09	-2.4349e-09	-2.6843e-09	-3.1084e-09	-3.5208e-09	-4.6649e-09	-5.2842e-09	-5.8579e-09	-6.1672e-09	-6.1948e-09	-6.1977e-09	-6.435e-09	-6.5797e-09	-6.5029e-09	-6.5418e-09	-6.6023e-09	-6.897e-09	-6.7956e-09
-2.4343e-10	-2.8088e-10	-5.3934e-10	-5.5391e-10	-6.1356e-10	-5.6251e-10	-6.7747e-10	-1.1756e-09	-1.3866e-09	-1.2676e-09	-9.6731e-10	-8.0414e-10	-8.0414e-10	-5.7589e-10	-4.6675e-10	-4.9122e-10	-1.1783e-09	-1.853e-09	-2.1708e-09	-2.1539e-09	-1.9524e-09	-1.7795e-09	-1.8087e-09	-1.8017e-09	-1.8265e-09	-1.9996e-09	-2.2733e-09	-2.5768e-09	-2.6271e-09	-2.4023e-09	-2.2932e-09	-4.5754e-10	3.8214e-09	9.8505e-09	1.6945e-08	2.6258e-08	3.4433e-08	4.2404e-08	4.936e-08	5.6296e-08	6.5488e-08	7.2699e-08	7.8355e-08	8.1536e-08	8.1812e-08	8.0728e-08	8.1279e-08	8.1823e-08	7.9765e-08	7.457e-08	6.4295e-08	5.4365e-08	4.3474e-08	3.2159e-08	2.0359e-08	7.7455e-09	5.7576e-10	-3.1399e-09	-5.0898e-09	-6.1617e-09	-5.6139e-09	-4.8871e-09	-4.8871e-09	-4.202e-09	-3.5243e-09	-2.8142e-09	-1.4822e-09	-9.6064e-10	-5.6898e-10	-2.1338e-10	-5.9243e-10	-9.0007e-10	-1.0056e-09	-1.5104e-09	-2.1908e-09	-2.5356e-09	-2.7837e-09	-3.2581e-09	-3.7154e-09	-4.8184e-09	-5.3451e-09	-5.8929e-09	-6.1782e-09	-6.1919e-09	-6.1049e-09	-6.3523e-09	-6.5756e-09	-6.5162e-09	-6.6108e-09	-6.7611e-09	-6.9776e-09	-6.9231e-09
-1.2871e-10	-1.6541e-10	-1.6541e-10	-3.7886e-10	-4.2917e-10	-4.2337e-10	-4.6994e-10	-5.8458e-10	-1.0673e-09	-1.275e-09	-9.3144e-10	-7.8003e-10	-6.1858e-10	-4.1499e-10	-4.2039e-10	-5.0633e-10	-1.2014e-09	-1.8915e-09	-2.0615e-09	-2.0926e-09	-1.9462e-09	-1.8129e-09	-1.839e-09	-1.8121e-09	-1.8349e-09	-2.0369e-09	-2.2539e-09	-2.581e-09	-2.6662e-09	-2.44e-09	-2.0703e-09	2.251e-10	4.9065e-09	1.1257e-08	1.8547e-08	2.8007e-08	3.6194e-08	4.4077e-08	5.1091e-08	5.8097e-08	6.7219e-08	7.4146e-08	7.9172e-08	8.1572e-08	8.1182e-08	8.0241e-08	8.1118e-08	8.1295e-08	7.8538e-08	7.2815e-08	6.2219e-08	5.2255e-08	5.2255e-08	4.1449e-08	3.0075e-08	1.6377e-08	6.2782e-09	-2.199e-10	-3.5638e-09	-5.2895e-09	-6.1621e-09	-5.4654e-09	-4.7278e-09	-4.0533e-09	-3.3678e-09	-2.6913e-09	-1.407e-09	-8.9473e-10	-5.5073e-10	-2.3042e-10	-6.586e-10	-9.911e-10	-1.1281e-09	-1.6354e-09	-2.3103e-09	-2.595e-09	-2.8403e-09	-3.3792e-09	-3.8996e-09	-4.8184e-09	-5.3879e-09	-5.9139e-09	-6.1849e-09	-6.1968e-09	-6.1049e-09	-6.297e-09	-6.5972e-09	-6.5525e-09	-6.6935e-09	-6.7611e-09	-7.0748e-09	-7.057e-09
6.6033e-11	-1.457e-11	-5.5617e-11	-2.0325e-10	-2.9784e-10	-3.2693e-10	-3.7593e-10	-4.9407e-10	-9.4582e-10	-1.1356e-09	-7.2894e-10	-5.669e-10	-4.0866e-10	-2.3943e-10	-3.7457e-10	-5.2537e-10	-1.2171e-09	-1.8981e-09	-1.934e-09	-2.0212e-09	-1.9358e-09	-1.8547e-09	-1.8923e-09	-1.8636e-09	-1.8675e-09	-2.0836e-09	-2.2466e-09	-2.579e-09	-2.6789e-09	-2.4283e-09	-1.7245e-09	1.0683e-09	6.1215e-09	1.2722e-08	2.0168e-08	2.9731e-08	3.7905e-08	4.5687e-08	5.28e-08	5.9918e-08	6.8908e-08	7.5511e-08	7.5511e-08	7.9876e-08	8.1497e-08	7.9851e-08	7.9788e-08	8.0906e-08	8.0619e-08	7.7144e-08	6.8942e-08	6.0085e-08	5.0094e-08	3.9364e-08	2.7984e-08	1.4556e-08	5.0205e-09	-8.2073e-10	-3.8193e-09	-5.3351e-09	-5.9797e-09	-5.3186e-09	-4.6351e-09	-3.9641e-09	-3.2588e-09	-2.5723e-09	-1.3638e-09	-8.5383e-10	-5.5966e-10	-2.7213e-10	-7.1957e-10	-1.0742e-09	-1.253e-09	-1.749e-09	-2.3982e-09	-2.6174e-09	-2.8614e-09	-3.4721e-09	-4.0688e-09	-4.9545e-09	-5.4252e-09	-5.9352e-09	-6.2021e-09	-6.2201e-09	-6.0392e-09	-6.2808e-09	-6.6451e-09	-6.6077e-09	-6.7789e-09	-6.9283e-09	-7.1816e-09	-7.1816e-09
2.8257e-10	1.0516e-10	5.4039e-11	-1.8437e-11	-1.64e-10	-2.3661e-10	-2.8809e-10	-4.1022e-10	-8.1605e-10	-9.7338e-10	-5.1066e-10	-3.3221e-10	-1.8154e-10	-5.5045e-11	-3.274e-10	-5.4359e-10	-1.2232e-09	-1.8678e-09	-1.8002e-09	-1.9477e-09	-1.9211e-09	-1.9023e-09	-1.9673e-09	-1.9581e-09	-1.9239e-09	-2.1311e-09	-2.2448e-09	-2.5678e-09	-2.6638e-09	-2.3634e-09	-1.2673e-09	2.0403e-09	2.0403e-09	7.4338e-09	1.4226e-08	2.3406e-08	3.1415e-08	3.9558e-08	4.7244e-08	5.4479e-08	6.3488e-08	7.0521e-08	7.6766e-08	8.0464e-08	8.1336e-08	7.9278e-08	7.9413e-08	8.0658e-08	7.9841e-08	7.5658e-08	6.6973e-08	5.7941e-08	4.7905e-08	3.7213e-08	2.5893e-08	1.2882e-08	3.9953e-09	-1.2221e-09	-3.8979e-09	-5.2094e-09	-5.6831e-09	-5.1699e-09	-4.5963e-09	-3.9214e-09	-3.187e-09	-2.4486e-09	-1.3364e-09	-8.2545e-10	-5.8167e-10	-3.2777e-10	-7.6891e-10	-1.1423e-09	-1.3678e-09	-1.8429e-09	-2.4538e-09	-2.6072e-09	-2.8543e-09	-3.5372e-09	-4.2184e-09	-5.0759e-09	-5.4694e-09	-5.4694e-09	-5.971e-09	-6.2448e-09	-6.2727e-09	-6.054e-09	-6.3156e-09	-6.72e-09	-6.6777e-09	-6.8558e-09	-7.231e-09	-7.2915e-09
5.0126e-10	2.3663e-10	1.6908e-10	1.6967e-10	-3.1729e-11	-1.5771e-10	-2.1402e-10	-3.3728e-10	-6.8306e-10	-7.9351e-10	-2.8194e-10	-8.027e-11	5.5586e-11	1.3235e-10	-2.7701e-10	-5.5815e-10	-1.2184e-09	-1.7993e-09	-1.6694e-09	-1.8777e-09	-1.9014e-09	-1.9502e-09	-1.9502e-09	-2.0537e-09	-2.08e-09	-2.0638e-09	-2.1701e-09	-2.2407e-09	-2.5445e-09	-2.6207e-09	-2.0671e-09	-7.101e-10	3.1091e-09	8.8109e-09	1.5751e-08	2.4991e-08	3.3044e-08	4.1148e-08	4.8756e-08	5.6121e-08	6.5172e-08	7.2025e-08	7.7884e-08	8.0931e-08	8.1114e-08	7.8852e-08	7.9158e-08	8.0386e-08	7.9002e-08	7.4154e-08	6.5076e-08	5.5833e-08	4.5707e-08	3.4994e-08	2.3806e-08	1.1354e-08	3.1863e-09	-1.4476e-09	-3.8209e-09	-4.9312e-09	-5.2969e-09	-5.0074e-09	-4.5799e-09	-3.8964e-09	-3.1308e-09	-2.3116e-09	-1.3082e-09	-7.9704e-10	-6.0261e-10	-3.8657e-10	-8.002e-10	-8.002e-10	-1.1884e-09	-1.4598e-09	-1.9089e-09	-2.464e-09	-2.5688e-09	-2.8265e-09	-3.5749e-09	-4.3436e-09	-5.2851e-09	-5.533e-09	-6.0355e-09	-6.3278e-09	-6.3652e-09	-6.1665e-09	-6.4128e-09	-6.8223e-09	-6.7585e-09	-6.9133e-09	-7.3445e-09	-7.3989e-09
5.0126e-10	3.8602e-10	2.9504e-10	3.5516e-10	9.4879e-11	-9.5478e-11	-1.6133e-10	-2.7951e-10	-5.5189e-10	-6.0111e-10	-5.0929e-11	1.8064e-10	1.8064e-10	2.9279e-10	3.1477e-10	-1.7727e-10	-5.7174e-10	-1.2037e-09	-1.7001e-09	-1.5445e-09	-1.7408e-09	-1.8757e-09	-1.9929e-09	-2.1398e-09	-2.2104e-09	-2.1221e-09	-2.1912e-09	-2.2264e-09	-2.5062e-09	-2.5497e-09	-1.8325e-09	-6.4439e-11	4.2429e-09	1.022e-08	1.7275e-08	2.6533e-08	3.4602e-08	4.2666e-08	5.0231e-08	5.7716e-08	6.6745e-08	7.3384e-08	7.8837e-08	8.1273e-08	8.0855e-08	7.8632e-08	7.9061e-08	8.0101e-08	7.8143e-08	7.2703e-08	6.3266e-08	5.3775e-08	4.3513e-08	3.2724e-08	2.1738e-08	9.9584e-09	2.5542e-09	-1.5369e-09	-3.6265e-09	-4.5404e-09	-4.8462e-09	-4.8462e-09	-4.8191e-09	-4.5542e-09	-3.8601e-09	-2.9777e-09	-2.1527e-09	-1.2629e-09	-7.5604e-10	-6.0831e-10	-4.7059e-10	-8.07e-10	-1.2057e-09	-1.5165e-09	-1.9389e-09	-2.417e-09	-2.5063e-09	-2.7853e-09	-3.5855e-09	-4.4399e-09	-5.3783e-09	-5.6284e-09	-6.1428e-09	-6.4657e-09	-6.5084e-09	-6.355e-09	-6.5715e-09	-6.9478e-09	-6.8461e-09	-6.9469e-09	-7.4316e-09	-7.5007e-09
7.1995e-10	5.5947e-10	5.5947e-10	4.3742e-10	5.321e-10	2.1174e-10	-5.5626e-11	-1.3668e-10	-2.4142e-10	-4.2872e-10	-4.037e-10	1.6638e-10	4.3089e-10	5.1226e-10	4.7804e-10	-1.7727e-10	-5.8802e-10	-1.1807e-09	-1.5794e-09	-1.427e-09	-1.6687e-09	-1.8428e-09	-2.0244e-09	-2.2139e-09	-2.3305e-09	-2.1558e-09	-2.1848e-09	-2.1943e-09	-2.4499e-09	-2.4507e-09	-1.5381e-09	6.5826e-10	5.4098e-09	1.163e-08	1.878e-08	2.8016e-08	3.6074e-08	4.4106e-08	5.1677e-08	5.9259e-08	6.818e-08	7.4569e-08	7.9603e-08	8.1486e-08	8.0585e-08	7.8621e-08	7.9122e-08	7.9814e-08	7.7282e-08	7.132e-08	6.1527e-08	5.1761e-08	5.1761e-08	4.1328e-08	3.0428e-08	1.7726e-08	8.6829e-09	2.0599e-09	-1.5295e-09	-3.3531e-09	-3.5803e-09	-4.3557e-09	-4.5929e-09	-4.4875e-09	-3.7836e-09	-2.8373e-09	-1.9634e-09	-1.1841e-09	-6.8989e-10	-5.8461e-10	-4.7427e-10	-7.829e-10	-1.187e-09	-1.5253e-09	-1.9247e-09	-2.3341e-09	-2.4243e-09	-2.738e-09	-3.5693e-09	-4.5027e-09	-5.4658e-09	-5.7588e-09	-6.2949e-09	-6.6591e-09	-6.7011e-09	-6.5945e-09	-6.7704e-09	-7.0844e-09	-6.9368e-09	-6.9631e-09	-7.4946e-09	-7.594e-09
8.1483e-10	1.1441e-09	7.5515e-10	5.9435e-10	6.9139e-10	3.1232e-10	-4.5066e-11	-1.4414e-10	-2.2826e-10	-3.2293e-10	-2.156e-10	3.5256e-10	6.4885e-10	6.9475e-10	6.069e-10	-1.4591e-10	-6.1065e-10	-1.1509e-09	-1.4466e-09	-1.3183e-09	-1.6687e-09	-1.8019e-09	-2.0392e-09	-2.2644e-09	-2.4215e-09	-2.1558e-09	-2.1416e-09	-2.1364e-09	-2.3728e-09	-2.3237e-09	-1.5381e-09	1.4465e-09	6.578e-09	1.3006e-08	2.0246e-08	2.9426e-08	3.7449e-08	4.5463e-08	5.3102e-08	6.0743e-08	6.9491e-08	7.5594e-08	7.5594e-08	8.0193e-08	8.1583e-08	8.0091e-08	7.8792e-08	7.9319e-08	7.9531e-08	7.6419e-08	6.8699e-08	5.9843e-08	4.9788e-08	3.9156e-08	2.8135e-08	1.5817e-08	7.5138e-09	1.6641e-09	-1.4652e-09	-3.0391e-09	-3.0908e-09	-3.8503e-09	-4.3168e-09	-4.348e-09	-3.6379e-09	-2.6252e-09	-1.7349e-09	-1.0553e-09	-5.8604e-10	-5.1734e-10	-4.3815e-10	-7.2157e-10	-1.1257e-09	-1.4739e-09	-1.8583e-09	-2.2191e-09	-2.3284e-09	-2.6909e-09	-3.5304e-09	-4.532e-09	-5.5464e-09	-5.9128e-09	-6.4743e-09	-6.885e-09	-6.9234e-09	-6.8582e-09	-6.9861e-09	-7.2194e-09	-7.0268e-09	-6.9693e-09	-7.5361e-09	-7.5361e-09
9.6296e-10	1.3233e-09	9.4846e-10	7.4275e-10	8.1481e-10	3.8308e-10	-7.0927e-11	-1.8728e-10	-2.454e-10	-2.4449e-10	-5.2337e-11	4.9022e-10	8.1288e-10	8.2105e-10	6.8611e-10	-1.398e-10	-6.4328e-10	-1.1158e-09	-1.3109e-09	-1.22e-09	-1.5906e-09	-1.7518e-09	-2.0313e-09	-2.2794e-09	-2.4648e-09	-2.1525e-09	-2.0522e-09	-2.045e-09	-2.2719e-09	-2.1687e-09	-1.1822e-09	2.2894e-09	2.2894e-09	7.7184e-09	1.4321e-08	2.1655e-08	3.0774e-08	3.8742e-08	4.6754e-08	5.4519e-08	6.218e-08	7.0718e-08	7.65e-08	8.0639e-08	8.1585e-08	8.0091e-08	7.9118e-08	7.9628e-08	7.9259e-08	7.5557e-08	6.7431e-08	5.8198e-08	4.785e-08	3.7005e-08	2.5869e-08	1.3996e-08	6.4379e-09	1.3274e-09	-1.3838e-09	-2.7231e-09	-2.6483e-09	-3.355e-09	-3.9788e-09	-4.1041e-09	-3.394e-09	-2.3199e-09	-1.459e-09	-8.6031e-10	-4.3212e-10	-3.9254e-10	-3.6001e-10	-6.2374e-10	-1.0227e-09	-1.3616e-09	-1.7409e-09	-2.0837e-09	-2.2268e-09	-2.6481e-09	-3.4781e-09	-4.5354e-09	-5.6185e-09	-5.6185e-09	-6.0778e-09	-6.6615e-09	-7.1187e-09	-7.3702e-09	-7.119e-09	-7.1955e-09	-7.34e-09	-7.1126e-09	-6.9812e-09	-7.5584e-09
1.0859e-09	1.4522e-09	1.1107e-09	8.5578e-10	8.8252e-10	4.0925e-10	-1.4034e-10	-2.6968e-10	-2.9821e-10	-2.0336e-10	7.0546e-11	5.6192e-10	9.0132e-10	8.7194e-10	7.0039e-10	-1.6859e-10	-6.8959e-10	-1.0769e-09	-1.1816e-09	-1.1336e-09	-1.5039e-09	-1.6916e-09	-1.6916e-09	-1.995e-09	-2.2474e-09	-2.4413e-09	-1.987e-09	-1.9094e-09	-1.9141e-09	-2.1453e-09	-1.9857e-09	-2.8375e-10	3.1807e-09	8.8305e-09	1.5578e-08	2.3013e-08	3.2083e-08	3.9983e-08	4.8007e-08	5.5938e-08	6.3594e-08	7.1899e-08	7.7326e-08	8.0974e-08	8.1514e-08	7.9902e-08	7.9571e-08	8.0028e-08	7.9006e-08	7.4698e-08	6.7431e-08	5.6576e-08	4.5944e-08	3.4878e-08	2.3659e-08	1.3996e-08	5.442e-09	1.0106e-09	-1.325e-09	-2.4432e-09	-2.6483e-09	-2.8944e-09	-3.5671e-09	-3.7245e-09	-3.0234e-09	-2.3199e-09	-1.1371e-09	-5.9848e-10	-2.2797e-10	-2.092e-10	-2.513e-10	-2.513e-10	-5.0161e-10	-8.9235e-10	-1.2075e-09	-1.4195e-09	-1.9399e-09	-2.1277e-09	-2.6139e-09	-3.4224e-09	-4.4966e-09	-5.6807e-09	-6.2409e-09	-6.8375e-09	-7.3352e-09	-7.5514e-09	-7.3498e-09	-7.3754e-09	-7.4334e-09	-7.1905e-09	-7.0017e-09	-7.564e-09
1.1668e-09	1.509e-09	1.2133e-09	9.066e-10	8.747e-10	3.7604e-10	-2.6042e-10	-3.9493e-10	-3.9207e-10	-2.0952e-10	1.3752e-10	5.5028e-10	5.5028e-10	8.9255e-10	8.2819e-10	6.345e-10	-3.6962e-10	-7.5323e-10	-1.0357e-09	-1.0678e-09	-1.0605e-09	-1.2952e-09	-1.6214e-09	-1.9263e-09	-2.1589e-09	-2.3357e-09	-1.8303e-09	-1.7294e-09	-1.7572e-09	-2.0006e-09	-1.7753e-09	2.5399e-10	4.1167e-09	9.9292e-09	1.6799e-08	2.434e-08	3.3376e-08	4.1204e-08	4.9252e-08	5.7373e-08	6.5006e-08	7.3075e-08	7.8113e-08	8.123e-08	8.139e-08	7.9777e-08	8.0124e-08	8.0495e-08	7.8779e-08	7.3843e-08	6.617e-08	5.496e-08	4.4064e-08	3.2781e-08	2.1532e-08	1.228e-08	4.5127e-09	6.7473e-10	-1.3282e-09	-2.2378e-09	-2.2924e-09	-2.0421e-09	-2.4842e-09	-3.0844e-09	-3.2054e-09	-2.5232e-09	-1.4527e-09	-7.8755e-10	-2.9426e-10	6.7276e-12	1.2665e-11	-1.2471e-10	-3.6839e-10	-7.4996e-10	-1.0319e-09	-1.4195e-09	-1.8001e-09	-2.0394e-09	-2.5923e-09	-3.3733e-09	-4.4966e-09	-5.7314e-09	-6.3894e-09	-6.9827e-09	-7.5098e-09	-7.6754e-09	-7.5238e-09	-7.5025e-09	-7.4869e-09	-7.2566e-09	-7.0417e-09	-7.5552e-09
1.1889e-09	1.4717e-09	1.4717e-09	1.2275e-09	8.6838e-10	7.7151e-10	7.2408e-11	-4.3832e-10	-5.6661e-10	-5.3234e-10	-2.7292e-10	4.1597e-11	4.3786e-10	7.6492e-10	6.7058e-10	4.7316e-10	-5.599e-10	-8.3782e-10	-9.9461e-10	-9.7891e-10	-1.0029e-09	-1.1845e-09	-1.5517e-09	-1.8382e-09	-2.0288e-09	-2.1648e-09	-1.6592e-09	-1.5416e-09	-1.5985e-09	-1.851e-09	-1.5386e-09	8.4632e-10	5.0939e-09	1.103e-08	1.8006e-08	2.5653e-08	3.4675e-08	4.2436e-08	5.0518e-08	5.8837e-08	6.6441e-08	7.4285e-08	7.8902e-08	8.144e-08	8.1235e-08	7.9734e-08	8.075e-08	8.1007e-08	7.8584e-08	7.2995e-08	6.4902e-08	6.3611e-08	5.3334e-08	4.2206e-08	3.072e-08	1.9513e-08	9.2238e-09	3.6415e-09	3.0036e-10	-1.4108e-09	-2.1241e-09	-1.8831e-09	-2.125e-09	-2.5573e-09	-2.5879e-09	-1.9327e-09	-9.5208e-10	-4.2984e-10	2.5609e-11	2.5049e-10	2.5111e-10	7.0831e-12	-2.3731e-10	-6.1093e-10	-8.5568e-10	-1.2509e-09	-1.6765e-09	-1.9701e-09	-2.5875e-09	-3.3407e-09	-4.4708e-09	-5.7692e-09	-6.5107e-09	-7.078e-09	-7.6174e-09	-7.6754e-09	-7.6138e-09	-7.5536e-09	-7.4876e-09	-7.3075e-09	-7.0417e-09	-7.5335e-09
1.0965e-09	9.8978e-10	1.3186e-09	1.1246e-09	7.1429e-10	5.5311e-10	-2.2758e-10	-6.8115e-10	-7.883e-10	-7.2441e-10	-4.0354e-10	-1.5007e-10	2.0997e-10	5.0005e-10	3.8288e-10	2.0357e-10	-8.0842e-10	-9.4667e-10	-9.634e-10	-9.2397e-10	-9.6821e-10	-1.0942e-09	-1.4993e-09	-1.753e-09	-1.8855e-09	-1.9635e-09	-1.5037e-09	-1.3753e-09	-1.4624e-09	-1.7095e-09	-1.2766e-09	1.4899e-09	6.1087e-09	1.2149e-08	1.9223e-08	2.6973e-08	3.6005e-08	4.371e-08	5.1833e-08	6.0341e-08	6.792e-08	6.9467e-08	7.5567e-08	7.9732e-08	8.1637e-08	8.1069e-08	7.9966e-08	8.142e-08	8.154e-08	7.8428e-08	7.2155e-08	6.2276e-08	5.1679e-08	4.0359e-08	2.8694e-08	1.7615e-08	7.8825e-09	2.8271e-09	-1.0004e-10	-1.5547e-09	-2.0859e-09	-1.798e-09	-1.8162e-09	-2.0146e-09	-1.9169e-09	-1.295e-09	-4.4969e-10	-8.3608e-11	3.3438e-10	4.8183e-10	4.842e-10	1.3138e-10	-1.216e-10	-4.9061e-10	-6.9925e-10	-1.1005e-09	-1.5811e-09	-1.9283e-09	-2.6036e-09	-3.3345e-09	-4.4517e-09	-5.7925e-09	-6.5918e-09	-7.1041e-09	-7.6333e-09	-7.7208e-09	-7.5989e-09	-7.5107e-09	-7.4254e-09	-7.339e-09	-7.1054e-09	-7.1799e-09
9.6392e-10	7.3503e-10	1.0276e-09	8.7607e-10	4.1748e-10	1.9967e-10	-6.4289e-10	-9.9434e-10	-1.0624e-09	-9.723e-10	-6.0958e-10	-4.3268e-10	-1.2164e-10	1.1166e-10	-2.1639e-11	-1.632e-10	-1.1035e-09	-1.0829e-09	-9.5638e-10	-9.1203e-10	-9.6684e-10	-1.0445e-09	-1.481e-09	-1.6934e-09	-1.7575e-09	-1.7672e-09	-1.3937e-09	-1.26e-09	-1.3732e-09	-1.5894e-09	-9.9026e-10	-6.8071e-10	2.1816e-09	7.1576e-09	1.3301e-08	2.0471e-08	2.9708e-08	3.7388e-08	4.5058e-08	5.3227e-08	6.1898e-08	7.1103e-08	7.6962e-08	8.0643e-08	8.1852e-08	8.0915e-08	8.025e-08	8.2094e-08	8.2054e-08	7.8288e-08	7.1305e-08	6.0868e-08	4.9974e-08	3.8501e-08	2.6697e-08	1.5831e-08	6.6533e-09	2.069e-09	-5.1111e-10	-1.7387e-09	-2.1038e-09	-1.7694e-09	-1.5572e-09	-1.4848e-09	-1.2377e-09	-6.5321e-10	2.2379e-11	2.3154e-10	6.053e-10	6.7926e-10	6.8998e-10	2.3548e-10	-3.4487e-11	-4.0438e-10	-5.8327e-10	-9.8591e-10	-1.5264e-09	-1.9221e-09	-2.6447e-09	-3.3648e-09	-4.4472e-09	-4.464e-09	-5.8001e-09	-6.6225e-09	-7.0462e-09	-7.5387e-09	-7.5346e-09	-7.4883e-09	-7.3816e-09	-7.303e-09	-7.3452e-09	-7.247e-09
7.3518e-10	3.5763e-10	5.8126e-10	4.579e-10	-4.4122e-11	-3.0444e-10	-1.1543e-09	-1.3665e-09	-1.3794e-09	-1.267e-09	-8.8204e-10	-7.8421e-10	-5.3021e-10	-3.684e-10	-5.1304e-10	-6.0249e-10	-1.4336e-09	-1.2496e-09	-9.8781e-10	-9.5211e-10	-1.0093e-09	-1.1062e-09	-1.056e-09	-1.5134e-09	-1.682e-09	-1.6734e-09	-1.5307e-09	-1.3593e-09	-1.2252e-09	-1.3553e-09	-1.5037e-09	-3.4892e-10	2.9179e-09	8.237e-09	1.4501e-08	2.1774e-08	3.116e-08	3.8848e-08	4.6511e-08	5.4729e-08	6.3521e-08	7.2818e-08	7.8462e-08	8.1631e-08	8.2091e-08	8.0778e-08	8.059e-08	8.2712e-08	8.2476e-08	7.8091e-08	7.0394e-08	5.9357e-08	4.8194e-08	3.6609e-08	2.472e-08	1.4148e-08	5.5264e-09	1.3668e-09	-9.1748e-10	-1.9413e-09	-2.1585e-09	-1.78e-09	-1.3471e-09	-9.9677e-10	-5.9509e-10	-5.0293e-11	4.32e-10	4.9598e-10	8.1161e-10	8.213e-10	8.4652e-10	9.3188e-10	3.0671e-10	1.0799e-11	-3.6761e-10	-5.2833e-10	-9.3159e-10	-1.5223e-09	-1.9584e-09	-2.7138e-09	-3.4388e-09	-4.4997e-09	-5.7922e-09	-6.6041e-09	-6.9134e-09	-7.3472e-09	-7.3293e-09	-7.3013e-09	-7.1826e-09	-7.1271e-09	-7.3195e-09	-7.2883e-09
3.9892e-10	3.5763e-10	2.2177e-12	-1.0711e-10	-6.4595e-10	-9.3348e-10	-1.7249e-09	-1.7766e-09	-1.7234e-09	-1.5923e-09	-1.2022e-09	-1.551e-09	-1.1825e-09	-9.888e-10	-9.0805e-10	-1.0612e-09	-1.5995e-09	-1.7868e-09	-1.4499e-09	-1.072e-09	-1.0533e-09	-1.2679e-09	-1.1491e-09	-1.6134e-09	-1.7414e-09	-1.6616e-09	-1.5611e-09	-1.4304e-09	-1.3002e-09	-1.4331e-09	-1.4656e-09	4.1049e-12	3.6955e-09	9.3434e-09	1.5765e-08	2.3153e-08	3.2677e-08	4.0386e-08	4.8071e-08	5.6339e-08	6.5198e-08	7.4546e-08	7.9988e-08	8.2624e-08	8.2317e-08	8.0644e-08	8.093e-08	8.321e-08	8.2729e-08	7.7759e-08	6.9369e-08	5.7711e-08	4.6318e-08	3.466e-08	2.2754e-08	1.2555e-08	4.492e-09	7.1976e-10	-1.3038e-09	-2.1412e-09	-2.2306e-09	-2.3009e-09	-1.8124e-09	-1.1854e-09	-5.7915e-10	-3.4321e-11	8.6656e-10	7.4704e-10	6.901e-10	9.2657e-10	8.8645e-10	9.2917e-10	3.3462e-10	3.8782e-12	-3.9208e-10	-5.5053e-10	-1.0026e-09	-1.5686e-09	-2.0361e-09	-2.8088e-09	-3.5504e-09	-4.5492e-09	-5.7696e-09	-6.5418e-09	-6.7223e-09	-7.0823e-09	-7.0724e-09	-7.057e-09	-6.93e-09	-6.9048e-09	-7.2554e-09	-7.2857e-09
-2.9695e-11	-2.9695e-11	-6.7653e-10	-6.6368e-10	-7.6974e-10	-1.337e-09	-1.6383e-09	-2.3179e-09	-2.2036e-09	-2.0781e-09	-1.9315e-09	-1.551e-09	-1.6053e-09	-1.4705e-09	-1.4752e-09	-1.6359e-09	-1.5995e-09	-2.1516e-09	-1.6869e-09	-1.2232e-09	-1.2245e-09	-1.505e-09	-1.3441e-09	-1.7978e-09	-1.8942e-09	-1.7508e-09	-1.7371e-09	-1.6366e-09	-1.5143e-09	-1.6306e-09	-1.488e-09	3.7964e-10	4.5101e-09	1.0471e-08	1.7093e-08	2.4612e-08	3.4229e-08	4.1971e-08	4.97e-08	5.801e-08	6.6884e-08	7.6213e-08	8.1453e-08	8.3541e-08	8.2489e-08	8.0498e-08	8.1215e-08	8.3525e-08	8.274e-08	7.7214e-08	6.8177e-08	6.6763e-08	5.5899e-08	4.4322e-08	3.2632e-08	2.0792e-08	9.5961e-09	3.5402e-09	1.2745e-10	-1.6547e-09	-2.317e-09	-2.3498e-09	-1.8492e-09	-1.0713e-09	-2.6066e-10	3.996e-10	1.1037e-09	9.4222e-10	7.9864e-10	9.3017e-10	8.5886e-10	8.4744e-10	3.2022e-10	-5.1052e-11	-4.7111e-10	-6.4297e-10	-1.129e-09	-1.6616e-09	-2.1519e-09	-2.9256e-09	-3.6892e-09	-4.6074e-09	-5.7329e-09	-6.4407e-09	-6.4895e-09	-6.7675e-09	-6.781e-09	-6.7745e-09	-6.64e-09	-6.6429e-09	-7.1464e-09	-7.2209e-09
-2.4794e-10	-5.2045e-10	-1.2623e-09	-1.3704e-09	-1.4805e-09	-2.066e-09	-2.3695e-09	-2.8962e-09	-2.6265e-09	-2.4273e-09	-2.2683e-09	-1.9098e-09	-2.0306e-09	-1.9483e-09	-2.0378e-09	-2.2071e-09	-2.1077e-09	-2.5161e-09	-1.9637e-09	-1.4558e-09	-1.4748e-09	-1.505e-09	-1.6613e-09	-2.0829e-09	-2.1627e-09	-1.9691e-09	-1.7371e-09	-1.9826e-09	-1.8706e-09	-1.9483e-09	-1.5685e-09	3.7964e-10	5.3552e-09	1.1609e-08	1.8464e-08	2.6122e-08	3.5786e-08	4.3569e-08	5.1352e-08	5.9695e-08	6.8529e-08	7.0082e-08	7.775e-08	8.2771e-08	8.4302e-08	8.2567e-08	8.0099e-08	8.1388e-08	8.3595e-08	8.2432e-08	7.638e-08	6.5075e-08	5.3892e-08	4.2183e-08	3.0501e-08	1.8825e-08	8.2074e-09	2.6615e-09	-4.1069e-10	-1.9548e-09	-2.4475e-09	-2.3612e-09	-1.8741e-09	-1.0019e-09	-6.278e-11	6.7127e-10	1.196e-09	1.0273e-09	8.286e-10	8.3695e-10	7.5147e-10	7.0399e-10	2.6821e-10	-1.4514e-10	-5.9218e-10	-7.9142e-10	-1.3016e-09	-1.7974e-09	-2.3022e-09	-3.0603e-09	-3.8448e-09	-4.6693e-09	-5.6829e-09	-6.306e-09	-6.2316e-09	-6.4266e-09	-6.4724e-09	-6.4729e-09	-6.3289e-09	-6.3482e-09	-6.3482e-09	-6.7675e-09
-7.0055e-10	-1.043e-09	-1.8462e-09	-2.0718e-09	-2.1898e-09	-2.7817e-09	-3.0777e-09	-3.4228e-09	-3.0242e-09	-2.7549e-09	-2.5863e-09	-2.2596e-09	-2.4361e-09	-2.3954e-09	-2.5637e-09	-2.7447e-09	-2.5892e-09	-2.8687e-09	-2.2834e-09	-1.7837e-09	-1.8132e-09	-1.8279e-09	-2.0992e-09	-2.4675e-09	-2.5479e-09	-2.3207e-09	-2.066e-09	-2.4324e-09	-2.3305e-09	-2.3487e-09	-1.6795e-09	-1.6795e-09	1.2183e-09	6.2243e-09	1.2749e-08	1.9852e-08	2.7652e-08	3.7316e-08	4.5144e-08	5.2985e-08	6.1342e-08	7.0082e-08	7.9084e-08	8.3855e-08	8.4829e-08	8.2509e-08	8.0099e-08	8.1392e-08	8.3356e-08	8.1731e-08	7.5178e-08	6.5075e-08	5.1659e-08	3.9879e-08	2.8245e-08	1.6844e-08	6.8666e-09	1.8465e-09	-8.9589e-10	-2.1924e-09	-2.516e-09	-2.3342e-09	-1.8765e-09	-9.6202e-10	3.0096e-11	7.9489e-10	1.1727e-09	1.0231e-09	7.9408e-10	6.7247e-10	5.864e-10	5.1614e-10	1.8329e-10	-2.6954e-10	-7.4273e-10	-9.8161e-10	-1.5116e-09	-1.9725e-09	-2.4837e-09	-3.209e-09	-3.209e-09	-4.1646e-09	-4.7299e-09	-5.6202e-09	-6.1428e-09	-5.9651e-09	-5.7605e-09	-6.164e-09	-6.1714e-09	-6.0129e-09	-6.0275e-09	-6.4851e-09
-1.1586e-09	-1.5668e-09	-2.3928e-09	-2.7219e-09	-2.8481e-09	-3.4327e-09	-3.7134e-09	-3.8609e-09	-3.3757e-09	-3.0447e-09	-2.8689e-09	-2.5816e-09	-2.7997e-09	-2.7849e-09	-3.0212e-09	-3.2186e-09	-3.0194e-09	-3.2012e-09	-2.642e-09	-2.2046e-09	-2.2347e-09	-2.2347e-09	-2.6965e-09	-2.622e-09	-2.9211e-09	-3.0166e-09	-2.7707e-09	-3.026e-09	-2.9463e-09	-2.8519e-09	-2.7906e-09	-1.7912e-09	1.6919e-09	7.1109e-09	1.3879e-08	2.1233e-08	2.917e-08	3.8788e-08	4.6662e-08	5.4555e-08	6.2902e-08	7.1493e-08	8.0145e-08	8.4619e-08	8.504e-08	8.2274e-08	7.9813e-08	8.1172e-08	8.2745e-08	8.0561e-08	7.3531e-08	6.3059e-08	4.9181e-08	3.7396e-08	2.5851e-08	1.4846e-08	6.8666e-09	1.089e-09	-1.333e-09	-2.3747e-09	-2.5303e-09	-2.3342e-09	-1.8477e-09	-9.3253e-10	4.5386e-11	8.0047e-10	1.1727e-09	9.5056e-10	7.0918e-10	4.6228e-10	4.6228e-10	1.7177e-10	3.012e-10	7.0137e-11	-4.1539e-10	-9.1022e-10	-1.4303e-09	-1.7497e-09	-2.1829e-09	-2.6929e-09	-3.3677e-09	-4.3079e-09	-4.7839e-09	-5.5456e-09	-5.9564e-09	-5.7068e-09	-5.4821e-09	-5.8728e-09	-5.8888e-09	-5.7081e-09	-5.688e-09	-6.1456e-09
-1.5955e-09	-2.0617e-09	-2.8664e-09	-3.2746e-09	-3.406e-09	-3.9677e-09	-4.2272e-09	-4.1736e-09	-3.66e-09	-3.2806e-09	-3.0998e-09	-3.0998e-09	-3.0762e-09	-3.1095e-09	-3.1039e-09	-3.3935e-09	-3.6122e-09	-3.6902e-09	-3.5108e-09	-3.0247e-09	-2.6893e-09	-2.7128e-09	-3.1907e-09	-3.1905e-09	-3.4107e-09	-3.5324e-09	-3.2808e-09	-3.573e-09	-3.4849e-09	-3.3922e-09	-3.2329e-09	-1.8739e-09	2.2088e-09	8.0085e-09	1.4991e-08	2.2583e-08	3.0646e-08	4.0172e-08	4.8089e-08	5.6016e-08	6.4325e-08	7.2713e-08	8.086e-08	8.4976e-08	8.4856e-08	8.1822e-08	7.9448e-08	8.0685e-08	8.172e-08	7.8872e-08	7.1388e-08	6.068e-08	4.6505e-08	3.4773e-08	2.3358e-08	1.2855e-08	5.5764e-09	3.8357e-10	-1.7278e-09	-2.5146e-09	-2.5062e-09	-2.5062e-09	-2.1808e-09	-1.7788e-09	-8.9445e-10	1.052e-11	7.1803e-10	8.9611e-10	8.3064e-10	5.88e-10	2.3197e-10	1.7177e-10	7.6503e-11	-6.6548e-11	-5.7385e-10	-1.0821e-09	-1.4303e-09	-2.0072e-09	-2.4251e-09	-2.9264e-09	-3.5324e-09	-4.3079e-09	-4.8268e-09	-5.46e-09	-5.7522e-09	-5.473e-09	-5.2606e-09	-5.6108e-09	-5.6359e-09	-5.4251e-09	-5.3395e-09	-5.768e-09
-1.9848e-09	-1.9848e-09	-2.843e-09	-3.2317e-09	-3.6842e-09	-3.8144e-09	-4.336e-09	-4.7241e-09	-4.3459e-09	-3.8667e-09	-3.4555e-09	-3.2716e-09	-3.2447e-09	-3.3691e-09	-3.3613e-09	-3.689e-09	-3.9307e-09	-3.9415e-09	-3.795e-09	-3.4153e-09	-3.2062e-09	-3.2188e-09	-3.689e-09	-3.7656e-09	-3.9032e-09	-4.0587e-09	-3.8125e-09	-4.1085e-09	-4.0084e-09	-3.9092e-09	-3.6346e-09	-1.8978e-09	2.7741e-09	8.9104e-09	1.6073e-08	2.3877e-08	3.2048e-08	4.1436e-08	4.939e-08	5.7326e-08	6.5562e-08	7.3691e-08	8.1177e-08	8.4863e-08	8.4223e-08	8.1127e-08	7.8992e-08	7.9965e-08	8.0334e-08	7.6741e-08	6.8826e-08	6.8826e-08	5.5112e-08	4.3694e-08	3.2064e-08	2.0822e-08	1.0903e-08	3.1734e-09	-2.7513e-10	-2.0865e-09	-2.6254e-09	-2.4592e-09	-2.0625e-09	-1.6609e-09	-8.2873e-10	-4.7074e-11	5.7757e-10	7.0125e-10	6.8423e-10	4.4466e-10	7.0908e-12	-3.3524e-11	-1.4065e-10	-2.2207e-10	-7.3605e-10	-1.2458e-09	-1.6603e-09	-2.2751e-09	-2.6953e-09	-3.1807e-09	-3.6996e-09	-4.4269e-09	-4.8626e-09	-5.3713e-09	-5.5432e-09	-5.2765e-09	-5.2606e-09	-5.3851e-09	-5.4161e-09	-5.1695e-09	-4.9945e-09	-5.768e-09
-2.3104e-09	-2.3e-09	-3.0871e-09	-3.4746e-09	-3.9326e-09	-4.0534e-09	-4.5181e-09	-4.7207e-09	-4.3975e-09	-4.0021e-09	-3.5759e-09	-3.3909e-09	-3.3693e-09	-3.584e-09	-3.5683e-09	-3.9181e-09	-4.181e-09	-4.1452e-09	-4.0517e-09	-3.7979e-09	-3.7238e-09	-3.7239e-09	-4.1647e-09	-4.3081e-09	-4.3657e-09	-4.5593e-09	-4.3274e-09	-4.5905e-09	-4.4773e-09	-4.3604e-09	-3.9546e-09	-1.8329e-09	3.3932e-09	9.8102e-09	1.7115e-08	2.509e-08	3.3345e-08	4.2558e-08	5.0539e-08	5.8451e-08	6.6575e-08	6.6575e-08	7.4837e-08	8.1134e-08	8.4331e-08	8.321e-08	8.024e-08	7.7896e-08	7.9068e-08	7.8677e-08	7.4286e-08	6.5965e-08	5.2109e-08	4.0816e-08	2.9323e-08	1.8298e-08	9.0216e-09	2.0734e-09	-8.9249e-10	-2.4148e-09	-2.7201e-09	-2.4051e-09	-1.9218e-09	-1.4854e-09	-7.1634e-10	-9.9967e-11	4.0913e-10	5.0763e-10	5.3225e-10	2.9326e-10	-1.8679e-10	-2.0795e-10	-3.3365e-10	-3.9192e-10	-8.9353e-10	-1.3895e-09	-1.8756e-09	-2.5507e-09	-2.9905e-09	-3.454e-09	-3.872e-09	-4.5253e-09	-4.9033e-09	-5.2933e-09	-5.3495e-09	-5.1269e-09	-5.0988e-09	-5.2027e-09	-5.2325e-09	-4.9466e-09	-4.9466e-09	-4.6659e-09
-2.4729e-09	-2.5302e-09	-3.246e-09	-3.6154e-09	-4.0459e-09	-4.1509e-09	-4.5458e-09	-4.596e-09	-4.3511e-09	-4.0743e-09	-3.6501e-09	-3.4656e-09	-3.4567e-09	-3.7594e-09	-3.7358e-09	-4.0913e-09	-4.3701e-09	-4.3073e-09	-4.2784e-09	-4.1565e-09	-4.2104e-09	-4.1993e-09	-4.5908e-09	-4.7788e-09	-4.7651e-09	-4.9976e-09	-4.7872e-09	-4.9768e-09	-4.8518e-09	-4.7036e-09	-4.1518e-09	-4.1518e-09	-1.324e-09	4.0705e-09	1.0704e-08	1.8112e-08	2.6205e-08	3.5573e-08	4.3559e-08	5.1554e-08	5.9411e-08	6.7384e-08	7.5079e-08	8.08e-08	8.3469e-08	8.193e-08	7.9235e-08	7.7313e-08	7.805e-08	7.6834e-08	7.1626e-08	6.2924e-08	4.9083e-08	3.7936e-08	2.6606e-08	1.5844e-08	7.2421e-09	1.0496e-09	-1.4739e-09	-2.7188e-09	-2.8118e-09	-2.3594e-09	-1.7629e-09	-1.2433e-09	-5.3825e-10	-1.2073e-10	2.4273e-10	3.4347e-10	3.949e-10	1.4744e-10	-3.2523e-10	-3.3045e-10	-5.0079e-10	-5.7497e-10	-1.0456e-09	-1.514e-09	-2.0752e-09	-2.8366e-09	-3.308e-09	-3.7459e-09	-3.7459e-09	-4.0588e-09	-4.7264e-09	-4.9616e-09	-5.2403e-09	-5.1915e-09	-5.0334e-09	-4.9646e-09	-5.0706e-09	-5.0882e-09	-4.7616e-09	-4.3662e-09
-2.5679e-09	-2.6888e-09	-3.3391e-09	-3.6777e-09	-4.0545e-09	-4.1392e-09	-4.4554e-09	-4.3864e-09	-4.2298e-09	-4.0911e-09	-3.6861e-09	-3.5039e-09	-3.5136e-09	-3.9007e-09	-3.8751e-09	-4.2191e-09	-4.505e-09	-4.4341e-09	-4.473e-09	-4.475e-09	-4.6344e-09	-4.6344e-09	-4.9467e-09	-4.9407e-09	-5.1388e-09	-5.0684e-09	-5.3372e-09	-5.3953e-09	-5.2336e-09	-5.1002e-09	-4.9041e-09	-4.1922e-09	-8.6082e-10	4.8062e-09	1.1598e-08	1.9076e-08	2.7238e-08	3.6552e-08	4.4474e-08	5.2469e-08	6.0244e-08	6.803e-08	7.5164e-08	8.0245e-08	8.2365e-08	8.0494e-08	7.8188e-08	7.6745e-08	7.6967e-08	7.4894e-08	6.8878e-08	5.9825e-08	4.6127e-08	3.5118e-08	2.3967e-08	1.3513e-08	5.5966e-09	1.0827e-10	-2.0247e-09	-3.0045e-09	-2.9135e-09	-2.3378e-09	-1.5899e-09	-9.2698e-10	-2.7677e-10	-8.3193e-11	1.0734e-10	2.1648e-10	2.7772e-10	1.0914e-11	1.0914e-11	-4.0753e-10	-4.4658e-10	-6.5454e-10	-7.7337e-10	-1.1989e-09	-1.6325e-09	-2.4711e-09	-3.136e-09	-3.6454e-09	-4.0558e-09	-4.2695e-09	-4.863e-09	-5.05e-09	-5.2267e-09	-5.0894e-09	-5.0053e-09	-4.9971e-09	-4.9957e-09	-4.9863e-09	-4.6201e-09	-4.1083e-09
-2.6131e-09	-2.7919e-09	-3.3391e-09	-3.6849e-09	-3.9888e-09	-4.0503e-09	-4.2834e-09	-4.1281e-09	-4.0563e-09	-4.0605e-09	-3.6921e-09	-3.6921e-09	-3.5028e-09	-3.547e-09	-4.0131e-09	-3.997e-09	-4.3118e-09	-4.6402e-09	-4.5319e-09	-4.633e-09	-4.7375e-09	-4.9644e-09	-5.1673e-09	-5.1928e-09	-5.3573e-09	-5.2498e-09	-5.5495e-09	-5.5227e-09	-5.3696e-09	-5.23e-09	-4.9675e-09	-4.0786e-09	-2.7475e-10	5.5995e-09	1.2504e-08	2.0027e-08	2.8217e-08	3.7482e-08	4.5337e-08	5.3316e-08	6.0988e-08	6.8553e-08	7.5138e-08	7.9537e-08	8.1108e-08	7.9012e-08	7.7174e-08	7.6222e-08	7.5876e-08	7.2944e-08	6.616e-08	5.6786e-08	4.3335e-08	3.243e-08	2.1459e-08	1.1362e-08	4.1171e-09	-7.4423e-10	-2.5498e-09	-3.2773e-09	-3.2773e-09	-3.0379e-09	-2.4121e-09	-1.4104e-09	-5.5062e-10	5.7139e-11	1.2405e-11	-6.0867e-11	1.1485e-10	1.7234e-10	-1.22e-10	-4.5556e-10	-4.8656e-10	-8.0793e-10	-9.8941e-10	-1.3605e-09	-1.7587e-09	-2.69e-09	-3.4517e-09	-4.0001e-09	-4.3835e-09	-4.5133e-09	-5.0463e-09	-5.1809e-09	-5.2665e-09	-5.0638e-09	-5.0521e-09	-5.0993e-09	-4.9851e-09	-4.9299e-09	-4.5272e-09	-3.9048e-09
-2.626e-09	-2.626e-09	-2.8552e-09	-3.4048e-09	-3.6605e-09	-3.879e-09	-3.9164e-09	-4.0661e-09	-3.8573e-09	-3.8537e-09	-3.9905e-09	-3.676e-09	-3.5028e-09	-3.5634e-09	-4.1021e-09	-4.1128e-09	-4.38e-09	-4.6402e-09	-4.6064e-09	-4.7568e-09	-4.9312e-09	-5.1756e-09	-5.1673e-09	-5.3523e-09	-5.4475e-09	-5.3209e-09	-5.6458e-09	-5.5579e-09	-5.4071e-09	-5.2613e-09	-4.9121e-09	-3.8251e-09	4.1982e-10	6.4492e-09	1.3432e-08	2.0983e-08	2.917e-08	3.8394e-08	4.6183e-08	5.4128e-08	6.168e-08	6.8994e-08	7.5049e-08	7.8744e-08	7.9786e-08	7.7596e-08	7.6268e-08	7.577e-08	7.4832e-08	7.107e-08	7.107e-08	6.3591e-08	5.1364e-08	4.0795e-08	2.9934e-08	1.9137e-08	9.4447e-09	1.7502e-09	-1.5048e-09	-3.0461e-09	-3.5354e-09	-3.1837e-09	-2.4948e-09	-1.2353e-09	-1.4946e-10	4.2534e-10	1.4072e-10	-1.2043e-10	2.5977e-11	6.9784e-11	-2.5735e-10	-4.9208e-10	-5.4593e-10	-9.7398e-10	-1.2254e-09	-1.5373e-09	-1.9062e-09	-2.938e-09	-3.7866e-09	-4.3697e-09	-4.7284e-09	-4.7997e-09	-5.2933e-09	-5.3669e-09	-5.3742e-09	-5.1348e-09	-5.1828e-09	-5.2738e-09	-5.0456e-09	-4.922e-09	-4.4883e-09	-3.7685e-09
-2.3025e-09	-2.6245e-09	-2.8947e-09	-3.416e-09	-3.6281e-09	-3.7556e-09	-3.7698e-09	-3.8398e-09	-3.6101e-09	-3.6446e-09	-3.8891e-09	-3.6461e-09	-3.4795e-09	-3.5696e-09	-4.1725e-09	-4.2314e-09	-4.4332e-09	-4.6547e-09	-4.6611e-09	-4.8467e-09	-5.0602e-09	-5.2785e-09	-5.2868e-09	-5.4335e-09	-5.4367e-09	-5.3053e-09	-5.6502e-09	-5.5579e-09	-5.3683e-09	-5.2144e-09	-4.7561e-09	-3.4462e-09	4.1982e-10	7.3543e-09	1.4394e-08	2.1964e-08	3.0125e-08	3.8394e-08	4.7048e-08	5.4938e-08	5.4938e-08	6.2359e-08	6.9786e-08	7.4945e-08	7.7936e-08	7.8488e-08	7.6357e-08	7.5079e-08	7.5418e-08	7.3891e-08	6.9357e-08	6.1285e-08	4.9123e-08	3.8525e-08	2.7645e-08	1.7015e-08	7.7729e-09	8.4209e-10	-2.1732e-09	-3.5024e-09	-3.7698e-09	-3.337e-09	-2.5892e-09	-1.0757e-09	2.4046e-10	7.8859e-10	2.7541e-10	-1.8199e-10	-6.2715e-11	-3.8882e-11	-4.0122e-10	-5.3983e-10	-6.4829e-10	-1.1657e-09	-1.4835e-09	-1.7365e-09	-2.0888e-09	-3.2263e-09	-4.1439e-09	-4.7515e-09	-5.0901e-09	-5.1381e-09	-5.6208e-09	-5.6205e-09	-5.5639e-09	-5.3229e-09	-5.407e-09	-5.5177e-09	-5.1786e-09	-4.9635e-09	-4.9635e-09	-4.506e-09
-2.2438e-09	-2.626e-09	-2.9262e-09	-3.4386e-09	-3.6111e-09	-3.6488e-09	-3.6426e-09	-3.641e-09	-3.4172e-09	-3.4498e-09	-3.7646e-09	-3.61e-09	-3.4512e-09	-3.5714e-09	-4.2274e-09	-4.3509e-09	-4.4751e-09	-4.6439e-09	-4.6989e-09	-4.9057e-09	-5.1336e-09	-5.2951e-09	-5.3237e-09	-5.4502e-09	-5.3519e-09	-5.2264e-09	-5.5869e-09	-5.5232e-09	-5.2753e-09	-5.1093e-09	-5.1093e-09	-4.5177e-09	-2.9562e-09	2.0766e-09	8.3139e-09	1.5401e-08	2.299e-08	3.1109e-08	4.0287e-08	4.7966e-08	5.5778e-08	6.3061e-08	6.9786e-08	7.4871e-08	7.7179e-08	7.7301e-08	7.5404e-08	7.5079e-08	7.5163e-08	7.306e-08	6.7824e-08	5.9267e-08	4.9123e-08	3.6476e-08	2.5532e-08	1.5072e-08	6.3186e-09	8.5141e-11	-2.7493e-09	-3.9074e-09	-3.9712e-09	-3.4834e-09	-2.6811e-09	-9.4265e-10	5.831e-10	1.1077e-09	3.9014e-10	-2.5933e-10	-1.6382e-10	-1.6261e-10	-5.5965e-10	-6.2158e-10	-8.1722e-10	-1.3962e-09	-1.7661e-09	-1.9648e-09	-2.3199e-09	-3.5663e-09	-4.5264e-09	-5.1432e-09	-5.1432e-09	-5.4682e-09	-5.9988e-09	-6.0339e-09	-5.9453e-09	-5.8403e-09	-5.635e-09	-6.1114e-09	-5.8132e-09	-5.3695e-09	-5.0486e-09	-4.5746e-09
-2.2305e-09	-2.6481e-09	-2.9656e-09	-3.4881e-09	-3.6287e-09	-3.584e-09	-3.5616e-09	-3.4996e-09	-3.2795e-09	-3.2775e-09	-3.6278e-09	-3.5731e-09	-3.4232e-09	-3.5744e-09	-4.2691e-09	-4.466e-09	-4.5081e-09	-4.6161e-09	-4.7226e-09	-4.9372e-09	-4.9372e-09	-5.1609e-09	-5.247e-09	-5.2237e-09	-5.4165e-09	-5.2203e-09	-5.1079e-09	-5.4799e-09	-5.3335e-09	-5.1505e-09	-4.9664e-09	-4.2154e-09	-2.3694e-09	3.0099e-09	9.3268e-09	1.6463e-08	2.4078e-08	3.2151e-08	4.1329e-08	4.8972e-08	5.6681e-08	6.3823e-08	7.0218e-08	7.4847e-08	7.6508e-08	7.6271e-08	7.4768e-08	7.4876e-08	7.4968e-08	7.2301e-08	6.6429e-08	5.7481e-08	4.7145e-08	3.4596e-08	2.3562e-08	1.3287e-08	5.0526e-09	8.5141e-11	-3.2331e-09	-4.2496e-09	-4.1304e-09	-3.6083e-09	-2.6811e-09	-8.4712e-10	8.4241e-10	1.3434e-09	4.5857e-10	-2.5933e-10	-2.8991e-10	-3.1035e-10	-3.1035e-10	-7.387e-10	-9.7807e-10	-1.0763e-09	-1.6784e-09	-2.0755e-09	-2.2294e-09	-2.9754e-09	-3.9621e-09	-4.9329e-09	-5.5397e-09	-5.8589e-09	-6.4954e-09	-6.5042e-09	-6.3204e-09	-6.1811e-09	-6.0407e-09	-6.5373e-09	-6.1402e-09	-5.6008e-09	-5.1707e-09	-4.6874e-09
-2.2817e-09	-2.7053e-09	-3.026e-09	-3.5611e-09	-3.6778e-09	-3.5616e-09	-3.5253e-09	-3.4134e-09	-3.1888e-09	-3.1326e-09	-3.1326e-09	-3.4902e-09	-3.5401e-09	-3.3861e-09	-3.5843e-09	-4.3e-09	-4.5714e-09	-4.5343e-09	-4.541e-09	-4.7349e-09	-4.9445e-09	-5.1513e-09	-5.1563e-09	-5.1238e-09	-5.3464e-09	-5.0692e-09	-4.9732e-09	-5.3533e-09	-5.2233e-09	-5.0161e-09	-4.8057e-09	-3.8673e-09	-1.7002e-09	3.9941e-09	1.0392e-08	1.759e-08	2.5249e-08	3.3276e-08	4.2457e-08	5.0076e-08	5.766e-08	6.4659e-08	7.0702e-08	7.4866e-08	7.5926e-08	7.5405e-08	7.4412e-08	7.4884e-08	7.4801e-08	7.1576e-08	6.5124e-08	5.5866e-08	4.5367e-08	3.2833e-08	2.1703e-08	1.1638e-08	3.9453e-09	-5.452e-10	-3.6244e-09	-4.5176e-09	-4.5176e-09	-4.2379e-09	-3.6974e-09	-2.8014e-09	-8.0018e-10	9.8236e-10	1.4565e-09	4.5436e-10	-5.1642e-10	-4.5359e-10	-4.9104e-10	-9.4444e-10	-9.7807e-10	-1.4374e-09	-2.0189e-09	-2.412e-09	-2.5343e-09	-2.9754e-09	-4.3971e-09	-5.3505e-09	-5.9295e-09	-6.2491e-09	-6.4954e-09	-6.9975e-09	-6.7204e-09	-6.5593e-09	-6.5031e-09	-6.5373e-09	-6.4781e-09	-5.8551e-09	-5.323e-09	-4.8374e-09
-2.2137e-09	-2.3911e-09	-2.7947e-09	-3.1971e-09	-3.6481e-09	-3.7482e-09	-3.5737e-09	-3.5237e-09	-3.3555e-09	-3.1368e-09	-3.0196e-09	-3.3634e-09	-3.5159e-09	-3.3861e-09	-3.6067e-09	-4.3225e-09	-4.6617e-09	-4.5558e-09	-4.5099e-09	-4.7386e-09	-4.9307e-09	-5.1142e-09	-5.0447e-09	-5.0153e-09	-5.2538e-09	-4.9256e-09	-4.8458e-09	-5.2312e-09	-5.1321e-09	-4.8938e-09	-4.6467e-09	-3.4911e-09	-9.6261e-10	5.0201e-09	1.1506e-08	1.8783e-08	2.6503e-08	3.4493e-08	4.3665e-08	5.1268e-08	5.8711e-08	6.5559e-08	7.1231e-08	7.4922e-08	7.5433e-08	7.4709e-08	7.4294e-08	7.5047e-08	7.4625e-08	7.0846e-08	7.0846e-08	6.3866e-08	5.436e-08	4.2163e-08	3.1133e-08	1.992e-08	1.0102e-08	2.9673e-09	-1.5243e-09	-3.9232e-09	-4.7001e-09	-4.2845e-09	-3.7362e-09	-2.8014e-09	-8.1284e-10	9.6693e-10	1.4078e-09	3.512e-10	-7.174e-10	-6.6227e-10	-7.0995e-10	-1.1802e-09	-1.2874e-09	-1.8795e-09	-2.4064e-09	-2.7705e-09	-2.875e-09	-3.3915e-09	-4.8516e-09	-5.7641e-09	-6.2996e-09	-6.6237e-09	-6.9974e-09	-7.4798e-09	-7.1201e-09	-6.9482e-09	-6.9853e-09	-6.9734e-09	-6.8068e-09	-6.1152e-09	-5.4986e-09	-5.0178e-09
-2.3494e-09	-2.5441e-09	-2.9082e-09	-3.2947e-09	-3.7395e-09	-3.8296e-09	-3.6127e-09	-3.5465e-09	-3.3583e-09	-3.1151e-09	-2.9432e-09	-3.259e-09	-3.5051e-09	-3.4044e-09	-3.6472e-09	-4.3388e-09	-4.7316e-09	-4.5749e-09	-4.4938e-09	-4.7365e-09	-4.8992e-09	-5.0588e-09	-4.9341e-09	-4.9163e-09	-5.1527e-09	-4.816e-09	-4.7488e-09	-5.1372e-09	-5.0692e-09	-4.7931e-09	-4.4949e-09	-3.093e-09	-1.6718e-10	6.0834e-09	1.2663e-08	2.0032e-08	2.7825e-08	3.5791e-08	4.4947e-08	5.2537e-08	5.2537e-08	5.983e-08	6.6514e-08	7.2393e-08	7.5008e-08	7.5031e-08	7.4189e-08	7.4372e-08	7.5616e-08	7.4405e-08	7.0073e-08	6.2607e-08	5.2904e-08	4.0612e-08	2.9446e-08	1.8181e-08	8.658e-09	2.0892e-09	-1.9221e-09	-4.1293e-09	-4.7856e-09	-4.2609e-09	-3.7101e-09	-2.7491e-09	-8.9004e-10	7.7837e-10	1.1776e-09	1.3543e-10	-9.5898e-10	-9.0897e-10	-9.6207e-10	-1.4415e-09	-1.6693e-09	-2.376e-09	-2.8265e-09	-3.1454e-09	-3.2459e-09	-3.8438e-09	-5.3056e-09	-6.1589e-09	-6.6375e-09	-6.9681e-09	-7.4743e-09	-7.9168e-09	-7.4942e-09	-7.3206e-09	-7.4504e-09	-7.3901e-09	-7.1059e-09	-7.1059e-09	-6.3635e-09	-5.6908e-09
-2.5114e-09	-2.7262e-09	-3.0376e-09	-3.3916e-09	-3.8258e-09	-3.912e-09	-3.6709e-09	-3.5835e-09	-3.3653e-09	-3.1155e-09	-2.9079e-09	-3.1883e-09	-3.5126e-09	-3.4456e-09	-3.7114e-09	-4.3515e-09	-4.7759e-09	-4.5937e-09	-4.5004e-09	-4.7314e-09	-4.8532e-09	-4.9945e-09	-4.8457e-09	-4.8354e-09	-5.0526e-09	-4.7514e-09	-4.6919e-09	-5.0807e-09	-5.0322e-09	-4.7124e-09	-4.7124e-09	-4.3422e-09	-2.6678e-09	1.5699e-09	7.1798e-09	1.3856e-08	2.1326e-08	2.9202e-08	3.8579e-08	4.6297e-08	5.3872e-08	6.1012e-08	6.7514e-08	7.301e-08	7.5116e-08	7.4721e-08	7.3851e-08	7.4606e-08	7.5911e-08	7.4107e-08	6.9218e-08	6.1304e-08	5.1437e-08	3.9012e-08	2.7718e-08	1.6454e-08	7.2838e-09	1.2815e-09	-2.2847e-09	-4.2457e-09	-4.7696e-09	-4.1636e-09	-3.6121e-09	-2.6553e-09	-1.0197e-09	4.4999e-10	8.0085e-10	-1.7121e-10	-1.228e-09	-1.1842e-09	-1.2406e-09	-1.7228e-09	-2.0997e-09	-2.9003e-09	-3.2648e-09	-3.5305e-09	-3.641e-09	-4.3143e-09	-5.7393e-09	-5.7393e-09	-6.5199e-09	-6.9301e-09	-7.2673e-09	-8.232e-09	-8.2744e-09	-7.8174e-09	-7.6497e-09	-7.8616e-09	-8.0487e-09	-7.3552e-09	-6.5828e-09	-5.8928e-09
-2.6861e-09	-2.9229e-09	-3.1748e-09	-3.481e-09	-3.8975e-09	-3.985e-09	-3.7404e-09	-3.6244e-09	-3.3638e-09	-3.1296e-09	-2.9185e-09	-3.1631e-09	-3.543e-09	-3.5139e-09	-3.8047e-09	-4.3627e-09	-4.7894e-09	-4.6144e-09	-4.53e-09	-4.7257e-09	-4.7257e-09	-4.7983e-09	-4.928e-09	-4.7566e-09	-4.7723e-09	-4.959e-09	-4.7282e-09	-4.6728e-09	-5.066e-09	-5.0182e-09	-4.6493e-09	-4.1798e-09	-2.2101e-09	2.4982e-09	8.3053e-09	1.508e-08	2.2654e-08	3.0617e-08	4.0047e-08	4.7709e-08	5.5261e-08	6.2254e-08	6.855e-08	7.364e-08	7.5239e-08	7.4506e-08	7.3701e-08	7.4954e-08	7.6139e-08	7.3694e-08	6.8242e-08	5.991e-08	4.9898e-08	3.7318e-08	2.5916e-08	1.4718e-08	5.9655e-09	5.2339e-10	-2.6107e-09	-4.2836e-09	-4.6667e-09	-4.005e-09	-3.4553e-09	-2.5339e-09	-1.1866e-09	2.3957e-11	3.219e-10	-5.4082e-10	-1.5111e-09	-1.4785e-09	-1.4785e-09	-1.5387e-09	-2.0184e-09	-3.0103e-09	-3.4258e-09	-3.7069e-09	-3.92e-09	-4.0546e-09	-5.2378e-09	-6.1326e-09	-6.832e-09	-7.1648e-09	-7.5065e-09	-8.4522e-09	-8.5184e-09	-8.0644e-09	-7.9086e-09	-8.182e-09	-8.235e-09	-7.5361e-09	-6.757e-09	-6.0978e-09
-2.8596e-09	-3.1197e-09	-3.3116e-09	-3.481e-09	-3.9452e-09	-4.0386e-09	-3.8135e-09	-3.659e-09	-3.3638e-09	-3.1494e-09	-3.1494e-09	-2.979e-09	-3.1941e-09	-3.6833e-09	-3.607e-09	-3.9239e-09	-4.3736e-09	-4.7743e-09	-4.6636e-09	-4.5755e-09	-4.7212e-09	-4.7415e-09	-4.8642e-09	-4.7477e-09	-4.7263e-09	-4.8774e-09	-4.7421e-09	-4.6884e-09	-5.0997e-09	-5.0242e-09	-4.6018e-09	-3.9993e-09	-1.7143e-09	3.4571e-09	9.4555e-09	1.6329e-08	2.4007e-08	3.2057e-08	4.1548e-08	4.9178e-08	5.6695e-08	6.355e-08	6.9611e-08	7.4277e-08	7.537e-08	7.4385e-08	7.3745e-08	7.5376e-08	7.6255e-08	7.3142e-08	6.7119e-08	5.8394e-08	4.8246e-08	3.5535e-08	2.4054e-08	1.2993e-08	4.7119e-09	-1.8178e-10	-2.8956e-09	-4.2557e-09	-4.2557e-09	-4.4946e-09	-3.8002e-09	-3.0319e-09	-2.3988e-09	-1.3759e-09	-4.5758e-10	-2.1487e-10	-1.3574e-09	-1.7953e-09	-1.7824e-09	-1.8497e-09	-2.3224e-09	-3.4424e-09	-3.9257e-09	-4.1382e-09	-4.308e-09	-4.4809e-09	-5.6549e-09	-6.4659e-09	-7.0803e-09	-7.3288e-09	-7.6709e-09	-8.5303e-09	-8.6191e-09	-8.2129e-09	-8.0733e-09	-8.3785e-09	-8.3204e-09	-7.6487e-09	-6.8842e-09	-6.2984e-09
-2.805e-09	-3.0184e-09	-3.302e-09	-3.4399e-09	-3.6114e-09	-3.9596e-09	-4.0628e-09	-3.8826e-09	-3.6774e-09	-3.2968e-09	-3.1711e-09	-3.0842e-09	-3.2783e-09	-3.6833e-09	-3.7165e-09	-4.0582e-09	-4.3837e-09	-4.7388e-09	-4.6636e-09	-4.6299e-09	-4.7198e-09	-4.6903e-09	-4.8078e-09	-4.7477e-09	-4.6969e-09	-4.813e-09	-4.7891e-09	-4.7358e-09	-5.1554e-09	-5.0475e-09	-4.5675e-09	-3.792e-09	-1.1749e-09	4.4402e-09	1.0626e-08	1.7597e-08	2.5374e-08	3.3505e-08	4.307e-08	5.0696e-08	5.8161e-08	6.4896e-08	7.0687e-08	7.4907e-08	7.5502e-08	7.4357e-08	7.3976e-08	7.583e-08	7.6243e-08	7.2447e-08	7.2447e-08	6.5856e-08	5.6766e-08	4.4639e-08	3.3678e-08	2.2155e-08	1.1305e-08	3.5357e-09	-1.4036e-09	-3.1345e-09	-4.1748e-09	-4.2713e-09	-3.5646e-09	-2.7987e-09	-2.264e-09	-1.5724e-09	-9.5247e-10	-7.651e-10	-1.7487e-09	-2.0672e-09	-2.0863e-09	-2.1667e-09	-2.6294e-09	-3.827e-09	-4.3736e-09	-4.5444e-09	-4.6887e-09	-4.914e-09	-6.0197e-09	-6.7213e-09	-7.2518e-09	-7.4113e-09	-7.7479e-09	-8.4798e-09	-8.5877e-09	-8.268e-09	-8.1476e-09	-8.4563e-09	-8.3247e-09	-7.7029e-09	-6.9702e-09	-6.4871e-09
-2.8004e-09	-3.1491e-09	-3.4557e-09	-3.5516e-09	-3.6444e-09	-3.9402e-09	-4.0554e-09	-3.9414e-09	-3.6756e-09	-3.2375e-09	-3.1951e-09	-3.2196e-09	-3.3998e-09	-3.7812e-09	-3.8337e-09	-4.1966e-09	-4.3927e-09	-4.692e-09	-4.6912e-09	-4.6858e-09	-4.7235e-09	-4.652e-09	-4.7634e-09	-4.7566e-09	-4.6833e-09	-4.7714e-09	-4.8648e-09	-4.8119e-09	-5.1554e-09	-5.085e-09	-4.5443e-09	-3.5492e-09	-5.8649e-10	4.4402e-09	1.1814e-08	1.8878e-08	2.6744e-08	3.4947e-08	4.307e-08	5.2255e-08	5.2255e-08	5.9647e-08	6.6283e-08	7.2826e-08	7.551e-08	7.5628e-08	7.4409e-08	7.4354e-08	7.6693e-08	7.6093e-08	7.1613e-08	6.4467e-08	5.5043e-08	4.272e-08	3.176e-08	2.0244e-08	9.6785e-09	2.4494e-09	-1.9053e-09	-3.323e-09	-4.0535e-09	-4.0146e-09	-3.3132e-09	-2.5734e-09	-2.1434e-09	-1.761e-09	-1.4185e-09	-1.2844e-09	-2.0913e-09	-2.3136e-09	-2.3809e-09	-2.4828e-09	-2.9334e-09	-4.1422e-09	-4.7449e-09	-4.9119e-09	-5.0559e-09	-5.3478e-09	-6.3293e-09	-6.9025e-09	-7.3519e-09	-7.4217e-09	-7.7477e-09	-8.3361e-09	-8.4584e-09	-8.2502e-09	-8.1507e-09	-8.4412e-09	-8.2675e-09	-8.2675e-09	-7.709e-09	-7.0207e-09
-2.7806e-09	-3.2472e-09	-3.5745e-09	-3.6428e-09	-3.6581e-09	-3.8943e-09	-4.0213e-09	-3.9853e-09	-3.6553e-09	-3.1722e-09	-3.2219e-09	-3.3704e-09	-3.5419e-09	-3.8848e-09	-3.9499e-09	-4.3278e-09	-4.4003e-09	-4.6424e-09	-4.7204e-09	-4.7361e-09	-4.7341e-09	-4.6339e-09	-4.7357e-09	-4.7791e-09	-4.6849e-09	-4.7578e-09	-4.965e-09	-4.914e-09	-5.229e-09	-5.1338e-09	-5.1338e-09	-4.5299e-09	-3.2625e-09	5.6541e-11	6.4549e-09	1.3015e-08	2.0169e-08	2.8111e-08	3.6371e-08	4.6131e-08	5.3833e-08	6.1137e-08	6.7686e-08	7.2826e-08	7.6061e-08	7.574e-08	7.4529e-08	7.4829e-08	7.6693e-08	7.5795e-08	7.0642e-08	6.2966e-08	5.324e-08	4.272e-08	2.9797e-08	1.8344e-08	8.1399e-09	1.4657e-09	-2.3244e-09	-3.4563e-09	-3.9046e-09	-3.7424e-09	-3.0613e-09	-2.3726e-09	-2.051e-09	-1.9266e-09	-1.8137e-09	-1.7284e-09	-2.3601e-09	-2.5224e-09	-2.657e-09	-2.7915e-09	-3.2289e-09	-4.386e-09	-5.0365e-09	-5.2346e-09	-5.403e-09	-5.772e-09	-6.5884e-09	-6.5884e-09	-7.0251e-09	-7.3965e-09	-7.3805e-09	-7.6064e-09	-8.1349e-09	-8.2656e-09	-8.1802e-09	-8.1021e-09	-8.237e-09	-8.1688e-09	-7.6771e-09	-7.0416e-09
-2.753e-09	-3.3166e-09	-3.66e-09	-3.7132e-09	-3.6555e-09	-3.8296e-09	-3.9658e-09	-4.0094e-09	-3.6184e-09	-3.1094e-09	-3.2522e-09	-3.5217e-09	-3.688e-09	-3.9845e-09	-4.0564e-09	-4.4408e-09	-4.4062e-09	-4.599e-09	-4.7506e-09	-4.7736e-09	-4.7736e-09	-4.7535e-09	-4.6434e-09	-4.7293e-09	-4.847e-09	-4.7011e-09	-4.7778e-09	-5.0856e-09	-5.0388e-09	-5.4125e-09	-5.1884e-09	-4.5171e-09	-2.9227e-09	7.5942e-10	7.4896e-09	1.4235e-08	2.1476e-08	2.9478e-08	3.778e-08	4.7645e-08	5.5407e-08	6.2614e-08	6.9078e-08	7.3842e-08	7.6537e-08	7.583e-08	7.47e-08	7.5356e-08	7.7032e-08	7.5337e-08	6.9537e-08	6.1367e-08	5.1375e-08	4.0746e-08	2.78e-08	1.6477e-08	6.7147e-09	5.974e-10	-2.3244e-09	-3.5299e-09	-3.7408e-09	-3.4726e-09	-2.8241e-09	-2.3726e-09	-1.999e-09	-2.0554e-09	-2.0995e-09	-2.0569e-09	-2.3601e-09	-2.5537e-09	-2.6915e-09	-2.9094e-09	-3.0856e-09	-3.5096e-09	-4.5675e-09	-5.2567e-09	-5.511e-09	-5.7229e-09	-6.5417e-09	-6.8017e-09	-7.1046e-09	-7.4015e-09	-7.3083e-09	-7.5109e-09	-7.9119e-09	-8.0437e-09	-8.0788e-09	-8.0212e-09	-8.1003e-09	-8.0483e-09	-7.6173e-09	-7.0387e-09
-2.7255e-09	-3.3614e-09	-3.7136e-09	-3.7627e-09	-3.6396e-09	-3.754e-09	-3.894e-09	-4.0092e-09	-3.5668e-09	-3.0575e-09	-3.0575e-09	-3.2865e-09	-3.6588e-09	-3.8214e-09	-4.1337e-09	-4.1447e-09	-4.5243e-09	-4.41e-09	-4.5705e-09	-4.8125e-09	-4.7911e-09	-4.7836e-09	-4.6878e-09	-4.749e-09	-4.8847e-09	-4.7308e-09	-4.8331e-09	-5.2212e-09	-5.1818e-09	-5.5075e-09	-5.2355e-09	-4.4848e-09	-2.5198e-09	1.5267e-09	8.5529e-09	1.5478e-08	2.2807e-08	3.0853e-08	3.9175e-08	4.9132e-08	5.6955e-08	6.4063e-08	7.0435e-08	7.479e-08	7.6913e-08	7.5892e-08	7.4911e-08	7.5887e-08	7.7261e-08	7.471e-08	6.8299e-08	5.9682e-08	4.9464e-08	3.8734e-08	2.5785e-08	1.4669e-08	5.4284e-09	-1.4298e-10	-2.6532e-09	-2.8859e-09	-3.54e-09	-3.5741e-09	-3.2217e-09	-2.6156e-09	-2.0903e-09	-1.9842e-09	-2.1448e-09	-2.2746e-09	-2.2693e-09	-2.6844e-09	-2.8245e-09	-3.1349e-09	-3.3585e-09	-3.7689e-09	-4.696e-09	-5.4142e-09	-5.7393e-09	-6.0083e-09	-6.5417e-09	-6.974e-09	-7.1568e-09	-7.3827e-09	-7.2257e-09	-7.5109e-09	-7.7027e-09	-7.827e-09	-7.9665e-09	-7.9274e-09	-8.1003e-09	-7.9258e-09	-7.5399e-09	-7.0177e-09
-1.9401e-09	-2.7057e-09	-3.386e-09	-3.737e-09	-3.7987e-09	-3.6134e-09	-3.6751e-09	-3.8111e-09	-3.9799e-09	-3.4269e-09	-3.0249e-09	-3.3252e-09	-3.7668e-09	-3.9257e-09	-4.1639e-09	-4.2059e-09	-4.5672e-09	-4.4113e-09	-4.5656e-09	-4.843e-09	-4.7846e-09	-4.8249e-09	-4.7696e-09	-4.7964e-09	-4.923e-09	-4.7712e-09	-4.9164e-09	-5.3628e-09	-5.3331e-09	-5.5914e-09	-5.2604e-09	-4.4096e-09	-2.0435e-09	2.3628e-09	9.6528e-09	1.6749e-08	2.4168e-08	3.2241e-08	4.056e-08	5.0579e-08	5.8453e-08	6.5467e-08	7.1727e-08	7.5648e-08	7.7167e-08	7.5917e-08	7.5146e-08	7.6374e-08	7.7344e-08	7.7247e-08	7.3902e-08	6.6931e-08	5.7926e-08	4.7523e-08	3.4664e-08	2.3766e-08	1.2941e-08	4.304e-09	-7.4456e-10	-3.0294e-09	-3.4928e-09	-3.4088e-09	-2.9951e-09	-2.4388e-09	-2.0012e-09	-1.9947e-09	-2.1983e-09	-2.3581e-09	-2.387e-09	-2.7645e-09	-2.9249e-09	-3.3303e-09	-3.6031e-09	-4.0005e-09	-4.7805e-09	-5.5175e-09	-5.9179e-09	-6.2522e-09	-6.8623e-09	-7.1101e-09	-7.1972e-09	-7.356e-09	-7.1533e-09	-7.429e-09	-7.543e-09	-7.65e-09	-7.8641e-09	-7.8402e-09	-7.9754e-09	-7.8211e-09	-7.4548e-09	-6.9845e-09
-1.9358e-09	-2.7013e-09	-3.3943e-09	-3.7319e-09	-3.785e-09	-3.5799e-09	-3.6006e-09	-3.7223e-09	-3.9168e-09	-3.3425e-09	-3.0202e-09	-3.3691e-09	-3.831e-09	-3.9841e-09	-4.1568e-09	-4.2354e-09	-4.564e-09	-4.4102e-09	-4.5891e-09	-4.8707e-09	-4.7594e-09	-4.8736e-09	-4.8781e-09	-4.8649e-09	-4.9616e-09	-4.8196e-09	-5.0183e-09	-5.5012e-09	-5.4819e-09	-5.6541e-09	-5.2487e-09	-4.268e-09	-1.4835e-09	3.2721e-09	1.0797e-08	1.8054e-08	2.5569e-08	3.3647e-08	4.1937e-08	4.331e-08	5.1974e-08	5.9879e-08	6.6808e-08	7.293e-08	7.6994e-08	7.7274e-08	7.5898e-08	7.5392e-08	7.677e-08	7.6939e-08	7.2905e-08	6.5438e-08	5.6113e-08	4.5568e-08	3.2634e-08	2.1758e-08	1.1304e-08	3.3388e-09	-1.2139e-09	-3.0982e-09	-3.3996e-09	-3.2453e-09	-2.7918e-09	-2.2903e-09	-1.9359e-09	-2.0185e-09	-2.2195e-09	-2.369e-09	-2.4315e-09	-2.8063e-09	-2.9963e-09	-3.4925e-09	-3.8127e-09	-4.1976e-09	-4.8304e-09	-5.5753e-09	-6.0451e-09	-6.4473e-09	-7.1233e-09	-7.2148e-09	-7.2415e-09	-7.3374e-09	-7.1117e-09	-7.3838e-09	-7.468e-09	-7.5468e-09	-7.792e-09	-7.7789e-09	-7.8883e-09	-7.8494e-09	-7.743e-09	-7.3685e-09
-1.9687e-09	-2.7203e-09	-3.3907e-09	-3.6999e-09	-3.75e-09	-3.5421e-09	-3.5383e-09	-3.6329e-09	-3.8151e-09	-3.2518e-09	-3.0478e-09	-3.4177e-09	-3.8431e-09	-3.9877e-09	-4.1223e-09	-4.2395e-09	-4.5244e-09	-4.4074e-09	-4.6341e-09	-4.8936e-09	-4.7222e-09	-4.9256e-09	-5.0001e-09	-4.9465e-09	-5.0003e-09	-4.8732e-09	-5.1297e-09	-5.6268e-09	-5.6176e-09	-5.7295e-09	-5.6856e-09	-5.1857e-09	-4.0364e-09	-8.2968e-10	5.3284e-09	1.1995e-08	1.9396e-08	2.7015e-08	3.5079e-08	4.4681e-08	5.3304e-08	6.1209e-08	6.8071e-08	7.4017e-08	7.7439e-08	7.7216e-08	7.583e-08	7.5635e-08	7.7032e-08	7.6425e-08	7.1736e-08	6.3834e-08	5.4255e-08	4.361e-08	3.0617e-08	1.9777e-08	9.7647e-09	2.5159e-09	-1.5673e-09	-3.1067e-09	-3.2721e-09	-3.0838e-09	-2.6107e-09	-2.1668e-09	-1.8865e-09	-2.0436e-09	-2.2121e-09	-2.3267e-09	-2.4245e-09	-2.8222e-09	-3.0423e-09	-3.6183e-09	-3.9802e-09	-4.354e-09	-4.8548e-09	-5.5961e-09	-6.1193e-09	-6.5866e-09	-7.3123e-09	-7.417e-09	-7.2927e-09	-7.3051e-09	-7.3426e-09	-7.1213e-09	-7.475e-09	-7.4884e-09	-7.5289e-09	-7.7577e-09	-7.7504e-09	-7.8448e-09	-7.6839e-09	-7.281e-09
-2.0443e-09	-2.7701e-09	-3.3794e-09	-3.6427e-09	-3.6954e-09	-3.5027e-09	-3.4932e-09	-3.5471e-09	-3.675e-09	-3.1596e-09	-3.1014e-09	-3.4681e-09	-3.8125e-09	-3.9489e-09	-4.0725e-09	-4.2265e-09	-4.4608e-09	-4.4039e-09	-4.6919e-09	-4.7536e-09	-4.9094e-09	-4.68e-09	-4.9763e-09	-5.1226e-09	-5.1166e-09	-5.0387e-09	-4.9291e-09	-5.2413e-09	-5.7303e-09	-5.8069e-09	-5.6756e-09	-5.0568e-09	-3.6914e-09	-7.1624e-11	6.4841e-09	1.3253e-08	2.0781e-08	2.8514e-08	3.6541e-08	4.6054e-08	5.456e-08	6.2424e-08	6.924e-08	7.4963e-08	7.7734e-08	7.7019e-08	7.5732e-08	7.5873e-08	7.7152e-08	7.5735e-08	7.0423e-08	6.2141e-08	5.2366e-08	4.1654e-08	2.8622e-08	1.7838e-08	8.3271e-09	1.8184e-09	-1.8209e-09	-3.0694e-09	-3.1216e-09	-2.9245e-09	-2.4507e-09	-2.0651e-09	-1.845e-09	-2.0581e-09	-2.1797e-09	-2.2504e-09	-2.3877e-09	-2.3425e-09	-2.8245e-09	-3.0664e-09	-3.7047e-09	-4.0988e-09	-4.5183e-09	-4.863e-09	-5.5885e-09	-6.1389e-09	-6.663e-09	-7.4371e-09	-7.3471e-09	-7.3926e-09	-7.376e-09	-7.187e-09	-7.5923e-09	-7.5758e-09	-7.5727e-09	-7.7482e-09	-7.7428e-09	-7.8583e-09	-7.6344e-09	-7.192e-09
-2.1635e-09	-2.8537e-09	-3.3635e-09	-3.5633e-09	-3.6954e-09	-3.4636e-09	-3.4628e-09	-3.4667e-09	-3.509e-09	-3.509e-09	-3.071e-09	-3.1724e-09	-3.5171e-09	-3.7523e-09	-3.8084e-09	-4.0198e-09	-4.2046e-09	-4.3857e-09	-4.4006e-09	-4.8104e-09	-4.9158e-09	-4.6394e-09	-5.0215e-09	-5.2324e-09	-5.189e-09	-5.0766e-09	-4.9845e-09	-5.3439e-09	-5.8023e-09	-5.8391e-09	-5.6141e-09	-4.8476e-09	-3.2096e-09	8.0089e-10	7.7295e-09	1.4578e-08	2.2214e-08	3.0073e-08	3.8039e-08	4.743e-08	5.5753e-08	6.3535e-08	7.0317e-08	7.577e-08	7.7907e-08	7.6737e-08	7.5635e-08	7.6107e-08	7.7145e-08	7.4898e-08	6.8994e-08	6.0383e-08	5.0457e-08	3.9707e-08	2.6654e-08	1.5959e-08	6.9969e-09	1.2291e-09	-1.9912e-09	-2.0945e-09	-3.0008e-09	-2.9597e-09	-2.7678e-09	-2.3107e-09	-1.9132e-09	-1.8032e-09	-2.0498e-09	-2.1261e-09	-2.1593e-09	-2.3105e-09	-2.8255e-09	-3.0724e-09	-3.7486e-09	-4.1618e-09	-4.5213e-09	-4.862e-09	-5.5611e-09	-6.1093e-09	-6.679e-09	-7.3914e-09	-7.3787e-09	-7.4911e-09	-7.4245e-09	-7.2894e-09	-7.7231e-09	-7.6982e-09	-7.6511e-09	-7.7484e-09	-7.7422e-09	-7.8736e-09	-7.5852e-09	-7.1012e-09
-1.7683e-09	-2.3134e-09	-2.9601e-09	-3.3438e-09	-3.4688e-09	-3.5549e-09	-3.4269e-09	-3.4434e-09	-3.3929e-09	-3.3325e-09	-2.9913e-09	-3.2525e-09	-3.5612e-09	-3.675e-09	-3.8084e-09	-3.9765e-09	-4.182e-09	-4.3116e-09	-4.3984e-09	-4.8104e-09	-4.9106e-09	-4.6074e-09	-5.0568e-09	-5.3165e-09	-5.189e-09	-5.1137e-09	-5.0366e-09	-5.4282e-09	-5.8334e-09	-5.8168e-09	-5.492e-09	-4.5449e-09	-2.5704e-09	1.7961e-09	9.0547e-09	1.5967e-08	2.3689e-08	3.1682e-08	3.9568e-08	4.8812e-08	5.6903e-08	6.4567e-08	7.1309e-08	7.6449e-08	7.7985e-08	7.6424e-08	7.5571e-08	7.6341e-08	7.7025e-08	7.6805e-08	7.3942e-08	6.748e-08	5.858e-08	4.8543e-08	3.5862e-08	2.4723e-08	1.4155e-08	5.7793e-09	7.3107e-10	-2.1471e-09	-2.9154e-09	-2.7979e-09	-2.6138e-09	-2.1896e-09	-1.8564e-09	-1.7532e-09	-2.007e-09	-2.0548e-09	-2.0725e-09	-2.3033e-09	-2.8325e-09	-3.0646e-09	-3.7523e-09	-4.1706e-09	-4.4859e-09	-4.8557e-09	-5.5224e-09	-6.0468e-09	-6.6516e-09	-7.3003e-09	-7.3878e-09	-7.5864e-09	-7.4732e-09	-7.4068e-09	-7.8412e-09	-7.8235e-09	-7.7372e-09	-7.7434e-09	-7.7348e-09	-7.8746e-09	-7.527e-09	-7.0081e-09
-1.86e-09	-2.4786e-09	-3.0759e-09	-3.3206e-09	-3.3669e-09	-3.4839e-09	-3.3944e-09	-3.431e-09	-3.327e-09	-3.1604e-09	-2.9257e-09	-3.3334e-09	-3.5973e-09	-3.5934e-09	-3.7387e-09	-3.9548e-09	-4.167e-09	-4.2509e-09	-4.3984e-09	-4.8535e-09	-4.8916e-09	-4.5906e-09	-5.0779e-09	-5.3616e-09	-5.2422e-09	-5.1497e-09	-5.0828e-09	-5.486e-09	-5.8155e-09	-5.8168e-09	-5.3111e-09	-4.1509e-09	-1.7837e-09	2.9033e-09	9.0547e-09	1.7406e-08	2.5195e-08	3.3321e-08	4.1117e-08	4.1117e-08	5.0203e-08	5.8033e-08	6.5547e-08	7.2227e-08	7.7017e-08	7.7995e-08	7.6132e-08	7.5572e-08	7.6575e-08	7.6501e-08	7.2895e-08	6.5907e-08	5.6756e-08	4.6635e-08	3.3978e-08	2.2835e-08	1.2441e-08	4.6795e-09	3.0729e-10	-2.1652e-09	-2.8275e-09	-2.6476e-09	-2.4628e-09	-2.0864e-09	-1.8084e-09	-1.6917e-09	-1.9265e-09	-1.9706e-09	-2.0018e-09	-2.3165e-09	-2.8455e-09	-3.049e-09	-3.7273e-09	-4.1394e-09	-4.4269e-09	-4.8475e-09	-5.4808e-09	-5.9687e-09	-6.5996e-09	-7.1843e-09	-7.375e-09	-7.6641e-09	-7.5074e-09	-7.5176e-09	-7.9201e-09	-7.92e-09	-7.8042e-09	-7.7183e-09	-7.7068e-09	-7.6443e-09	-7.8451e-09	-7.4505e-09
-1.9507e-09	-2.6438e-09	-3.1879e-09	-3.2941e-09	-3.2654e-09	-3.4225e-09	-3.368e-09	-3.422e-09	-3.2704e-09	-3.0079e-09	-2.8794e-09	-3.4067e-09	-3.6219e-09	-3.5204e-09	-3.691e-09	-3.967e-09	-4.1679e-09	-4.216e-09	-4.4015e-09	-4.8741e-09	-4.8567e-09	-4.595e-09	-5.0809e-09	-5.3564e-09	-5.269e-09	-5.1833e-09	-5.1233e-09	-5.518e-09	-5.7541e-09	-5.7541e-09	-5.6319e-09	-5.0788e-09	-3.676e-09	-8.7546e-10	4.1009e-09	1.1876e-08	1.8884e-08	2.6724e-08	3.4971e-08	4.2675e-08	5.1604e-08	5.9166e-08	6.6503e-08	7.3078e-08	7.7486e-08	7.7965e-08	7.5915e-08	7.567e-08	7.6812e-08	7.6501e-08	7.1788e-08	6.4306e-08	5.4933e-08	4.4747e-08	3.3978e-08	2.0997e-08	1.0835e-08	3.7027e-09	-5.9163e-11	-2.1652e-09	-2.7433e-09	-2.5134e-09	-2.3144e-09	-1.9988e-09	-1.767e-09	-1.6228e-09	-1.819e-09	-1.8798e-09	-1.9473e-09	-2.3448e-09	-2.8636e-09	-3.0315e-09	-3.6854e-09	-4.0839e-09	-4.3595e-09	-4.8412e-09	-5.4449e-09	-5.8923e-09	-6.5414e-09	-6.4955e-09	-7.0639e-09	-7.3406e-09	-7.7099e-09	-7.5122e-09	-7.6327e-09	-7.9337e-09	-7.9555e-09	-7.8249e-09	-7.6581e-09	-7.5335e-09	-7.7688e-09	-7.3464e-09
-2.0367e-09	-2.7939e-09	-3.2827e-09	-3.2646e-09	-3.172e-09	-3.378e-09	-3.3497e-09	-3.4125e-09	-3.2242e-09	-2.89e-09	-2.8576e-09	-3.464e-09	-3.6317e-09	-3.4687e-09	-3.6811e-09	-4.0237e-09	-4.1919e-09	-4.2179e-09	-4.4082e-09	-4.4082e-09	-4.8235e-09	-4.8062e-09	-4.6171e-09	-5.0667e-09	-5.3056e-09	-5.2515e-09	-5.2129e-09	-5.1601e-09	-5.5297e-09	-5.6623e-09	-5.4922e-09	-4.8027e-09	-3.1308e-09	1.2783e-10	5.3674e-09	1.3339e-08	2.0389e-08	2.8266e-08	3.6614e-08	4.4232e-08	5.3017e-08	6.0322e-08	6.746e-08	7.3873e-08	7.7871e-08	7.7922e-08	7.5826e-08	7.5896e-08	7.7054e-08	7.6125e-08	7.0648e-08	6.2705e-08	5.3132e-08	4.2891e-08	3.2128e-08	1.9217e-08	9.3479e-09	2.8513e-09	-3.777e-10	-2.1588e-09	-2.6565e-09	-2.3893e-09	-2.1668e-09	-1.9229e-09	-1.767e-09	-1.5512e-09	-1.6963e-09	-1.7887e-09	-1.908e-09	-1.908e-09	-2.3824e-09	-2.8859e-09	-3.0183e-09	-3.6386e-09	-4.0195e-09	-4.2984e-09	-4.8401e-09	-5.4231e-09	-5.835e-09	-6.4806e-09	-6.9596e-09	-7.2853e-09	-7.7095e-09	-7.4727e-09	-7.5939e-09	-7.8555e-09	-7.8982e-09	-7.7725e-09	-7.548e-09	-7.3637e-09	-7.6327e-09	-7.2066e-09
-2.1144e-09	-2.9134e-09	-3.3469e-09	-3.2323e-09	-3.0946e-09	-3.358e-09	-3.3412e-09	-3.3988e-09	-3.1897e-09	-3.1897e-09	-2.8167e-09	-2.8647e-09	-3.4977e-09	-3.624e-09	-3.45e-09	-3.8141e-09	-4.1205e-09	-4.2364e-09	-4.2525e-09	-4.4158e-09	-4.7556e-09	-4.7414e-09	-4.6486e-09	-5.0388e-09	-5.2227e-09	-5.2181e-09	-5.2367e-09	-5.1949e-09	-5.5266e-09	-5.553e-09	-5.3361e-09	-4.4904e-09	-2.5259e-09	1.1998e-09	6.6812e-09	1.4813e-08	2.1909e-08	2.981e-08	3.8231e-08	4.5776e-08	5.4445e-08	6.1526e-08	6.8446e-08	7.4621e-08	7.8185e-08	7.7893e-08	7.5919e-08	7.6282e-08	7.7304e-08	7.5693e-08	6.9493e-08	6.1123e-08	5.1369e-08	4.1075e-08	3.0314e-08	1.7501e-08	7.986e-09	2.1231e-09	-6.4587e-10	-6.4587e-10	-2.0721e-09	-2.5592e-09	-2.2684e-09	-2.0185e-09	-1.8548e-09	-1.6954e-09	-1.4819e-09	-1.5702e-09	-1.7039e-09	-1.8831e-09	-2.4238e-09	-2.9115e-09	-3.0153e-09	-3.5991e-09	-3.9617e-09	-4.2587e-09	-4.8479e-09	-5.4239e-09	-5.814e-09	-6.4806e-09	-6.8917e-09	-7.2093e-09	-7.6484e-09	-7.3742e-09	-7.5939e-09	-7.6664e-09	-7.724e-09	-7.6261e-09	-7.3762e-09	-7.3637e-09	-7.4386e-09	-7.0292e-09
-2.1169e-09	-2.1804e-09	-2.9871e-09	-3.3673e-09	-3.1975e-09	-3.0172e-09	-3.3686e-09	-3.3439e-09	-3.3773e-09	-3.1681e-09	-2.8689e-09	-2.8981e-09	-3.5084e-09	-3.6014e-09	-3.4653e-09	-3.9398e-09	-4.2444e-09	-4.2933e-09	-4.3075e-09	-4.4198e-09	-4.6642e-09	-4.6638e-09	-4.6807e-09	-5.0009e-09	-5.1214e-09	-5.1754e-09	-5.2532e-09	-5.2296e-09	-5.5145e-09	-5.4392e-09	-5.1751e-09	-4.1494e-09	-1.8717e-09	2.3141e-09	8.0208e-09	1.6281e-08	2.3434e-08	3.1346e-08	3.9803e-08	4.7297e-08	5.589e-08	6.2797e-08	6.9487e-08	7.533e-08	7.8443e-08	7.7889e-08	7.6204e-08	7.6824e-08	7.7551e-08	7.7551e-08	7.4668e-08	6.8322e-08	5.9562e-08	4.9645e-08	3.9299e-08	2.6791e-08	1.5856e-08	6.755e-09	1.5156e-09	-8.6014e-10	-1.9903e-09	-2.4439e-09	-2.1437e-09	-1.8677e-09	-1.7904e-09	-1.6609e-09	-1.4196e-09	-1.4527e-09	-1.6317e-09	-1.8716e-09	-2.4634e-09	-2.9397e-09	-3.0286e-09	-3.5788e-09	-3.9262e-09	-4.2553e-09	-4.868e-09	-5.4559e-09	-5.8467e-09	-6.5152e-09	-6.8756e-09	-7.1135e-09	-7.5164e-09	-7.2061e-09	-7.4673e-09	-7.3828e-09	-7.448e-09	-7.3954e-09	-7.1487e-09	-7.14e-09	-7.1932e-09	-6.8141e-09
-2.1212e-09	-2.2315e-09	-3.0018e-09	-3.3323e-09	-3.1607e-09	-3.0205e-09	-3.4032e-09	-3.3531e-09	-3.3467e-09	-3.1578e-09	-2.9628e-09	-2.9511e-09	-3.5009e-09	-3.5694e-09	-3.5102e-09	-4.0869e-09	-4.3822e-09	-4.3545e-09	-4.3704e-09	-4.4153e-09	-4.5533e-09	-4.5747e-09	-4.705e-09	-4.9566e-09	-5.0152e-09	-5.1289e-09	-5.2606e-09	-5.2659e-09	-5.499e-09	-5.3341e-09	-5.0207e-09	-3.7874e-09	-1.1788e-09	3.4443e-09	9.3647e-09	1.7727e-08	2.495e-08	3.2864e-08	4.1311e-08	4.1311e-08	5.0237e-08	5.7352e-08	6.4142e-08	7.059e-08	7.6001e-08	7.8797e-08	7.7898e-08	7.6629e-08	7.746e-08	7.7764e-08	7.406e-08	6.7132e-08	5.8025e-08	4.7961e-08	3.756e-08	2.5079e-08	1.429e-08	5.6605e-09	1.0261e-09	-1.017e-09	-1.8819e-09	-2.3029e-09	-2.0082e-09	-1.7127e-09	-1.7256e-09	-1.6244e-09	-1.369e-09	-1.3556e-09	-1.5786e-09	-1.8726e-09	-2.4956e-09	-2.9695e-09	-3.0642e-09	-3.5897e-09	-3.9283e-09	-4.2994e-09	-4.903e-09	-5.5244e-09	-5.9449e-09	-6.6121e-09	-6.9001e-09	-6.9998e-09	-7.3235e-09	-6.9795e-09	-7.2648e-09	-7.0323e-09	-7.0975e-09	-7.0996e-09	-7.0996e-09	-6.8764e-09	-6.5701e-09	-6.903e-09
-2.1203e-09	-2.2705e-09	-2.964e-09	-3.2489e-09	-3.1231e-09	-3.0414e-09	-3.4484e-09	-3.3608e-09	-3.3069e-09	-3.1563e-09	-3.0825e-09	-3.0172e-09	-3.4802e-09	-3.5335e-09	-3.5799e-09	-4.2418e-09	-4.5208e-09	-4.4119e-09	-4.4288e-09	-4.3979e-09	-4.4266e-09	-4.4756e-09	-4.713e-09	-4.9093e-09	-4.918e-09	-5.084e-09	-5.2573e-09	-5.3058e-09	-5.4857e-09	-5.4857e-09	-5.2015e-09	-4.884e-09	-3.4118e-09	-4.5765e-10	4.5642e-09	1.1992e-08	1.9144e-08	2.6454e-08	3.4363e-08	4.2752e-08	5.1668e-08	5.883e-08	6.5539e-08	7.1727e-08	7.6624e-08	7.8879e-08	7.7903e-08	7.7134e-08	7.8126e-08	7.7913e-08	7.3377e-08	6.5923e-08	5.6513e-08	4.6319e-08	3.5858e-08	2.3398e-08	1.2809e-08	4.708e-09	6.5227e-10	-1.1129e-09	-1.7459e-09	-2.1284e-09	-1.8549e-09	-1.5518e-09	-1.6564e-09	-1.5839e-09	-1.3349e-09	-1.2908e-09	-1.5511e-09	-1.8851e-09	-2.5161e-09	-3.0001e-09	-3.1263e-09	-3.6406e-09	-3.9796e-09	-4.3834e-09	-4.9498e-09	-5.6195e-09	-5.6195e-09	-6.0933e-09	-6.9195e-09	-6.9461e-09	-6.8707e-09	-7.0858e-09	-6.712e-09	-6.7125e-09	-6.6425e-09	-6.6999e-09	-6.7579e-09	-6.5705e-09	-6.2436e-09	-6.5747e-09
-2.1216e-09	-2.3033e-09	-2.8908e-09	-3.1338e-09	-3.0869e-09	-3.0707e-09	-3.4903e-09	-3.3591e-09	-3.258e-09	-3.1608e-09	-3.2122e-09	-3.0898e-09	-3.4512e-09	-3.4994e-09	-3.6697e-09	-4.3908e-09	-4.6472e-09	-4.4575e-09	-4.4703e-09	-4.4703e-09	-4.3057e-09	-4.2879e-09	-4.3678e-09	-4.6961e-09	-4.8627e-09	-4.8047e-09	-5.0462e-09	-5.2416e-09	-5.351e-09	-5.4801e-09	-5.1891e-09	-4.7654e-09	-3.0224e-09	2.8851e-10	5.6625e-09	1.3278e-08	2.0545e-08	2.7952e-08	3.585e-08	4.4146e-08	5.3091e-08	6.0321e-08	6.6966e-08	7.2871e-08	7.7186e-08	7.8884e-08	7.789e-08	7.7661e-08	7.8755e-08	7.7966e-08	7.2613e-08	6.4691e-08	5.5027e-08	4.472e-08	3.4191e-08	2.1746e-08	1.142e-08	3.9033e-09	3.914e-10	-1.1444e-09	-1.5818e-09	-1.9128e-09	-1.677e-09	-1.3834e-09	-1.5787e-09	-1.5379e-09	-1.3211e-09	-1.2676e-09	-1.2676e-09	-1.554e-09	-1.9404e-09	-2.5265e-09	-3.0316e-09	-3.2104e-09	-3.7242e-09	-4.191e-09	-4.494e-09	-5.0034e-09	-5.7267e-09	-6.2679e-09	-7.0799e-09	-6.9941e-09	-6.7286e-09	-6.8196e-09	-6.4213e-09	-6.4033e-09	-6.241e-09	-6.2826e-09	-6.3895e-09	-6.242e-09	-5.9028e-09	-6.2148e-09
-2.1216e-09	-2.3359e-09	-2.7997e-09	-3.0043e-09	-3.0539e-09	-3.0707e-09	-3.5154e-09	-3.3399e-09	-3.1998e-09	-3.1998e-09	-3.1685e-09	-3.336e-09	-3.1621e-09	-3.419e-09	-3.4726e-09	-3.775e-09	-4.5203e-09	-4.7483e-09	-4.483e-09	-4.4825e-09	-4.2216e-09	-4.141e-09	-4.2529e-09	-4.6459e-09	-4.8203e-09	-4.8072e-09	-5.0185e-09	-5.2135e-09	-5.4004e-09	-5.4833e-09	-5.1981e-09	-4.6474e-09	-2.6069e-09	1.0679e-09	6.7511e-09	1.4562e-08	2.1941e-08	2.9453e-08	3.7334e-08	4.5518e-08	5.4522e-08	6.1824e-08	6.84e-08	7.3992e-08	7.7676e-08	7.8806e-08	7.7842e-08	7.8149e-08	7.9281e-08	7.789e-08	7.1758e-08	6.3434e-08	5.3569e-08	4.3164e-08	3.2558e-08	2.0121e-08	1.0129e-08	3.2519e-09	3.2519e-09	2.4097e-10	-1.003e-09	-1.3903e-09	-1.652e-09	-1.47e-09	-1.2074e-09	-1.3957e-09	-1.4891e-09	-1.3256e-09	-1.2823e-09	-1.584e-09	-1.9803e-09	-2.5306e-09	-3.0637e-09	-3.3088e-09	-3.8284e-09	-4.3222e-09	-4.6177e-09	-5.0592e-09	-5.8312e-09	-6.4448e-09	-7.2113e-09	-7.0249e-09	-6.576e-09	-6.541e-09	-6.1251e-09	-6.099e-09	-5.8553e-09	-5.873e-09	-6.0136e-09	-5.9021e-09	-5.5573e-09	-5.8301e-09
-1.797e-09	-2.1603e-09	-2.3742e-09	-2.7083e-09	-2.8773e-09	-3.0263e-09	-3.1179e-09	-3.5098e-09	-3.2952e-09	-3.1323e-09	-3.1767e-09	-3.438e-09	-3.2275e-09	-3.3885e-09	-3.4588e-09	-3.8909e-09	-4.6168e-09	-4.8111e-09	-4.4806e-09	-4.453e-09	-4.2216e-09	-3.9917e-09	-4.1353e-09	-4.5622e-09	-4.7842e-09	-4.8072e-09	-5.0001e-09	-5.1759e-09	-5.4481e-09	-5.4889e-09	-5.1981e-09	-4.5113e-09	-2.1518e-09	1.8899e-09	7.8441e-09	1.5856e-08	2.3345e-08	3.0964e-08	3.8826e-08	4.6889e-08	5.5974e-08	6.3336e-08	6.9816e-08	7.5062e-08	7.808e-08	7.8635e-08	7.7745e-08	7.8541e-08	7.8541e-08	7.9638e-08	7.7227e-08	7.0804e-08	6.2151e-08	5.214e-08	4.1654e-08	2.9389e-08	1.8524e-08	8.9435e-09	2.7556e-09	1.9549e-10	-8.4528e-10	-1.1806e-09	-1.3589e-09	-1.2435e-09	-1.0321e-09	-1.3029e-09	-1.4413e-09	-1.3448e-09	-1.3271e-09	-1.6354e-09	-2.0263e-09	-2.5318e-09	-3.0966e-09	-3.4143e-09	-3.9408e-09	-4.4513e-09	-4.7411e-09	-5.1123e-09	-5.9184e-09	-6.6001e-09	-7.2888e-09	-7.0192e-09	-6.4153e-09	-6.2664e-09	-5.8412e-09	-5.8199e-09	-5.5131e-09	-5.4984e-09	-5.6494e-09	-5.5618e-09	-5.217e-09	-5.4273e-09
-1.7926e-09	-2.2123e-09	-2.4242e-09	-2.6339e-09	-2.7699e-09	-3.0059e-09	-3.1172e-09	-3.4601e-09	-3.217e-09	-3.0556e-09	-3.1828e-09	-3.5026e-09	-3.2795e-09	-3.3647e-09	-3.4633e-09	-4.0128e-09	-4.6737e-09	-4.83e-09	-4.448e-09	-4.3794e-09	-4.1123e-09	-3.8486e-09	-4.0245e-09	-4.4581e-09	-4.7544e-09	-4.8427e-09	-4.9901e-09	-5.1319e-09	-5.488e-09	-5.4901e-09	-5.2119e-09	-4.3382e-09	-1.6438e-09	2.7637e-09	8.9554e-09	1.5856e-08	2.4771e-08	3.2495e-08	3.2495e-08	4.0334e-08	4.8283e-08	5.7462e-08	6.4854e-08	7.1193e-08	7.6051e-08	7.8388e-08	7.8364e-08	7.7583e-08	7.8777e-08	7.9761e-08	7.6586e-08	6.9746e-08	6.0838e-08	5.0739e-08	4.0188e-08	2.7848e-08	1.6971e-08	7.8673e-09	2.3972e-09	2.348e-10	-6.5509e-10	-9.6429e-10	-1.052e-09	-1.0112e-09	-8.6864e-10	-1.2191e-09	-1.3983e-09	-1.375e-09	-1.3944e-09	-1.7025e-09	-2.077e-09	-2.5339e-09	-3.1302e-09	-3.5193e-09	-4.0492e-09	-4.5638e-09	-4.8509e-09	-5.1579e-09	-5.9738e-09	-6.71e-09	-7.2873e-09	-6.9577e-09	-6.249e-09	-6.0118e-09	-5.5872e-09	-5.5857e-09	-5.2409e-09	-5.1854e-09	-5.1854e-09	-5.3156e-09	-4.9224e-09	-4.8904e-09
-1.8219e-09	-2.2961e-09	-2.4919e-09	-2.5939e-09	-2.6991e-09	-2.9949e-09	-3.0882e-09	-3.3526e-09	-3.0975e-09	-2.9695e-09	-3.184e-09	-3.5231e-09	-3.315e-09	-3.3506e-09	-3.4877e-09	-4.1351e-09	-4.6952e-09	-4.8114e-09	-4.3924e-09	-4.2746e-09	-3.9891e-09	-3.7207e-09	-3.9302e-09	-4.3477e-09	-4.7305e-09	-4.9015e-09	-4.9874e-09	-5.0844e-09	-5.0844e-09	-5.5137e-09	-5.4799e-09	-5.1875e-09	-4.1091e-09	-1.0694e-09	3.6984e-09	1.0099e-08	1.8527e-08	2.623e-08	3.4052e-08	4.1869e-08	4.9723e-08	5.9001e-08	6.6377e-08	7.2506e-08	7.693e-08	7.8586e-08	7.7991e-08	7.7349e-08	7.8813e-08	7.96e-08	7.6586e-08	6.8592e-08	5.9492e-08	4.9351e-08	3.8749e-08	2.7848e-08	1.548e-08	6.9039e-09	2.1538e-09	3.3415e-10	-6.5509e-10	-7.5312e-10	-7.4963e-10	-7.8668e-10	-7.28e-10	-1.152e-09	-1.364e-09	-1.4125e-09	-1.4764e-09	-1.7795e-09	-2.1307e-09	-2.5405e-09	-3.1645e-09	-3.6165e-09	-4.1413e-09	-4.6453e-09	-4.9335e-09	-5.1912e-09	-5.1912e-09	-5.9825e-09	-6.699e-09	-7.1829e-09	-6.8223e-09	-6.0795e-09	-5.7931e-09	-5.2268e-09	-5.4038e-09	-5.0461e-09	-4.9429e-09	-5.022e-09	-4.6408e-09	-4.5846e-09
-1.897e-09	-2.4187e-09	-2.583e-09	-2.6056e-09	-2.6818e-09	-2.9952e-09	-3.0298e-09	-3.1875e-09	-2.9389e-09	-2.8769e-09	-3.1792e-09	-3.5077e-09	-3.3369e-09	-3.3468e-09	-3.527e-09	-4.2505e-09	-4.6863e-09	-4.7626e-09	-4.7626e-09	-4.3218e-09	-4.1528e-09	-3.7495e-09	-3.6168e-09	-3.8622e-09	-4.2454e-09	-4.7121e-09	-5.0514e-09	-4.991e-09	-5.0365e-09	-5.5192e-09	-5.4515e-09	-5.1161e-09	-3.8053e-09	-4.1519e-10	4.7035e-09	1.1289e-08	1.9929e-08	2.7737e-08	3.5644e-08	4.344e-08	5.1233e-08	6.0599e-08	6.7901e-08	7.3736e-08	7.7677e-08	7.8669e-08	7.756e-08	7.7078e-08	7.8678e-08	7.9186e-08	7.5753e-08	6.7353e-08	5.8109e-08	4.7958e-08	3.7317e-08	2.6333e-08	1.407e-08	6.0569e-09	2.0022e-09	4.688e-10	-4.5284e-10	-5.5873e-10	-4.7033e-10	-5.8368e-10	-6.212e-10	-1.152e-09	-1.3422e-09	-1.4538e-09	-1.4538e-09	-1.5653e-09	-1.8606e-09	-2.186e-09	-2.5551e-09	-3.1996e-09	-3.6984e-09	-4.2048e-09	-4.6823e-09	-4.9763e-09	-5.2078e-09	-5.9309e-09	-6.5584e-09	-6.979e-09	-6.6154e-09	-5.9115e-09	-5.617e-09	-5.1234e-09	-5.2707e-09	-4.9179e-09	-4.7635e-09	-4.77e-09	-4.3949e-09	-4.3067e-09
-2.0296e-09	-2.5792e-09	-2.6973e-09	-2.6738e-09	-2.7233e-09	-3.0074e-09	-2.9532e-09	-2.9864e-09	-2.9864e-09	-2.7594e-09	-2.7846e-09	-3.157e-09	-3.4658e-09	-3.3484e-09	-3.3534e-09	-3.5755e-09	-4.4315e-09	-4.6524e-09	-4.6908e-09	-4.2442e-09	-4.0284e-09	-3.6574e-09	-3.5461e-09	-3.8305e-09	-4.1652e-09	-4.699e-09	-5.1236e-09	-4.9998e-09	-4.9913e-09	-5.4981e-09	-5.3978e-09	-4.9831e-09	-3.4078e-09	3.3223e-10	5.7881e-09	1.254e-08	2.139e-08	2.93e-08	3.7277e-08	4.5052e-08	5.2828e-08	6.2241e-08	6.941e-08	7.4877e-08	7.8296e-08	7.8661e-08	7.7129e-08	7.6819e-08	7.8426e-08	7.8575e-08	7.4765e-08	6.6043e-08	5.6684e-08	4.6538e-08	3.5872e-08	2.4842e-08	1.2761e-08	5.3298e-09	5.3298e-09	1.9194e-09	6.14e-10	-9.3753e-11	-3.9281e-10	-2.3248e-10	-4.1586e-10	-5.5924e-10	-1.0972e-09	-1.3367e-09	-1.4951e-09	-1.6536e-09	-1.9402e-09	-2.2414e-09	-2.5814e-09	-3.2355e-09	-3.7579e-09	-4.2281e-09	-4.676e-09	-4.9813e-09	-5.211e-09	-5.8239e-09	-6.5584e-09	-6.7034e-09	-6.3592e-09	-5.7513e-09	-5.4813e-09	-5.1234e-09	-5.1821e-09	-4.8448e-09	-4.6393e-09	-4.5605e-09	-4.3949e-09	-4.0639e-09
-2.4662e-09	-2.4538e-09	-2.7635e-09	-2.825e-09	-2.7836e-09	-2.8104e-09	-3.0608e-09	-2.8712e-09	-2.7729e-09	-2.5789e-09	-2.7e-09	-3.1428e-09	-3.4066e-09	-3.3528e-09	-3.3705e-09	-3.6276e-09	-4.4826e-09	-4.5985e-09	-4.6035e-09	-4.1676e-09	-3.9156e-09	-3.6e-09	-3.5174e-09	-3.8448e-09	-4.1214e-09	-4.6907e-09	-5.1812e-09	-5.0129e-09	-4.9517e-09	-5.4443e-09	-5.312e-09	-4.7742e-09	-2.9015e-09	1.1832e-09	6.9587e-09	1.3862e-08	2.2903e-08	3.0909e-08	3.8939e-08	4.6698e-08	5.4494e-08	6.39e-08	7.0884e-08	7.5929e-08	7.8802e-08	7.8594e-08	7.6754e-08	7.6618e-08	7.6618e-08	7.8109e-08	7.7822e-08	7.2472e-08	6.4671e-08	5.5213e-08	4.5074e-08	3.4395e-08	2.192e-08	1.1571e-08	4.7262e-09	1.8823e-09	7.45e-10	2.2274e-11	-2.6702e-10	-5.4529e-11	-2.9691e-10	-5.5316e-10	-1.1242e-09	-1.3512e-09	-1.5331e-09	-1.7336e-09	-2.0126e-09	-2.2969e-09	-2.6205e-09	-3.2723e-09	-3.7943e-09	-4.2126e-09	-4.6419e-09	-4.9642e-09	-5.2117e-09	-5.6838e-09	-6.3553e-09	-6.3855e-09	-6.0766e-09	-5.6053e-09	-5.3841e-09	-5.0661e-09	-5.1339e-09	-4.8153e-09	-4.5623e-09	-4.3947e-09	-4.1928e-09	-3.8631e-09
-2.6413e-09	-2.7112e-09	-2.9563e-09	-2.9554e-09	-2.9184e-09	-2.9285e-09	-3.0984e-09	-2.7961e-09	-2.5704e-09	-2.4169e-09	-2.6304e-09	-3.1285e-09	-3.3397e-09	-3.3533e-09	-3.3984e-09	-3.6779e-09	-4.4975e-09	-4.5299e-09	-4.5079e-09	-4.1e-09	-3.8288e-09	-3.5893e-09	-3.5396e-09	-3.9149e-09	-4.1282e-09	-4.687e-09	-5.2164e-09	-5.0288e-09	-4.9201e-09	-5.3534e-09	-5.1885e-09	-4.4883e-09	-2.2889e-09	2.1323e-09	8.2071e-09	1.5248e-08	2.4455e-08	3.2549e-08	3.2549e-08	4.0615e-08	4.8361e-08	5.7933e-08	6.5552e-08	7.2304e-08	7.6892e-08	7.9209e-08	7.8418e-08	7.6491e-08	7.6525e-08	7.7781e-08	7.6984e-08	7.1241e-08	6.3252e-08	5.3692e-08	4.3545e-08	3.2864e-08	2.0484e-08	1.0519e-08	4.2494e-09	1.8678e-09	8.3706e-10	6.9647e-11	-1.9256e-10	4.5881e-11	-2.3994e-10	-6.133e-10	-1.189e-09	-1.3861e-09	-1.5671e-09	-1.8028e-09	-2.0763e-09	-2.3538e-09	-2.6718e-09	-3.3102e-09	-3.8129e-09	-4.172e-09	-4.5959e-09	-4.941e-09	-5.2207e-09	-5.5334e-09	-6.1173e-09	-6.0541e-09	-5.7904e-09	-5.4801e-09	-5.3229e-09	-5.0508e-09	-5.1221e-09	-4.818e-09	-4.818e-09	-4.5244e-09	-4.2735e-09	-3.9513e-09
-2.8332e-09	-2.9751e-09	-3.1422e-09	-3.0776e-09	-3.0614e-09	-3.0628e-09	-3.1409e-09	-2.7405e-09	-2.4026e-09	-2.2931e-09	-2.5831e-09	-3.1158e-09	-3.2742e-09	-3.3531e-09	-3.4373e-09	-3.7207e-09	-4.469e-09	-4.4518e-09	-4.4114e-09	-4.0493e-09	-3.7822e-09	-3.6342e-09	-3.6186e-09	-4.0467e-09	-4.1953e-09	-4.6871e-09	-5.229e-09	-5.0453e-09	-5.0453e-09	-4.8943e-09	-5.2309e-09	-4.8349e-09	-4.1276e-09	-1.5783e-09	3.1695e-09	9.521e-09	1.817e-08	2.6036e-08	3.4206e-08	4.2292e-08	5.0027e-08	5.9656e-08	6.7172e-08	7.3652e-08	7.7764e-08	7.9532e-08	7.8375e-08	7.6398e-08	7.6587e-08	7.7494e-08	7.6117e-08	7.0001e-08	6.1795e-08	5.2116e-08	4.1932e-08	3.1259e-08	1.9062e-08	9.6238e-09	3.9024e-09	1.8534e-09	8.664e-10	4.7028e-11	-1.7083e-10	6.6752e-11	-2.4631e-10	-7.3685e-10	-1.2836e-09	-1.4384e-09	-1.5998e-09	-1.8631e-09	-2.1335e-09	-2.4133e-09	-2.7342e-09	-3.3494e-09	-3.8195e-09	-4.1203e-09	-4.554e-09	-4.928e-09	-4.928e-09	-5.2491e-09	-5.3957e-09	-5.6466e-09	-5.7384e-09	-5.5234e-09	-5.3821e-09	-5.2955e-09	-5.1309e-09	-5.1423e-09	-4.8415e-09	-4.5178e-09	-4.198e-09	-3.9275e-09
-3.03e-09	-2.9751e-09	-3.3059e-09	-3.1811e-09	-3.196e-09	-3.1987e-09	-3.1865e-09	-2.7171e-09	-2.2929e-09	-2.2274e-09	-2.5655e-09	-3.1062e-09	-3.2197e-09	-3.3556e-09	-3.4872e-09	-3.7503e-09	-4.3932e-09	-4.3696e-09	-4.3696e-09	-4.3211e-09	-4.0221e-09	-3.836e-09	-3.7261e-09	-3.744e-09	-4.2258e-09	-4.3105e-09	-4.6893e-09	-5.2213e-09	-5.0593e-09	-4.8711e-09	-5.0852e-09	-4.6111e-09	-3.6949e-09	-7.7809e-10	4.2845e-09	1.0888e-08	1.9683e-08	2.7633e-08	3.5863e-08	4.3953e-08	5.1682e-08	6.1347e-08	6.8734e-08	7.4909e-08	7.8545e-08	7.9783e-08	7.8406e-08	7.6531e-08	7.6852e-08	7.7302e-08	7.5277e-08	6.8789e-08	6.0314e-08	5.0483e-08	4.0218e-08	2.9563e-08	1.7659e-08	8.8799e-09	3.6723e-09	1.8271e-09	8.2861e-10	-3.0003e-11	-1.9411e-10	2.0668e-11	-3.0646e-10	-9.0868e-10	-1.3998e-09	-1.5052e-09	-1.5052e-09	-1.6336e-09	-1.9167e-09	-2.2369e-09	-2.4768e-09	-2.807e-09	-3.3903e-09	-3.8194e-09	-4.0399e-09	-4.5321e-09	-4.9413e-09	-5.3079e-09	-5.2936e-09	-5.4691e-09	-5.4674e-09	-5.2985e-09	-5.3178e-09	-5.2998e-09	-5.2184e-09	-5.1907e-09	-4.8743e-09	-4.5343e-09	-4.1693e-09	-3.9725e-09
-3.2199e-09	-3.2275e-09	-3.4322e-09	-3.255e-09	-3.3055e-09	-3.3213e-09	-3.1865e-09	-2.7382e-09	-2.7382e-09	-2.2649e-09	-2.2392e-09	-2.5849e-09	-3.1015e-09	-3.1845e-09	-3.3641e-09	-3.5484e-09	-3.7634e-09	-4.2832e-09	-4.2908e-09	-4.2434e-09	-4.018e-09	-3.9184e-09	-3.8513e-09	-3.9006e-09	-4.4316e-09	-4.4547e-09	-4.6857e-09	-5.1956e-09	-5.0681e-09	-4.8472e-09	-4.9246e-09	-4.3603e-09	-3.1927e-09	1.0351e-10	5.4671e-09	1.2295e-08	2.1214e-08	2.9235e-08	3.7505e-08	4.5583e-08	5.3311e-08	6.298e-08	7.0214e-08	7.6055e-08	7.9234e-08	7.9979e-08	7.8544e-08	7.6944e-08	7.7364e-08	7.7255e-08	7.4517e-08	6.7609e-08	5.8812e-08	4.8795e-08	3.8406e-08	2.7781e-08	1.6287e-08	8.2612e-09	8.2612e-09	3.5319e-09	1.7871e-09	6.0713e-10	-1.4522e-10	-2.5432e-10	-7.9229e-11	-4.1042e-10	-1.3349e-09	-1.5293e-09	-1.5836e-09	-1.6711e-09	-1.9656e-09	-2.2878e-09	-2.5456e-09	-2.8893e-09	-3.433e-09	-3.8185e-09	-4.0393e-09	-4.5462e-09	-4.9971e-09	-5.408e-09	-5.25e-09	-5.3668e-09	-5.2702e-09	-5.1384e-09	-5.2936e-09	-5.3334e-09	-5.3307e-09	-5.262e-09	-4.908e-09	-4.5671e-09	-4.1853e-09	-4.0696e-09
-2.8272e-09	-3.391e-09	-3.6263e-09	-3.5058e-09	-3.2886e-09	-3.3734e-09	-3.4159e-09	-3.2797e-09	-2.8129e-09	-2.3359e-09	-2.3429e-09	-2.6466e-09	-3.1052e-09	-3.172e-09	-3.3817e-09	-3.6211e-09	-3.7667e-09	-4.1575e-09	-4.2235e-09	-4.1843e-09	-4.0343e-09	-3.9184e-09	-3.996e-09	-4.0732e-09	-4.6435e-09	-4.6088e-09	-4.6857e-09	-5.1541e-09	-5.0689e-09	-4.8193e-09	-4.7576e-09	-4.3603e-09	-2.6234e-09	1.0582e-09	6.7072e-09	1.373e-08	2.2752e-08	3.083e-08	3.9117e-08	4.7168e-08	5.4899e-08	6.453e-08	7.1587e-08	7.7072e-08	7.9831e-08	8.0132e-08	7.879e-08	7.7623e-08	7.7623e-08	7.8102e-08	7.7343e-08	7.3209e-08	6.6439e-08	5.7286e-08	4.7061e-08	3.6522e-08	2.4094e-08	1.4959e-08	7.7408e-09	3.4533e-09	1.7315e-09	4.5218e-10	-2.8241e-10	-3.434e-10	-2.198e-10	-5.4819e-10	-1.5581e-09	-1.6637e-09	-1.6705e-09	-1.7148e-09	-2.012e-09	-2.3412e-09	-2.621e-09	-2.9802e-09	-3.4779e-09	-3.8221e-09	-4.0838e-09	-4.6121e-09	-5.1116e-09	-5.5605e-09	-5.2879e-09	-5.356e-09	-5.1651e-09	-5.057e-09	-5.3118e-09	-5.3925e-09	-5.4578e-09	-5.3494e-09	-4.9423e-09	-4.6122e-09	-4.2362e-09	-4.1996e-09
-2.8662e-09	-3.5314e-09	-3.7409e-09	-3.5156e-09	-3.2743e-09	-3.3868e-09	-3.471e-09	-3.3245e-09	-2.9325e-09	-2.4919e-09	-2.5252e-09	-2.7463e-09	-3.1212e-09	-3.1844e-09	-3.412e-09	-3.7054e-09	-3.7704e-09	-4.0343e-09	-4.1758e-09	-4.1497e-09	-4.0684e-09	-4.0222e-09	-4.1463e-09	-4.2464e-09	-4.8408e-09	-4.7537e-09	-4.6751e-09	-5.0992e-09	-5.0587e-09	-4.784e-09	-4.5927e-09	-4.0855e-09	-1.9897e-09	2.0777e-09	7.9945e-09	1.518e-08	2.2752e-08	3.2406e-08	3.2406e-08	4.0685e-08	4.8693e-08	5.6433e-08	6.5988e-08	7.2844e-08	7.7953e-08	8.0333e-08	8.025e-08	7.9121e-08	7.8491e-08	7.8975e-08	7.7502e-08	7.2576e-08	6.5254e-08	5.5733e-08	4.5293e-08	3.4592e-08	2.2257e-08	1.3687e-08	7.2918e-09	3.4088e-09	1.659e-09	2.8693e-10	-4.2533e-10	-4.5329e-10	-3.879e-10	-7.0981e-10	-1.7673e-09	-1.7947e-09	-1.763e-09	-1.7673e-09	-2.0579e-09	-2.3992e-09	-2.7043e-09	-3.0788e-09	-3.525e-09	-3.836e-09	-4.1813e-09	-4.7378e-09	-5.2913e-09	-5.768e-09	-5.4181e-09	-5.4219e-09	-5.1408e-09	-5.0435e-09	-5.3634e-09	-5.4686e-09	-5.5891e-09	-5.5891e-09	-5.4451e-09	-4.9785e-09	-4.6659e-09	-4.3971e-09
-2.9303e-09	-3.6317e-09	-3.7993e-09	-3.4713e-09	-3.2197e-09	-3.3536e-09	-3.4901e-09	-3.3664e-09	-3.0828e-09	-2.7093e-09	-2.7641e-09	-2.8766e-09	-3.1534e-09	-3.2235e-09	-3.4583e-09	-3.8016e-09	-3.7844e-09	-3.9323e-09	-4.1558e-09	-4.1459e-09	-4.1176e-09	-4.1358e-09	-4.2885e-09	-4.405e-09	-5.003e-09	-4.8701e-09	-4.6547e-09	-5.0331e-09	-5.0331e-09	-5.0348e-09	-4.738e-09	-4.4381e-09	-3.4765e-09	-1.2941e-09	3.1538e-09	9.3191e-09	1.6634e-08	2.5814e-08	3.3959e-08	4.2205e-08	5.0157e-08	5.7909e-08	6.7358e-08	7.3988e-08	7.8704e-08	8.0734e-08	8.0334e-08	7.9512e-08	7.947e-08	7.9896e-08	7.7666e-08	7.2576e-08	6.403e-08	5.415e-08	4.3501e-08	3.2644e-08	2.2257e-08	1.2485e-08	6.8871e-09	3.3705e-09	1.5677e-09	2.8693e-10	-5.5777e-10	-5.7591e-10	-5.7038e-10	-8.8529e-10	-1.7673e-09	-1.9141e-09	-1.8582e-09	-1.8312e-09	-2.1056e-09	-2.4638e-09	-2.7962e-09	-3.1839e-09	-3.5753e-09	-3.8646e-09	-4.3228e-09	-4.3228e-09	-4.9097e-09	-5.5169e-09	-6.0104e-09	-5.8631e-09	-5.5446e-09	-5.1811e-09	-5.0828e-09	-5.4373e-09	-5.6348e-09	-5.7139e-09	-5.5418e-09	-5.0178e-09	-4.7248e-09	-4.4846e-09
-3.0151e-09	-3.695e-09	-3.8128e-09	-3.3894e-09	-3.1374e-09	-3.2876e-09	-3.4817e-09	-3.4045e-09	-3.2496e-09	-2.9642e-09	-3.0377e-09	-3.0299e-09	-3.2057e-09	-3.2912e-09	-3.5238e-09	-3.9099e-09	-3.819e-09	-3.8697e-09	-3.8697e-09	-4.1714e-09	-4.1787e-09	-4.1793e-09	-4.3455e-09	-4.4087e-09	-4.5338e-09	-5.1095e-09	-4.939e-09	-4.5735e-09	-4.9582e-09	-4.9944e-09	-4.6783e-09	-4.3019e-09	-3.142e-09	-5.3952e-10	4.279e-09	1.0673e-08	1.8087e-08	2.7335e-08	3.5492e-08	4.3684e-08	5.157e-08	5.9332e-08	6.8643e-08	7.5024e-08	7.9331e-08	8.1029e-08	8.0385e-08	7.9936e-08	8.0481e-08	8.0774e-08	7.7768e-08	7.1901e-08	6.2743e-08	5.2533e-08	4.1694e-08	3.0702e-08	2.0467e-08	1.1364e-08	6.4998e-09	3.3106e-09	1.4561e-09	1.2574e-10	-6.6351e-10	-7.032e-10	-7.5412e-10	-1.0647e-09	-1.9469e-09	-2.0861e-09	-2.0161e-09	-1.9536e-09	-1.9079e-09	-2.1571e-09	-2.5361e-09	-2.8953e-09	-3.2931e-09	-3.6309e-09	-3.9097e-09	-4.4964e-09	-5.1104e-09	-5.7646e-09	-6.2638e-09	-5.8631e-09	-5.704e-09	-5.2699e-09	-5.16e-09	-5.5226e-09	-5.7064e-09	-5.8215e-09	-5.6319e-09	-5.0614e-09	-4.7852e-09	-4.5616e-09
-3.1138e-09	-3.7278e-09	-3.7924e-09	-3.2862e-09	-3.0398e-09	-3.2028e-09	-3.4542e-09	-3.4377e-09	-3.4377e-09	-3.4187e-09	-3.2329e-09	-3.3241e-09	-3.3761e-09	-3.2821e-09	-3.3897e-09	-3.6119e-09	-4.0304e-09	-3.9899e-09	-3.865e-09	-4.2307e-09	-4.2544e-09	-4.2508e-09	-4.4186e-09	-4.4936e-09	-4.6181e-09	-5.1404e-09	-4.9422e-09	-4.5112e-09	-4.8776e-09	-4.9385e-09	-4.6048e-09	-4.1814e-09	-2.7771e-09	2.706e-10	5.4466e-09	1.2051e-08	1.954e-08	2.8855e-08	3.7005e-08	4.5129e-08	5.2944e-08	6.071e-08	6.9848e-08	7.5957e-08	7.9838e-08	8.1212e-08	8.0404e-08	8.0369e-08	8.1444e-08	8.1519e-08	7.7742e-08	7.114e-08	6.1369e-08	5.0879e-08	3.9883e-08	2.8795e-08	1.876e-08	1.7168e-08	1.0338e-08	6.103e-09	3.2014e-09	1.3226e-09	-1.3107e-10	-7.3174e-10	-8.2829e-10	-9.2858e-10	-1.2395e-09	-2.1873e-09	-2.1022e-09	-2.0483e-09	-1.9961e-09	-2.2141e-09	-2.6169e-09	-3.0003e-09	-3.4041e-09	-3.6942e-09	-3.9726e-09	-4.6901e-09	-5.3225e-09	-6.0105e-09	-6.5043e-09	-6.1233e-09	-5.8803e-09	-5.3908e-09	-5.2601e-09	-5.6081e-09	-5.7064e-09	-5.9012e-09	-5.7078e-09	-5.1105e-09	-4.8436e-09	-4.5616e-09
-2.7437e-09	-3.2194e-09	-3.7292e-09	-3.7493e-09	-3.178e-09	-2.9394e-09	-3.1131e-09	-3.3759e-09	-3.4648e-09	-3.5758e-09	-3.4919e-09	-3.6015e-09	-3.5541e-09	-3.3864e-09	-3.5208e-09	-3.726e-09	-4.1634e-09	-4.1456e-09	-3.9356e-09	-4.3412e-09	-4.3782e-09	-4.3294e-09	-4.4626e-09	-4.5386e-09	-4.6538e-09	-5.0938e-09	-4.8782e-09	-4.4396e-09	-4.7949e-09	-4.8714e-09	-4.5208e-09	-4.0646e-09	-2.3727e-09	1.1329e-09	6.6499e-09	1.3448e-08	2.0999e-08	3.0375e-08	3.8502e-08	4.6549e-08	5.429e-08	6.2048e-08	7.0978e-08	7.679e-08	8.0231e-08	8.1278e-08	8.0393e-08	8.0351e-08	8.0785e-08	8.2282e-08	8.2041e-08	7.7521e-08	6.9186e-08	5.9884e-08	4.9186e-08	3.8079e-08	2.6947e-08	1.5713e-08	9.4123e-09	5.6785e-09	3.0257e-09	1.1681e-09	-2.1743e-10	-7.6646e-10	-9.476e-10	-1.0904e-09	-1.4057e-09	-2.2551e-09	-2.1749e-09	-2.1416e-09	-2.094e-09	-2.2785e-09	-2.7071e-09	-3.1096e-09	-3.5142e-09	-3.7677e-09	-4.0545e-09	-4.892e-09	-5.5287e-09	-6.231e-09	-6.708e-09	-6.3723e-09	-6.0535e-09	-5.5279e-09	-5.368e-09	-5.6829e-09	-5.7582e-09	-5.9424e-09	-5.7622e-09	-5.1663e-09	-4.8966e-09	-4.6168e-09
-2.931e-09	-3.325e-09	-3.7112e-09	-3.6945e-09	-3.0814e-09	-2.8486e-09	-3.0325e-09	-3.3419e-09	-3.4848e-09	-3.7067e-09	-3.7172e-09	-3.8479e-09	-3.7254e-09	-3.5222e-09	-3.686e-09	-3.8689e-09	-4.3086e-09	-4.342e-09	-4.0758e-09	-4.4959e-09	-4.5427e-09	-4.4109e-09	-4.4799e-09	-4.5472e-09	-4.647e-09	-4.9841e-09	-4.7618e-09	-4.3637e-09	-4.7141e-09	-4.7974e-09	-4.4296e-09	-3.9388e-09	-1.9195e-09	2.044e-09	7.8823e-09	1.4859e-08	2.2464e-08	2.3939e-08	3.1898e-08	3.9984e-08	4.7951e-08	5.5618e-08	6.4633e-08	7.2037e-08	7.7528e-08	8.0516e-08	8.122e-08	8.028e-08	8.1159e-08	8.2916e-08	8.225e-08	7.7039e-08	6.7925e-08	5.8274e-08	4.745e-08	3.6286e-08	2.5177e-08	1.4386e-08	8.5789e-09	5.2328e-09	2.7962e-09	1.001e-09	-2.7898e-10	-7.7415e-10	-1.0581e-09	-1.2373e-09	-1.5599e-09	-2.2941e-09	-2.2368e-09	-2.2327e-09	-2.1998e-09	-2.3522e-09	-2.8075e-09	-3.2217e-09	-3.6211e-09	-3.8537e-09	-4.1566e-09	-5.0903e-09	-5.7115e-09	-6.4022e-09	-6.851e-09	-6.5828e-09	-6.2035e-09	-5.6647e-09	-5.4688e-09	-5.736e-09	-5.7808e-09	-5.7661e-09	-5.9357e-09	-5.7879e-09	-5.2293e-09	-4.9403e-09
-3.121e-09	-3.4235e-09	-3.6897e-09	-3.6393e-09	-3.0125e-09	-2.7801e-09	-2.9749e-09	-3.3223e-09	-3.4966e-09	-3.7978e-09	-3.886e-09	-4.0421e-09	-3.8841e-09	-3.6838e-09	-3.8773e-09	-4.0329e-09	-4.4581e-09	-4.553e-09	-4.259e-09	-4.6751e-09	-4.7286e-09	-4.4897e-09	-4.4731e-09	-4.5235e-09	-4.6041e-09	-4.8263e-09	-4.6081e-09	-4.4323e-09	-4.2882e-09	-4.639e-09	-4.7209e-09	-4.3343e-09	-3.61e-09	-1.4081e-09	3.0004e-09	9.137e-09	1.6277e-08	2.5428e-08	3.3429e-08	4.1455e-08	4.9342e-08	5.694e-08	6.5892e-08	7.303e-08	7.8175e-08	8.0699e-08	8.1035e-08	8.0187e-08	8.1474e-08	8.3291e-08	8.2091e-08	7.6256e-08	6.6486e-08	5.6554e-08	4.5675e-08	3.4501e-08	2.3481e-08	1.3171e-08	7.826e-09	4.7762e-09	2.5301e-09	8.3069e-10	-3.186e-10	-7.6128e-10	-1.1567e-09	-1.3671e-09	-1.6988e-09	-2.3088e-09	-2.2905e-09	-2.3211e-09	-2.3115e-09	-2.4368e-09	-2.9189e-09	-3.335e-09	-3.7223e-09	-3.9546e-09	-4.2803e-09	-4.4266e-09	-5.273e-09	-5.8538e-09	-6.5003e-09	-6.9093e-09	-6.782e-09	-6.312e-09	-5.7861e-09	-5.5486e-09	-5.7575e-09	-5.717e-09	-5.884e-09	-5.7839e-09	-5.2931e-09	-4.9709e-09
-3.2997e-09	-3.5082e-09	-3.6897e-09	-3.5943e-09	-2.9871e-09	-2.7457e-09	-2.9536e-09	-3.3179e-09	-3.5001e-09	-3.8457e-09	-3.9908e-09	-4.176e-09	-4.0255e-09	-3.8572e-09	-4.0775e-09	-4.2002e-09	-4.5968e-09	-4.7091e-09	-4.7516e-09	-4.4576e-09	-4.8582e-09	-4.916e-09	-4.6167e-09	-4.4449e-09	-4.4713e-09	-4.5316e-09	-4.6357e-09	-4.2496e-09	-4.2181e-09	-4.5733e-09	-4.6463e-09	-4.2384e-09	-3.3819e-09	-8.292e-10	3.9989e-09	1.0407e-08	1.7699e-08	2.6932e-08	3.4968e-08	4.2915e-08	5.0731e-08	5.8268e-08	6.7138e-08	7.3963e-08	7.8738e-08	8.0788e-08	8.0729e-08	8.0096e-08	8.1737e-08	8.3427e-08	8.1598e-08	7.5203e-08	6.4896e-08	5.4744e-08	4.3862e-08	3.2717e-08	2.1851e-08	1.2055e-08	7.142e-09	4.3191e-09	2.2451e-09	6.6656e-10	-3.3917e-10	-7.3436e-10	-1.2405e-09	-1.4777e-09	-1.8188e-09	-1.9167e-09	-2.3039e-09	-2.3386e-09	-2.4059e-09	-2.4275e-09	-2.6464e-09	-3.0424e-09	-3.4481e-09	-3.8153e-09	-4.073e-09	-4.5961e-09	-5.4289e-09	-5.9396e-09	-6.5044e-09	-6.8621e-09	-6.7482e-09	-6.3741e-09	-5.8853e-09	-5.6041e-09	-5.7485e-09	-5.6422e-09	-5.7969e-09	-5.7518e-09	-5.3477e-09	-4.9839e-09
-3.4532e-09	-3.5721e-09	-3.6712e-09	-3.5626e-09	-3.0071e-09	-2.7472e-09	-2.9692e-09	-2.9692e-09	-3.3228e-09	-3.4961e-09	-3.857e-09	-4.0383e-09	-4.2536e-09	-4.1449e-09	-4.0279e-09	-4.2693e-09	-4.3528e-09	-4.7091e-09	-4.9111e-09	-4.644e-09	-5.0249e-09	-5.0849e-09	-4.6536e-09	-4.3979e-09	-4.3946e-09	-4.4359e-09	-4.4271e-09	-4.0752e-09	-4.1583e-09	-4.5208e-09	-4.578e-09	-4.1451e-09	-3.0945e-09	-1.7362e-10	5.036e-09	1.1687e-08	1.9117e-08	2.8454e-08	3.6519e-08	4.437e-08	5.2125e-08	5.9611e-08	6.8379e-08	7.485e-08	7.9229e-08	8.0804e-08	8.0349e-08	8.0034e-08	8.1956e-08	8.3352e-08	8.0823e-08	7.3922e-08	6.3185e-08	5.2864e-08	4.2013e-08	3.0925e-08	2.0278e-08	1.8755e-08	1.102e-08	6.5151e-09	3.872e-09	1.9584e-09	3.9475e-10	-3.4359e-10	-6.9987e-10	-1.3063e-09	-1.5668e-09	-1.989e-09	-2.2839e-09	-2.3837e-09	-2.4865e-09	-2.5458e-09	-2.7742e-09	-3.1781e-09	-3.5593e-09	-3.8978e-09	-4.2104e-09	-4.7802e-09	-5.5533e-09	-5.9693e-09	-6.4205e-09	-6.7178e-09	-6.6425e-09	-6.3929e-09	-5.9603e-09	-5.6377e-09	-5.7158e-09	-5.5505e-09	-5.6841e-09	-5.6934e-09	-5.383e-09	-4.9751e-09
-2.8903e-09	-3.5748e-09	-3.6127e-09	-3.6449e-09	-3.54e-09	-3.0615e-09	-2.7768e-09	-3.0105e-09	-3.3307e-09	-3.4856e-09	-3.8384e-09	-4.0361e-09	-4.2795e-09	-4.2376e-09	-4.1817e-09	-4.4352e-09	-4.4728e-09	-4.7797e-09	-5.0047e-09	-4.7908e-09	-5.1546e-09	-5.2156e-09	-4.6536e-09	-4.3349e-09	-4.2972e-09	-4.3234e-09	-4.2158e-09	-4.0752e-09	-4.1138e-09	-4.4855e-09	-4.5204e-09	-4.0576e-09	-3.0945e-09	5.6521e-10	6.1101e-09	1.2972e-08	2.0532e-08	2.8454e-08	3.8077e-08	4.5826e-08	5.3534e-08	6.0976e-08	6.9622e-08	7.5705e-08	7.966e-08	8.077e-08	7.9946e-08	7.9573e-08	8.0027e-08	8.2143e-08	8.3096e-08	7.9817e-08	7.0851e-08	6.138e-08	5.0935e-08	4.0132e-08	2.912e-08	1.7273e-08	1.0054e-08	5.9337e-09	3.4452e-09	1.6877e-09	3.0596e-10	-3.3475e-10	-6.6429e-10	-1.3512e-09	-1.6322e-09	-2.033e-09	-2.2533e-09	-2.4281e-09	-2.5622e-09	-2.6644e-09	-2.912e-09	-3.3222e-09	-3.6665e-09	-3.969e-09	-4.3605e-09	-4.9659e-09	-5.6452e-09	-5.9514e-09	-6.2694e-09	-6.5005e-09	-6.4813e-09	-6.3711e-09	-6.009e-09	-5.652e-09	-5.6665e-09	-5.4505e-09	-5.5552e-09	-5.6106e-09	-5.3889e-09	-4.9402e-09
-2.9834e-09	-3.6639e-09	-3.6308e-09	-3.6306e-09	-3.5221e-09	-3.1389e-09	-2.8263e-09	-3.0657e-09	-3.3355e-09	-3.4693e-09	-3.7968e-09	-3.9916e-09	-4.2583e-09	-4.299e-09	-4.3041e-09	-4.5579e-09	-4.5421e-09	-4.793e-09	-5.0055e-09	-4.8704e-09	-5.227e-09	-5.2882e-09	-4.6654e-09	-4.2584e-09	-4.1831e-09	-4.2006e-09	-4.0168e-09	-3.9242e-09	-4.0868e-09	-4.4683e-09	-4.4747e-09	-3.9744e-09	-2.7375e-09	1.3862e-09	7.2239e-09	1.4268e-08	2.1948e-08	2.1948e-08	3.154e-08	3.964e-08	4.7292e-08	5.4968e-08	6.237e-08	7.0875e-08	7.6543e-08	8.0045e-08	8.0706e-08	7.9573e-08	8.0104e-08	8.2305e-08	8.2687e-08	7.8631e-08	7.0851e-08	5.9509e-08	4.8976e-08	3.822e-08	2.7294e-08	1.5824e-08	9.1397e-09	5.3862e-09	3.0493e-09	1.4502e-09	2.5958e-10	-3.1571e-10	-6.3377e-10	-1.3727e-09	-1.6722e-09	-2.0515e-09	-2.2167e-09	-2.4716e-09	-2.6316e-09	-2.7794e-09	-3.0506e-09	-3.4684e-09	-3.7673e-09	-4.0291e-09	-4.5129e-09	-5.14e-09	-5.7034e-09	-5.8946e-09	-6.0718e-09	-6.2344e-09	-6.2811e-09	-6.3116e-09	-6.0294e-09	-5.6494e-09	-5.6074e-09	-5.5456e-09	-5.3511e-09	-5.42e-09	-5.5051e-09	-5.3555e-09
-3.0657e-09	-3.7204e-09	-3.6275e-09	-3.6112e-09	-3.5045e-09	-3.2277e-09	-2.8876e-09	-3.123e-09	-3.3309e-09	-3.448e-09	-3.739e-09	-3.9121e-09	-4.1945e-09	-4.3245e-09	-4.3807e-09	-4.62e-09	-4.5427e-09	-4.7336e-09	-4.8866e-09	-4.8552e-09	-5.2216e-09	-5.2828e-09	-4.6463e-09	-4.1713e-09	-4.0567e-09	-4.0733e-09	-3.8413e-09	-3.8413e-09	-3.7201e-09	-4.0731e-09	-4.4627e-09	-4.4338e-09	-3.8806e-09	-1.7992e-09	2.2869e-09	8.381e-09	1.5584e-08	2.3374e-08	3.3098e-08	4.1204e-08	4.8778e-08	5.6437e-08	6.3801e-08	7.2145e-08	7.7378e-08	8.0394e-08	8.0636e-08	7.9281e-08	8.029e-08	8.2455e-08	8.2157e-08	7.7315e-08	6.9146e-08	5.7602e-08	4.7007e-08	3.6279e-08	2.544e-08	1.5824e-08	8.2646e-09	4.8618e-09	2.6934e-09	1.2615e-09	2.5958e-10	-2.9122e-10	-6.1147e-10	-1.3741e-09	-1.6895e-09	-2.0515e-09	-2.1781e-09	-2.5125e-09	-2.6933e-09	-2.8858e-09	-3.1806e-09	-3.6102e-09	-3.859e-09	-4.0781e-09	-4.6571e-09	-4.7826e-09	-5.2893e-09	-5.7269e-09	-5.8078e-09	-5.8485e-09	-5.6529e-09	-6.0584e-09	-6.2174e-09	-6.0195e-09	-5.6325e-09	-5.4881e-09	-5.2611e-09	-5.288e-09	-5.3788e-09	-5.2726e-09
-3.1356e-09	-3.7441e-09	-3.6041e-09	-3.5835e-09	-3.4826e-09	-3.3165e-09	-2.9525e-09	-3.1706e-09	-3.3109e-09	-3.4226e-09	-3.6718e-09	-3.8051e-09	-4.0927e-09	-4.3093e-09	-4.3973e-09	-4.6041e-09	-4.4565e-09	-4.4565e-09	-4.3463e-09	-4.6379e-09	-4.7317e-09	-5.1282e-09	-5.1891e-09	-4.5102e-09	-4.0767e-09	-3.9242e-09	-3.9457e-09	-3.6903e-09	-3.658e-09	-4.0671e-09	-4.461e-09	-4.3894e-09	-3.7588e-09	-1.2115e-09	3.265e-09	9.5852e-09	1.6926e-08	2.4819e-08	3.4662e-08	4.2764e-08	5.0291e-08	5.795e-08	6.5274e-08	7.3441e-08	7.8225e-08	8.0722e-08	8.0581e-08	7.9121e-08	8.0612e-08	8.2601e-08	8.1533e-08	7.592e-08	6.7386e-08	5.5683e-08	4.5046e-08	3.4313e-08	2.3554e-08	1.4401e-08	7.4273e-09	4.3578e-09	2.3766e-09	1.1183e-09	2.4865e-10	-2.6694e-10	-5.9886e-10	-1.3619e-09	-1.6888e-09	-1.6888e-09	-2.0357e-09	-2.1418e-09	-2.5493e-09	-2.7457e-09	-2.9786e-09	-3.2926e-09	-3.7414e-09	-3.9392e-09	-4.1162e-09	-4.7826e-09	-5.4007e-09	-5.7146e-09	-5.6996e-09	-5.6204e-09	-5.6529e-09	-5.8297e-09	-6.0913e-09	-5.9772e-09	-5.6037e-09	-5.4417e-09	-5.189e-09	-5.1689e-09	-5.2334e-09	-5.1303e-09
-3.1911e-09	-3.7347e-09	-3.5617e-09	-3.5441e-09	-3.4521e-09	-3.3939e-09	-3.0128e-09	-3.0128e-09	-3.1902e-09	-3.2691e-09	-3.394e-09	-3.602e-09	-3.678e-09	-3.7957e-09	-4.2529e-09	-4.3474e-09	-4.5029e-09	-4.2773e-09	-4.042e-09	-4.2938e-09	-4.5249e-09	-4.9643e-09	-5.0228e-09	-4.4019e-09	-3.9778e-09	-3.7917e-09	-3.8217e-09	-3.5631e-09	-3.6152e-09	-4.0633e-09	-4.4554e-09	-4.3327e-09	-3.592e-09	-5.4059e-10	4.3181e-09	1.084e-08	1.8301e-08	2.6291e-08	3.6229e-08	4.4317e-08	5.184e-08	5.9519e-08	6.6796e-08	7.477e-08	7.9099e-08	8.1041e-08	8.0563e-08	7.9147e-08	8.1092e-08	8.2749e-08	8.0842e-08	7.4494e-08	6.5609e-08	5.3758e-08	4.3094e-08	3.2329e-08	2.1654e-08	2.1654e-08	1.1676e-08	6.6335e-09	3.8758e-09	2.0925e-09	1.0069e-09	2.7294e-10	-2.4852e-10	-5.974e-10	-1.3425e-09	-1.6753e-09	-2.0133e-09	-2.112e-09	-2.5803e-09	-2.7874e-09	-3.0527e-09	-3.3772e-09	-3.8556e-09	-4.0055e-09	-4.1434e-09	-4.8788e-09	-5.461e-09	-5.6654e-09	-5.5788e-09	-5.4083e-09	-5.3859e-09	-5.6113e-09	-5.9363e-09	-5.9006e-09	-5.5655e-09	-5.4417e-09	-5.1361e-09	-5.0656e-09	-5.0708e-09	-4.9281e-09
-2.0083e-09	-3.2305e-09	-3.6921e-09	-3.4241e-09	-3.4898e-09	-3.4086e-09	-3.4483e-09	-3.0605e-09	-3.1439e-09	-3.2032e-09	-3.3634e-09	-3.5358e-09	-3.5392e-09	-3.6219e-09	-4.1655e-09	-4.2463e-09	-4.337e-09	-4.0304e-09	-3.7058e-09	-3.8966e-09	-4.2661e-09	-4.7522e-09	-4.804e-09	-4.2734e-09	-3.8779e-09	-3.6656e-09	-3.7053e-09	-3.4587e-09	-3.5861e-09	-4.0563e-09	-4.4383e-09	-4.2554e-09	-3.3629e-09	2.1664e-10	5.4439e-09	1.2149e-08	1.9717e-08	2.7797e-08	3.7797e-08	4.586e-08	5.3434e-08	6.1152e-08	6.8375e-08	7.6136e-08	8.001e-08	8.1362e-08	8.0603e-08	8.0603e-08	7.9863e-08	8.1691e-08	8.2875e-08	8.0082e-08	7.3044e-08	6.2027e-08	5.1821e-08	4.1141e-08	3.0336e-08	1.9768e-08	1.0404e-08	5.8888e-09	3.4174e-09	1.8342e-09	9.1388e-10	2.7795e-10	-2.4164e-10	-6.0859e-10	-1.3224e-09	-1.6537e-09	-1.9891e-09	-2.0931e-09	-2.6039e-09	-2.8166e-09	-3.1033e-09	-3.4252e-09	-3.9464e-09	-4.0554e-09	-4.16e-09	-4.9352e-09	-5.4571e-09	-5.5784e-09	-5.4541e-09	-5.2328e-09	-5.167e-09	-5.4143e-09	-5.7582e-09	-5.7915e-09	-5.5189e-09	-5.4072e-09	-5.0923e-09	-4.9709e-09	-4.8933e-09	-4.6804e-09
-2.1121e-09	-3.252e-09	-3.6161e-09	-3.3324e-09	-3.4189e-09	-3.3493e-09	-3.4721e-09	-3.0896e-09	-3.0662e-09	-3.1204e-09	-3.3336e-09	-3.477e-09	-3.3999e-09	-3.4512e-09	-4.0593e-09	-4.1132e-09	-4.1315e-09	-3.7467e-09	-3.3705e-09	-3.4886e-09	-3.9867e-09	-4.5139e-09	-4.5526e-09	-4.1297e-09	-3.78e-09	-3.5521e-09	-3.6005e-09	-3.3764e-09	-3.5651e-09	-4.0404e-09	-4.4017e-09	-4.1489e-09	-3.0545e-09	1.0634e-09	6.6398e-09	1.3516e-08	2.1182e-08	2.1182e-08	3.0946e-08	3.9361e-08	4.739e-08	5.508e-08	6.2856e-08	7.1686e-08	7.7512e-08	8.0929e-08	8.1675e-08	8.0699e-08	8.0468e-08	8.2339e-08	8.2934e-08	7.9233e-08	7.1557e-08	6.0203e-08	4.9866e-08	3.9177e-08	2.8345e-08	1.7928e-08	9.2143e-09	5.1991e-09	2.9843e-09	1.5952e-09	8.2551e-10	2.5809e-10	-2.5197e-10	-6.3387e-10	-1.308e-09	-1.6291e-09	-1.969e-09	-2.0892e-09	-2.6185e-09	-2.8321e-09	-3.1252e-09	-3.4273e-09	-4.0076e-09	-4.0863e-09	-4.1659e-09	-4.9415e-09	-5.3868e-09	-5.4565e-09	-5.3322e-09	-5.1043e-09	-5.0085e-09	-5.2418e-09	-5.5674e-09	-5.658e-09	-5.658e-09	-5.4621e-09	-5.339e-09	-5.0463e-09	-4.8767e-09	-4.7028e-09
-2.2707e-09	-3.2548e-09	-3.5091e-09	-3.2314e-09	-3.3336e-09	-3.2767e-09	-3.4675e-09	-3.101e-09	-2.9677e-09	-3.0299e-09	-3.3074e-09	-3.4293e-09	-3.272e-09	-3.2991e-09	-3.9466e-09	-3.9671e-09	-3.9117e-09	-3.4571e-09	-3.0688e-09	-3.1121e-09	-3.7181e-09	-4.2719e-09	-4.2888e-09	-3.9757e-09	-3.6874e-09	-3.4577e-09	-3.511e-09	-3.511e-09	-3.275e-09	-3.5467e-09	-4.0102e-09	-4.338e-09	-4.0046e-09	-2.1322e-09	2.002e-09	7.9033e-09	1.4944e-08	2.2703e-08	3.2593e-08	4.0925e-08	4.8905e-08	5.6763e-08	6.461e-08	7.3355e-08	7.8854e-08	8.1807e-08	8.1963e-08	8.0841e-08	8.1157e-08	8.2968e-08	8.2882e-08	7.8275e-08	7.0017e-08	5.8345e-08	4.7888e-08	3.7194e-08	2.6365e-08	1.6163e-08	8.1226e-09	4.5701e-09	2.5782e-09	1.3689e-09	7.282e-10	1.9822e-10	-2.8516e-10	-6.7474e-10	-1.3057e-09	-1.6065e-09	-1.959e-09	-2.1045e-09	-2.6226e-09	-2.8321e-09	-3.1137e-09	-3.3834e-09	-4.0374e-09	-4.0986e-09	-4.0986e-09	-4.1628e-09	-4.8118e-09	-5.2646e-09	-5.3094e-09	-5.2168e-09	-5.0175e-09	-4.8468e-09	-5.0961e-09	-5.3745e-09	-5.5083e-09	-5.3935e-09	-5.2867e-09	-4.9871e-09	-4.7749e-09	-4.5017e-09
-2.4664e-09	-3.2405e-09	-3.3811e-09	-3.2314e-09	-3.2369e-09	-3.1939e-09	-3.4384e-09	-3.0964e-09	-2.9677e-09	-2.9407e-09	-3.2877e-09	-3.3961e-09	-3.1672e-09	-3.1808e-09	-3.8395e-09	-3.8271e-09	-3.7027e-09	-3.7027e-09	-2.9834e-09	-2.8335e-09	-2.8092e-09	-3.4916e-09	-4.0482e-09	-3.8042e-09	-3.8164e-09	-3.6034e-09	-3.3884e-09	-3.441e-09	-3.254e-09	-3.5258e-09	-3.9611e-09	-4.2402e-09	-3.8143e-09	-1.5035e-09	3.0281e-09	9.2287e-09	1.6429e-08	2.4276e-08	3.4278e-08	4.2489e-08	5.0408e-08	5.8458e-08	6.6379e-08	7.4979e-08	8.0116e-08	8.2596e-08	8.2206e-08	8.1017e-08	8.1868e-08	8.3507e-08	8.2677e-08	7.719e-08	6.8411e-08	5.6446e-08	4.588e-08	3.518e-08	2.4406e-08	1.4503e-08	7.1449e-09	4.0074e-09	2.2007e-09	1.1487e-09	6.0835e-10	8.348e-11	-3.4681e-10	-7.326e-10	-7.326e-10	-1.322e-09	-1.5834e-09	-1.9616e-09	-2.1408e-09	-2.6173e-09	-2.8187e-09	-3.0066e-09	-3.3078e-09	-4.041e-09	-4.0965e-09	-4.1545e-09	-4.7017e-09	-5.1063e-09	-5.1468e-09	-5.1112e-09	-4.9656e-09	-4.8286e-09	-4.9795e-09	-5.1902e-09	-5.351e-09	-5.3113e-09	-5.2096e-09	-4.9033e-09	-4.6574e-09	-4.292e-09
-2.6778e-09	-3.2114e-09	-3.2435e-09	-3.1268e-09	-3.1319e-09	-3.1041e-09	-3.3888e-09	-3.3888e-09	-3.0776e-09	-2.7505e-09	-2.8621e-09	-3.2775e-09	-3.3812e-09	-3.0971e-09	-3.1118e-09	-3.7501e-09	-3.7123e-09	-3.5298e-09	-2.9834e-09	-2.6974e-09	-2.6222e-09	-3.3385e-09	-3.8652e-09	-3.8042e-09	-3.6567e-09	-3.5307e-09	-3.3497e-09	-3.3936e-09	-3.2493e-09	-3.5032e-09	-3.8964e-09	-4.1085e-09	-3.5721e-09	-7.7259e-10	4.1337e-09	1.0609e-08	1.7965e-08	2.5899e-08	3.5994e-08	4.4058e-08	5.19e-08	6.0141e-08	6.8123e-08	7.6517e-08	8.1253e-08	8.3245e-08	8.2386e-08	8.1215e-08	8.254e-08	8.3886e-08	8.2274e-08	7.5959e-08	6.6725e-08	5.4496e-08	4.3837e-08	3.3127e-08	3.3127e-08	2.2478e-08	1.1616e-08	6.2967e-09	3.5168e-09	1.8534e-09	9.2799e-10	2.579e-10	-8.8447e-11	-4.3749e-10	-8.062e-10	-1.358e-09	-1.5821e-09	-1.9748e-09	-2.1963e-09	-2.6083e-09	-2.7989e-09	-2.9355e-09	-3.2157e-09	-4.0244e-09	-4.0849e-09	-4.145e-09	-4.5797e-09	-4.9276e-09	-4.979e-09	-5.0189e-09	-4.9418e-09	-4.842e-09	-4.8942e-09	-5.0252e-09	-5.1943e-09	-5.2136e-09	-5.0984e-09	-4.7839e-09	-4.5161e-09	-4.0758e-09
-2.9076e-09	-2.8837e-09	-3.1695e-09	-3.1074e-09	-2.93e-09	-3.0216e-09	-3.0104e-09	-3.3227e-09	-3.0464e-09	-2.6531e-09	-2.8031e-09	-3.2795e-09	-3.3881e-09	-3.0735e-09	-3.1074e-09	-3.6908e-09	-3.6417e-09	-3.4182e-09	-2.8609e-09	-2.689e-09	-2.5881e-09	-3.2867e-09	-3.7427e-09	-3.6218e-09	-3.5017e-09	-3.4692e-09	-3.3386e-09	-3.3669e-09	-3.2493e-09	-3.4827e-09	-3.8243e-09	-3.947e-09	-3.2732e-09	-7.7259e-10	5.3106e-09	1.2036e-08	1.9545e-08	2.7564e-08	3.5994e-08	4.5634e-08	5.3382e-08	6.1787e-08	6.9808e-08	7.793e-08	8.2222e-08	8.3706e-08	8.3706e-08	8.2483e-08	8.1634e-08	8.3112e-08	8.4035e-08	8.163e-08	7.4562e-08	6.3058e-08	5.2487e-08	4.1752e-08	3.1026e-08	2.0591e-08	1.0431e-08	5.5818e-09	3.0988e-09	1.5377e-09	7.0507e-10	3.8405e-11	-3.0026e-10	-5.5e-10	-8.9009e-10	-1.4065e-09	-1.5834e-09	-1.9958e-09	-2.2686e-09	-2.6014e-09	-2.7801e-09	-2.8696e-09	-3.1226e-09	-3.9934e-09	-4.0683e-09	-4.1384e-09	-4.4591e-09	-4.7446e-09	-4.8159e-09	-4.9433e-09	-4.9394e-09	-4.8795e-09	-4.8425e-09	-4.8902e-09	-5.0469e-09	-5.0987e-09	-4.9439e-09	-4.6176e-09	-4.3428e-09	-3.8553e-09
-3.1912e-09	-3.0628e-09	-3.1171e-09	-2.9842e-09	-2.8494e-09	-2.9089e-09	-2.916e-09	-3.2441e-09	-3.0046e-09	-2.5772e-09	-2.7728e-09	-3.2968e-09	-3.4203e-09	-3.1081e-09	-3.1804e-09	-3.672e-09	-3.6319e-09	-3.3899e-09	-2.852e-09	-2.7973e-09	-2.695e-09	-3.3298e-09	-3.6794e-09	-3.4871e-09	-3.3563e-09	-3.4169e-09	-3.3473e-09	-3.3559e-09	-3.2564e-09	-3.4681e-09	-3.7526e-09	-3.7599e-09	-2.9128e-09	5.1137e-11	6.5506e-09	1.3504e-08	1.3504e-08	2.1162e-08	2.9266e-08	3.9482e-08	4.722e-08	5.4856e-08	6.337e-08	7.1397e-08	7.9178e-08	8.2976e-08	8.3929e-08	8.2479e-08	8.1634e-08	8.3522e-08	8.3886e-08	8.0702e-08	7.298e-08	6.3058e-08	5.0418e-08	3.9627e-08	2.8881e-08	1.8757e-08	9.4023e-09	4.9848e-09	2.7456e-09	1.2539e-09	4.8573e-10	-1.9069e-10	-5.3295e-10	-6.7645e-10	-9.7846e-10	-1.4598e-09	-1.5839e-09	-2.0218e-09	-2.3556e-09	-2.6027e-09	-2.7698e-09	-2.8213e-09	-3.0439e-09	-3.9539e-09	-4.0516e-09	-4.1386e-09	-4.3538e-09	-4.5729e-09	-4.6674e-09	-4.8876e-09	-4.9516e-09	-4.9334e-09	-4.8268e-09	-4.7959e-09	-4.7959e-09	-4.917e-09	-4.8118e-09	-4.7404e-09	-4.3975e-09	-4.1326e-09
-3.4103e-09	-3.1938e-09	-3.0564e-09	-2.8849e-09	-2.7882e-09	-2.7969e-09	-2.824e-09	-3.1569e-09	-2.9541e-09	-2.5325e-09	-2.7791e-09	-3.3314e-09	-3.4804e-09	-3.2103e-09	-3.3189e-09	-3.6894e-09	-3.6766e-09	-3.4381e-09	-2.947e-09	-2.9898e-09	-2.9043e-09	-3.4429e-09	-3.6624e-09	-3.3929e-09	-3.2255e-09	-3.3721e-09	-3.3721e-09	-3.368e-09	-3.3555e-09	-3.2886e-09	-3.4632e-09	-3.6892e-09	-3.5514e-09	-2.4864e-09	1.9396e-09	7.8457e-09	1.5005e-08	2.2809e-08	3.1e-08	4.1238e-08	4.8819e-08	5.6324e-08	6.4866e-08	7.2851e-08	8.0221e-08	8.3472e-08	8.3865e-08	8.2356e-08	8.1832e-08	8.3733e-08	8.3409e-08	7.9478e-08	7.1214e-08	6.1063e-08	4.8298e-08	3.7475e-08	2.6721e-08	1.699e-08	9.4023e-09	4.4891e-09	2.4489e-09	1.0028e-09	2.764e-10	-1.9069e-10	-7.6755e-10	-8.0896e-10	-1.0655e-09	-1.5101e-09	-1.5839e-09	-2.0504e-09	-2.4549e-09	-2.6182e-09	-2.7756e-09	-2.8034e-09	-2.995e-09	-3.9117e-09	-3.9117e-09	-4.0394e-09	-4.1758e-09	-4.2772e-09	-4.4286e-09	-4.5437e-09	-4.8554e-09	-4.9944e-09	-4.9973e-09	-4.848e-09	-4.7504e-09	-4.812e-09	-4.6478e-09	-4.5019e-09	-4.1381e-09	-3.8955e-09
-3.5317e-09	-3.2553e-09	-2.9894e-09	-2.8209e-09	-2.7514e-09	-2.6886e-09	-2.7376e-09	-3.0651e-09	-2.8967e-09	-2.5199e-09	-2.8192e-09	-3.3787e-09	-3.5604e-09	-3.3676e-09	-3.4983e-09	-3.7304e-09	-3.7304e-09	-3.7572e-09	-3.5403e-09	-3.3316e-09	-3.234e-09	-3.1773e-09	-3.6009e-09	-3.6787e-09	-3.2964e-09	-3.1144e-09	-3.3327e-09	-3.393e-09	-3.3606e-09	-3.305e-09	-3.4719e-09	-3.6422e-09	-3.3255e-09	-1.989e-09	2.9855e-09	9.1877e-09	1.6531e-08	2.448e-08	3.2761e-08	4.299e-08	5.0433e-08	5.7787e-08	6.625e-08	7.4136e-08	8.1043e-08	8.3701e-08	8.3516e-08	8.2115e-08	8.2005e-08	8.3742e-08	8.2637e-08	7.7997e-08	6.9292e-08	5.8979e-08	4.6139e-08	3.5309e-08	2.4575e-08	1.5306e-08	8.5106e-09	4.0778e-09	2.2005e-09	7.8468e-10	8.3521e-11	-4.1411e-10	-9.8505e-10	-9.3967e-10	-9.3967e-10	-1.1454e-09	-1.5495e-09	-1.5698e-09	-2.0786e-09	-2.5645e-09	-2.6537e-09	-2.8048e-09	-2.8285e-09	-2.9911e-09	-3.8728e-09	-4.0364e-09	-4.1758e-09	-4.2408e-09	-4.325e-09	-4.4535e-09	-4.8493e-09	-4.9944e-09	-5.069e-09	-4.901e-09	-4.7488e-09	-4.7331e-09	-4.6478e-09	-4.2479e-09	-3.8599e-09	-3.6463e-09
-3.5265e-09	-3.229e-09	-2.9183e-09	-2.8017e-09	-2.7359e-09	-2.5864e-09	-2.5864e-09	-2.6588e-09	-2.9722e-09	-2.7766e-09	-2.5359e-09	-2.8842e-09	-3.4301e-09	-3.6467e-09	-3.7488e-09	-3.6933e-09	-3.7825e-09	-3.8547e-09	-3.674e-09	-3.5623e-09	-3.4972e-09	-3.4751e-09	-3.779e-09	-3.7152e-09	-3.2794e-09	-3.0278e-09	-3.2969e-09	-3.4146e-09	-3.3663e-09	-3.3156e-09	-3.498e-09	-3.6196e-09	-3.0865e-09	-1.4161e-09	4.0869e-09	1.0568e-08	1.8075e-08	2.6168e-08	3.4543e-08	4.4728e-08	5.2059e-08	5.9243e-08	6.7514e-08	7.5239e-08	8.1666e-08	8.3706e-08	8.2959e-08	8.1793e-08	8.2136e-08	8.355e-08	8.1607e-08	7.63e-08	6.7247e-08	5.6828e-08	4.3952e-08	3.3143e-08	3.3143e-08	2.2474e-08	1.372e-08	7.0545e-09	3.7341e-09	1.992e-09	6.0015e-10	-8.648e-11	-7.8273e-10	-1.1665e-09	-1.0607e-09	-1.2123e-09	-1.5703e-09	-1.5487e-09	-2.104e-09	-2.682e-09	-2.7152e-09	-2.8651e-09	-2.9065e-09	-3.0451e-09	-3.8433e-09	-4.0474e-09	-4.2203e-09	-4.2456e-09	-4.2648e-09	-4.4005e-09	-4.8694e-09	-5.0229e-09	-5.1482e-09	-4.9786e-09	-4.7823e-09	-4.68e-09	-4.4837e-09	-3.9979e-09	-3.5838e-09	-3.3997e-09
-3.0837e-09	-3.405e-09	-3.1224e-09	-2.8435e-09	-2.8609e-09	-2.7342e-09	-2.4927e-09	-2.5892e-09	-2.8816e-09	-2.7225e-09	-2.5766e-09	-2.9654e-09	-3.4771e-09	-3.7256e-09	-3.9235e-09	-3.879e-09	-3.8332e-09	-3.9503e-09	-3.8164e-09	-3.7791e-09	-3.7468e-09	-3.7589e-09	-3.9519e-09	-3.7589e-09	-3.2735e-09	-2.9709e-09	-3.2628e-09	-3.425e-09	-3.3674e-09	-3.3162e-09	-3.5453e-09	-3.629e-09	-2.8384e-09	-7.6302e-10	5.2359e-09	1.1981e-08	1.9632e-08	2.7864e-08	3.6334e-08	4.6438e-08	5.3678e-08	6.0687e-08	6.8676e-08	7.6183e-08	8.2115e-08	8.3539e-08	8.3539e-08	8.2279e-08	8.143e-08	8.221e-08	8.3159e-08	8.0356e-08	7.4429e-08	6.5109e-08	5.2415e-08	4.1747e-08	3.099e-08	2.0448e-08	1.2249e-08	6.4487e-09	3.4413e-09	1.815e-09	4.4969e-10	-2.2717e-10	-8.9736e-10	-1.2928e-09	-1.1641e-09	-1.2604e-09	-1.5647e-09	-1.5159e-09	-2.1251e-09	-2.8053e-09	-2.8072e-09	-2.962e-09	-3.0341e-09	-3.1563e-09	-3.8317e-09	-4.0774e-09	-4.2852e-09	-4.2895e-09	-4.2471e-09	-4.3863e-09	-4.9146e-09	-5.0626e-09	-5.2343e-09	-5.0736e-09	-4.8421e-09	-4.6521e-09	-4.33e-09	-3.7717e-09	-3.3304e-09	-3.1705e-09
-2.912e-09	-3.1992e-09	-2.9573e-09	-2.7648e-09	-2.9076e-09	-2.7386e-09	-2.4099e-09	-2.5304e-09	-2.7968e-09	-2.6784e-09	-2.6384e-09	-3.0538e-09	-3.5114e-09	-3.7835e-09	-4.0547e-09	-4.0304e-09	-3.8697e-09	-4.0251e-09	-3.9449e-09	-3.9527e-09	-3.95e-09	-3.9899e-09	-4.0947e-09	-3.7968e-09	-3.2713e-09	-2.9485e-09	-3.2285e-09	-3.4165e-09	-3.359e-09	-3.3068e-09	-3.6126e-09	-3.6667e-09	-2.5774e-09	-2.8314e-11	6.4278e-09	1.3417e-08	1.3417e-08	2.1195e-08	2.9556e-08	3.9874e-08	4.8106e-08	5.5275e-08	6.211e-08	6.9757e-08	7.771e-08	8.2416e-08	8.3248e-08	8.1562e-08	8.1065e-08	8.2119e-08	8.2568e-08	7.8924e-08	7.2428e-08	6.2912e-08	5.0196e-08	3.9536e-08	2.8863e-08	1.8525e-08	1.0906e-08	5.8969e-09	3.1824e-09	1.6613e-09	3.3381e-10	-3.321e-10	-9.4964e-10	-1.3502e-09	-1.2441e-09	-1.286e-09	-1.5281e-09	-1.4801e-09	-2.147e-09	-2.9336e-09	-2.9273e-09	-3.0914e-09	-3.2037e-09	-3.32e-09	-3.8466e-09	-4.1313e-09	-4.3715e-09	-4.3702e-09	-4.2709e-09	-4.413e-09	-4.984e-09	-5.1189e-09	-5.3268e-09	-5.179e-09	-5.179e-09	-4.9195e-09	-4.6491e-09	-4.0971e-09	-3.5888e-09	-3.1205e-09
-2.7001e-09	-2.9412e-09	-2.7559e-09	-2.6819e-09	-2.9443e-09	-2.7417e-09	-2.3402e-09	-2.484e-09	-2.721e-09	-2.6485e-09	-2.7174e-09	-3.1407e-09	-3.5242e-09	-3.8067e-09	-4.1178e-09	-4.1222e-09	-3.8796e-09	-4.0603e-09	-4.0368e-09	-4.0539e-09	-4.0745e-09	-4.1298e-09	-4.1827e-09	-3.8159e-09	-3.2694e-09	-2.9615e-09	-2.9615e-09	-3.1946e-09	-3.3875e-09	-3.3171e-09	-3.2942e-09	-3.6915e-09	-3.7108e-09	-2.2875e-09	1.6701e-09	7.6578e-09	1.4872e-08	2.2759e-08	3.1233e-08	4.1584e-08	4.9719e-08	5.6831e-08	6.3507e-08	7.0778e-08	7.8348e-08	8.2594e-08	8.2883e-08	8.0892e-08	8.0737e-08	8.1921e-08	8.178e-08	7.7347e-08	7.0338e-08	6.0686e-08	4.7998e-08	3.733e-08	2.6776e-08	1.6737e-08	9.7074e-09	5.3803e-09	2.9419e-09	1.5223e-09	2.5123e-10	-3.9756e-10	-9.5075e-10	-1.35e-09	-1.3047e-09	-1.2955e-09	-1.4713e-09	-1.4533e-09	-2.1766e-09	-3.0661e-09	-3.0708e-09	-3.2466e-09	-3.4081e-09	-3.5315e-09	-3.5315e-09	-3.8971e-09	-4.2143e-09	-4.613e-09	-4.4858e-09	-4.3354e-09	-4.4822e-09	-5.0766e-09	-5.3032e-09	-5.4251e-09	-5.2876e-09	-5.0055e-09	-4.6706e-09	-4.0392e-09	-3.4687e-09	-2.9748e-09
-2.4779e-09	-2.663e-09	-2.54e-09	-2.5945e-09	-2.9443e-09	-2.7359e-09	-2.286e-09	-2.4515e-09	-2.6576e-09	-2.6485e-09	-2.8101e-09	-3.2173e-09	-3.5072e-09	-3.7815e-09	-4.0885e-09	-4.1299e-09	-4.1299e-09	-3.8504e-09	-4.0372e-09	-4.034e-09	-4.0694e-09	-4.1056e-09	-4.1613e-09	-4.2034e-09	-3.785e-09	-3.2703e-09	-3.0046e-09	-3.1657e-09	-3.3457e-09	-3.2956e-09	-3.2861e-09	-3.7726e-09	-3.7379e-09	-1.9518e-09	2.6253e-09	8.9213e-09	1.6339e-08	2.4318e-08	3.2883e-08	4.3229e-08	5.1261e-08	5.8329e-08	6.487e-08	7.176e-08	7.894e-08	8.2674e-08	8.2494e-08	8.0353e-08	8.0485e-08	8.16e-08	8.0793e-08	7.5663e-08	6.8201e-08	5.8464e-08	4.5837e-08	3.5139e-08	2.4741e-08	1.5107e-08	8.6629e-09	4.8892e-09	2.7092e-09	1.3887e-09	1.9203e-10	-4.3301e-10	-9.1855e-10	-1.3112e-09	-1.3112e-09	-1.3527e-09	-1.2984e-09	-1.3597e-09	-1.4473e-09	-2.2209e-09	-3.2021e-09	-3.2329e-09	-3.6071e-09	-3.6397e-09	-3.7862e-09	-3.992e-09	-4.3313e-09	-4.7706e-09	-4.6339e-09	-4.4398e-09	-4.5959e-09	-5.1915e-09	-5.4421e-09	-5.5288e-09	-5.3923e-09	-5.0916e-09	-4.7161e-09	-4.034e-09	-3.4302e-09	-2.913e-09
-2.2754e-09	-2.3967e-09	-2.3317e-09	-2.5025e-09	-2.9551e-09	-2.7137e-09	-2.7137e-09	-2.2496e-09	-2.4346e-09	-2.61e-09	-2.6489e-09	-2.9126e-09	-3.2747e-09	-3.452e-09	-3.6945e-09	-3.9606e-09	-4.045e-09	-3.7765e-09	-3.949e-09	-4.034e-09	-4.0111e-09	-4.0557e-09	-4.1001e-09	-4.1644e-09	-3.785e-09	-3.277e-09	-3.0719e-09	-3.1464e-09	-3.2995e-09	-3.2821e-09	-3.2897e-09	-3.8468e-09	-3.7246e-09	-1.5531e-09	3.6455e-09	1.0214e-08	1.7811e-08	2.5868e-08	3.4495e-08	4.479e-08	5.2721e-08	5.9752e-08	6.6194e-08	7.2723e-08	7.9512e-08	8.268e-08	8.2129e-08	8.0031e-08	8.0349e-08	8.1142e-08	7.9614e-08	7.3905e-08	6.6053e-08	5.6271e-08	4.3709e-08	3.2968e-08	3.2968e-08	2.2765e-08	1.3625e-08	6.9576e-09	4.4168e-09	2.4756e-09	1.2512e-09	1.4362e-10	-4.6781e-10	-8.7093e-10	-1.2529e-09	-1.3953e-09	-1.304e-09	-1.3359e-09	-1.4738e-09	-2.287e-09	-3.3409e-09	-3.409e-09	-3.7987e-09	-3.8912e-09	-4.0793e-09	-4.1402e-09	-4.4873e-09	-4.9543e-09	-4.8124e-09	-4.583e-09	-4.7558e-09	-5.3277e-09	-5.6189e-09	-5.6372e-09	-5.4861e-09	-5.169e-09	-4.7849e-09	-4.0796e-09	-3.4716e-09	-2.9336e-09
-2.241e-09	-2.1228e-09	-2.1745e-09	-2.153e-09	-2.4055e-09	-2.8358e-09	-2.6676e-09	-2.2333e-09	-2.4347e-09	-2.5816e-09	-2.6832e-09	-3.0194e-09	-3.3081e-09	-3.3576e-09	-3.5447e-09	-3.7565e-09	-3.8846e-09	-3.6632e-09	-3.8071e-09	-3.9394e-09	-3.8932e-09	-3.9397e-09	-3.965e-09	-4.0745e-09	-3.7458e-09	-3.2925e-09	-3.1573e-09	-3.1417e-09	-3.2575e-09	-3.2821e-09	-3.3125e-09	-3.9049e-09	-3.6474e-09	-1.0746e-09	3.6455e-09	1.153e-08	1.9281e-08	2.7403e-08	3.6056e-08	4.479e-08	5.4082e-08	6.1083e-08	6.7471e-08	7.3687e-08	8.0086e-08	8.2635e-08	8.2635e-08	8.183e-08	7.9987e-08	8.0456e-08	8.0548e-08	7.8264e-08	7.2087e-08	6.3904e-08	5.1955e-08	4.1599e-08	3.082e-08	2.0851e-08	1.2271e-08	6.2448e-09	3.9563e-09	2.2321e-09	1.1001e-09	9.3428e-11	-4.9415e-10	-8.2574e-10	-1.194e-09	-1.4393e-09	-1.322e-09	-1.3544e-09	-1.5447e-09	-2.3817e-09	-3.4818e-09	-3.5944e-09	-3.9888e-09	-4.1551e-09	-4.4062e-09	-4.3505e-09	-4.6875e-09	-5.1649e-09	-5.019e-09	-4.7641e-09	-4.9633e-09	-5.4839e-09	-5.8266e-09	-5.7476e-09	-5.5663e-09	-5.2334e-09	-4.8716e-09	-4.1627e-09	-3.5732e-09	-3.0158e-09
-2.2269e-09	-2.0496e-09	-2.0281e-09	-2.0255e-09	-2.3033e-09	-2.6876e-09	-2.5969e-09	-2.2376e-09	-2.4513e-09	-2.573e-09	-2.7323e-09	-3.122e-09	-3.3187e-09	-3.2349e-09	-3.3505e-09	-3.5009e-09	-3.668e-09	-3.5168e-09	-3.6248e-09	-3.7976e-09	-3.7295e-09	-3.7724e-09	-3.7746e-09	-3.9428e-09	-3.6985e-09	-3.3198e-09	-3.2552e-09	-3.1563e-09	-3.228e-09	-3.2829e-09	-3.3621e-09	-3.9376e-09	-3.4831e-09	-4.9917e-10	4.7264e-09	1.2866e-08	1.2866e-08	2.0744e-08	2.8916e-08	3.7554e-08	4.759e-08	5.5339e-08	6.231e-08	6.8696e-08	7.4669e-08	8.0639e-08	8.2539e-08	8.159e-08	8.0173e-08	8.0456e-08	7.9827e-08	7.677e-08	7.0214e-08	6.175e-08	5.1955e-08	3.9495e-08	2.8701e-08	1.9004e-08	1.1027e-08	6.2448e-09	3.5006e-09	1.97e-09	9.2596e-10	2.8865e-11	-5.4443e-10	-8.0086e-10	-1.1535e-09	-1.4918e-09	-1.3617e-09	-1.4307e-09	-1.6719e-09	-2.5122e-09	-3.6241e-09	-3.7845e-09	-4.1707e-09	-4.4241e-09	-4.762e-09	-4.631e-09	-4.9361e-09	-5.3966e-09	-5.2472e-09	-4.9771e-09	-5.2105e-09	-5.6539e-09	-6.0473e-09	-6.0473e-09	-5.8553e-09	-5.6335e-09	-5.2846e-09	-5.058e-09	-4.2701e-09	-3.7143e-09
-2.2833e-09	-2.0652e-09	-1.9689e-09	-1.9569e-09	-2.1966e-09	-2.498e-09	-2.5115e-09	-2.2606e-09	-2.4805e-09	-2.5806e-09	-2.7878e-09	-3.2117e-09	-3.3083e-09	-3.0955e-09	-3.1322e-09	-3.2188e-09	-3.4145e-09	-3.3433e-09	-3.4151e-09	-3.6205e-09	-3.5342e-09	-3.5686e-09	-3.5476e-09	-3.7783e-09	-3.649e-09	-3.3619e-09	-3.3619e-09	-3.3594e-09	-3.195e-09	-3.2196e-09	-3.3526e-09	-3.4458e-09	-3.9357e-09	-3.2081e-09	1.9019e-10	7.054e-09	1.4218e-08	2.2195e-08	3.0406e-08	3.8982e-08	4.884e-08	5.6518e-08	6.3458e-08	6.9876e-08	7.5652e-08	8.1139e-08	8.2386e-08	8.139e-08	8.0504e-08	8.0594e-08	7.8984e-08	7.5159e-08	6.8292e-08	5.9592e-08	4.981e-08	3.7384e-08	2.6613e-08	1.7228e-08	9.8735e-09	5.5908e-09	3.043e-09	1.6804e-09	7.1929e-10	-6.2644e-11	-5.4443e-10	-8.1416e-10	-1.1504e-09	-1.5596e-09	-1.4326e-09	-1.4307e-09	-1.8664e-09	-2.6849e-09	-3.7671e-09	-3.9747e-09	-4.1707e-09	-4.3435e-09	-4.6926e-09	-5.1357e-09	-4.9715e-09	-5.5331e-09	-5.6374e-09	-5.487e-09	-5.2117e-09	-5.4807e-09	-5.9898e-09	-6.263e-09	-5.9556e-09	-5.6889e-09	-5.3222e-09	-5.1374e-09	-4.3882e-09	-3.8745e-09
-2.3893e-09	-2.1474e-09	-1.9767e-09	-1.9322e-09	-2.0874e-09	-2.2873e-09	-2.4222e-09	-2.2999e-09	-2.518e-09	-2.6005e-09	-2.8413e-09	-3.2799e-09	-3.2786e-09	-2.9514e-09	-2.9099e-09	-2.9347e-09	-2.9347e-09	-3.1434e-09	-3.1491e-09	-3.1912e-09	-3.2063e-09	-3.3214e-09	-3.3433e-09	-3.3025e-09	-3.5902e-09	-3.5668e-09	-3.422e-09	-3.4641e-09	-3.2627e-09	-3.2407e-09	-3.4323e-09	-3.5672e-09	-3.8896e-09	-2.8032e-09	1.0068e-09	8.297e-09	1.5592e-08	2.3642e-08	3.1879e-08	4.0354e-08	5.0031e-08	5.7656e-08	6.4564e-08	7.1022e-08	7.6615e-08	8.1551e-08	8.2172e-08	8.1207e-08	8.0897e-08	8.0706e-08	7.8025e-08	7.3459e-08	6.6328e-08	5.7429e-08	4.7659e-08	3.5253e-08	2.4559e-08	1.5526e-08	8.7902e-09	4.9695e-09	2.5767e-09	1.3544e-09	4.7057e-10	-1.9368e-10	-6.3216e-10	-7.7007e-10	-8.8271e-10	-1.203e-09	-1.6496e-09	-1.5437e-09	-1.7976e-09	-2.1245e-09	-2.8979e-09	-3.9111e-09	-4.1626e-09	-4.5107e-09	-4.9563e-09	-5.511e-09	-5.3458e-09	-5.5331e-09	-5.8752e-09	-5.728e-09	-5.4575e-09	-5.7569e-09	-5.9898e-09	-6.4555e-09	-6.0436e-09	-5.7333e-09	-5.346e-09	-5.1374e-09	-4.5035e-09	-4.0332e-09
-2.5211e-09	-2.271e-09	-2.0287e-09	-1.9349e-09	-1.9781e-09	-2.076e-09	-2.076e-09	-2.3396e-09	-2.3532e-09	-2.5597e-09	-2.662e-09	-2.8845e-09	-3.318e-09	-3.2314e-09	-2.8142e-09	-2.5338e-09	-2.6736e-09	-2.8739e-09	-2.9404e-09	-2.9661e-09	-2.9927e-09	-3.1049e-09	-3.1112e-09	-3.0582e-09	-3.3872e-09	-3.5451e-09	-3.502e-09	-3.5644e-09	-3.3621e-09	-3.2977e-09	-3.5391e-09	-3.711e-09	-3.7879e-09	-2.2686e-09	1.9458e-09	9.5938e-09	1.6996e-08	2.5098e-08	3.3345e-08	4.1689e-08	5.1196e-08	5.8789e-08	6.5661e-08	7.2142e-08	7.7536e-08	8.1843e-08	8.189e-08	8.1024e-08	8.1269e-08	8.0729e-08	7.6959e-08	7.1697e-08	6.4327e-08	5.5259e-08	4.549e-08	4.3292e-08	3.3088e-08	2.2545e-08	1.3904e-08	7.7583e-09	3.7228e-09	2.0951e-09	9.8408e-10	1.7108e-10	-3.7608e-10	-9.5639e-10	-1.0079e-09	-1.313e-09	-1.7617e-09	-1.6939e-09	-2.0656e-09	-2.4289e-09	-3.1415e-09	-4.0571e-09	-4.3478e-09	-4.6765e-09	-5.2111e-09	-5.8714e-09	-5.7267e-09	-5.8409e-09	-6.0978e-09	-5.96e-09	-5.7042e-09	-6.0224e-09	-6.1332e-09	-6.6066e-09	-6.1148e-09	-5.7679e-09	-5.3557e-09	-5.1941e-09	-4.6025e-09	-4.1699e-09
-2.2505e-09	-2.6554e-09	-2.4113e-09	-2.102e-09	-1.9482e-09	-1.7678e-09	-1.8842e-09	-2.2747e-09	-2.4182e-09	-2.6013e-09	-2.6956e-09	-2.9089e-09	-3.3172e-09	-3.1684e-09	-2.6958e-09	-2.4203e-09	-2.4601e-09	-2.6254e-09	-2.7232e-09	-2.753e-09	-2.7899e-09	-2.8983e-09	-2.8866e-09	-2.8319e-09	-3.1795e-09	-3.5394e-09	-3.5999e-09	-3.6599e-09	-3.4868e-09	-3.3874e-09	-3.6662e-09	-3.8558e-09	-3.6187e-09	-1.611e-09	2.997e-09	1.0945e-08	1.8438e-08	2.6574e-08	3.4815e-08	4.3007e-08	5.237e-08	5.9955e-08	6.6786e-08	7.3248e-08	7.839e-08	7.9155e-08	8.1982e-08	8.1536e-08	8.0819e-08	8.1537e-08	8.0254e-08	7.579e-08	6.9901e-08	6.2295e-08	5.3082e-08	4.1055e-08	3.0878e-08	2.0574e-08	1.2364e-08	6.759e-09	3.0685e-09	1.6014e-09	5.7565e-10	-1.724e-10	-6.071e-10	-1.1761e-09	-1.1769e-09	-1.4673e-09	-1.8904e-09	-1.873e-09	-2.3633e-09	-2.7618e-09	-3.4056e-09	-4.2062e-09	-4.53e-09	-4.8447e-09	-5.4529e-09	-6.2004e-09	-6.0874e-09	-6.1274e-09	-6.2931e-09	-6.1727e-09	-5.9413e-09	-6.2602e-09	-6.2452e-09	-6.6981e-09	-6.1643e-09	-5.7935e-09	-5.3512e-09	-5.2179e-09	-4.6718e-09	-4.2641e-09
-2.3511e-09	-2.7684e-09	-2.543e-09	-2.1738e-09	-1.9554e-09	-1.6713e-09	-1.7322e-09	-2.238e-09	-2.4926e-09	-2.6387e-09	-2.7261e-09	-2.9062e-09	-3.2689e-09	-3.0914e-09	-2.6079e-09	-2.3788e-09	-2.3149e-09	-2.4149e-09	-2.5048e-09	-2.5638e-09	-2.6071e-09	-2.7121e-09	-2.6817e-09	-2.6352e-09	-2.9807e-09	-3.5501e-09	-3.7124e-09	-3.7515e-09	-3.6274e-09	-3.5032e-09	-3.8067e-09	-3.9805e-09	-3.3698e-09	-8.3665e-10	4.1499e-09	5.3944e-09	1.2353e-08	1.9926e-08	2.8082e-08	3.6298e-08	4.5669e-08	5.3584e-08	6.119e-08	6.7974e-08	7.4348e-08	7.9809e-08	8.1933e-08	8.1103e-08	8.0572e-08	8.1616e-08	7.9634e-08	7.4526e-08	6.8096e-08	6.0238e-08	5.0896e-08	3.8781e-08	2.863e-08	1.8652e-08	1.0911e-08	5.7882e-09	2.4071e-09	1.1069e-09	1.4871e-10	-5.3899e-10	-8.7067e-10	-1.4137e-09	-1.3764e-09	-1.6522e-09	-2.0298e-09	-2.0704e-09	-2.6708e-09	-3.1055e-09	-3.6802e-09	-4.3595e-09	-4.7087e-09	-5.0194e-09	-5.6775e-09	-6.4814e-09	-6.4008e-09	-6.372e-09	-6.4488e-09	-6.356e-09	-6.1583e-09	-6.4534e-09	-6.3143e-09	-6.3292e-09	-6.712e-09	-6.1874e-09	-5.8111e-09	-5.3321e-09	-5.1311e-09	-4.7021e-09
-2.4238e-09	-2.8368e-09	-2.6413e-09	-2.221e-09	-1.9399e-09	-1.5835e-09	-1.6403e-09	-2.2404e-09	-2.5741e-09	-2.6676e-09	-2.7504e-09	-2.8711e-09	-3.1683e-09	-3.0028e-09	-2.5596e-09	-2.4024e-09	-2.2373e-09	-2.248e-09	-2.2963e-09	-2.4049e-09	-2.4529e-09	-2.5561e-09	-2.5076e-09	-2.4777e-09	-2.8061e-09	-2.6707e-09	-3.5776e-09	-3.836e-09	-3.8405e-09	-3.7746e-09	-3.7878e-09	-3.9538e-09	-4.0638e-09	-3.0294e-09	4.7876e-11	6.7201e-09	1.3816e-08	2.1467e-08	2.9635e-08	3.7805e-08	4.7053e-08	5.4874e-08	6.2532e-08	6.9259e-08	7.5453e-08	8.033e-08	8.1668e-08	8.0589e-08	8.0265e-08	8.1428e-08	7.8743e-08	7.3178e-08	6.6295e-08	5.8163e-08	4.8702e-08	3.648e-08	2.6368e-08	1.679e-08	9.5441e-09	4.8548e-09	1.7544e-09	6.2356e-10	-2.7673e-10	-9.0728e-10	-1.1503e-09	-1.6536e-09	-1.5928e-09	-1.8542e-09	-2.1738e-09	-2.2756e-09	-2.9679e-09	-3.4421e-09	-3.9554e-09	-4.518e-09	-4.8838e-09	-5.0548e-09	-5.2044e-09	-5.8808e-09	-6.6981e-09	-6.6399e-09	-6.6536e-09	-6.5528e-09	-6.4995e-09	-6.3449e-09	-6.5851e-09	-6.2863e-09	-6.6408e-09	-6.1826e-09	-5.8215e-09	-5.2988e-09	-5.0237e-09	-4.6953e-09
-2.4238e-09	-2.8369e-09	-2.6812e-09	-2.2208e-09	-1.885e-09	-1.5835e-09	-1.6239e-09	-2.289e-09	-2.6598e-09	-2.6848e-09	-2.7504e-09	-2.8132e-09	-3.0292e-09	-2.9084e-09	-2.5472e-09	-2.563e-09	-2.4775e-09	-2.2205e-09	-2.127e-09	-2.1101e-09	-2.1964e-09	-2.3361e-09	-2.4399e-09	-2.3754e-09	-2.3691e-09	-2.5898e-09	-3.6222e-09	-3.9674e-09	-3.9278e-09	-3.9188e-09	-3.9437e-09	-4.1004e-09	-4.0846e-09	-2.5855e-09	1.0362e-09	8.1166e-09	1.5338e-08	2.3069e-08	3.1245e-08	3.9346e-08	4.8499e-08	5.6271e-08	6.4015e-08	7.0676e-08	7.6571e-08	8.0719e-08	8.121e-08	8.002e-08	7.9907e-08	8.097e-08	7.764e-08	7.176e-08	6.4497e-08	5.6076e-08	4.6501e-08	3.4164e-08	2.4115e-08	1.4995e-08	8.266e-09	3.9683e-09	1.1261e-09	1.6317e-10	-6.8065e-10	-1.2559e-09	-1.4293e-09	-1.6913e-09	-1.8804e-09	-1.8128e-09	-2.0594e-09	-2.3166e-09	-2.6671e-09	-3.2347e-09	-3.754e-09	-4.2212e-09	-4.6828e-09	-5.2214e-09	-5.4039e-09	-6.0588e-09	-6.8338e-09	-6.7778e-09	-6.6618e-09	-6.6008e-09	-6.5987e-09	-6.4951e-09	-6.6469e-09	-6.2018e-09	-6.5065e-09	-6.157e-09	-5.8248e-09	-5.2528e-09	-4.8871e-09	-4.6549e-09
-2.4524e-09	-2.7512e-09	-2.6435e-09	-2.1564e-09	-1.779e-09	-1.779e-09	-1.446e-09	-1.6739e-09	-2.373e-09	-2.7436e-09	-2.6918e-09	-2.7884e-09	-2.7469e-09	-2.8715e-09	-2.8148e-09	-2.563e-09	-2.5903e-09	-2.2576e-09	-2.0541e-09	-1.9587e-09	-2.1964e-09	-2.2651e-09	-2.3733e-09	-2.2966e-09	-2.3189e-09	-2.5898e-09	-3.6842e-09	-4.1031e-09	-4.0145e-09	-4.0507e-09	-3.9437e-09	-4.2399e-09	-4.0217e-09	-2.0261e-09	2.1217e-09	9.5738e-09	1.6917e-08	2.4741e-08	3.2922e-08	4.093e-08	5.0016e-08	5.7786e-08	6.564e-08	7.2217e-08	7.7695e-08	8.0999e-08	8.0637e-08	7.9452e-08	7.9536e-08	8.0309e-08	7.6386e-08	7.0286e-08	6.2699e-08	5.3981e-08	4.4295e-08	4.2084e-08	3.1847e-08	2.1899e-08	1.3278e-08	7.0776e-09	2.3736e-09	5.3789e-10	-2.6244e-10	-1.043e-09	-1.5634e-09	-1.9197e-09	-2.0786e-09	-2.023e-09	-2.2543e-09	-2.4522e-09	-2.8322e-09	-3.4511e-09	-4.0232e-09	-4.4674e-09	-4.8551e-09	-5.3832e-09	-5.6186e-09	-6.2089e-09	-6.8814e-09	-6.8019e-09	-6.6035e-09	-6.6089e-09	-6.6646e-09	-6.615e-09	-6.6534e-09	-6.0956e-09	-6.3358e-09	-6.1192e-09	-5.8213e-09	-5.196e-09	-4.7317e-09	-4.5847e-09
-2.0627e-09	-2.3467e-09	-2.5917e-09	-2.5385e-09	-2.0394e-09	-1.635e-09	-1.4049e-09	-1.7737e-09	-2.4761e-09	-2.8184e-09	-2.6917e-09	-2.8082e-09	-2.6865e-09	-2.7148e-09	-2.7289e-09	-2.5993e-09	-2.7273e-09	-2.3416e-09	-2.0315e-09	-1.8546e-09	-2.1561e-09	-2.2487e-09	-2.3658e-09	-2.2822e-09	-2.3369e-09	-2.5784e-09	-3.7639e-09	-4.2399e-09	-4.1016e-09	-4.161e-09	-4.1002e-09	-4.3648e-09	-3.8542e-09	-1.3398e-09	3.2981e-09	9.5738e-09	1.8553e-08	2.648e-08	3.4665e-08	4.2563e-08	5.0016e-08	5.9407e-08	6.7375e-08	7.384e-08	7.8798e-08	7.8798e-08	8.1195e-08	8.0029e-08	7.894e-08	7.9189e-08	7.8658e-08	7.5043e-08	6.8772e-08	6.09e-08	5.1887e-08	3.9871e-08	2.9541e-08	1.9742e-08	1.1648e-08	5.9803e-09	1.6843e-09	5.3804e-12	-6.4145e-10	-1.3438e-09	-1.8083e-09	-2.098e-09	-2.2326e-09	-2.21e-09	-2.4253e-09	-2.5748e-09	-2.9686e-09	-3.607e-09	-4.2398e-09	-4.6878e-09	-5.0346e-09	-5.5393e-09	-5.8417e-09	-6.3337e-09	-6.8588e-09	-6.7384e-09	-6.5088e-09	-6.5969e-09	-6.7107e-09	-6.7126e-09	-6.6229e-09	-5.9871e-09	-6.1551e-09	-6.0777e-09	-5.8108e-09	-5.1304e-09	-4.568e-09	-4.4882e-09
-2.0801e-09	-2.2313e-09	-2.3791e-09	-2.3849e-09	-1.8907e-09	-1.4735e-09	-1.3883e-09	-1.9069e-09	-2.5821e-09	-2.8771e-09	-2.6872e-09	-2.8326e-09	-2.6463e-09	-2.5787e-09	-2.6574e-09	-2.6484e-09	-2.8746e-09	-2.4658e-09	-2.0614e-09	-1.8102e-09	-2.1645e-09	-2.2955e-09	-2.4272e-09	-2.3436e-09	-2.4327e-09	-2.6516e-09	-3.8616e-09	-4.3742e-09	-4.19e-09	-4.2406e-09	-4.2507e-09	-4.4615e-09	-3.5716e-09	-5.2573e-10	4.5581e-09	4.5581e-09	1.2644e-08	2.024e-08	2.8274e-08	3.6463e-08	4.4243e-08	5.3274e-08	6.1124e-08	6.9187e-08	7.5501e-08	7.9856e-08	8.1328e-08	7.9463e-08	7.8542e-08	7.8904e-08	7.8658e-08	7.3673e-08	6.7232e-08	5.9098e-08	4.9798e-08	3.9871e-08	2.7256e-08	1.767e-08	1.0115e-08	4.9754e-09	1.6843e-09	-4.5571e-10	-9.6204e-10	-1.563e-09	-1.9694e-09	-2.2174e-09	-2.3346e-09	-2.366e-09	-2.5645e-09	-2.682e-09	-3.0862e-09	-3.7188e-09	-4.4138e-09	-4.8857e-09	-5.2185e-09	-5.689e-09	-6.0649e-09	-6.4364e-09	-6.7879e-09	-6.6198e-09	-6.4079e-09	-6.5845e-09	-6.7504e-09	-6.7958e-09	-6.5737e-09	-6.5239e-09	-5.8963e-09	-5.9911e-09	-6.0412e-09	-5.7936e-09	-4.9797e-09	-4.4068e-09
-2.0777e-09	-2.0908e-09	-2.1345e-09	-2.2019e-09	-1.7309e-09	-1.3152e-09	-1.4007e-09	-2.0568e-09	-2.6748e-09	-2.9127e-09	-2.6814e-09	-2.8645e-09	-2.6406e-09	-2.4829e-09	-2.607e-09	-2.7026e-09	-3.0187e-09	-2.6231e-09	-2.1462e-09	-1.8381e-09	-2.2262e-09	-2.4133e-09	-2.5664e-09	-2.4909e-09	-2.6149e-09	-2.6149e-09	-3.0836e-09	-3.9725e-09	-4.5006e-09	-4.2769e-09	-4.2877e-09	-4.5027e-09	-4.5099e-09	-3.1723e-09	4.0698e-10	5.894e-09	1.4247e-08	2.1972e-08	3.0114e-08	3.8303e-08	4.597e-08	5.502e-08	6.2927e-08	7.1045e-08	7.7157e-08	8.0842e-08	8.1424e-08	7.902e-08	7.8314e-08	7.8718e-08	7.7809e-08	7.2338e-08	6.568e-08	5.7292e-08	4.7721e-08	3.7655e-08	2.5006e-08	1.5708e-08	8.6867e-09	4.0641e-09	1.0797e-09	-8.3623e-10	-1.2177e-09	-1.6906e-09	-2.0366e-09	-2.2174e-09	-2.397e-09	-2.4978e-09	-2.6806e-09	-2.7812e-09	-3.0862e-09	-3.8074e-09	-4.559e-09	-5.0661e-09	-5.403e-09	-5.403e-09	-5.8315e-09	-6.2799e-09	-6.5201e-09	-6.6906e-09	-6.3477e-09	-6.331e-09	-6.5914e-09	-6.7972e-09	-6.8727e-09	-6.492e-09	-5.8427e-09	-5.8705e-09	-6.0181e-09	-5.7697e-09	-4.8984e-09	-4.2584e-09
-2.0579e-09	-1.9374e-09	-1.8786e-09	-2.0082e-09	-1.5808e-09	-1.1805e-09	-1.4468e-09	-2.207e-09	-2.7378e-09	-2.9181e-09	-2.6773e-09	-2.907e-09	-2.6836e-09	-2.4471e-09	-2.5845e-09	-2.5845e-09	-2.7958e-09	-3.1463e-09	-2.8066e-09	-2.2874e-09	-1.9496e-09	-2.5147e-09	-2.5942e-09	-2.774e-09	-2.7145e-09	-2.8723e-09	-3.4003e-09	-4.0876e-09	-4.6116e-09	-4.3564e-09	-4.3072e-09	-4.5868e-09	-4.4898e-09	-2.6552e-09	1.449e-09	7.2978e-09	1.5889e-08	2.3745e-08	3.1987e-08	4.0171e-08	4.7743e-08	5.6846e-08	6.4803e-08	7.2916e-08	7.8762e-08	8.1731e-08	8.1505e-08	7.8777e-08	7.8312e-08	7.8669e-08	7.7036e-08	7.1099e-08	6.413e-08	5.548e-08	4.5661e-08	3.5439e-08	2.2803e-08	1.3874e-08	7.3706e-09	3.2454e-09	5.6391e-10	-1.1444e-09	-1.4163e-09	-1.744e-09	-2.0303e-09	-2.0303e-09	-2.3307e-09	-2.4356e-09	-2.6146e-09	-2.7846e-09	-2.8813e-09	-3.3153e-09	-3.8937e-09	-4.6887e-09	-5.2337e-09	-5.5846e-09	-5.9659e-09	-6.4783e-09	-6.588e-09	-6.589e-09	-6.3477e-09	-6.308e-09	-6.6372e-09	-6.8647e-09	-6.9513e-09	-6.492e-09	-5.8461e-09	-5.8199e-09	-6.0171e-09	-5.7393e-09	-4.8984e-09	-4.1324e-09
-2.0236e-09	-1.7835e-09	-1.6324e-09	-1.8229e-09	-1.4609e-09	-1.4609e-09	-1.0647e-09	-1.531e-09	-2.341e-09	-2.755e-09	-2.8863e-09	-2.6859e-09	-2.9631e-09	-2.7888e-09	-2.49e-09	-2.5963e-09	-2.8259e-09	-3.2512e-09	-3.0065e-09	-2.4772e-09	-2.1384e-09	-2.7162e-09	-2.816e-09	-3.0245e-09	-2.9867e-09	-3.1753e-09	-3.7407e-09	-4.198e-09	-4.6999e-09	-4.4222e-09	-4.3041e-09	-4.6314e-09	-4.3812e-09	-2.0192e-09	2.5909e-09	8.7617e-09	1.7566e-08	2.5552e-08	3.3883e-08	4.2056e-08	4.9562e-08	5.8754e-08	6.6742e-08	7.4767e-08	8.0273e-08	8.2498e-08	8.1596e-08	7.8814e-08	7.8592e-08	7.8794e-08	7.641e-08	6.9988e-08	6.259e-08	5.3658e-08	4.3621e-08	4.3621e-08	3.1025e-08	2.0663e-08	1.2169e-08	6.1632e-09	2.5116e-09	-2.4168e-10	-1.3915e-09	-1.5679e-09	-1.7444e-09	-1.976e-09	-2.3555e-09	-2.4664e-09	-2.7258e-09	-2.8875e-09	-2.9913e-09	-3.452e-09	-3.9985e-09	-4.8167e-09	-5.3937e-09	-5.7598e-09	-6.0914e-09	-6.652e-09	-6.6433e-09	-6.5048e-09	-6.2592e-09	-6.3693e-09	-6.7417e-09	-6.9661e-09	-7.0396e-09	-6.4962e-09	-5.9229e-09	-5.862e-09	-6.0451e-09	-5.7021e-09	-4.8153e-09	-4.0268e-09
-2.428e-09	-1.9213e-09	-1.6416e-09	-1.4166e-09	-1.6648e-09	-1.3921e-09	-1.1236e-09	-1.6576e-09	-2.443e-09	-2.7112e-09	-2.811e-09	-2.7059e-09	-3.0341e-09	-2.953e-09	-2.6099e-09	-2.6424e-09	-2.8484e-09	-3.3343e-09	-3.2107e-09	-2.6987e-09	-2.3815e-09	-2.9319e-09	-3.0561e-09	-3.2918e-09	-3.2789e-09	-3.4939e-09	-4.0721e-09	-4.2943e-09	-4.758e-09	-4.4683e-09	-4.2835e-09	-4.6279e-09	-4.1639e-09	-1.2629e-09	3.8234e-09	1.0278e-08	1.9272e-08	2.7389e-08	3.5791e-08	4.3944e-08	5.1424e-08	6.0746e-08	6.8732e-08	7.6566e-08	8.1646e-08	8.1646e-08	8.357e-08	8.171e-08	7.9166e-08	7.9169e-08	7.9099e-08	7.5619e-08	6.8955e-08	6.1041e-08	5.1817e-08	4.1593e-08	2.8843e-08	1.8601e-08	1.0592e-08	5.0598e-09	1.854e-09	-5.5526e-10	-1.5886e-09	-1.6825e-09	-1.7137e-09	-1.8991e-09	-2.3796e-09	-2.5051e-09	-2.8407e-09	-3.0005e-09	-3.12e-09	-3.6201e-09	-4.1426e-09	-4.9565e-09	-5.5509e-09	-5.925e-09	-6.2071e-09	-6.7925e-09	-6.6893e-09	-6.4602e-09	-6.2459e-09	-6.5402e-09	-6.9211e-09	-7.1126e-09	-7.144e-09	-6.552e-09	-6.0614e-09	-5.9845e-09	-6.0953e-09	-5.6565e-09	-4.7302e-09	-3.9343e-09
-2.4423e-09	-1.8585e-09	-1.5236e-09	-1.2516e-09	-1.5525e-09	-1.3942e-09	-1.2678e-09	-1.8246e-09	-2.5116e-09	-2.613e-09	-2.7013e-09	-2.7435e-09	-3.1196e-09	-3.1577e-09	-2.7869e-09	-2.7169e-09	-2.8674e-09	-3.3962e-09	-3.4068e-09	-2.9348e-09	-2.6552e-09	-3.1437e-09	-3.2918e-09	-3.5497e-09	-3.5629e-09	-3.7979e-09	-4.3616e-09	-4.3675e-09	-4.7786e-09	-4.4884e-09	-4.2505e-09	-4.5677e-09	-3.8177e-09	-3.8527e-10	5.137e-09	5.137e-09	1.3436e-08	2.1004e-08	2.9251e-08	3.7698e-08	4.5823e-08	5.5275e-08	6.2815e-08	7.0755e-08	7.8279e-08	8.2843e-08	8.3869e-08	8.184e-08	7.9755e-08	7.9943e-08	7.9497e-08	7.5294e-08	6.794e-08	5.9461e-08	4.9947e-08	3.9567e-08	2.669e-08	1.6632e-08	9.1425e-09	4.0561e-09	1.2638e-09	-8.2522e-10	-1.7468e-09	-1.7704e-09	-1.6732e-09	-1.8252e-09	-2.4184e-09	-2.5675e-09	-2.9684e-09	-3.1346e-09	-3.2766e-09	-3.8323e-09	-4.3469e-09	-5.1216e-09	-5.7103e-09	-6.0766e-09	-6.3125e-09	-6.8927e-09	-6.7288e-09	-6.4743e-09	-6.3358e-09	-6.8037e-09	-7.1596e-09	-7.2921e-09	-7.2921e-09	-7.2571e-09	-6.7711e-09	-6.2342e-09	-6.1566e-09	-6.1534e-09	-5.6001e-09	-4.547e-09
-2.3917e-09	-1.8585e-09	-1.4351e-09	-1.1447e-09	-1.4924e-09	-1.47e-09	-1.481e-09	-2.0242e-09	-2.5587e-09	-2.4866e-09	-2.5804e-09	-2.8041e-09	-3.2193e-09	-3.3838e-09	-3.0003e-09	-2.8138e-09	-2.8869e-09	-3.4381e-09	-3.5826e-09	-3.1683e-09	-2.9361e-09	-3.3334e-09	-3.5002e-09	-3.7719e-09	-3.8102e-09	-3.8102e-09	-4.2419e-09	-4.5764e-09	-4.4085e-09	-4.7542e-09	-4.4766e-09	-4.1675e-09	-4.4419e-09	-3.3225e-09	6.1487e-10	6.5224e-09	1.5064e-08	2.2757e-08	3.1131e-08	3.9597e-08	4.7682e-08	5.7235e-08	6.4921e-08	7.2766e-08	7.9869e-08	8.3847e-08	8.4026e-08	8.1973e-08	8.0484e-08	8.0797e-08	7.9888e-08	7.4895e-08	6.688e-08	5.7831e-08	4.8039e-08	3.7534e-08	2.4575e-08	1.4773e-08	7.8178e-09	3.1474e-09	7.3251e-10	-1.0634e-09	-1.8774e-09	-1.8417e-09	-1.6447e-09	-1.7796e-09	-2.4873e-09	-2.6695e-09	-3.1183e-09	-3.3009e-09	-3.4698e-09	-4.0992e-09	-4.6293e-09	-5.3243e-09	-5.3243e-09	-5.8765e-09	-6.3316e-09	-6.4077e-09	-6.9535e-09	-6.7623e-09	-6.5433e-09	-6.7588e-09	-7.1203e-09	-7.4249e-09	-7.4803e-09	-7.3643e-09	-6.891e-09	-6.4142e-09	-6.3471e-09	-6.2052e-09	-5.5303e-09	-4.4458e-09
-2.2811e-09	-1.7923e-09	-1.3759e-09	-1.0919e-09	-1.4806e-09	-1.6073e-09	-1.481e-09	-2.2484e-09	-2.5966e-09	-2.359e-09	-2.4722e-09	-2.8041e-09	-3.3328e-09	-3.6123e-09	-3.2293e-09	-3.2293e-09	-2.9269e-09	-2.9111e-09	-3.4607e-09	-3.7257e-09	-3.3821e-09	-3.4248e-09	-3.4828e-09	-3.6587e-09	-3.9323e-09	-3.9922e-09	-4.3216e-09	-4.6839e-09	-4.4082e-09	-4.6775e-09	-4.4265e-09	-4.1239e-09	-4.2427e-09	-2.667e-09	1.7353e-09	7.9714e-09	1.6723e-08	2.4532e-08	3.3025e-08	4.1484e-08	4.9517e-08	5.919e-08	6.7024e-08	7.4716e-08	8.13e-08	8.464e-08	8.4055e-08	8.2097e-08	8.1256e-08	8.1614e-08	8.0172e-08	7.4335e-08	6.5713e-08	5.6128e-08	4.6083e-08	3.5482e-08	2.2507e-08	1.3038e-08	6.617e-09	2.3292e-09	2.5128e-10	-1.2818e-09	-1.9913e-09	-1.9064e-09	-1.9064e-09	-1.6495e-09	-1.8726e-09	-2.5999e-09	-2.825e-09	-3.2986e-09	-3.5088e-09	-3.9832e-09	-4.4149e-09	-4.982e-09	-5.5636e-09	-6.0507e-09	-6.4409e-09	-6.4939e-09	-6.9807e-09	-6.7892e-09	-6.6507e-09	-7.0266e-09	-7.4504e-09	-7.6843e-09	-7.653e-09	-7.4506e-09	-6.9888e-09	-6.5741e-09	-6.5251e-09	-6.2363e-09	-5.4446e-09	-4.3362e-09
-2.1304e-09	-1.7267e-09	-1.3457e-09	-1.0884e-09	-1.5126e-09	-1.5126e-09	-1.793e-09	-2.0464e-09	-2.4893e-09	-2.6375e-09	-2.2573e-09	-2.4003e-09	-3.0167e-09	-3.46e-09	-3.8241e-09	-3.4533e-09	-3.0501e-09	-2.944e-09	-3.465e-09	-3.824e-09	-3.5591e-09	-3.4248e-09	-3.5738e-09	-3.7446e-09	-4.0048e-09	-4.0808e-09	-4.3216e-09	-4.667e-09	-4.3629e-09	-4.5476e-09	-4.3369e-09	-4.1239e-09	-3.9636e-09	-1.8632e-09	2.9648e-09	9.4784e-09	1.8414e-08	2.6329e-08	3.4926e-08	4.3354e-08	5.1326e-08	6.1115e-08	6.9079e-08	7.6558e-08	8.2534e-08	8.5208e-08	8.3969e-08	8.2198e-08	8.1974e-08	8.2275e-08	8.025e-08	7.3522e-08	6.4378e-08	5.4331e-08	5.4331e-08	4.407e-08	3.1287e-08	2.0495e-08	1.1443e-08	5.5386e-09	1.5969e-09	-5.9496e-10	-1.4912e-09	-2.0991e-09	-1.9739e-09	-1.7072e-09	-2.0301e-09	-2.7537e-09	-3.0311e-09	-3.5066e-09	-3.7528e-09	-4.2852e-09	-4.7647e-09	-5.3831e-09	-5.8318e-09	-6.2327e-09	-6.5439e-09	-6.5718e-09	-6.9799e-09	-6.8085e-09	-6.7798e-09	-7.2884e-09	-7.7543e-09	-7.905e-09	-7.7856e-09	-7.5013e-09	-7.0428e-09	-6.6866e-09	-6.6594e-09	-6.2323e-09	-5.3404e-09	-4.2166e-09
-1.8e-09	-1.9602e-09	-1.6132e-09	-1.3438e-09	-1.1298e-09	-1.5841e-09	-2.0141e-09	-2.3647e-09	-2.7388e-09	-2.6939e-09	-2.2084e-09	-2.3886e-09	-3.1799e-09	-3.6004e-09	-4.0002e-09	-3.6517e-09	-3.1774e-09	-2.9898e-09	-3.4518e-09	-3.8651e-09	-3.682e-09	-3.5855e-09	-3.5975e-09	-3.7465e-09	-3.9766e-09	-4.0618e-09	-4.2819e-09	-4.551e-09	-4.284e-09	-4.3816e-09	-4.2197e-09	-4.0703e-09	-3.5984e-09	-9.2731e-10	4.2906e-09	1.1038e-08	1.8414e-08	2.8149e-08	3.6828e-08	4.5207e-08	5.3106e-08	6.1115e-08	7.1045e-08	7.8244e-08	7.8244e-08	8.3534e-08	8.5534e-08	8.378e-08	8.2265e-08	8.2539e-08	8.2663e-08	7.9384e-08	7.237e-08	6.2812e-08	5.2419e-08	4.1989e-08	2.9126e-08	1.8548e-08	1.0001e-08	4.5806e-09	9.4616e-10	-9.6869e-10	-1.6932e-09	-2.2037e-09	-2.0475e-09	-1.8168e-09	-2.2428e-09	-2.938e-09	-3.2758e-09	-3.7344e-09	-4.0192e-09	-4.6005e-09	-5.1337e-09	-5.8108e-09	-6.1211e-09	-6.4219e-09	-6.6447e-09	-6.6424e-09	-6.9568e-09	-6.8195e-09	-6.914e-09	-7.5115e-09	-7.9921e-09	-8.0543e-09	-7.854e-09	-7.5014e-09	-7.0312e-09	-6.7244e-09	-6.7189e-09	-6.1791e-09	-5.2152e-09	-4.0854e-09
-1.5809e-09	-1.7912e-09	-1.5734e-09	-1.37e-09	-1.2114e-09	-1.6907e-09	-2.2577e-09	-2.6841e-09	-2.989e-09	-2.778e-09	-2.2395e-09	-2.4607e-09	-3.3885e-09	-3.7536e-09	-4.1216e-09	-3.8036e-09	-3.3027e-09	-3.0509e-09	-3.4239e-09	-3.8442e-09	-3.7417e-09	-3.6693e-09	-3.5692e-09	-3.6835e-09	-3.8706e-09	-3.9602e-09	-4.1499e-09	-4.3682e-09	-4.1851e-09	-4.1995e-09	-4.0888e-09	-3.9963e-09	-3.1411e-09	1.2472e-10	1.2472e-10	5.7e-09	1.2647e-08	2.1893e-08	2.9992e-08	3.8726e-08	4.7037e-08	5.4854e-08	6.4785e-08	7.288e-08	7.9726e-08	8.4263e-08	8.5601e-08	8.3503e-08	8.2286e-08	8.2856e-08	8.266e-08	7.9384e-08	7.0799e-08	6.0961e-08	5.0374e-08	3.9833e-08	2.9126e-08	1.6674e-08	8.7074e-09	3.7367e-09	3.744e-10	-9.6869e-10	-1.8848e-09	-2.3041e-09	-2.1269e-09	-1.9669e-09	-2.4933e-09	-3.1416e-09	-3.5471e-09	-3.9738e-09	-4.2944e-09	-4.9167e-09	-5.5071e-09	-6.2432e-09	-6.4236e-09	-6.6182e-09	-6.7477e-09	-6.7066e-09	-6.917e-09	-6.8213e-09	-7.0369e-09	-7.6633e-09	-8.1242e-09	-8.0997e-09	-8.0997e-09	-7.8337e-09	-7.2912e-09	-6.9326e-09	-6.6606e-09	-6.673e-09	-6.0623e-09	-4.8949e-09
-1.3937e-09	-1.6439e-09	-1.5504e-09	-1.4237e-09	-1.3286e-09	-1.8279e-09	-2.5108e-09	-2.9876e-09	-3.232e-09	-2.902e-09	-2.3774e-09	-2.6403e-09	-3.6418e-09	-3.9174e-09	-4.1776e-09	-3.8969e-09	-3.4214e-09	-3.1256e-09	-3.3887e-09	-3.7763e-09	-3.75e-09	-3.6902e-09	-3.5081e-09	-3.5796e-09	-3.5796e-09	-3.7156e-09	-3.8069e-09	-3.7444e-09	-4.1509e-09	-4.0799e-09	-4.0212e-09	-3.9579e-09	-3.7444e-09	-2.5855e-09	1.2769e-09	7.1801e-09	1.4298e-08	2.3684e-08	3.1858e-08	4.0613e-08	4.8844e-08	5.6567e-08	6.6484e-08	7.454e-08	8.0955e-08	8.4685e-08	8.5395e-08	8.3152e-08	8.2247e-08	8.2837e-08	8.2164e-08	7.8254e-08	6.884e-08	5.8848e-08	4.8206e-08	3.7611e-08	2.6933e-08	1.4878e-08	7.5468e-09	2.9977e-09	-1.2007e-10	-1.3068e-09	-2.0625e-09	-2.3995e-09	-2.2118e-09	-2.1457e-09	-2.4933e-09	-3.3534e-09	-3.833e-09	-4.2166e-09	-4.5646e-09	-4.9167e-09	-5.87e-09	-6.6583e-09	-6.6583e-09	-6.7316e-09	-6.821e-09	-6.8571e-09	-6.7654e-09	-6.8663e-09	-6.8133e-09	-7.1318e-09	-7.7113e-09	-8.1114e-09	-8.009e-09	-7.7008e-09	-7.0652e-09	-6.7424e-09	-6.4885e-09	-6.5122e-09	-5.8788e-09	-4.7055e-09
-1.2666e-09	-1.5389e-09	-1.5481e-09	-1.5044e-09	-1.4767e-09	-1.9914e-09	-2.7604e-09	-3.2618e-09	-3.4608e-09	-3.0717e-09	-2.6337e-09	-2.9361e-09	-3.9228e-09	-4.0839e-09	-4.0839e-09	-4.1805e-09	-3.9421e-09	-3.6377e-09	-3.2115e-09	-3.3543e-09	-3.6796e-09	-3.7224e-09	-3.6171e-09	-3.4336e-09	-3.4588e-09	-3.5404e-09	-3.6331e-09	-3.5387e-09	-3.9312e-09	-3.9821e-09	-3.8668e-09	-3.8412e-09	-3.5454e-09	-1.9254e-09	2.5131e-09	8.7184e-09	1.5987e-08	2.551e-08	3.3748e-08	4.2484e-08	5.0623e-08	5.8243e-08	6.8065e-08	7.5988e-08	8.1891e-08	8.4768e-08	8.4906e-08	8.2749e-08	8.2149e-08	8.2491e-08	8.1199e-08	7.6664e-08	6.6582e-08	5.6533e-08	4.5943e-08	3.5341e-08	2.4734e-08	1.317e-08	6.5038e-09	2.3547e-09	-5.3892e-10	-1.6062e-09	-2.2233e-09	-2.4889e-09	-2.4889e-09	-2.3019e-09	-2.3416e-09	-3.0368e-09	-3.5626e-09	-4.1213e-09	-4.4546e-09	-4.8163e-09	-5.5006e-09	-6.2075e-09	-7.0344e-09	-7.0373e-09	-7.03e-09	-6.977e-09	-6.8197e-09	-6.8103e-09	-6.7945e-09	-7.1822e-09	-7.6432e-09	-7.9432e-09	-7.7762e-09	-7.4523e-09	-7.0652e-09	-6.4811e-09	-6.2323e-09	-6.2595e-09	-5.6419e-09	-4.7055e-09
-1.2279e-09	-1.4968e-09	-1.5701e-09	-1.6116e-09	-1.6116e-09	-1.6513e-09	-2.1762e-09	-3.2126e-09	-3.5027e-09	-3.671e-09	-3.2746e-09	-2.9784e-09	-3.7412e-09	-4.2117e-09	-4.2443e-09	-4.1462e-09	-3.9534e-09	-3.7355e-09	-3.3062e-09	-3.3291e-09	-3.5724e-09	-3.6741e-09	-3.5602e-09	-3.3651e-09	-3.3452e-09	-3.3739e-09	-3.47e-09	-3.3762e-09	-3.7415e-09	-3.9053e-09	-3.7561e-09	-3.7525e-09	-3.2837e-09	-1.1549e-09	3.8173e-09	1.0302e-08	1.771e-08	2.7371e-08	3.5663e-08	4.4333e-08	5.2373e-08	5.9879e-08	6.9535e-08	7.7228e-08	8.2544e-08	8.4554e-08	8.4188e-08	8.232e-08	8.1993e-08	8.1877e-08	7.9861e-08	7.4714e-08	6.4113e-08	5.4077e-08	5.4077e-08	4.361e-08	3.3043e-08	2.0413e-08	1.1554e-08	5.5632e-09	1.7985e-09	-8.8379e-10	-2.0768e-09	-2.3638e-09	-2.5713e-09	-2.397e-09	-2.5431e-09	-3.2945e-09	-3.758e-09	-4.4001e-09	-4.6798e-09	-5.0357e-09	-5.7432e-09	-6.505e-09	-7.3497e-09	-7.3327e-09	-7.2446e-09	-7.106e-09	-6.8695e-09	-6.753e-09	-6.7643e-09	-7.1795e-09	-7.4771e-09	-7.6529e-09	-7.4359e-09	-7.1172e-09	-6.778e-09	-6.1718e-09	-5.9187e-09	-5.9406e-09	-5.3661e-09	-4.5035e-09
-1.5592e-09	-1.2931e-09	-1.6262e-09	-1.6179e-09	-1.7435e-09	-1.8476e-09	-2.376e-09	-3.4075e-09	-3.7078e-09	-3.8588e-09	-3.4955e-09	-3.3747e-09	-4.1732e-09	-4.489e-09	-4.3899e-09	-4.0905e-09	-3.9451e-09	-3.8267e-09	-3.4073e-09	-3.3212e-09	-3.4729e-09	-3.6205e-09	-3.5143e-09	-3.3218e-09	-3.2628e-09	-3.2448e-09	-3.3486e-09	-3.2908e-09	-3.614e-09	-3.8634e-09	-3.7091e-09	-3.7056e-09	-2.9485e-09	-2.6839e-10	5.1747e-09	1.1919e-08	1.9461e-08	2.9264e-08	3.7596e-08	4.6163e-08	5.41e-08	6.1484e-08	7.0914e-08	7.8283e-08	7.8283e-08	8.2953e-08	8.4119e-08	8.241e-08	8.1891e-08	8.1783e-08	8.1055e-08	7.8244e-08	7.0131e-08	6.152e-08	5.1542e-08	4.1234e-08	3.0734e-08	1.8341e-08	1.0038e-08	4.7095e-09	1.3203e-09	-1.1564e-09	-2.2421e-09	-2.4809e-09	-2.6458e-09	-2.4968e-09	-2.7383e-09	-3.5195e-09	-3.9287e-09	-4.6574e-09	-4.8839e-09	-5.2092e-09	-5.9421e-09	-6.7527e-09	-7.592e-09	-7.6085e-09	-7.4587e-09	-7.2339e-09	-6.9137e-09	-6.6957e-09	-6.722e-09	-7.1269e-09	-7.2336e-09	-7.2774e-09	-7.0258e-09	-6.7273e-09	-6.4512e-09	-5.8372e-09	-5.5743e-09	-5.5813e-09	-5.0662e-09	-4.2944e-09
-1.6758e-09	-1.444e-09	-1.7721e-09	-1.6931e-09	-1.8986e-09	-2.0609e-09	-2.5845e-09	-3.577e-09	-3.8744e-09	-4.0205e-09	-3.719e-09	-3.7856e-09	-4.5731e-09	-4.7346e-09	-4.5119e-09	-4.0293e-09	-3.9312e-09	-3.9114e-09	-3.5124e-09	-3.3389e-09	-3.3994e-09	-3.577e-09	-3.498e-09	-3.3231e-09	-3.2356e-09	-3.182e-09	-3.3002e-09	-3.3124e-09	-3.5774e-09	-3.8683e-09	-3.7425e-09	-3.7111e-09	-2.5288e-09	7.3262e-10	7.3262e-10	6.5817e-09	1.3567e-08	2.3047e-08	3.1182e-08	3.9542e-08	4.798e-08	5.5816e-08	6.4657e-08	7.2225e-08	7.9178e-08	8.316e-08	8.354e-08	8.1523e-08	8.1489e-08	8.1522e-08	8.0084e-08	7.6443e-08	6.7696e-08	5.8893e-08	4.899e-08	3.8841e-08	2.8432e-08	1.6361e-08	8.6294e-09	3.9274e-09	9.1092e-10	-1.3583e-09	-2.3566e-09	-2.5711e-09	-2.7115e-09	-2.601e-09	-2.9159e-09	-3.7029e-09	-4.07e-09	-4.8856e-09	-5.0627e-09	-5.3325e-09	-6.0992e-09	-6.9485e-09	-7.7637e-09	-7.8527e-09	-7.6574e-09	-7.3499e-09	-6.9511e-09	-6.6397e-09	-6.6667e-09	-7.0283e-09	-6.9333e-09	-6.8538e-09	-6.8538e-09	-6.5838e-09	-6.3143e-09	-5.7642e-09	-5.5003e-09	-5.226e-09	-5.2072e-09	-4.7567e-09
-1.8295e-09	-1.6563e-09	-1.7721e-09	-1.797e-09	-2.0751e-09	-2.2866e-09	-2.7951e-09	-3.7177e-09	-4.0002e-09	-4.1521e-09	-3.9298e-09	-4.1745e-09	-4.9024e-09	-4.9291e-09	-4.6017e-09	-3.9785e-09	-3.9261e-09	-3.9897e-09	-3.6191e-09	-3.3904e-09	-3.3702e-09	-3.5589e-09	-3.5278e-09	-3.3859e-09	-3.3859e-09	-3.2847e-09	-3.211e-09	-3.4964e-09	-3.4343e-09	-3.6291e-09	-3.9173e-09	-3.8426e-09	-3.7742e-09	-2.0134e-09	1.8432e-09	8.0404e-09	1.5248e-08	2.4882e-08	3.312e-08	4.1492e-08	4.979e-08	5.753e-08	6.6253e-08	7.3488e-08	7.9939e-08	8.3203e-08	8.2893e-08	8.0754e-08	8.1141e-08	8.1214e-08	7.9024e-08	7.4553e-08	6.5299e-08	5.632e-08	4.6483e-08	3.6458e-08	2.6157e-08	1.4497e-08	7.3344e-09	3.2018e-09	5.6142e-10	-1.4914e-09	-2.4214e-09	-2.6333e-09	-2.767e-09	-2.7082e-09	-3.0692e-09	-3.8484e-09	-4.1865e-09	-5.0834e-09	-5.2173e-09	-5.4142e-09	-6.2174e-09	-7.0913e-09	-7.0913e-09	-7.8686e-09	-8.0533e-09	-7.9452e-09	-7.443e-09	-6.9804e-09	-6.5861e-09	-6.5979e-09	-6.7101e-09	-6.5969e-09	-6.4189e-09	-6.1476e-09	-5.9099e-09	-5.4471e-09	-5.1839e-09	-4.9005e-09	-4.844e-09	-4.4523e-09
-2.0069e-09	-1.9062e-09	-1.9525e-09	-1.9312e-09	-2.2715e-09	-2.52e-09	-3.0014e-09	-3.7177e-09	-4.0825e-09	-4.2499e-09	-4.1126e-09	-4.5045e-09	-4.9024e-09	-5.0525e-09	-5.0525e-09	-4.6504e-09	-3.9539e-09	-3.9439e-09	-4.0618e-09	-3.7251e-09	-3.4826e-09	-3.4012e-09	-3.6382e-09	-3.6017e-09	-3.506e-09	-3.4052e-09	-3.3272e-09	-3.7083e-09	-3.6303e-09	-3.7497e-09	-3.9996e-09	-3.9797e-09	-3.7537e-09	-1.3908e-09	3.0583e-09	9.5531e-09	1.6963e-08	2.6746e-08	3.5071e-08	4.3439e-08	5.16e-08	5.9256e-08	6.7873e-08	7.4726e-08	8.0591e-08	8.3123e-08	8.2256e-08	8.019e-08	8.0872e-08	8.0861e-08	7.7934e-08	7.267e-08	6.3038e-08	5.3888e-08	4.4081e-08	3.411e-08	2.3927e-08	1.2765e-08	6.157e-09	2.5251e-09	2.6336e-10	-1.5619e-09	-2.4434e-09	-2.6688e-09	-2.6688e-09	-2.8106e-09	-2.8153e-09	-3.308e-09	-3.961e-09	-4.2837e-09	-5.2505e-09	-5.3496e-09	-5.494e-09	-6.2994e-09	-7.1796e-09	-7.9101e-09	-8.198e-09	-8.003e-09	-7.5024e-09	-7.0003e-09	-6.5362e-09	-6.5147e-09	-6.4986e-09	-6.2448e-09	-6.0099e-09	-5.7552e-09	-5.5459e-09	-5.1761e-09	-4.9109e-09	-4.6244e-09	-4.5176e-09	-4.1678e-09
-2.1942e-09	-2.1696e-09	-2.1528e-09	-2.0971e-09	-2.0971e-09	-2.486e-09	-2.7564e-09	-3.197e-09	-3.8992e-09	-4.1189e-09	-4.31e-09	-4.252e-09	-4.7387e-09	-5.1984e-09	-5.0876e-09	-4.6508e-09	-3.9698e-09	-3.9971e-09	-4.1281e-09	-3.8286e-09	-3.6098e-09	-3.4882e-09	-3.6382e-09	-3.708e-09	-3.6679e-09	-3.5783e-09	-3.5097e-09	-3.7083e-09	-3.8743e-09	-3.9195e-09	-4.1047e-09	-4.124e-09	-3.7537e-09	-6.4975e-10	4.3729e-09	1.1122e-08	1.8714e-08	2.8639e-08	3.7029e-08	4.5376e-08	5.3414e-08	6.1002e-08	6.9532e-08	7.596e-08	8.1157e-08	8.296e-08	8.1706e-08	7.9916e-08	8.0709e-08	8.0466e-08	7.6874e-08	7.0887e-08	6.096e-08	5.1639e-08	5.1639e-08	4.1813e-08	3.1817e-08	1.9668e-08	1.1167e-08	5.0971e-09	1.9013e-09	9.2531e-12	-1.5692e-09	-2.4299e-09	-2.6791e-09	-2.8404e-09	-2.9189e-09	-3.3969e-09	-4.0456e-09	-4.367e-09	-5.386e-09	-5.4611e-09	-5.5123e-09	-6.3482e-09	-7.2121e-09	-7.892e-09	-8.2749e-09	-7.9824e-09	-7.5171e-09	-7.0095e-09	-6.4911e-09	-6.4166e-09	-6.2578e-09	-5.8978e-09	-5.6635e-09	-5.4443e-09	-5.2539e-09	-4.9689e-09	-4.7e-09	-4.4193e-09	-4.2489e-09	-3.9154e-09
-2.3709e-09	-2.378e-09	-2.4225e-09	-2.5538e-09	-2.2961e-09	-2.7169e-09	-2.9912e-09	-3.3753e-09	-3.9339e-09	-4.1079e-09	-4.3293e-09	-4.3346e-09	-4.8446e-09	-5.1376e-09	-5.0391e-09	-4.6074e-09	-4.0235e-09	-4.0827e-09	-4.1889e-09	-3.9283e-09	-3.7602e-09	-3.6161e-09	-3.7239e-09	-3.8351e-09	-3.8558e-09	-3.785e-09	-3.7379e-09	-3.9615e-09	-4.1399e-09	-4.1191e-09	-4.2218e-09	-4.2455e-09	-3.6463e-09	2.2102e-10	5.7821e-09	1.2749e-08	2.0504e-08	2.8639e-08	3.8988e-08	4.7296e-08	5.524e-08	6.2782e-08	6.9532e-08	7.7211e-08	7.7211e-08	8.1664e-08	8.2753e-08	8.1318e-08	7.9958e-08	8.0653e-08	8.0027e-08	7.5869e-08	6.9249e-08	5.9035e-08	4.9546e-08	3.9662e-08	2.9582e-08	1.7672e-08	9.7036e-09	4.1539e-09	1.3355e-09	-2.0834e-10	-1.5339e-09	-2.3885e-09	-2.666e-09	-2.8546e-09	-3.0157e-09	-3.4676e-09	-4.1074e-09	-4.4419e-09	-5.4896e-09	-5.5537e-09	-5.5295e-09	-6.3664e-09	-7.1874e-09	-7.818e-09	-8.2717e-09	-7.8677e-09	-7.4764e-09	-7.0069e-09	-6.452e-09	-6.3028e-09	-5.9937e-09	-5.5751e-09	-5.4101e-09	-5.2446e-09	-5.0592e-09	-4.8241e-09	-4.5495e-09	-4.281e-09	-4.0373e-09	-3.6969e-09
-2.4493e-09	-2.5448e-09	-2.6409e-09	-2.7263e-09	-2.5284e-09	-2.9619e-09	-3.2196e-09	-3.5304e-09	-3.9351e-09	-4.0568e-09	-4.3126e-09	-4.3619e-09	-4.8274e-09	-4.9682e-09	-4.923e-09	-4.5316e-09	-4.1039e-09	-4.1892e-09	-4.2446e-09	-4.0228e-09	-3.9213e-09	-3.77e-09	-3.8268e-09	-3.9711e-09	-4.0541e-09	-4.0063e-09	-3.9909e-09	-4.2302e-09	-4.4007e-09	-4.3289e-09	-4.3401e-09	-4.3145e-09	-3.4129e-09	1.2328e-09	1.2328e-09	7.2807e-09	1.4438e-08	2.2335e-08	3.2517e-08	4.0942e-08	4.9192e-08	5.7084e-08	6.4605e-08	7.3e-08	7.8478e-08	8.2125e-08	8.2535e-08	8.113e-08	8.0251e-08	8.0669e-08	7.9533e-08	7.4891e-08	6.7722e-08	5.7227e-08	4.7576e-08	3.7604e-08	2.7409e-08	1.7672e-08	8.376e-09	3.3267e-09	8.3256e-10	-3.9685e-10	-1.5339e-09	-2.3264e-09	-2.6309e-09	-2.8512e-09	-3.1025e-09	-3.4676e-09	-4.151e-09	-4.5137e-09	-5.5606e-09	-5.629e-09	-5.5559e-09	-6.357e-09	-7.1042e-09	-7.6915e-09	-8.1764e-09	-7.65e-09	-7.3735e-09	-6.9916e-09	-6.4198e-09	-6.174e-09	-5.7225e-09	-5.7225e-09	-5.289e-09	-5.2471e-09	-5.1475e-09	-4.9294e-09	-4.7345e-09	-4.4521e-09	-4.1982e-09	-3.8756e-09
-2.5239e-09	-2.682e-09	-2.8031e-09	-2.8714e-09	-2.7829e-09	-3.2108e-09	-3.4355e-09	-3.6612e-09	-3.9112e-09	-3.9778e-09	-4.2686e-09	-4.3435e-09	-4.7125e-09	-4.7187e-09	-4.7559e-09	-4.4345e-09	-4.1997e-09	-4.3052e-09	-4.2956e-09	-4.1108e-09	-4.0812e-09	-3.9345e-09	-3.9369e-09	-4.1042e-09	-4.1042e-09	-4.2472e-09	-4.2233e-09	-4.2478e-09	-4.7108e-09	-4.6306e-09	-4.5293e-09	-4.449e-09	-4.301e-09	-2.4115e-09	2.3969e-09	8.8637e-09	1.6189e-08	2.4208e-08	3.4499e-08	4.2889e-08	5.1062e-08	5.8948e-08	6.6472e-08	7.4776e-08	7.973e-08	8.2536e-08	8.2324e-08	8.1116e-08	8.0722e-08	8.0719e-08	7.8973e-08	7.3908e-08	6.6268e-08	5.5498e-08	4.5695e-08	3.5617e-08	2.5302e-08	1.5786e-08	7.1851e-09	2.615e-09	3.9762e-10	-5.6369e-10	-1.4911e-09	-2.2511e-09	-2.5757e-09	-2.8285e-09	-3.1759e-09	-3.5221e-09	-4.1817e-09	-4.5881e-09	-5.5985e-09	-5.6888e-09	-5.5559e-09	-5.5996e-09	-6.3232e-09	-6.9637e-09	-7.5176e-09	-7.9824e-09	-7.3523e-09	-7.2216e-09	-6.9652e-09	-6.3936e-09	-6.0377e-09	-5.463e-09	-5.0498e-09	-5.1628e-09	-5.1329e-09	-4.9643e-09	-4.6933e-09	-4.4e-09	-4.1594e-09	-3.7566e-09
-2.5939e-09	-2.787e-09	-2.9078e-09	-2.9902e-09	-3.0425e-09	-3.4499e-09	-3.6323e-09	-3.7693e-09	-3.8705e-09	-3.883e-09	-4.206e-09	-4.2893e-09	-4.5256e-09	-4.4177e-09	-4.4177e-09	-4.5541e-09	-4.3273e-09	-4.2995e-09	-4.5196e-09	-4.3423e-09	-4.1908e-09	-4.2276e-09	-4.0946e-09	-4.1386e-09	-4.2227e-09	-4.4193e-09	-4.417e-09	-4.4879e-09	-4.8713e-09	-4.8035e-09	-4.7008e-09	-4.5376e-09	-4.1753e-09	-1.5897e-09	3.7134e-09	1.0525e-08	1.8002e-08	2.6123e-08	3.6502e-08	4.483e-08	5.2919e-08	6.0831e-08	6.8367e-08	7.6537e-08	8.0931e-08	8.2895e-08	8.2142e-08	8.1248e-08	8.1297e-08	8.0765e-08	7.8336e-08	7.2889e-08	6.4848e-08	5.3813e-08	4.3869e-08	3.368e-08	2.3264e-08	1.4026e-08	6.1318e-09	2.018e-09	3.5656e-11	-7.163e-10	-1.4548e-09	-1.439e-09	-2.17e-09	-2.5018e-09	-2.7845e-09	-3.2326e-09	-3.5895e-09	-4.2043e-09	-4.6695e-09	-5.6043e-09	-5.7351e-09	-5.6589e-09	-6.2707e-09	-6.7784e-09	-7.3074e-09	-7.7091e-09	-7.0072e-09	-7.0398e-09	-6.9298e-09	-6.3724e-09	-5.9032e-09	-5.2341e-09	-4.868e-09	-5.1449e-09	-5.1806e-09	-4.9643e-09	-4.6934e-09	-4.3858e-09	-4.153e-09	-3.673e-09
-2.6598e-09	-2.8621e-09	-2.965e-09	-3.0836e-09	-3.0836e-09	-3.29e-09	-3.665e-09	-3.8035e-09	-3.923e-09	-3.8217e-09	-3.7846e-09	-4.1336e-09	-4.2092e-09	-4.0384e-09	-4.0937e-09	-4.334e-09	-4.2214e-09	-4.3921e-09	-4.595e-09	-4.3851e-09	-4.2615e-09	-4.3484e-09	-4.2351e-09	-4.2102e-09	-4.315e-09	-4.5549e-09	-4.5686e-09	-4.6905e-09	-4.9585e-09	-4.9073e-09	-4.8299e-09	-4.5921e-09	-3.9181e-09	-5.6975e-10	5.1663e-09	1.2256e-08	1.987e-08	2.8073e-08	3.852e-08	4.6769e-08	5.4774e-08	6.2731e-08	7.0275e-08	7.825e-08	8.2047e-08	8.3197e-08	8.2004e-08	8.1494e-08	8.1904e-08	8.0767e-08	7.761e-08	7.1802e-08	6.3423e-08	6.1954e-08	5.2133e-08	4.2065e-08	3.1768e-08	2.1299e-08	1.0949e-08	5.2169e-09	1.535e-09	-2.4833e-10	-8.621e-10	-1.4552e-09	-2.0906e-09	-2.4126e-09	-2.7199e-09	-3.2708e-09	-3.6116e-09	-4.225e-09	-4.7589e-09	-5.5865e-09	-5.7716e-09	-5.7295e-09	-6.2059e-09	-6.5646e-09	-7.0736e-09	-7.3838e-09	-6.6472e-09	-6.8474e-09	-6.8878e-09	-6.3547e-09	-5.7801e-09	-5.0549e-09	-4.7538e-09	-5.1815e-09	-5.2706e-09	-5.0458e-09	-4.7278e-09	-4.4019e-09	-4.1675e-09	-3.6176e-09
-2.9142e-09	-2.722e-09	-2.9098e-09	-2.9762e-09	-3.1528e-09	-3.5082e-09	-3.8424e-09	-3.9425e-09	-3.9716e-09	-3.7733e-09	-3.6948e-09	-4.0601e-09	-4.1128e-09	-3.7893e-09	-3.7752e-09	-4.112e-09	-4.1279e-09	-4.4662e-09	-4.6342e-09	-4.4243e-09	-4.3215e-09	-4.4314e-09	-4.3411e-09	-4.2539e-09	-4.3745e-09	-4.6447e-09	-4.6677e-09	-4.8429e-09	-4.9822e-09	-4.9514e-09	-4.9124e-09	-4.5938e-09	-3.5256e-09	6.2458e-10	6.7382e-09	1.4049e-08	2.1787e-08	3.0055e-08	4.0543e-08	4.8708e-08	5.6638e-08	6.4646e-08	7.2178e-08	7.406e-08	7.9883e-08	8.3043e-08	8.3437e-08	8.1932e-08	8.2213e-08	8.2469e-08	8.0688e-08	7.6783e-08	7.0616e-08	6.0402e-08	5.0423e-08	4.025e-08	2.986e-08	1.9411e-08	9.6575e-09	4.4383e-09	1.1624e-09	-4.525e-10	-1.0073e-09	-1.504e-09	-2.0203e-09	-2.3195e-09	-2.6461e-09	-3.296e-09	-3.6361e-09	-4.2499e-09	-4.856e-09	-5.5559e-09	-5.8025e-09	-5.8068e-09	-6.1352e-09	-6.3383e-09	-6.8294e-09	-7.0338e-09	-6.3051e-09	-6.6634e-09	-6.8412e-09	-6.3395e-09	-5.6776e-09	-4.9442e-09	-4.7176e-09	-5.2606e-09	-5.3827e-09	-5.1588e-09	-4.7895e-09	-4.4407e-09	-4.1914e-09	-3.5832e-09
-2.9851e-09	-2.7811e-09	-2.9327e-09	-2.95e-09	-3.1986e-09	-3.6799e-09	-3.968e-09	-4.0426e-09	-4.0034e-09	-3.7335e-09	-3.6258e-09	-3.9944e-09	-4.01e-09	-3.5705e-09	-3.4907e-09	-3.9042e-09	-4.0581e-09	-4.5106e-09	-4.6339e-09	-4.4598e-09	-4.3699e-09	-4.4721e-09	-4.4051e-09	-4.2724e-09	-4.403e-09	-4.6891e-09	-4.7165e-09	-4.9448e-09	-4.9541e-09	-4.9468e-09	-4.9445e-09	-4.5236e-09	-2.9954e-09	-2.325e-09	1.9693e-09	8.4115e-09	1.5895e-08	2.3745e-08	3.409e-08	4.2566e-08	5.0651e-08	5.8523e-08	6.6573e-08	7.5903e-08	8.1404e-08	8.3884e-08	8.3612e-08	8.1943e-08	8.2626e-08	8.292e-08	8.0489e-08	7.5845e-08	6.9298e-08	5.8735e-08	4.8651e-08	3.8395e-08	2.7938e-08	1.7603e-08	8.5209e-09	3.7789e-09	8.8141e-10	-5.9016e-10	-1.1526e-09	-1.5827e-09	-1.9667e-09	-2.2364e-09	-2.5782e-09	-3.3158e-09	-3.6708e-09	-4.2851e-09	-4.9606e-09	-5.5234e-09	-5.8318e-09	-5.8865e-09	-6.065e-09	-6.1158e-09	-6.5875e-09	-6.6864e-09	-6.0133e-09	-6.507e-09	-6.7923e-09	-6.3254e-09	-5.6053e-09	-5.5727e-09	-4.921e-09	-4.7698e-09	-5.3702e-09	-5.4967e-09	-5.4196e-09	-4.8712e-09	-4.4945e-09	-4.2133e-09
-3.0528e-09	-2.8376e-09	-2.933e-09	-2.95e-09	-3.2222e-09	-3.788e-09	-4.0278e-09	-4.0971e-09	-4.0199e-09	-3.711e-09	-3.5897e-09	-3.945e-09	-3.9105e-09	-3.3977e-09	-3.2581e-09	-3.7224e-09	-4.0165e-09	-4.5203e-09	-4.6028e-09	-4.49e-09	-4.4067e-09	-4.4769e-09	-4.4309e-09	-4.4236e-09	-4.269e-09	-4.4027e-09	-4.6891e-09	-4.7183e-09	-5e-09	-4.8859e-09	-4.9047e-09	-4.9227e-09	-4.3624e-09	-1.5121e-09	3.4407e-09	1.0169e-08	1.7786e-08	2.5738e-08	3.6132e-08	4.458e-08	5.26e-08	6.0441e-08	6.8512e-08	7.7692e-08	8.2779e-08	8.4534e-08	8.3717e-08	8.2056e-08	8.3036e-08	8.3193e-08	8.0137e-08	7.4786e-08	6.7824e-08	5.6956e-08	4.681e-08	3.6494e-08	2.6005e-08	1.5879e-08	7.5175e-09	3.2174e-09	6.6915e-10	-6.7913e-10	-1.2967e-09	-1.6884e-09	-1.9373e-09	-2.1772e-09	-2.5312e-09	-3.3377e-09	-3.7234e-09	-4.3369e-09	-5.0723e-09	-5.4998e-09	-5.8638e-09	-5.9027e-09	-5.9641e-09	-6.0018e-09	-5.9132e-09	-6.3609e-09	-6.1085e-09	-5.8046e-09	-6.3973e-09	-6.7434e-09	-6.3112e-09	-5.5884e-09	-5.0028e-09	-4.9195e-09	-5.4981e-09	-5.5931e-09	-5.5382e-09	-4.9607e-09	-4.5515e-09	-4.2226e-09
-3.1143e-09	-2.8918e-09	-2.9133e-09	-2.9159e-09	-3.2247e-09	-3.8156e-09	-4.0082e-09	-4.0997e-09	-4.0199e-09	-3.71e-09	-3.5912e-09	-3.9166e-09	-3.8217e-09	-3.8217e-09	-3.2714e-09	-3.0796e-09	-3.5708e-09	-3.998e-09	-4.5004e-09	-4.5511e-09	-4.5137e-09	-4.4319e-09	-4.4532e-09	-4.4236e-09	-4.2469e-09	-4.3759e-09	-4.646e-09	-4.6765e-09	-4.9546e-09	-4.7893e-09	-4.8362e-09	-4.8433e-09	-4.0911e-09	-5.5427e-10	5.0146e-09	1.1993e-08	1.9713e-08	2.7759e-08	3.8182e-08	4.6579e-08	5.4559e-08	6.2403e-08	7.046e-08	7.9409e-08	8.3981e-08	8.497e-08	8.3753e-08	8.2284e-08	8.3418e-08	8.3277e-08	7.9624e-08	7.3607e-08	6.6204e-08	5.5077e-08	4.4903e-08	3.4548e-08	2.4073e-08	1.4241e-08	6.6258e-09	2.7323e-09	5.0262e-10	-7.3721e-10	-1.4386e-09	-1.5771e-09	-1.8186e-09	-1.9396e-09	-2.1557e-09	-2.5198e-09	-3.4181e-09	-3.8017e-09	-4.4115e-09	-5.1909e-09	-5.4959e-09	-5.9524e-09	-6.0351e-09	-5.9518e-09	-5.7467e-09	-6.1625e-09	-5.9313e-09	-5.7099e-09	-6.3525e-09	-6.6966e-09	-6.2958e-09	-5.6497e-09	-5.1809e-09	-5.1534e-09	-5.6321e-09	-5.6606e-09	-5.6308e-09	-5.0409e-09	-4.5961e-09	-4.2095e-09
-3.1665e-09	-2.9442e-09	-2.8762e-09	-2.8762e-09	-2.8588e-09	-3.2092e-09	-3.7609e-09	-3.9099e-09	-4.0522e-09	-4.0197e-09	-3.7284e-09	-3.6247e-09	-3.9074e-09	-3.7476e-09	-3.1912e-09	-2.9558e-09	-3.4531e-09	-3.9967e-09	-4.4565e-09	-4.4886e-09	-4.5293e-09	-4.4453e-09	-4.4085e-09	-4.388e-09	-4.2094e-09	-4.325e-09	-4.5608e-09	-4.5944e-09	-4.9546e-09	-4.6758e-09	-4.7523e-09	-4.7028e-09	-3.6907e-09	-5.5427e-10	6.6674e-09	1.3865e-08	2.1668e-08	2.9802e-08	3.8182e-08	4.8555e-08	5.6527e-08	6.4416e-08	7.2411e-08	8.1032e-08	8.5005e-08	8.5219e-08	8.3741e-08	8.2606e-08	8.3748e-08	8.3173e-08	7.895e-08	7.2312e-08	6.4456e-08	6.2601e-08	5.311e-08	4.2929e-08	3.2558e-08	2.2152e-08	1.1241e-08	5.8245e-09	2.3021e-09	3.5883e-10	-7.8222e-10	-1.7111e-09	-1.9704e-09	-1.9813e-09	-2.1858e-09	-2.5592e-09	-3.4919e-09	-3.9137e-09	-4.515e-09	-5.3162e-09	-5.5226e-09	-6.017e-09	-6.0953e-09	-5.9214e-09	-5.6318e-09	-6.0048e-09	-5.8418e-09	-5.7301e-09	-6.3727e-09	-6.6542e-09	-6.2797e-09	-5.7434e-09	-5.4232e-09	-5.4383e-09	-5.7591e-09	-5.6956e-09	-5.6838e-09	-5.0948e-09	-4.6128e-09	-4.1642e-09
-3.3817e-09	-3.2057e-09	-2.9934e-09	-2.8241e-09	-2.8402e-09	-3.1823e-09	-3.6451e-09	-3.7559e-09	-3.9689e-09	-4.0125e-09	-3.7639e-09	-3.6834e-09	-3.9152e-09	-3.6917e-09	-3.1563e-09	-2.8877e-09	-3.373e-09	-4.0067e-09	-4.3943e-09	-4.4254e-09	-4.5355e-09	-4.447e-09	-4.3501e-09	-4.3289e-09	-4.1597e-09	-4.2522e-09	-4.4346e-09	-4.4754e-09	-4.8614e-09	-4.5572e-09	-4.6642e-09	-4.4975e-09	-3.1421e-09	5.51e-10	8.3765e-09	1.577e-08	2.3644e-08	3.1858e-08	4.0236e-08	5.0506e-08	5.8498e-08	6.6459e-08	7.4344e-08	7.4344e-08	8.2539e-08	8.5854e-08	8.5322e-08	8.3707e-08	8.2993e-08	8.4001e-08	8.2885e-08	7.8113e-08	7.0905e-08	6.2601e-08	5.1069e-08	4.0892e-08	3.0524e-08	2.0253e-08	9.885e-09	5.0921e-09	1.9054e-09	2.1478e-10	-8.3197e-10	-1.8396e-09	-2.1411e-09	-2.0698e-09	-2.2814e-09	-2.6642e-09	-3.5977e-09	-4.0666e-09	-4.6531e-09	-5.4478e-09	-5.5899e-09	-6.094e-09	-6.144e-09	-5.9128e-09	-5.5725e-09	-5.8918e-09	-5.8249e-09	-5.839e-09	-6.4419e-09	-6.6186e-09	-6.2651e-09	-5.856e-09	-5.6966e-09	-5.74e-09	-5.8664e-09	-5.6946e-09	-5.6839e-09	-5.1055e-09	-4.586e-09	-4.0768e-09
-3.3167e-09	-3.2277e-09	-3.0347e-09	-2.7602e-09	-2.8264e-09	-3.1509e-09	-3.4915e-09	-3.5707e-09	-3.8654e-09	-4.0069e-09	-3.8138e-09	-3.7604e-09	-3.9376e-09	-3.6575e-09	-3.1662e-09	-2.876e-09	-3.3343e-09	-4.0218e-09	-4.3194e-09	-4.3714e-09	-4.5308e-09	-4.4369e-09	-4.2856e-09	-4.2514e-09	-4.1012e-09	-4.1597e-09	-4.2687e-09	-4.3228e-09	-4.7213e-09	-4.4435e-09	-4.5794e-09	-4.2232e-09	-2.4308e-09	-2.4308e-09	3.1852e-09	1.0127e-08	1.7695e-08	2.5632e-08	3.3919e-08	4.4311e-08	5.243e-08	6.0459e-08	6.8503e-08	7.6229e-08	8.3905e-08	8.653e-08	8.5321e-08	8.3678e-08	8.3415e-08	8.4152e-08	8.2413e-08	7.7114e-08	6.9389e-08	6.0658e-08	4.8966e-08	3.8791e-08	2.8449e-08	1.8386e-08	9.885e-09	4.4071e-09	1.5208e-09	4.75e-11	-9.0429e-10	-1.8396e-09	-2.3279e-09	-2.2121e-09	-2.4553e-09	-2.8489e-09	-3.5977e-09	-4.2581e-09	-4.8238e-09	-5.5839e-09	-5.6965e-09	-6.1758e-09	-6.1835e-09	-5.9249e-09	-5.5627e-09	-5.8203e-09	-5.8648e-09	-6.0097e-09	-6.5433e-09	-6.592e-09	-6.2543e-09	-6.2493e-09	-5.9738e-09	-5.9683e-09	-6.0246e-09	-5.9412e-09	-5.5716e-09	-5.6174e-09	-5.0557e-09	-4.4999e-09
-3.2191e-09	-3.228e-09	-3.0634e-09	-2.6874e-09	-2.8156e-09	-3.1218e-09	-3.3234e-09	-3.3793e-09	-3.7572e-09	-4.0076e-09	-3.8758e-09	-3.8489e-09	-3.9724e-09	-3.6488e-09	-3.2201e-09	-2.9215e-09	-3.3406e-09	-4.0362e-09	-4.2376e-09	-4.3365e-09	-4.5137e-09	-4.415e-09	-4.2223e-09	-4.2223e-09	-4.0605e-09	-4.037e-09	-4.0506e-09	-4.0661e-09	-4.1415e-09	-4.3236e-09	-4.3368e-09	-4.4881e-09	-3.8727e-09	-1.565e-09	4.6772e-09	1.1905e-08	1.9629e-08	2.7627e-08	3.5976e-08	4.631e-08	5.4325e-08	6.2401e-08	7.0522e-08	7.8041e-08	8.5109e-08	8.7035e-08	8.5259e-08	8.3681e-08	8.3842e-08	8.4179e-08	8.1762e-08	7.5952e-08	6.777e-08	5.8647e-08	4.6814e-08	3.6628e-08	2.6331e-08	1.6562e-08	8.6294e-09	3.7488e-09	1.1277e-09	-1.6502e-10	-1.0163e-09	-1.9615e-09	-2.5254e-09	-2.4046e-09	-2.7031e-09	-3.1084e-09	-3.7361e-09	-4.4773e-09	-5.0176e-09	-5.7213e-09	-5.8302e-09	-5.8302e-09	-6.2543e-09	-6.2166e-09	-5.9564e-09	-5.5958e-09	-5.7865e-09	-5.9459e-09	-6.2152e-09	-6.6605e-09	-6.5768e-09	-6.2493e-09	-6.0834e-09	-6.2052e-09	-6.258e-09	-5.9706e-09	-5.4427e-09	-5.4711e-09	-4.9285e-09	-4.3391e-09
-3.0932e-09	-3.2021e-09	-3.0747e-09	-2.6088e-09	-2.8061e-09	-3.1019e-09	-3.164e-09	-3.2062e-09	-3.6597e-09	-4.0194e-09	-3.9472e-09	-3.9423e-09	-4.0174e-09	-4.0174e-09	-3.7218e-09	-3.3176e-09	-3.0251e-09	-3.3957e-09	-4.044e-09	-4.0753e-09	-4.3281e-09	-4.4835e-09	-4.3816e-09	-4.1663e-09	-3.9566e-09	-3.9698e-09	-3.9302e-09	-3.8402e-09	-3.9444e-09	-4.0984e-09	-4.237e-09	-4.3755e-09	-3.4378e-09	-5.5927e-10	6.2581e-09	1.3698e-08	2.1561e-08	2.9621e-08	3.8017e-08	4.8268e-08	5.6189e-08	6.4311e-08	7.2486e-08	7.9751e-08	8.6128e-08	8.7371e-08	8.5179e-08	8.3743e-08	8.4245e-08	8.4055e-08	8.0932e-08	7.4627e-08	6.605e-08	5.6586e-08	4.4624e-08	3.4406e-08	2.4174e-08	1.4792e-08	7.4774e-09	3.1086e-09	7.2096e-10	-4.2603e-10	-1.1712e-09	-1.1712e-09	-2.1904e-09	-2.7263e-09	-2.634e-09	-3.0047e-09	-3.4215e-09	-4.0884e-09	-4.713e-09	-5.2249e-09	-5.8569e-09	-5.9788e-09	-6.3215e-09	-6.2458e-09	-6.0062e-09	-5.6652e-09	-5.787e-09	-6.0522e-09	-6.4283e-09	-6.7766e-09	-6.5754e-09	-6.2524e-09	-6.1712e-09	-6.3743e-09	-6.4062e-09	-5.9417e-09	-5.4427e-09	-5.2313e-09	-4.7068e-09	-4.0879e-09
-2.943e-09	-3.1456e-09	-3.0638e-09	-3.0638e-09	-2.446e-09	-2.7965e-09	-3.0978e-09	-3.0365e-09	-3.0762e-09	-3.5589e-09	-4.0472e-09	-4.0256e-09	-4.0336e-09	-4.0702e-09	-3.8085e-09	-3.4559e-09	-3.1847e-09	-3.5006e-09	-4.0404e-09	-4.0025e-09	-4.3404e-09	-4.4418e-09	-4.3387e-09	-4.1178e-09	-3.8531e-09	-3.902e-09	-3.8049e-09	-3.6069e-09	-3.7464e-09	-3.8794e-09	-4.1439e-09	-4.2267e-09	-2.9105e-09	5.7163e-10	7.9071e-09	1.5493e-08	2.3478e-08	3.1609e-08	4.0035e-08	5.0175e-08	5.802e-08	6.618e-08	7.4367e-08	8.1332e-08	8.6938e-08	8.7541e-08	8.512e-08	8.3891e-08	8.4595e-08	8.376e-08	7.9927e-08	7.3138e-08	6.4234e-08	6.4234e-08	5.2388e-08	4.2408e-08	3.2136e-08	2.1993e-08	1.3085e-08	5.4671e-09	2.4891e-09	3.0917e-10	-7.2203e-10	-1.3603e-09	-2.3025e-09	-2.9232e-09	-2.887e-09	-3.3393e-09	-3.7661e-09	-4.2907e-09	-4.954e-09	-5.4363e-09	-5.9875e-09	-6.1298e-09	-6.3695e-09	-6.2735e-09	-6.0729e-09	-5.7645e-09	-5.8179e-09	-6.1682e-09	-6.6221e-09	-6.8751e-09	-6.59e-09	-6.2658e-09	-6.2236e-09	-6.4427e-09	-6.4351e-09	-5.8418e-09	-5.2644e-09	-4.8951e-09	-4.385e-09	-3.7418e-09
-2.9643e-09	-2.7728e-09	-3.0541e-09	-3.0259e-09	-2.3679e-09	-2.785e-09	-3.1166e-09	-2.9642e-09	-3.014e-09	-3.5821e-09	-4.0936e-09	-4.1079e-09	-4.1168e-09	-4.1284e-09	-3.9205e-09	-3.6221e-09	-3.3858e-09	-3.6436e-09	-4.0268e-09	-3.9378e-09	-4.364e-09	-4.391e-09	-4.2888e-09	-4.0746e-09	-3.7545e-09	-3.8363e-09	-3.681e-09	-3.3824e-09	-3.5627e-09	-3.6846e-09	-4.0574e-09	-4.0268e-09	-2.2826e-09	1.813e-09	9.6036e-09	1.7277e-08	2.5372e-08	3.3583e-08	4.2019e-08	5.2019e-08	5.9816e-08	6.7996e-08	7.6137e-08	7.6137e-08	8.3998e-08	8.7519e-08	8.7547e-08	8.5126e-08	8.415e-08	8.5029e-08	8.3289e-08	7.8761e-08	7.15e-08	6.2333e-08	5.0269e-08	4.0177e-08	2.984e-08	1.9819e-08	1.1453e-08	4.5923e-09	1.8931e-09	-9.8477e-11	-1.0389e-09	-1.5741e-09	-2.4164e-09	-3.1084e-09	-3.1499e-09	-3.6862e-09	-4.1201e-09	-4.5028e-09	-5.1892e-09	-5.642e-09	-6.1099e-09	-6.2709e-09	-6.3904e-09	-6.3024e-09	-6.1554e-09	-5.887e-09	-5.8758e-09	-6.2781e-09	-6.7695e-09	-6.9394e-09	-6.6229e-09	-6.2917e-09	-6.2314e-09	-6.3909e-09	-6.3257e-09	-5.6646e-09	-5.037e-09	-4.4866e-09	-3.9868e-09	-3.3251e-09
-2.8001e-09	-2.5869e-09	-2.9232e-09	-2.9562e-09	-2.296e-09	-2.7708e-09	-3.1628e-09	-2.9641e-09	-3.0373e-09	-3.6474e-09	-4.1523e-09	-4.1881e-09	-4.1883e-09	-4.1885e-09	-4.0461e-09	-3.8006e-09	-3.6099e-09	-3.809e-09	-4.0067e-09	-3.883e-09	-4.3891e-09	-4.3338e-09	-4.2345e-09	-4.0352e-09	-3.6655e-09	-3.7751e-09	-3.5648e-09	-3.1829e-09	-3.4083e-09	-3.5317e-09	-3.9772e-09	-3.7609e-09	-1.546e-09	-1.546e-09	4.5683e-09	1.1327e-08	1.9037e-08	2.7229e-08	3.5537e-08	4.5848e-08	5.3789e-08	6.1575e-08	6.9748e-08	7.7768e-08	8.5048e-08	8.7875e-08	8.7412e-08	8.5206e-08	8.451e-08	8.5092e-08	8.266e-08	7.7456e-08	6.9741e-08	6.0366e-08	4.8145e-08	3.7939e-08	2.7542e-08	1.7681e-08	9.9049e-09	3.7933e-09	1.3234e-09	-4.9281e-10	-1.3626e-09	-1.8034e-09	-2.5347e-09	-3.2747e-09	-3.4092e-09	-4.0249e-09	-4.4617e-09	-4.7191e-09	-5.4072e-09	-5.8326e-09	-6.2208e-09	-6.3896e-09	-6.3761e-09	-6.335e-09	-6.2523e-09	-6.0262e-09	-5.9569e-09	-6.37e-09	-6.8536e-09	-6.9593e-09	-6.9593e-09	-6.6733e-09	-6.3703e-09	-6.1969e-09	-6.235e-09	-6.0981e-09	-5.4212e-09	-4.4742e-09	-4.0341e-09	-3.541e-09
-2.6221e-09	-2.3898e-09	-2.751e-09	-2.8523e-09	-2.296e-09	-2.7563e-09	-3.2304e-09	-3.0246e-09	-3.1306e-09	-3.6474e-09	-4.2141e-09	-4.2592e-09	-4.2452e-09	-4.2467e-09	-4.1736e-09	-3.9755e-09	-3.8384e-09	-3.9815e-09	-3.9832e-09	-3.8398e-09	-4.4064e-09	-4.2726e-09	-4.1782e-09	-4.1782e-09	-3.9597e-09	-3.5906e-09	-3.7209e-09	-3.4625e-09	-3.0245e-09	-3.2479e-09	-3.4387e-09	-3.9032e-09	-3.4142e-09	-6.9259e-10	6.0528e-09	1.3056e-08	2.076e-08	2.904e-08	3.7465e-08	4.7682e-08	5.5492e-08	6.3301e-08	7.1435e-08	7.9254e-08	8.5917e-08	8.8038e-08	8.7174e-08	8.5346e-08	8.4931e-08	8.5043e-08	8.1891e-08	7.6035e-08	6.7889e-08	5.8348e-08	4.6023e-08	3.5704e-08	2.5263e-08	1.561e-08	8.4511e-09	3.0616e-09	7.8299e-10	-8.6466e-10	-1.679e-09	-2.0387e-09	-2.6599e-09	-3.4144e-09	-3.6515e-09	-4.3345e-09	-4.7687e-09	-4.9336e-09	-5.597e-09	-5.9985e-09	-5.9985e-09	-6.3171e-09	-6.5151e-09	-6.323e-09	-6.3716e-09	-6.3599e-09	-6.1743e-09	-6.1636e-09	-6.4425e-09	-6.8831e-09	-6.9418e-09	-6.7312e-09	-6.405e-09	-6.124e-09	-5.9966e-09	-5.7785e-09	-5.1257e-09	-4.1609e-09	-3.5662e-09	-3.0762e-09
-2.4362e-09	-2.1886e-09	-2.5485e-09	-2.7224e-09	-2.233e-09	-2.7452e-09	-3.3102e-09	-3.125e-09	-3.2682e-09	-3.738e-09	-4.2699e-09	-4.3143e-09	-4.2849e-09	-4.2849e-09	-4.2991e-09	-4.2911e-09	-4.131e-09	-4.0529e-09	-4.1453e-09	-3.9596e-09	-3.8101e-09	-4.4063e-09	-4.2099e-09	-4.1224e-09	-3.9597e-09	-3.5344e-09	-3.6764e-09	-3.3806e-09	-2.9233e-09	-3.2712e-09	-3.4223e-09	-3.8347e-09	-2.9723e-09	2.8503e-10	7.5892e-09	1.4781e-08	2.2446e-08	3.0806e-08	3.9362e-08	4.9471e-08	5.7145e-08	6.4998e-08	7.3059e-08	8.0603e-08	8.6614e-08	8.8038e-08	8.6873e-08	8.5532e-08	8.5371e-08	8.4879e-08	8.1e-08	7.4523e-08	6.5971e-08	5.6297e-08	4.3907e-08	3.3482e-08	2.3026e-08	1.3636e-08	7.1017e-09	2.3889e-09	2.7468e-10	-1.2049e-09	-1.2049e-09	-1.974e-09	-2.4901e-09	-2.7946e-09	-3.5201e-09	-3.8632e-09	-4.5945e-09	-5.1996e-09	-5.1406e-09	-5.7504e-09	-6.1323e-09	-6.396e-09	-6.5179e-09	-6.2383e-09	-6.4062e-09	-6.4682e-09	-6.3201e-09	-6.2693e-09	-6.4956e-09	-6.8712e-09	-6.8965e-09	-6.7855e-09	-6.4238e-09	-6.0168e-09	-5.6974e-09	-5.3933e-09	-4.7919e-09	-3.841e-09	-3.1113e-09	-2.6209e-09
-2.2487e-09	-1.9907e-09	-2.3304e-09	-2.3304e-09	-2.5782e-09	-2.1453e-09	-2.741e-09	-3.393e-09	-3.245e-09	-3.4245e-09	-3.9268e-09	-4.3104e-09	-4.3466e-09	-4.3045e-09	-4.342e-09	-4.387e-09	-4.2515e-09	-4.235e-09	-4.2851e-09	-3.9392e-09	-3.7954e-09	-4.3792e-09	-4.1482e-09	-4.0697e-09	-3.9199e-09	-3.5011e-09	-3.6438e-09	-3.325e-09	-2.8946e-09	-3.2712e-09	-3.4772e-09	-3.7602e-09	-2.4297e-09	1.3814e-09	7.5892e-09	1.6497e-08	2.4108e-08	3.2538e-08	4.1229e-08	4.9471e-08	5.8767e-08	6.6672e-08	7.4627e-08	8.1827e-08	8.7149e-08	8.7906e-08	8.6548e-08	8.5747e-08	8.5788e-08	8.4593e-08	8.0003e-08	7.2941e-08	7.2941e-08	6.4015e-08	5.217e-08	4.1804e-08	3.1283e-08	2.0853e-08	1.1788e-08	4.7569e-09	1.7668e-09	-1.9867e-10	-1.5043e-09	-2.2335e-09	-2.6894e-09	-2.9391e-09	-3.5885e-09	-4.0355e-09	-4.7916e-09	-5.3173e-09	-5.3337e-09	-5.8675e-09	-6.2331e-09	-6.4552e-09	-6.4881e-09	-6.1313e-09	-6.432e-09	-6.566e-09	-6.452e-09	-6.3628e-09	-6.5295e-09	-6.8311e-09	-6.8331e-09	-6.825e-09	-6.417e-09	-5.8795e-09	-5.3591e-09	-4.9688e-09	-4.4338e-09	-3.5256e-09	-2.6978e-09	-2.204e-09
-2.5328e-09	-2.0661e-09	-1.8037e-09	-2.1114e-09	-2.4313e-09	-2.1262e-09	-2.7473e-09	-3.4698e-09	-3.364e-09	-3.574e-09	-3.9912e-09	-4.3264e-09	-4.3491e-09	-4.3013e-09	-4.3715e-09	-4.4495e-09	-4.321e-09	-4.3661e-09	-4.3852e-09	-3.9254e-09	-3.7975e-09	-4.3161e-09	-4.0899e-09	-4.0225e-09	-3.8766e-09	-3.4914e-09	-3.6243e-09	-3.2987e-09	-2.9398e-09	-3.3665e-09	-3.5786e-09	-3.6591e-09	-1.7887e-09	2.5797e-09	9.1633e-09	1.8203e-08	2.5757e-08	3.4248e-08	4.3063e-08	5.122e-08	6.0378e-08	6.8331e-08	6.8331e-08	7.6141e-08	8.2935e-08	8.753e-08	8.7674e-08	8.6238e-08	8.5976e-08	8.6141e-08	8.418e-08	7.8918e-08	7.1314e-08	6.205e-08	5.217e-08	3.9721e-08	2.9116e-08	1.8767e-08	1.0099e-08	3.7769e-09	1.1893e-09	-6.3466e-10	-1.7572e-09	-2.4479e-09	-2.8662e-09	-3.0874e-09	-3.6269e-09	-4.1712e-09	-4.9322e-09	-5.3832e-09	-5.5064e-09	-5.9496e-09	-6.3006e-09	-6.4927e-09	-6.4313e-09	-6.0111e-09	-6.442e-09	-6.642e-09	-6.5583e-09	-6.4338e-09	-6.5444e-09	-6.7759e-09	-6.7611e-09	-6.8385e-09	-6.3752e-09	-5.7159e-09	-5.0033e-09	-4.5314e-09	-4.0653e-09	-3.2256e-09	-2.3542e-09	-1.8539e-09
-2.4318e-09	-1.8946e-09	-1.6352e-09	-1.9062e-09	-2.2934e-09	-2.1272e-09	-2.7676e-09	-3.5312e-09	-3.4616e-09	-3.6911e-09	-4.013e-09	-4.3088e-09	-4.315e-09	-4.2727e-09	-4.3839e-09	-4.4676e-09	-4.3248e-09	-4.4286e-09	-4.4309e-09	-3.9212e-09	-3.8149e-09	-4.2196e-09	-4.0371e-09	-3.9827e-09	-3.8308e-09	-3.5029e-09	-3.6178e-09	-3.3016e-09	-3.0476e-09	-3.5178e-09	-3.701e-09	-3.51e-09	-3.51e-09	-1.0522e-09	3.8624e-09	1.2367e-08	1.9894e-08	2.7405e-08	3.5948e-08	4.4866e-08	5.4629e-08	6.1997e-08	6.9979e-08	7.7608e-08	8.3937e-08	8.7769e-08	8.7373e-08	8.5982e-08	8.6204e-08	8.6388e-08	8.3635e-08	7.7763e-08	6.9665e-08	6.0103e-08	5.0128e-08	3.766e-08	2.699e-08	1.6785e-08	8.5858e-09	3.7769e-09	6.564e-10	-1.0321e-09	-1.9667e-09	-2.6188e-09	-2.8662e-09	-3.2328e-09	-3.6445e-09	-4.2752e-09	-5.0259e-09	-5.3832e-09	-5.6525e-09	-5.998e-09	-6.3348e-09	-6.5065e-09	-6.4313e-09	-5.8869e-09	-6.4293e-09	-6.6853e-09	-6.6274e-09	-6.4721e-09	-6.5404e-09	-6.7186e-09	-6.7186e-09	-6.6904e-09	-6.7429e-09	-6.2886e-09	-5.5302e-09	-4.6518e-09	-4.1073e-09	-3.3523e-09	-2.9514e-09	-2.1057e-09
-2.3148e-09	-1.7404e-09	-1.4929e-09	-1.7295e-09	-2.1761e-09	-2.1512e-09	-2.8056e-09	-3.5682e-09	-3.5174e-09	-3.7502e-09	-3.9762e-09	-4.2489e-09	-4.2378e-09	-4.216e-09	-4.3756e-09	-4.4421e-09	-4.2659e-09	-4.4229e-09	-4.4225e-09	-3.9274e-09	-3.8438e-09	-4.1019e-09	-4.1019e-09	-3.9915e-09	-3.9515e-09	-3.7483e-09	-3.5327e-09	-3.6239e-09	-3.3334e-09	-3.2061e-09	-3.9228e-09	-3.8189e-09	-3.2919e-09	-2.2271e-10	5.2121e-09	1.3969e-08	2.1569e-08	2.9065e-08	3.7651e-08	4.6635e-08	5.6304e-08	6.3643e-08	7.1623e-08	7.903e-08	8.4845e-08	8.7873e-08	8.7034e-08	8.5819e-08	8.6416e-08	8.6487e-08	8.2955e-08	7.6549e-08	6.801e-08	5.8192e-08	4.8116e-08	3.5617e-08	2.4912e-08	1.4915e-08	7.2426e-09	2.9194e-09	1.6916e-10	-1.3901e-09	-2.1374e-09	-2.7499e-09	-3.0189e-09	-3.3684e-09	-3.6505e-09	-4.3523e-09	-5.0822e-09	-5.4086e-09	-5.7656e-09	-6.0141e-09	-6.0141e-09	-6.3356e-09	-6.4946e-09	-6.2607e-09	-5.7677e-09	-6.3871e-09	-6.6845e-09	-6.6477e-09	-6.4674e-09	-6.5176e-09	-6.6725e-09	-6.6305e-09	-6.7429e-09	-6.1492e-09	-5.3264e-09	-4.3248e-09	-3.7211e-09	-3.3523e-09	-2.7076e-09	-1.9493e-09
-2.1793e-09	-1.61e-09	-1.3842e-09	-1.596e-09	-2.091e-09	-2.2008e-09	-2.8646e-09	-3.572e-09	-3.5118e-09	-3.727e-09	-3.8829e-09	-4.1493e-09	-4.1493e-09	-4.1208e-09	-4.1345e-09	-4.3073e-09	-4.3848e-09	-4.163e-09	-4.3651e-09	-4.3736e-09	-3.9658e-09	-3.8803e-09	-3.976e-09	-3.9547e-09	-3.9304e-09	-3.7196e-09	-3.5783e-09	-3.6426e-09	-3.3941e-09	-3.4036e-09	-4.1436e-09	-3.9067e-09	-2.9835e-09	6.9695e-10	6.6116e-09	1.5551e-08	2.3224e-08	3.0749e-08	3.9367e-08	4.8371e-08	5.7968e-08	6.5334e-08	7.3268e-08	8.0414e-08	8.5668e-08	8.7858e-08	8.6686e-08	8.5773e-08	8.6596e-08	8.641e-08	8.2142e-08	7.5273e-08	6.6342e-08	5.631e-08	4.6127e-08	3.3586e-08	2.2886e-08	1.316e-08	6.0572e-09	2.1751e-09	-2.7142e-10	-1.7076e-09	-1.7076e-09	-2.2739e-09	-2.8448e-09	-3.2453e-09	-3.4876e-09	-3.6539e-09	-4.4074e-09	-5.1105e-09	-5.3815e-09	-5.8391e-09	-5.9993e-09	-6.3028e-09	-6.455e-09	-6.1585e-09	-5.6629e-09	-6.3085e-09	-6.6286e-09	-6.6075e-09	-6.4112e-09	-6.4763e-09	-6.6491e-09	-6.5899e-09	-6.6132e-09	-5.9633e-09	-5.11e-09	-4.0306e-09	-3.3818e-09	-3.0296e-09	-2.4954e-09	-1.8674e-09
-2.0232e-09	-1.5095e-09	-1.5095e-09	-1.3165e-09	-1.5198e-09	-2.0522e-09	-2.2751e-09	-2.9434e-09	-3.5438e-09	-3.4456e-09	-3.4668e-09	-3.7515e-09	-4.0224e-09	-3.9759e-09	-4.0367e-09	-4.2595e-09	-4.3076e-09	-4.0357e-09	-4.2721e-09	-4.2985e-09	-3.9951e-09	-3.9202e-09	-3.8547e-09	-3.9283e-09	-3.9205e-09	-3.7048e-09	-3.6368e-09	-3.6735e-09	-3.4834e-09	-3.6282e-09	-4.3546e-09	-3.939e-09	-2.5636e-09	1.7041e-09	8.0434e-09	1.71e-08	2.4856e-08	3.2469e-08	4.1109e-08	5.0072e-08	5.9629e-08	6.7082e-08	7.4917e-08	8.1757e-08	8.6413e-08	8.775e-08	8.635e-08	8.5829e-08	8.6734e-08	8.6163e-08	8.1202e-08	7.3928e-08	7.3928e-08	6.4654e-08	5.4444e-08	4.2177e-08	3.1559e-08	2.0919e-08	1.1527e-08	5.018e-09	9.8812e-10	-6.6432e-10	-1.9837e-09	-2.3808e-09	-2.907e-09	-3.3157e-09	-3.5834e-09	-3.6638e-09	-4.4453e-09	-5.1205e-09	-5.3512e-09	-5.8668e-09	-5.9548e-09	-6.2363e-09	-6.3856e-09	-6.053e-09	-5.5809e-09	-6.1885e-09	-6.5089e-09	-6.4977e-09	-6.3111e-09	-6.4188e-09	-6.6469e-09	-6.5665e-09	-6.4325e-09	-5.7447e-09	-4.8865e-09	-3.7713e-09	-3.0904e-09	-2.7382e-09	-2.3162e-09	-1.8421e-09
-2.5103e-09	-1.8535e-09	-1.4417e-09	-1.2909e-09	-1.5025e-09	-2.0928e-09	-2.37e-09	-3.0367e-09	-3.493e-09	-3.3372e-09	-3.2822e-09	-3.6009e-09	-3.881e-09	-3.8152e-09	-3.9309e-09	-4.2109e-09	-4.2228e-09	-3.9032e-09	-4.1604e-09	-4.2113e-09	-4.0291e-09	-3.9596e-09	-3.7508e-09	-3.914e-09	-3.9233e-09	-3.7078e-09	-3.7055e-09	-3.7165e-09	-3.6012e-09	-3.8683e-09	-4.5394e-09	-3.8902e-09	-2.0112e-09	2.7961e-09	9.4903e-09	1.861e-08	2.6468e-08	3.4233e-08	4.2885e-08	5.1741e-08	6.1293e-08	6.8872e-08	6.8872e-08	7.6555e-08	8.3048e-08	8.7645e-08	8.7575e-08	8.6048e-08	8.5961e-08	8.6819e-08	8.5203e-08	8.0139e-08	7.2507e-08	6.2939e-08	5.2584e-08	4.0194e-08	2.9533e-08	1.9016e-08	1.0018e-08	4.1129e-09	5.266e-10	-1.0085e-09	-2.2175e-09	-2.4626e-09	-2.9401e-09	-3.3554e-09	-3.6491e-09	-3.6894e-09	-4.471e-09	-5.1217e-09	-5.324e-09	-5.8439e-09	-5.883e-09	-6.1373e-09	-6.2856e-09	-5.9514e-09	-5.5262e-09	-6.0387e-09	-6.3395e-09	-6.3324e-09	-6.1834e-09	-6.3485e-09	-6.6576e-09	-6.5529e-09	-6.2162e-09	-5.5071e-09	-4.6618e-09	-3.5488e-09	-2.8475e-09	-2.4837e-09	-2.1714e-09	-1.8556e-09
-2.2524e-09	-1.6852e-09	-1.4065e-09	-1.3034e-09	-1.5347e-09	-2.1635e-09	-2.4814e-09	-3.1393e-09	-3.4297e-09	-3.2059e-09	-3.097e-09	-3.4499e-09	-3.7377e-09	-3.6508e-09	-3.8258e-09	-4.1677e-09	-4.1422e-09	-3.7851e-09	-4.0469e-09	-4.1262e-09	-4.0666e-09	-3.9946e-09	-3.6771e-09	-3.9135e-09	-3.94e-09	-3.7328e-09	-3.7819e-09	-3.7714e-09	-3.7473e-09	-4.112e-09	-4.6811e-09	-3.7385e-09	-3.7385e-09	-1.3115e-09	3.9708e-09	1.2408e-08	2.0104e-08	2.8079e-08	3.6041e-08	4.4693e-08	5.5041e-08	6.2966e-08	7.0688e-08	7.8168e-08	8.4268e-08	8.8119e-08	8.7362e-08	8.5802e-08	8.6149e-08	8.6838e-08	8.4513e-08	7.8957e-08	7.1004e-08	6.1186e-08	5.0716e-08	3.8192e-08	2.7499e-08	1.7182e-08	8.6398e-09	3.3303e-09	1.4046e-10	-1.303e-09	-2.4078e-09	-2.524e-09	-2.9478e-09	-3.3639e-09	-3.6796e-09	-3.7395e-09	-4.4896e-09	-5.1233e-09	-5.3071e-09	-5.7814e-09	-5.7948e-09	-6.0178e-09	-6.1654e-09	-5.8614e-09	-5.5007e-09	-5.8795e-09	-6.1458e-09	-6.1375e-09	-6.0442e-09	-6.2685e-09	-6.2685e-09	-6.6727e-09	-6.5415e-09	-5.7372e-09	-5.2644e-09	-4.4417e-09	-3.3649e-09	-2.6542e-09	-2.1093e-09	-2.0624e-09
-2.2524e-09	-1.5335e-09	-1.4037e-09	-1.3495e-09	-1.6068e-09	-2.1635e-09	-2.605e-09	-3.2457e-09	-3.3638e-09	-3.0707e-09	-3.097e-09	-3.3177e-09	-3.6055e-09	-3.495e-09	-3.7297e-09	-4.136e-09	-4.078e-09	-3.7008e-09	-3.9483e-09	-4.0573e-09	-4.106e-09	-4.021e-09	-4.021e-09	-3.6465e-09	-3.9283e-09	-4.0188e-09	-3.7813e-09	-3.8633e-09	-3.8376e-09	-3.9189e-09	-4.5617e-09	-4.7619e-09	-3.4718e-09	-4.668e-10	5.2279e-09	1.3901e-08	2.1606e-08	2.9707e-08	3.789e-08	4.6528e-08	5.6702e-08	6.4654e-08	7.2513e-08	7.9741e-08	8.5403e-08	8.8488e-08	8.7138e-08	8.5633e-08	8.6368e-08	8.6781e-08	8.3698e-08	7.7659e-08	6.9413e-08	5.9389e-08	4.8829e-08	3.6159e-08	2.5453e-08	1.5425e-08	7.3961e-09	2.6584e-09	-1.7978e-10	-1.5473e-09	-2.5545e-09	-2.5696e-09	-2.9343e-09	-3.3516e-09	-3.6857e-09	-3.8195e-09	-4.5096e-09	-5.1323e-09	-5.3058e-09	-5.698e-09	-5.698e-09	-5.7058e-09	-5.8958e-09	-5.9286e-09	-5.791e-09	-5.5066e-09	-5.7315e-09	-5.9537e-09	-5.7639e-09	-5.9097e-09	-6.1821e-09	-6.6837e-09	-6.5247e-09	-5.505e-09	-5.0304e-09	-4.232e-09	-3.2218e-09	-2.5111e-09	-2.001e-09	-1.9905e-09
-1.9911e-09	-1.4137e-09	-1.4331e-09	-1.4249e-09	-1.7089e-09	-2.2568e-09	-2.7367e-09	-3.3507e-09	-3.3053e-09	-2.9508e-09	-2.9378e-09	-3.2229e-09	-3.2229e-09	-3.497e-09	-3.3599e-09	-3.6513e-09	-4.122e-09	-4.0422e-09	-3.6697e-09	-3.8814e-09	-4.0189e-09	-4.1456e-09	-4.0371e-09	-3.666e-09	-3.9588e-09	-4.0188e-09	-3.8481e-09	-3.9482e-09	-3.9133e-09	-4.1065e-09	-4.7424e-09	-4.7635e-09	-3.0795e-09	5.1776e-10	6.5675e-09	1.5433e-08	2.3141e-08	3.1374e-08	3.9779e-08	4.8388e-08	5.839e-08	6.6364e-08	7.4329e-08	8.1261e-08	8.6437e-08	8.8747e-08	8.6932e-08	8.5561e-08	8.6595e-08	8.6636e-08	8.277e-08	7.6252e-08	6.7726e-08	5.7539e-08	4.6912e-08	3.4088e-08	2.339e-08	1.3748e-08	6.2908e-09	2.0854e-09	-4.4409e-10	-1.7461e-09	-1.7461e-09	-2.6628e-09	-2.6053e-09	-2.8838e-09	-3.3344e-09	-3.6862e-09	-3.9329e-09	-4.5413e-09	-5.196e-09	-5.3255e-09	-5.6126e-09	-5.6312e-09	-5.7892e-09	-5.8441e-09	-5.7479e-09	-5.5458e-09	-5.6151e-09	-5.7889e-09	-5.6373e-09	-5.7959e-09	-6.0926e-09	-6.6823e-09	-6.495e-09	-5.2981e-09	-4.8187e-09	-4.0384e-09	-3.1213e-09	-2.4192e-09	-1.953e-09	-1.957e-09
-1.7513e-09	-1.3411e-09	-1.3411e-09	-1.4944e-09	-1.5253e-09	-1.8314e-09	-2.4813e-09	-2.8723e-09	-3.4489e-09	-3.264e-09	-2.8654e-09	-2.8043e-09	-3.1846e-09	-3.4251e-09	-3.2576e-09	-3.5991e-09	-4.1285e-09	-4.0415e-09	-3.7016e-09	-3.8558e-09	-4.0186e-09	-4.1831e-09	-4.0464e-09	-3.728e-09	-4.0018e-09	-4.0768e-09	-3.927e-09	-4.0348e-09	-3.997e-09	-4.2996e-09	-4.7424e-09	-4.6681e-09	-2.5511e-09	1.6372e-09	7.9896e-09	1.5433e-08	2.4735e-08	3.31e-08	4.1705e-08	5.0269e-08	5.839e-08	6.8102e-08	7.612e-08	8.271e-08	8.7353e-08	8.8747e-08	8.677e-08	8.5609e-08	8.6809e-08	8.6393e-08	8.174e-08	7.4739e-08	7.4739e-08	6.5941e-08	5.5628e-08	4.2955e-08	3.1987e-08	2.133e-08	1.2161e-08	5.318e-09	1.1915e-09	-6.6266e-10	-1.9067e-09	-2.741e-09	-2.6376e-09	-2.8713e-09	-3.3281e-09	-3.6999e-09	-4.0835e-09	-4.595e-09	-5.2623e-09	-5.3714e-09	-5.5441e-09	-5.5868e-09	-5.7158e-09	-5.8039e-09	-5.7399e-09	-5.6203e-09	-5.5506e-09	-5.6771e-09	-5.5857e-09	-5.7192e-09	-6.0033e-09	-6.6601e-09	-6.4448e-09	-5.1315e-09	-4.6431e-09	-3.8667e-09	-3.0653e-09	-2.3791e-09	-1.9635e-09	-1.9595e-09
-1.5249e-09	-1.4358e-09	-1.3309e-09	-1.5876e-09	-1.6464e-09	-1.9644e-09	-2.5975e-09	-3.0077e-09	-3.5349e-09	-3.2499e-09	-2.8336e-09	-2.8703e-09	-3.2128e-09	-3.3971e-09	-3.1958e-09	-3.5778e-09	-4.1499e-09	-4.0688e-09	-3.7813e-09	-3.8625e-09	-4.0474e-09	-4.2157e-09	-4.0533e-09	-3.8225e-09	-4.0535e-09	-4.1412e-09	-4.0117e-09	-4.1215e-09	-4.0867e-09	-4.4876e-09	-4.8767e-09	-4.4575e-09	-1.8758e-09	2.8864e-09	9.494e-09	1.7017e-08	2.6412e-08	3.4905e-08	4.3666e-08	5.2166e-08	6.012e-08	6.9874e-08	6.9874e-08	7.7869e-08	8.4076e-08	8.8136e-08	8.8906e-08	8.6679e-08	8.5794e-08	8.6985e-08	8.6041e-08	8.0614e-08	7.3134e-08	6.4067e-08	5.3664e-08	4.2955e-08	2.9874e-08	1.93e-08	1.0671e-08	4.4666e-09	1.1915e-09	-8.4569e-10	-2.0362e-09	-2.7972e-09	-2.673e-09	-2.8835e-09	-3.3487e-09	-3.7459e-09	-4.275e-09	-4.681e-09	-5.3594e-09	-5.4488e-09	-5.5114e-09	-5.5879e-09	-5.6936e-09	-5.8239e-09	-5.7749e-09	-5.7322e-09	-5.5587e-09	-5.6441e-09	-5.6349e-09	-5.6955e-09	-5.9173e-09	-6.6086e-09	-6.3665e-09	-5.0089e-09	-4.5083e-09	-3.7191e-09	-3.0505e-09	-2.3864e-09	-2.0198e-09	-2.0198e-09
-1.4414e-09	-1.4097e-09	-1.3984e-09	-1.7124e-09	-1.7838e-09	-2.0981e-09	-2.7083e-09	-3.1386e-09	-3.6044e-09	-3.2682e-09	-2.8655e-09	-3.009e-09	-3.2938e-09	-3.4064e-09	-3.1702e-09	-3.5825e-09	-4.179e-09	-4.1147e-09	-3.8897e-09	-3.8895e-09	-4.0934e-09	-4.2408e-09	-4.0625e-09	-3.9394e-09	-4.11e-09	-4.2074e-09	-4.096e-09	-4.2067e-09	-4.1807e-09	-4.6599e-09	-4.9518e-09	-4.1136e-09	-4.1136e-09	-1.0433e-09	4.2603e-09	1.1081e-08	2.039e-08	2.8199e-08	3.6809e-08	4.566e-08	5.4077e-08	6.3764e-08	7.1685e-08	7.9559e-08	8.5343e-08	8.8772e-08	8.8826e-08	8.6666e-08	8.6096e-08	8.7108e-08	8.5575e-08	7.94e-08	7.145e-08	6.2126e-08	5.166e-08	4.0926e-08	2.7768e-08	1.733e-08	9.2871e-09	3.7256e-09	8.4873e-10	-1.0034e-09	-2.1421e-09	-2.8397e-09	-2.7177e-09	-2.8835e-09	-3.4121e-09	-3.843e-09	-4.511e-09	-4.8095e-09	-5.3594e-09	-5.5632e-09	-5.5334e-09	-5.65e-09	-5.7405e-09	-5.8239e-09	-5.8605e-09	-5.8834e-09	-5.6594e-09	-5.7152e-09	-5.7891e-09	-5.7891e-09	-5.7287e-09	-5.8366e-09	-6.5239e-09	-6.114e-09	-4.917e-09	-4.4054e-09	-3.5931e-09	-3.0663e-09	-2.4943e-09	-2.1083e-09
-1.4238e-09	-1.4927e-09	-1.5501e-09	-1.8665e-09	-1.9331e-09	-2.2256e-09	-2.8134e-09	-3.2613e-09	-3.6564e-09	-3.3112e-09	-2.9476e-09	-3.1945e-09	-3.4107e-09	-3.4443e-09	-3.1747e-09	-3.6067e-09	-4.2088e-09	-4.1697e-09	-4.0076e-09	-3.9249e-09	-4.1449e-09	-4.256e-09	-4.256e-09	-4.0783e-09	-4.0685e-09	-4.1677e-09	-4.3266e-09	-4.1736e-09	-4.2888e-09	-4.2772e-09	-4.8061e-09	-4.8741e-09	-3.6184e-09	-4.2813e-11	5.7539e-09	1.275e-08	2.2201e-08	3.0115e-08	3.8829e-08	4.7684e-08	5.5997e-08	6.5681e-08	7.3522e-08	8.1179e-08	8.6502e-08	8.9265e-08	8.8683e-08	8.6729e-08	8.6482e-08	8.7165e-08	8.4997e-08	7.8102e-08	6.9705e-08	6.0138e-08	4.9628e-08	3.8875e-08	2.5686e-08	1.5451e-08	8.0182e-09	3.0841e-09	5.6083e-10	-1.146e-09	-2.2316e-09	-2.8767e-09	-2.7784e-09	-2.9325e-09	-3.5343e-09	-4.0103e-09	-4.7951e-09	-4.9908e-09	-5.4931e-09	-5.6689e-09	-5.7197e-09	-5.6288e-09	-5.7884e-09	-5.8741e-09	-6.0943e-09	-5.9968e-09	-6.0704e-09	-5.8548e-09	-5.8946e-09	-6.021e-09	-5.8049e-09	-5.7607e-09	-6.4089e-09	-6.114e-09	-4.8414e-09	-4.3248e-09	-3.4854e-09	-3.101e-09	-2.4943e-09	-2.2153e-09
-1.4786e-09	-1.6667e-09	-1.7693e-09	-2.0425e-09	-2.0899e-09	-2.3466e-09	-2.9132e-09	-3.3717e-09	-3.6899e-09	-3.3695e-09	-3.0625e-09	-3.4012e-09	-3.4012e-09	-3.546e-09	-3.5019e-09	-3.2032e-09	-3.6875e-09	-4.2321e-09	-4.2246e-09	-4.1159e-09	-3.9569e-09	-4.2171e-09	-4.2584e-09	-4.1052e-09	-4.1999e-09	-4.2228e-09	-4.3704e-09	-4.2384e-09	-4.3661e-09	-4.3744e-09	-4.9154e-09	-4.6964e-09	-2.9561e-09	1.1337e-09	7.3611e-09	1.4501e-08	2.4096e-08	3.2151e-08	4.095e-08	4.9731e-08	5.7924e-08	6.7638e-08	7.5366e-08	8.2719e-08	8.7544e-08	8.963e-08	8.8514e-08	8.6868e-08	8.6913e-08	8.7141e-08	8.4305e-08	7.6727e-08	6.7914e-08	5.8122e-08	4.7582e-08	3.6811e-08	2.3647e-08	1.369e-08	6.8728e-09	2.5311e-09	3.1686e-10	1.0587e-10	-1.2836e-09	-2.3121e-09	-2.9165e-09	-2.8615e-09	-3.1898e-09	-3.7308e-09	-4.2661e-09	-5.1308e-09	-5.2349e-09	-5.8844e-09	-5.916e-09	-5.8006e-09	-6.0031e-09	-6.0951e-09	-6.3282e-09	-6.1722e-09	-6.2813e-09	-6.1203e-09	-6.1546e-09	-6.3002e-09	-5.9087e-09	-5.689e-09	-6.2668e-09	-5.9413e-09	-4.7675e-09	-4.2566e-09	-3.393e-09	-3.1433e-09	-2.5693e-09	-2.3273e-09
-1.595e-09	-1.9086e-09	-1.9086e-09	-2.0358e-09	-2.2322e-09	-2.2498e-09	-2.5734e-09	-3.0083e-09	-3.4659e-09	-3.7042e-09	-3.4335e-09	-3.3216e-09	-3.603e-09	-3.6827e-09	-3.5703e-09	-3.2495e-09	-3.7311e-09	-4.2417e-09	-4.2698e-09	-4.1953e-09	-3.9733e-09	-4.2142e-09	-4.2457e-09	-4.1477e-09	-4.3234e-09	-4.2714e-09	-4.3978e-09	-4.2846e-09	-4.4371e-09	-4.4702e-09	-4.9776e-09	-4.4144e-09	-2.1309e-09	2.473e-09	9.0676e-09	1.6326e-08	2.6059e-08	3.4279e-08	4.3141e-08	5.1789e-08	5.9856e-08	6.9613e-08	7.7197e-08	8.4171e-08	8.8462e-08	8.9882e-08	8.8356e-08	8.708e-08	8.7354e-08	8.7024e-08	8.35e-08	8.2582e-08	7.5281e-08	6.6091e-08	5.6099e-08	4.5534e-08	3.2675e-08	2.1668e-08	1.2078e-08	5.8593e-09	2.0555e-09	-8.3065e-11	-1.4264e-09	-2.3906e-09	-2.9673e-09	-2.9733e-09	-3.4093e-09	-4.0009e-09	-4.609e-09	-5.5111e-09	-5.539e-09	-6.1244e-09	-6.1385e-09	-6.0289e-09	-6.272e-09	-6.3792e-09	-6.6015e-09	-6.3744e-09	-6.5038e-09	-6.429e-09	-6.465e-09	-6.5968e-09	-6.0247e-09	-5.621e-09	-6.1008e-09	-5.739e-09	-4.6807e-09	-4.191e-09	-3.3126e-09	-3.1817e-09	-2.6413e-09	-2.4306e-09
-2.1105e-09	-1.958e-09	-2.1954e-09	-2.3295e-09	-2.4273e-09	-2.4084e-09	-2.6811e-09	-3.0991e-09	-3.54e-09	-3.6985e-09	-3.4937e-09	-3.4312e-09	-3.7742e-09	-3.8035e-09	-3.6408e-09	-3.3075e-09	-3.7681e-09	-4.2307e-09	-4.296e-09	-4.2266e-09	-3.9623e-09	-4.1713e-09	-4.2156e-09	-4.2094e-09	-4.4299e-09	-4.31e-09	-4.4077e-09	-4.3117e-09	-4.4999e-09	-4.559e-09	-4.9834e-09	-4.0234e-09	-1.1575e-09	3.9506e-09	1.0854e-08	1.8212e-08	2.808e-08	3.6471e-08	4.5369e-08	5.3849e-08	6.1792e-08	6.373e-08	7.1587e-08	7.8993e-08	8.5526e-08	8.9246e-08	9.0102e-08	8.8245e-08	8.7364e-08	8.7768e-08	8.6801e-08	8.1549e-08	7.3769e-08	6.4254e-08	5.409e-08	4.3499e-08	3.0622e-08	1.9767e-08	1.0644e-08	4.9862e-09	1.6463e-09	-2.5955e-10	-1.5799e-09	-2.4715e-09	-3.0319e-09	-3.114e-09	-3.6694e-09	-4.3189e-09	-5.0073e-09	-5.9131e-09	-5.8805e-09	-6.3728e-09	-6.3729e-09	-6.2919e-09	-6.5708e-09	-6.6999e-09	-6.8938e-09	-6.591e-09	-6.7256e-09	-6.754e-09	-6.7956e-09	-6.8806e-09	-6.1376e-09	-5.5562e-09	-5.9142e-09	-5.5081e-09	-4.5664e-09	-4.1182e-09	-3.2413e-09	-3.2049e-09	-2.6977e-09	-2.7255e-09
-2.2694e-09	-2.1774e-09	-2.504e-09	-2.63e-09	-2.6195e-09	-2.5613e-09	-2.7863e-09	-3.186e-09	-3.5902e-09	-3.6721e-09	-3.5405e-09	-3.5042e-09	-3.8889e-09	-3.8912e-09	-3.7044e-09	-3.3711e-09	-3.7928e-09	-4.1928e-09	-4.2948e-09	-4.1933e-09	-3.9136e-09	-4.0926e-09	-4.1702e-09	-4.2853e-09	-4.5167e-09	-4.3381e-09	-4.4003e-09	-4.322e-09	-4.5528e-09	-4.6336e-09	-4.9242e-09	-4.7915e-09	-3.5181e-09	-5.0804e-11	5.5418e-09	1.2703e-08	2.2125e-08	3.0145e-08	3.8699e-08	4.7604e-08	5.5899e-08	6.5667e-08	7.3539e-08	8.0736e-08	8.6774e-08	8.989e-08	9.01e-08	8.8217e-08	8.7717e-08	8.8119e-08	8.6456e-08	8.0403e-08	7.2196e-08	6.2418e-08	5.2113e-08	4.1488e-08	2.8588e-08	1.7956e-08	9.3943e-09	4.2492e-09	1.2918e-09	-4.3129e-10	-1.7424e-09	-2.5544e-09	-3.1059e-09	-3.2745e-09	-3.9489e-09	-4.6574e-09	-5.4269e-09	-6.3128e-09	-6.2358e-09	-6.6136e-09	-6.6049e-09	-6.5677e-09	-6.8754e-09	-7.0308e-09	-7.1849e-09	-6.8097e-09	-6.9341e-09	-7.0683e-09	-7.1162e-09	-7.3967e-09	-7.1215e-09	-6.232e-09	-5.494e-09	-5.7103e-09	-4.9644e-09	-4.4102e-09	-4.0284e-09	-3.1758e-09	-3.2014e-09	-2.7151e-09
-2.4171e-09	-2.1774e-09	-2.8114e-09	-2.9171e-09	-2.8005e-09	-2.704e-09	-2.7863e-09	-3.2695e-09	-3.6124e-09	-3.6241e-09	-3.5644e-09	-3.5042e-09	-3.9246e-09	-3.9307e-09	-3.7534e-09	-3.4345e-09	-3.8044e-09	-4.1302e-09	-4.2662e-09	-4.1007e-09	-3.832e-09	-3.7299e-09	-3.9898e-09	-4.1138e-09	-4.3662e-09	-4.5852e-09	-4.3649e-09	-4.376e-09	-4.3175e-09	-4.5943e-09	-4.6866e-09	-4.5766e-09	-2.8937e-09	1.1745e-09	7.2221e-09	1.4594e-08	2.4128e-08	3.2241e-08	4.0935e-08	4.9814e-08	5.793e-08	6.7603e-08	7.5447e-08	8.2404e-08	8.7906e-08	9.0385e-08	9.0042e-08	8.831e-08	8.8139e-08	8.8371e-08	8.5979e-08	7.9149e-08	7.0571e-08	6.0591e-08	5.018e-08	3.9509e-08	2.6584e-08	1.6236e-08	8.3016e-09	3.6248e-09	9.7913e-10	-6.0579e-10	-1.9118e-09	-2.6386e-09	-3.184e-09	-3.445e-09	-4.2267e-09	-4.9889e-09	-5.8339e-09	-6.6863e-09	-6.5808e-09	-6.8917e-09	-6.8308e-09	-6.8199e-09	-6.8344e-09	-7.1616e-09	-7.6173e-09	-7.4545e-09	-7.0181e-09	-7.117e-09	-7.3452e-09	-7.6067e-09	-7.2893e-09	-6.2924e-09	-5.4337e-09	-5.4924e-09	-4.6551e-09	-4.2015e-09	-3.9136e-09	-3.1128e-09	-3.1621e-09	-2.6696e-09
-2.5419e-09	-2.404e-09	-3.0945e-09	-3.1706e-09	-2.9622e-09	-2.8322e-09	-2.8901e-09	-3.3501e-09	-3.6038e-09	-3.5548e-09	-3.5573e-09	-3.5573e-09	-3.5004e-09	-3.8878e-09	-3.9257e-09	-3.7882e-09	-3.496e-09	-3.8052e-09	-4.0498e-09	-4.2144e-09	-3.9656e-09	-3.7299e-09	-3.8749e-09	-4.0507e-09	-4.4428e-09	-4.6364e-09	-4.3649e-09	-4.3352e-09	-4.3005e-09	-4.6224e-09	-4.7108e-09	-4.5766e-09	-2.145e-09	2.5036e-09	8.9668e-09	1.6508e-08	2.6147e-08	3.4355e-08	4.3152e-08	5.1967e-08	5.993e-08	6.9535e-08	7.7292e-08	8.3977e-08	8.8914e-08	9.0724e-08	8.9949e-08	8.8534e-08	8.8614e-08	8.8501e-08	8.5363e-08	7.7801e-08	6.8903e-08	5.8775e-08	4.8283e-08	3.7557e-08	2.4617e-08	1.4606e-08	7.3366e-09	3.0882e-09	6.9518e-10	4.2699e-10	-7.9058e-10	-2.0861e-09	-2.7234e-09	-3.2609e-09	-3.7768e-09	-4.4814e-09	-5.2857e-09	-6.1942e-09	-7.0093e-09	-7.1446e-09	-7.0081e-09	-7.0037e-09	-7.0703e-09	-7.4054e-09	-7.8201e-09	-7.6824e-09	-7.2037e-09	-7.2618e-09	-7.5577e-09	-7.723e-09	-7.3608e-09	-6.3066e-09	-5.3745e-09	-5.2637e-09	-4.3306e-09	-3.9492e-09	-3.7738e-09	-3.048e-09	-3.0899e-09	-2.5964e-09
-2.6322e-09	-2.6242e-09	-2.8253e-09	-3.3322e-09	-3.372e-09	-3.097e-09	-2.9419e-09	-3.0965e-09	-3.4287e-09	-3.5718e-09	-3.4724e-09	-3.5241e-09	-3.4431e-09	-3.7998e-09	-3.8897e-09	-3.814e-09	-3.5557e-09	-3.7974e-09	-3.958e-09	-4.1441e-09	-3.805e-09	-3.62e-09	-3.7596e-09	-3.9851e-09	-4.5057e-09	-4.6716e-09	-4.365e-09	-4.2782e-09	-4.2731e-09	-4.6355e-09	-4.6989e-09	-4.271e-09	-1.2672e-09	3.9217e-09	1.0752e-08	1.8428e-08	2.6147e-08	3.6476e-08	4.5321e-08	5.4032e-08	6.1889e-08	6.9535e-08	7.906e-08	8.5444e-08	8.9794e-08	9.0915e-08	8.9949e-08	8.8865e-08	8.9107e-08	8.8502e-08	8.4618e-08	8.3754e-08	7.6375e-08	6.7201e-08	5.6969e-08	4.6414e-08	3.3711e-08	2.2695e-08	1.3067e-08	6.4696e-09	2.6145e-09	1.6157e-10	-9.9318e-10	-2.2631e-09	-2.8081e-09	-3.3314e-09	-3.9184e-09	-4.692e-09	-5.5205e-09	-6.4736e-09	-7.2579e-09	-7.3156e-09	-7.1296e-09	-7.1417e-09	-7.2534e-09	-7.5825e-09	-7.9331e-09	-7.8517e-09	-7.3559e-09	-7.3589e-09	-7.685e-09	-7.7539e-09	-7.3448e-09	-6.2773e-09	-5.3133e-09	-5.0278e-09	-4.0018e-09	-3.668e-09	-3.6115e-09	-2.9767e-09	-2.9906e-09	-2.5027e-09
-2.4492e-09	-2.678e-09	-3.0026e-09	-3.5201e-09	-3.5198e-09	-3.2049e-09	-3.0341e-09	-3.1998e-09	-3.5061e-09	-3.5284e-09	-3.3894e-09	-3.4763e-09	-3.3691e-09	-3.6826e-09	-3.8361e-09	-3.8356e-09	-3.6141e-09	-3.7833e-09	-3.8618e-09	-4.0595e-09	-3.6359e-09	-3.5148e-09	-3.6558e-09	-3.9213e-09	-4.5458e-09	-4.6919e-09	-4.3572e-09	-4.2054e-09	-4.2375e-09	-4.6318e-09	-4.6435e-09	-3.8661e-09	-2.5533e-10	5.4141e-09	1.2552e-08	2.0334e-08	2.8169e-08	3.8593e-08	4.743e-08	5.5998e-08	6.3805e-08	6.3805e-08	7.3369e-08	8.0755e-08	8.6803e-08	9.0551e-08	9.0995e-08	8.9769e-08	8.9275e-08	8.9582e-08	8.8372e-08	8.3754e-08	7.4885e-08	6.5475e-08	5.5172e-08	4.4568e-08	3.3711e-08	2.0827e-08	1.1618e-08	5.671e-09	2.1788e-09	1.6157e-10	-1.2211e-09	-2.4407e-09	-2.8919e-09	-3.3903e-09	-4.0308e-09	-4.8371e-09	-5.6656e-09	-6.6381e-09	-7.408e-09	-7.3872e-09	-7.1834e-09	-7.223e-09	-7.3668e-09	-7.6745e-09	-7.9631e-09	-7.9608e-09	-7.4717e-09	-7.4107e-09	-7.7346e-09	-7.7169e-09	-7.2597e-09	-6.2111e-09	-5.2463e-09	-4.7883e-09	-3.6795e-09	-3.3722e-09	-3.4292e-09	-2.8944e-09	-2.8703e-09	-2.7349e-09
-2.4095e-09	-2.6834e-09	-3.1557e-09	-3.6627e-09	-3.621e-09	-3.2898e-09	-3.1121e-09	-3.3035e-09	-3.5834e-09	-3.4862e-09	-3.3184e-09	-3.4255e-09	-3.2933e-09	-3.5575e-09	-3.7785e-09	-3.8581e-09	-3.6712e-09	-3.765e-09	-3.7677e-09	-3.9652e-09	-3.4753e-09	-3.4271e-09	-3.5754e-09	-3.8636e-09	-4.5536e-09	-4.6985e-09	-4.3422e-09	-4.1173e-09	-4.1959e-09	-4.6097e-09	-4.5374e-09	-4.5374e-09	-2.7272e-09	8.9037e-10	6.9719e-09	1.4357e-08	2.222e-08	3.2216e-08	4.0706e-08	4.9487e-08	5.7887e-08	6.5686e-08	7.5258e-08	8.2379e-08	8.8054e-08	9.1189e-08	9.1e-08	8.9739e-08	8.9738e-08	9.0002e-08	8.8107e-08	8.2779e-08	7.3347e-08	6.3734e-08	5.3385e-08	4.2736e-08	3.1808e-08	1.9022e-08	1.026e-08	4.9112e-09	1.7563e-09	-1.1409e-10	-1.4819e-09	-2.6168e-09	-2.9741e-09	-3.4323e-09	-4.0308e-09	-4.9021e-09	-5.702e-09	-6.6638e-09	-7.4429e-09	-7.3872e-09	-7.1769e-09	-7.2517e-09	-7.4157e-09	-7.689e-09	-7.9631e-09	-8.0126e-09	-7.5502e-09	-7.4232e-09	-7.7221e-09	-7.6633e-09	-7.6298e-09	-7.1236e-09	-6.115e-09	-5.1699e-09	-4.3126e-09	-3.3747e-09	-3.0766e-09	-3.2292e-09	-2.7964e-09	-2.5904e-09
-2.3558e-09	-2.6604e-09	-3.284e-09	-3.7644e-09	-3.6826e-09	-3.3556e-09	-3.1796e-09	-3.4079e-09	-3.6615e-09	-3.4574e-09	-3.2721e-09	-3.3836e-09	-3.2308e-09	-3.4464e-09	-3.7304e-09	-3.8865e-09	-3.7273e-09	-3.7449e-09	-3.6824e-09	-3.8655e-09	-3.34e-09	-3.34e-09	-3.3539e-09	-3.5301e-09	-3.8163e-09	-4.5201e-09	-4.6925e-09	-4.2948e-09	-4.0188e-09	-4.1507e-09	-4.5651e-09	-4.371e-09	-1.9856e-09	2.1618e-09	8.5947e-09	1.6175e-08	2.4101e-08	3.4249e-08	4.2815e-08	5.1502e-08	5.9721e-08	6.7542e-08	7.7117e-08	8.3935e-08	8.9196e-08	9.1714e-08	9.0969e-08	8.9788e-08	9.0226e-08	9.0331e-08	8.7704e-08	8.1704e-08	7.1775e-08	6.1988e-08	5.1606e-08	4.0911e-08	2.9911e-08	1.7287e-08	8.993e-09	4.1605e-09	1.322e-09	-4.1298e-10	-1.7799e-09	-2.7894e-09	-3.0545e-09	-3.4544e-09	-4.1072e-09	-4.9019e-09	-5.6494e-09	-6.573e-09	-7.3799e-09	-7.3799e-09	-7.2918e-09	-7.1233e-09	-7.2365e-09	-7.4121e-09	-7.6412e-09	-7.8331e-09	-8.0101e-09	-7.5907e-09	-7.4025e-09	-7.6633e-09	-7.5101e-09	-6.9548e-09	-5.9958e-09	-5.0803e-09	-4.3126e-09	-3.0983e-09	-2.7955e-09	-3.014e-09	-2.6781e-09	-2.5904e-09
-2.2991e-09	-2.6209e-09	-3.387e-09	-3.8296e-09	-3.7117e-09	-3.4062e-09	-3.2399e-09	-3.513e-09	-3.7413e-09	-3.4545e-09	-3.2629e-09	-3.2629e-09	-3.3724e-09	-3.1967e-09	-3.3709e-09	-3.7053e-09	-3.9258e-09	-3.8377e-09	-3.7251e-09	-3.6126e-09	-3.7648e-09	-3.247e-09	-3.3849e-09	-3.5254e-09	-3.7831e-09	-4.4458e-09	-4.6765e-09	-4.2692e-09	-3.9218e-09	-4.105e-09	-4.4912e-09	-4.1313e-09	-1.1275e-09	3.5504e-09	1.0283e-08	1.8018e-08	2.5992e-08	3.6296e-08	4.4918e-08	5.3485e-08	6.1524e-08	6.9382e-08	7.894e-08	8.5426e-08	9.0231e-08	9.2131e-08	9.0937e-08	8.9944e-08	9.0711e-08	9.0533e-08	8.7159e-08	8.0539e-08	7.0186e-08	6.0246e-08	4.9836e-08	3.9085e-08	2.8015e-08	1.563e-08	7.8167e-09	3.3963e-09	8.5711e-10	8.5711e-10	-1.0982e-09	-2.1038e-09	-2.9571e-09	-3.1348e-09	-3.4635e-09	-4.1857e-09	-4.8607e-09	-5.5389e-09	-6.4021e-09	-7.2465e-09	-7.1676e-09	-7.0356e-09	-7.1862e-09	-7.3677e-09	-7.5463e-09	-7.7025e-09	-7.9564e-09	-7.5924e-09	-7.3548e-09	-7.5738e-09	-7.3754e-09	-6.7714e-09	-5.8603e-09	-4.9741e-09	-4.0836e-09	-2.861e-09	-2.5434e-09	-2.7861e-09	-2.5348e-09	-2.4429e-09
-2.25e-09	-2.25e-09	-2.5397e-09	-3.4644e-09	-3.863e-09	-3.7155e-09	-3.4454e-09	-3.3529e-09	-3.6193e-09	-3.8238e-09	-3.4897e-09	-3.3034e-09	-3.4262e-09	-3.2059e-09	-3.3524e-09	-3.7166e-09	-3.9809e-09	-3.8909e-09	-3.707e-09	-3.5618e-09	-3.6676e-09	-3.2037e-09	-3.454e-09	-3.5574e-09	-3.7673e-09	-4.3458e-09	-4.6544e-09	-4.2488e-09	-3.8387e-09	-4.0615e-09	-4.3806e-09	-3.805e-09	-1.514e-10	5.0474e-09	1.2037e-08	1.9895e-08	2.7909e-08	3.8361e-08	4.7014e-08	5.5446e-08	6.3317e-08	7.1216e-08	8.072e-08	8.6853e-08	9.1158e-08	9.2446e-08	9.0942e-08	9.0236e-08	9.1166e-08	9.0571e-08	8.6469e-08	8.6469e-08	7.7974e-08	6.859e-08	5.8516e-08	4.8074e-08	3.7252e-08	2.4231e-08	1.4058e-08	6.7318e-09	2.6283e-09	3.7151e-10	-1.4603e-09	-2.4382e-09	-3.1189e-09	-3.2172e-09	-3.4699e-09	-4.2108e-09	-4.8021e-09	-5.4018e-09	-6.1871e-09	-7.0698e-09	-7.021e-09	-6.9269e-09	-7.1095e-09	-7.2945e-09	-7.4196e-09	-7.5478e-09	-7.8543e-09	-7.5545e-09	-7.2859e-09	-7.4693e-09	-7.2433e-09	-6.5918e-09	-5.7153e-09	-4.8473e-09	-3.8653e-09	-2.6733e-09	-2.3344e-09	-2.5481e-09	-2.3623e-09	-2.2981e-09
-2.2008e-09	-2.2195e-09	-2.5219e-09	-3.5156e-09	-3.8689e-09	-3.7011e-09	-3.4772e-09	-3.4124e-09	-3.7268e-09	-3.9098e-09	-3.5753e-09	-3.406e-09	-3.5249e-09	-3.2623e-09	-3.3971e-09	-3.7671e-09	-4.0511e-09	-3.9387e-09	-3.6908e-09	-3.5291e-09	-3.5778e-09	-3.2037e-09	-3.5517e-09	-3.6217e-09	-3.7718e-09	-4.2364e-09	-4.6307e-09	-4.2381e-09	-3.7819e-09	-4.0234e-09	-4.226e-09	-3.3791e-09	9.4396e-10	6.644e-09	1.3857e-08	2.1818e-08	2.9866e-08	4.045e-08	4.9102e-08	5.7395e-08	6.5125e-08	6.5125e-08	7.4905e-08	8.2449e-08	8.8221e-08	9.1976e-08	9.2663e-08	9.1207e-08	9.0682e-08	9.1564e-08	9.0416e-08	8.5632e-08	7.6588e-08	6.6985e-08	5.6793e-08	4.6312e-08	3.5412e-08	2.237e-08	1.2578e-08	5.739e-09	1.8758e-09	-1.1674e-10	-1.8158e-09	-2.7676e-09	-3.2734e-09	-3.3041e-09	-3.4834e-09	-4.2419e-09	-4.7501e-09	-5.2691e-09	-5.9642e-09	-6.8772e-09	-6.8734e-09	-6.8105e-09	-7.015e-09	-7.2042e-09	-7.2764e-09	-7.3837e-09	-7.7067e-09	-7.4762e-09	-7.2022e-09	-7.3655e-09	-7.1305e-09	-6.4333e-09	-5.5673e-09	-4.6966e-09	-3.661e-09	-2.5338e-09	-2.1703e-09	-2.3054e-09	-2.3054e-09	-2.1639e-09
-2.1903e-09	-2.2182e-09	-2.5219e-09	-3.5401e-09	-3.8519e-09	-3.6754e-09	-3.5054e-09	-3.4769e-09	-3.8337e-09	-3.9973e-09	-3.7109e-09	-3.5698e-09	-3.6544e-09	-3.3533e-09	-3.489e-09	-3.844e-09	-4.1269e-09	-3.9776e-09	-3.6766e-09	-3.513e-09	-3.4997e-09	-3.2398e-09	-3.6684e-09	-3.7138e-09	-3.7997e-09	-4.1339e-09	-4.6097e-09	-4.2421e-09	-3.7637e-09	-3.9936e-09	-4.0203e-09	-4.0203e-09	-2.175e-09	2.1599e-09	8.3318e-09	1.5743e-08	2.3797e-08	3.3968e-08	4.2569e-08	5.1182e-08	5.9342e-08	6.6971e-08	7.6775e-08	8.412e-08	8.9529e-08	9.2686e-08	9.279e-08	9.1485e-08	9.1244e-08	9.1886e-08	9.0072e-08	8.4658e-08	7.5136e-08	6.5365e-08	5.5069e-08	4.4546e-08	3.3564e-08	2.055e-08	1.1196e-08	4.839e-09	1.158e-09	-5.8954e-10	-2.1499e-09	-3.0764e-09	-3.4196e-09	-3.3977e-09	-3.5143e-09	-4.2904e-09	-4.7286e-09	-5.1721e-09	-5.7695e-09	-6.696e-09	-6.7463e-09	-6.6994e-09	-6.9116e-09	-7.1087e-09	-7.1318e-09	-7.2245e-09	-7.517e-09	-7.357e-09	-7.357e-09	-7.1092e-09	-7.2036e-09	-7.0364e-09	-6.2969e-09	-5.4161e-09	-4.5218e-09	-3.2931e-09	-2.4311e-09	-2.0427e-09	-2.0661e-09	-1.9491e-09
-2.2367e-09	-2.2568e-09	-2.5348e-09	-3.5403e-09	-3.8169e-09	-3.6451e-09	-3.5335e-09	-3.4769e-09	-3.9351e-09	-4.0795e-09	-3.8775e-09	-3.7743e-09	-3.6544e-09	-3.4653e-09	-3.61e-09	-3.9331e-09	-4.1983e-09	-3.9776e-09	-3.6644e-09	-3.5121e-09	-3.4374e-09	-3.4374e-09	-3.3899e-09	-3.7948e-09	-3.829e-09	-3.8541e-09	-4.0544e-09	-4.5928e-09	-4.2654e-09	-3.7966e-09	-3.975e-09	-3.756e-09	-1.3705e-09	3.4979e-09	1.0102e-08	1.7696e-08	2.5843e-08	3.6137e-08	4.4718e-08	5.3253e-08	6.1295e-08	6.8872e-08	7.8654e-08	8.5727e-08	9.0762e-08	9.329e-08	9.2851e-08	9.1837e-08	9.1869e-08	9.211e-08	8.9555e-08	8.3558e-08	7.3622e-08	6.3723e-08	5.3338e-08	4.2767e-08	3.1711e-08	1.8788e-08	9.9186e-09	4.0324e-09	4.9414e-10	-1.0288e-09	-2.4478e-09	-3.3491e-09	-3.5564e-09	-3.5003e-09	-3.5723e-09	-4.368e-09	-4.7614e-09	-5.1418e-09	-5.1418e-09	-5.6392e-09	-6.4757e-09	-6.66e-09	-6.6061e-09	-6.8076e-09	-7.0195e-09	-6.8873e-09	-7.0766e-09	-7.2932e-09	-7.201e-09	-7.0078e-09	-7.1298e-09	-6.9452e-09	-6.1697e-09	-5.2559e-09	-4.3257e-09	-3.1245e-09	-2.3537e-09	-1.9429e-09	-1.8382e-09	-1.7279e-09
-2.341e-09	-2.338e-09	-2.5829e-09	-3.522e-09	-3.7696e-09	-3.6154e-09	-3.5644e-09	-3.5453e-09	-4.0259e-09	-4.1494e-09	-4.0548e-09	-4.0548e-09	-3.9972e-09	-3.9454e-09	-3.5844e-09	-3.7422e-09	-4.0204e-09	-4.2554e-09	-4.0136e-09	-3.6543e-09	-3.5251e-09	-3.395e-09	-3.3899e-09	-3.9214e-09	-3.9629e-09	-3.9381e-09	-4.0143e-09	-4.5928e-09	-4.3129e-09	-3.8929e-09	-3.9707e-09	-3.4261e-09	-1.3705e-09	4.9568e-09	1.1945e-08	1.9714e-08	2.7962e-08	3.837e-08	4.6887e-08	5.5309e-08	6.3253e-08	7.0819e-08	8.0527e-08	8.7262e-08	9.1903e-08	9.3791e-08	9.2869e-08	9.2241e-08	9.2506e-08	9.2219e-08	8.8879e-08	8.2344e-08	7.2048e-08	6.2051e-08	5.1593e-08	4.0968e-08	2.9851e-08	1.7097e-08	8.7518e-09	3.32e-09	3.32e-09	-9.6628e-11	-1.7342e-09	-2.6948e-09	-3.5701e-09	-3.6825e-09	-3.6143e-09	-3.8099e-09	-4.4853e-09	-4.871e-09	-5.2076e-09	-5.6075e-09	-6.4628e-09	-6.6167e-09	-6.5334e-09	-6.7067e-09	-6.9398e-09	-6.788e-09	-6.9393e-09	-7.0473e-09	-7.0161e-09	-6.8942e-09	-7.0405e-09	-6.8407e-09	-6.038e-09	-5.0805e-09	-4.1114e-09	-2.9629e-09	-2.2897e-09	-1.8619e-09	-1.6298e-09	-1.5101e-09
-2.4872e-09	-2.4872e-09	-2.4524e-09	-2.7561e-09	-3.4917e-09	-3.7157e-09	-3.592e-09	-3.6009e-09	-3.6901e-09	-4.1009e-09	-4.1997e-09	-4.2224e-09	-4.2165e-09	-4.0766e-09	-3.6969e-09	-3.8675e-09	-4.0916e-09	-4.288e-09	-4.0033e-09	-3.6465e-09	-3.5504e-09	-3.3767e-09	-3.4891e-09	-4.0387e-09	-4.1108e-09	-4.0547e-09	-4.0298e-09	-4.6055e-09	-4.3874e-09	-4.0587e-09	-3.9788e-09	-3.0225e-09	-4.1695e-10	6.5247e-09	1.385e-08	2.1785e-08	3.014e-08	3.837e-08	4.9061e-08	5.7347e-08	6.5213e-08	7.2798e-08	8.0527e-08	8.8718e-08	9.2932e-08	9.4192e-08	9.2871e-08	9.2241e-08	9.3102e-08	9.2193e-08	9.2193e-08	8.8057e-08	7.9622e-08	7.0417e-08	6.0344e-08	4.9824e-08	3.9144e-08	2.6119e-08	1.5495e-08	7.702e-09	2.7023e-09	-5.9505e-10	-1.9653e-09	-2.8769e-09	-3.7248e-09	-3.7968e-09	-3.7416e-09	-3.9963e-09	-4.641e-09	-5.0548e-09	-5.3671e-09	-5.6745e-09	-6.4928e-09	-6.6028e-09	-6.4751e-09	-6.6085e-09	-6.8655e-09	-6.6981e-09	-6.8118e-09	-6.7918e-09	-6.8105e-09	-6.7647e-09	-6.9205e-09	-6.7067e-09	-5.8884e-09	-4.8836e-09	-3.8816e-09	-2.8058e-09	-2.2275e-09	-1.7911e-09	-1.449e-09	-1.3056e-09
-2.5849e-09	-2.6579e-09	-2.5898e-09	-2.8655e-09	-3.4556e-09	-3.6611e-09	-3.58e-09	-3.6457e-09	-3.7643e-09	-4.1549e-09	-4.2234e-09	-4.3597e-09	-4.4099e-09	-4.1781e-09	-3.7889e-09	-3.9679e-09	-4.1329e-09	-4.2861e-09	-3.9692e-09	-3.6409e-09	-3.5868e-09	-3.3866e-09	-3.5945e-09	-4.1386e-09	-4.2678e-09	-4.2045e-09	-4.112e-09	-4.637e-09	-4.4843e-09	-4.2703e-09	-3.9757e-09	-2.5342e-09	6.7801e-10	8.1864e-09	1.5803e-08	2.3894e-08	3.2357e-08	4.0644e-08	5.1224e-08	5.9363e-08	5.9363e-08	6.7169e-08	7.4793e-08	8.419e-08	9.0088e-08	9.3831e-08	9.4494e-08	9.2882e-08	9.3124e-08	9.3604e-08	9.2013e-08	8.7105e-08	7.9622e-08	6.8731e-08	5.8595e-08	4.8026e-08	3.7287e-08	2.6119e-08	1.3995e-08	6.7751e-09	2.1795e-09	-9.8307e-10	-1.9653e-09	-2.9959e-09	-3.8145e-09	-3.8997e-09	-3.8811e-09	-3.9963e-09	-4.8228e-09	-5.288e-09	-5.5899e-09	-5.81e-09	-6.5428e-09	-6.604e-09	-6.425e-09	-6.5124e-09	-6.7927e-09	-6.6133e-09	-6.6933e-09	-6.539e-09	-6.5924e-09	-6.6153e-09	-6.7546e-09	-6.5269e-09	-5.7072e-09	-4.6593e-09	-3.6393e-09	-2.6506e-09	-2.1555e-09	-1.7216e-09	-1.7216e-09	-1.3039e-09
-2.6766e-09	-2.8356e-09	-2.7398e-09	-2.9798e-09	-3.4202e-09	-3.6113e-09	-3.585e-09	-3.7017e-09	-3.8382e-09	-4.1829e-09	-4.2135e-09	-4.4464e-09	-4.5554e-09	-4.2348e-09	-3.8466e-09	-4.0255e-09	-4.1299e-09	-4.2397e-09	-3.9094e-09	-3.6378e-09	-3.6327e-09	-3.4271e-09	-3.699e-09	-4.2191e-09	-4.426e-09	-4.3765e-09	-4.2485e-09	-4.6847e-09	-4.596e-09	-4.4954e-09	-4.4954e-09	-3.9315e-09	-1.9492e-09	3.2423e-09	9.9267e-09	1.7792e-08	2.6025e-08	3.4592e-08	4.5209e-08	5.336e-08	6.135e-08	6.9119e-08	7.6787e-08	8.595e-08	9.1366e-08	9.4582e-08	9.4701e-08	9.2927e-08	9.3561e-08	9.396e-08	9.166e-08	8.6037e-08	7.8137e-08	6.6994e-08	5.6797e-08	4.6191e-08	3.539e-08	2.4248e-08	1.26e-08	5.963e-09	1.7418e-09	-1.2638e-09	-2.1124e-09	-3.0672e-09	-3.8545e-09	-3.9924e-09	-4.0287e-09	-4.2143e-09	-5.0178e-09	-5.5452e-09	-5.8447e-09	-5.9828e-09	-6.5428e-09	-6.606e-09	-6.3766e-09	-6.4177e-09	-6.717e-09	-6.6133e-09	-6.5828e-09	-6.3012e-09	-6.3012e-09	-6.37e-09	-6.4422e-09	-6.5276e-09	-6.285e-09	-5.4809e-09	-4.4013e-09	-3.129e-09	-2.4948e-09	-2.0619e-09	-1.6446e-09	-1.2026e-09
-2.7576e-09	-3.0029e-09	-2.8921e-09	-3.0912e-09	-3.3917e-09	-3.5722e-09	-3.6124e-09	-3.7716e-09	-3.9109e-09	-4.1796e-09	-4.1628e-09	-4.462e-09	-4.6306e-09	-4.236e-09	-3.8601e-09	-4.027e-09	-4.0728e-09	-4.1423e-09	-3.8303e-09	-3.6382e-09	-3.6857e-09	-3.6857e-09	-3.492e-09	-3.8877e-09	-4.2801e-09	-4.577e-09	-4.5565e-09	-4.4197e-09	-4.8133e-09	-4.7154e-09	-4.7018e-09	-3.8159e-09	-1.2555e-09	4.6867e-09	1.1731e-08	1.9805e-08	2.8163e-08	3.6827e-08	4.7451e-08	5.5455e-08	6.3306e-08	7.1058e-08	7.8766e-08	8.7642e-08	9.2544e-08	9.5167e-08	9.4816e-08	9.3034e-08	9.3969e-08	9.4119e-08	9.1115e-08	8.4868e-08	7.6586e-08	6.5213e-08	5.4955e-08	4.4322e-08	3.3461e-08	2.2384e-08	1.1304e-08	5.2458e-09	1.3704e-09	-1.4588e-09	-2.196e-09	-3.1069e-09	-3.8606e-09	-4.0766e-09	-4.1801e-09	-4.4507e-09	-5.2136e-09	-5.8009e-09	-5.8009e-09	-6.0999e-09	-6.1618e-09	-6.6114e-09	-6.5946e-09	-6.3236e-09	-6.3239e-09	-6.6343e-09	-6.441e-09	-6.4796e-09	-6.0908e-09	-6.1513e-09	-6.2415e-09	-6.2241e-09	-5.9649e-09	-5.1959e-09	-4.1035e-09	-3.129e-09	-2.3362e-09	-1.9398e-09	-1.554e-09	-1.1472e-09
-2.8144e-09	-3.1424e-09	-3.0365e-09	-3.1919e-09	-3.3766e-09	-3.5496e-09	-3.6675e-09	-3.8583e-09	-3.9813e-09	-4.1425e-09	-4.0675e-09	-4.0675e-09	-4.3926e-09	-4.5356e-09	-4.1911e-09	-3.8367e-09	-3.9806e-09	-3.9713e-09	-3.8391e-09	-3.7406e-09	-3.6431e-09	-3.7432e-09	-3.5728e-09	-3.9638e-09	-4.3215e-09	-4.7122e-09	-4.7302e-09	-4.6061e-09	-4.8861e-09	-4.8352e-09	-4.8572e-09	-3.5991e-09	-4.4133e-10	6.2225e-09	1.3583e-08	2.1828e-08	3.0294e-08	3.904e-08	4.9633e-08	5.7493e-08	6.5225e-08	7.2983e-08	8.0713e-08	8.925e-08	9.3616e-08	9.5568e-08	9.4842e-08	9.3225e-08	9.4338e-08	9.4073e-08	9.0386e-08	8.3611e-08	7.4979e-08	6.3403e-08	5.3083e-08	4.2432e-08	3.1517e-08	2.0545e-08	1.0096e-08	4.6032e-09	4.6032e-09	1.0463e-09	-1.5904e-09	-2.2555e-09	-3.1309e-09	-3.8487e-09	-4.1535e-09	-4.3311e-09	-4.9264e-09	-5.3973e-09	-6.0297e-09	-6.3244e-09	-6.3159e-09	-6.5844e-09	-6.5555e-09	-6.2596e-09	-6.2304e-09	-6.5404e-09	-6.3447e-09	-6.3828e-09	-5.9201e-09	-5.9445e-09	-6.0095e-09	-5.8395e-09	-5.561e-09	-4.8469e-09	-3.7648e-09	-2.8666e-09	-2.1732e-09	-1.7944e-09	-1.4507e-09	-1.1247e-09
-2.8334e-09	-2.8334e-09	-3.2367e-09	-3.2614e-09	-3.2749e-09	-3.3792e-09	-3.5473e-09	-3.7533e-09	-4.0782e-09	-4.0487e-09	-4.0807e-09	-3.9396e-09	-4.254e-09	-4.3995e-09	-4.1158e-09	-3.7889e-09	-3.9011e-09	-3.8409e-09	-3.6628e-09	-3.6491e-09	-3.6537e-09	-3.8028e-09	-3.6611e-09	-4.0222e-09	-4.3431e-09	-4.8231e-09	-4.8832e-09	-4.7883e-09	-4.9594e-09	-4.9482e-09	-4.9292e-09	-3.2509e-09	5.0543e-10	7.8373e-09	1.5468e-08	2.385e-08	3.2401e-08	4.1212e-08	5.173e-08	5.9459e-08	6.7103e-08	7.489e-08	8.2614e-08	9.0772e-08	9.4585e-08	9.5811e-08	9.481e-08	9.3514e-08	9.4674e-08	9.3852e-08	9.3852e-08	8.9502e-08	8.2281e-08	7.1652e-08	6.1575e-08	5.1197e-08	4.0532e-08	2.9577e-08	1.7017e-08	8.9699e-09	4.015e-09	7.5071e-10	-1.6808e-09	-2.2732e-09	-3.1551e-09	-3.8344e-09	-4.2247e-09	-4.4775e-09	-5.1395e-09	-5.5564e-09	-6.2061e-09	-6.4868e-09	-6.414e-09	-6.486e-09	-6.4744e-09	-6.1784e-09	-6.1366e-09	-6.4312e-09	-6.2376e-09	-6.291e-09	-5.7952e-09	-5.755e-09	-5.7459e-09	-5.3952e-09	-5.0948e-09	-4.449e-09	-3.3964e-09	-2.6019e-09	-2.0044e-09	-1.633e-09	-1.3364e-09	-1.1199e-09
-1.9851e-09	-2.8043e-09	-3.2719e-09	-3.3296e-09	-3.337e-09	-3.3952e-09	-3.5615e-09	-3.8612e-09	-4.195e-09	-4.1125e-09	-4.0069e-09	-3.7955e-09	-4.071e-09	-4.2328e-09	-4.0256e-09	-3.7294e-09	-3.8031e-09	-3.697e-09	-3.4895e-09	-3.5647e-09	-3.671e-09	-3.8618e-09	-3.7483e-09	-4.059e-09	-4.3448e-09	-4.9013e-09	-5.0013e-09	-4.9468e-09	-5.029e-09	-5.0469e-09	-4.8857e-09	-2.7414e-09	1.5967e-09	9.5189e-09	1.7372e-08	2.5859e-08	3.4472e-08	4.3324e-08	5.3748e-08	6.1367e-08	6.1367e-08	6.8956e-08	7.6786e-08	8.6282e-08	9.2217e-08	9.5464e-08	9.5952e-08	9.4778e-08	9.439e-08	9.498e-08	9.3484e-08	8.8492e-08	8.0889e-08	6.9955e-08	5.9743e-08	4.931e-08	3.8634e-08	2.7659e-08	1.5364e-08	7.9166e-09	3.4609e-09	4.6457e-10	-1.7522e-09	-2.3108e-09	-3.1955e-09	-3.8336e-09	-4.2916e-09	-4.615e-09	-5.3186e-09	-5.6781e-09	-6.3046e-09	-6.5556e-09	-6.4249e-09	-6.3067e-09	-6.3453e-09	-6.0772e-09	-6.0423e-09	-6.3052e-09	-6.1222e-09	-6.2013e-09	-5.7061e-09	-5.5809e-09	-5.4602e-09	-4.9169e-09	-4.5923e-09	-4.0206e-09	-3.0118e-09	-2.3366e-09	-1.8284e-09	-1.4625e-09	-1.4625e-09	-1.213e-09
-2.0454e-09	-2.731e-09	-3.2516e-09	-3.3296e-09	-3.3762e-09	-3.4179e-09	-3.5858e-09	-3.9792e-09	-4.304e-09	-4.1721e-09	-3.9335e-09	-3.6514e-09	-3.8682e-09	-4.0567e-09	-3.9361e-09	-3.6705e-09	-3.7012e-09	-3.555e-09	-3.3342e-09	-3.496e-09	-3.6963e-09	-3.9178e-09	-3.8258e-09	-4.0702e-09	-4.3264e-09	-4.9382e-09	-5.0702e-09	-5.0621e-09	-5.0908e-09	-5.1238e-09	-5.1238e-09	-4.6952e-09	-2.0418e-09	4.2439e-09	1.1262e-08	1.9291e-08	2.7855e-08	3.651e-08	4.7401e-08	5.5715e-08	6.3249e-08	7.0811e-08	7.8689e-08	8.8069e-08	9.3591e-08	9.6266e-08	9.6052e-08	9.48e-08	9.4978e-08	9.5259e-08	9.3001e-08	8.7386e-08	7.9451e-08	6.8251e-08	5.7919e-08	4.7437e-08	3.6751e-08	2.5781e-08	1.3809e-08	6.9279e-09	2.9204e-09	1.6892e-10	-1.827e-09	-2.3889e-09	-3.268e-09	-3.862e-09	-4.3557e-09	-4.7395e-09	-5.4547e-09	-5.7544e-09	-6.3114e-09	-6.5144e-09	-6.3329e-09	-6.0705e-09	-6.1834e-09	-5.963e-09	-5.9486e-09	-6.1675e-09	-6.0016e-09	-6.1106e-09	-6.1106e-09	-5.6405e-09	-5.4192e-09	-4.8652e-09	-4.4306e-09	-4.0794e-09	-3.5803e-09	-2.6244e-09	-1.8111e-09	-1.6437e-09	-1.2902e-09	-1.0824e-09
-2.1117e-09	-2.6215e-09	-3.1841e-09	-3.3656e-09	-3.3902e-09	-3.4404e-09	-3.6139e-09	-4.0954e-09	-4.304e-09	-4.2269e-09	-3.8734e-09	-3.5239e-09	-3.6703e-09	-4.0567e-09	-3.8628e-09	-3.6248e-09	-3.6102e-09	-3.4304e-09	-3.3342e-09	-3.4518e-09	-3.4518e-09	-3.7307e-09	-3.9681e-09	-3.9184e-09	-4.052e-09	-4.2881e-09	-4.926e-09	-5.0764e-09	-5.1069e-09	-5.1372e-09	-5.1615e-09	-4.3424e-09	-1.1459e-09	5.7829e-09	1.3065e-08	2.1234e-08	2.9855e-08	3.8535e-08	4.9411e-08	5.7663e-08	6.5141e-08	7.2699e-08	8.0614e-08	8.984e-08	9.4904e-08	9.7002e-08	9.6171e-08	9.4933e-08	9.5666e-08	9.5515e-08	9.2431e-08	8.6215e-08	7.798e-08	6.6553e-08	5.6117e-08	4.5594e-08	3.4895e-08	2.3962e-08	1.2371e-08	5.9958e-09	2.3735e-09	-1.5516e-10	-1.9273e-09	-2.5201e-09	-3.3823e-09	-3.9295e-09	-4.4179e-09	-4.8476e-09	-5.5495e-09	-5.7891e-09	-5.7891e-09	-6.2418e-09	-6.3839e-09	-5.9394e-09	-5.8068e-09	-6.0069e-09	-5.8441e-09	-5.8569e-09	-5.8823e-09	-5.8789e-09	-6.0158e-09	-5.586e-09	-5.2669e-09	-4.5775e-09	-3.9618e-09	-3.5818e-09	-3.1465e-09	-2.2475e-09	-1.5541e-09	-1.4489e-09	-1.1232e-09	-9.4633e-10
-2.1676e-09	-2.4838e-09	-3.0778e-09	-3.3677e-09	-3.3771e-09	-3.4558e-09	-3.6396e-09	-4.1977e-09	-4.3957e-09	-4.2762e-09	-4.2762e-09	-3.839e-09	-3.4293e-09	-3.502e-09	-3.7618e-09	-3.8213e-09	-3.6049e-09	-3.5447e-09	-3.3386e-09	-3.1353e-09	-3.4405e-09	-3.775e-09	-4.0102e-09	-3.9184e-09	-4.0072e-09	-4.2335e-09	-4.8673e-09	-5.0222e-09	-5.1069e-09	-5.1571e-09	-5.1347e-09	-3.8262e-09	-6.7813e-11	5.7829e-09	1.4929e-08	2.3206e-08	3.1872e-08	4.0568e-08	5.1433e-08	5.9621e-08	6.7078e-08	7.4651e-08	8.2578e-08	9.1604e-08	9.6164e-08	9.7686e-08	9.6368e-08	9.5234e-08	9.6457e-08	9.5752e-08	9.1805e-08	8.5006e-08	7.6488e-08	6.4874e-08	5.435e-08	4.3793e-08	3.3078e-08	2.222e-08	1.1061e-08	5.1153e-09	5.1153e-09	1.81e-09	-5.1602e-10	-2.2332e-09	-2.6951e-09	-3.5325e-09	-4.03e-09	-4.4779e-09	-5.0134e-09	-5.6062e-09	-5.7879e-09	-6.116e-09	-6.1909e-09	-5.6969e-09	-5.5452e-09	-5.8344e-09	-5.7288e-09	-5.7684e-09	-5.7474e-09	-5.7573e-09	-5.9137e-09	-5.5301e-09	-5.121e-09	-4.3109e-09	-3.5364e-09	-3.1256e-09	-2.7376e-09	-1.8945e-09	-1.3033e-09	-1.2425e-09	-9.687e-10	-8.0672e-10
-2.1263e-09	-2.1965e-09	-2.3261e-09	-2.941e-09	-3.2638e-09	-3.3346e-09	-3.4573e-09	-3.6565e-09	-4.2743e-09	-4.49e-09	-4.3195e-09	-3.8429e-09	-3.3841e-09	-3.388e-09	-3.6844e-09	-3.8261e-09	-3.6224e-09	-3.5187e-09	-3.2942e-09	-3.1069e-09	-3.4606e-09	-3.8261e-09	-4.0418e-09	-3.9246e-09	-3.944e-09	-4.17e-09	-4.7743e-09	-4.9236e-09	-5.0503e-09	-5.1397e-09	-5.0178e-09	-3.1459e-09	1.1779e-09	7.4459e-09	1.6854e-08	2.5216e-08	3.3921e-08	4.2629e-08	5.1433e-08	6.1619e-08	6.9095e-08	7.6695e-08	8.4598e-08	9.1604e-08	9.7378e-08	9.8331e-08	9.6703e-08	9.5759e-08	9.6457e-08	9.5974e-08	9.5974e-08	9.1152e-08	8.3791e-08	7.4989e-08	6.3221e-08	5.2626e-08	4.2045e-08	3.1308e-08	1.8997e-08	9.8706e-09	4.2908e-09	1.2463e-09	-8.9503e-10	-2.4138e-09	-2.9015e-09	-3.7102e-09	-4.1555e-09	-4.5352e-09	-5.0709e-09	-5.6281e-09	-5.7563e-09	-5.9541e-09	-5.962e-09	-5.463e-09	-5.315e-09	-5.6841e-09	-5.6255e-09	-5.6844e-09	-5.6259e-09	-5.6398e-09	-5.8012e-09	-5.4604e-09	-4.9785e-09	-4.076e-09	-3.18e-09	-2.7365e-09	-2.372e-09	-1.5787e-09	-1.0604e-09	-1.0237e-09	-8.3283e-10	-6.6533e-10
-1.9919e-09	-2.1819e-09	-2.1564e-09	-2.7821e-09	-3.1545e-09	-3.2608e-09	-3.438e-09	-3.6584e-09	-4.3131e-09	-4.4741e-09	-4.3559e-09	-3.8967e-09	-3.4034e-09	-3.3514e-09	-3.6608e-09	-3.8748e-09	-3.6762e-09	-3.5328e-09	-3.2975e-09	-3.1159e-09	-3.5022e-09	-3.8775e-09	-4.0607e-09	-3.9096e-09	-3.8707e-09	-4.1047e-09	-4.6592e-09	-4.7969e-09	-4.9614e-09	-5.074e-09	-4.7851e-09	-2.3009e-09	2.5767e-09	9.218e-09	1.8838e-08	2.7271e-08	3.6017e-08	4.4739e-08	5.349e-08	6.3688e-08	6.3688e-08	7.1227e-08	7.8863e-08	8.6691e-08	9.5155e-08	9.8556e-08	9.8947e-08	9.7236e-08	9.6564e-08	9.8328e-08	9.6175e-08	9.049e-08	8.2589e-08	7.3494e-08	6.1593e-08	5.0943e-08	4.0343e-08	2.9582e-08	1.8997e-08	8.7893e-09	3.5277e-09	7.0251e-10	-1.2693e-09	-2.4138e-09	-3.1268e-09	-3.9068e-09	-4.2975e-09	-4.5894e-09	-5.0709e-09	-5.6184e-09	-5.7e-09	-5.7762e-09	-5.7241e-09	-5.2673e-09	-5.1456e-09	-5.5744e-09	-5.5426e-09	-5.6061e-09	-5.5241e-09	-5.5298e-09	-5.6753e-09	-5.3646e-09	-4.8363e-09	-3.8823e-09	-2.9155e-09	-2.4375e-09	-2.0663e-09	-1.3121e-09	-8.282e-10	-8.282e-10	-7.9673e-10	-7.1409e-10
-1.7824e-09	-2.1074e-09	-1.9827e-09	-2.6096e-09	-3.0048e-09	-3.1534e-09	-3.3911e-09	-3.6388e-09	-4.3025e-09	-4.4082e-09	-4.3782e-09	-3.992e-09	-3.4807e-09	-3.3892e-09	-3.6737e-09	-3.9497e-09	-3.7531e-09	-3.5763e-09	-3.3361e-09	-3.1519e-09	-3.5551e-09	-3.9223e-09	-4.0648e-09	-3.8792e-09	-3.796e-09	-4.0451e-09	-4.5346e-09	-4.6587e-09	-4.8554e-09	-4.9489e-09	-4.9489e-09	-4.4108e-09	-1.2903e-09	4.114e-09	1.303e-08	2.0884e-08	2.9379e-08	3.8175e-08	4.6918e-08	5.7804e-08	6.5858e-08	7.351e-08	8.1183e-08	8.8874e-08	9.6949e-08	9.9699e-08	9.9549e-08	9.7996e-08	9.7665e-08	9.9329e-08	9.6325e-08	8.9808e-08	8.1394e-08	7.2001e-08	5.9988e-08	4.9296e-08	3.868e-08	2.7895e-08	1.7505e-08	7.8064e-09	2.8315e-09	1.9912e-10	-1.6158e-09	-2.5941e-09	-3.3584e-09	-4.114e-09	-4.4479e-09	-4.6398e-09	-5.1114e-09	-5.5804e-09	-5.6247e-09	-5.6023e-09	-5.5039e-09	-5.2673e-09	-5.0665e-09	-5.5238e-09	-5.4883e-09	-5.535e-09	-5.5241e-09	-5.4475e-09	-5.4297e-09	-5.5332e-09	-5.2316e-09	-4.6916e-09	-3.7275e-09	-2.7393e-09	-2.2252e-09	-1.8193e-09	-9.1799e-10	-6.1013e-10	-5.6838e-10	-6.07e-10
-1.4837e-09	-1.9572e-09	-1.8125e-09	-2.4312e-09	-2.8123e-09	-3.0084e-09	-3.3091e-09	-3.5907e-09	-4.2369e-09	-4.2912e-09	-4.3744e-09	-4.103e-09	-3.5905e-09	-3.4752e-09	-3.7052e-09	-4.0326e-09	-3.8401e-09	-3.6379e-09	-3.3972e-09	-3.2041e-09	-3.2041e-09	-3.6093e-09	-3.9537e-09	-4.0518e-09	-3.7964e-09	-3.7282e-09	-3.9983e-09	-4.4127e-09	-4.5254e-09	-4.6531e-09	-4.7536e-09	-3.8694e-09	-1.1367e-10	5.7751e-09	1.5041e-08	2.2989e-08	3.1547e-08	4.0409e-08	4.9187e-08	6.0096e-08	6.8144e-08	7.5955e-08	8.3663e-08	9.1144e-08	9.8717e-08	1.0079e-07	1.0015e-07	9.8939e-08	9.8975e-08	1.0028e-07	9.6389e-08	8.9087e-08	8.0194e-08	7.0509e-08	5.8404e-08	4.7683e-08	3.7048e-08	2.6245e-08	1.6081e-08	6.9111e-09	2.2079e-09	-2.4358e-10	-1.9118e-09	-2.7596e-09	-3.5838e-09	-4.3232e-09	-4.5984e-09	-4.6861e-09	-5.1347e-09	-5.1407e-09	-5.5175e-09	-5.5359e-09	-5.4525e-09	-5.328e-09	-5.1044e-09	-5.1025e-09	-5.5476e-09	-5.4698e-09	-5.472e-09	-5.3933e-09	-5.338e-09	-5.3756e-09	-5.0625e-09	-4.5429e-09	-3.6031e-09	-2.6345e-09	-2.0828e-09	-1.6211e-09	-9.1799e-10	-4.0958e-10	-3.4551e-10	-5.0601e-10
-1.1018e-09	-1.7297e-09	-1.643e-09	-2.2445e-09	-2.5738e-09	-2.8204e-09	-3.1841e-09	-3.5064e-09	-4.1155e-09	-4.1219e-09	-4.1219e-09	-4.332e-09	-4.2032e-09	-3.7066e-09	-3.6837e-09	-3.7376e-09	-4.1056e-09	-3.9237e-09	-3.7065e-09	-3.5356e-09	-3.2619e-09	-3.6545e-09	-3.9651e-09	-4.0195e-09	-3.7557e-09	-3.6757e-09	-3.9716e-09	-4.306e-09	-4.4134e-09	-4.5874e-09	-4.477e-09	-3.1352e-09	1.2298e-09	7.5455e-09	1.7103e-08	2.5153e-08	3.3778e-08	4.2726e-08	5.1555e-08	6.2463e-08	7.0525e-08	7.8522e-08	8.6251e-08	9.3456e-08	1.0042e-07	1.0183e-07	1.0075e-07	1.0001e-07	1.0039e-07	1.0112e-07	9.6332e-08	8.8311e-08	7.898e-08	6.9016e-08	5.6838e-08	4.6097e-08	3.5438e-08	2.4625e-08	1.472e-08	1.3414e-08	6.0926e-09	1.6624e-09	-6.0526e-10	-2.1344e-09	-2.9894e-09	-3.7905e-09	-4.526e-09	-4.7406e-09	-4.7277e-09	-5.13e-09	-5.4333e-09	-5.4397e-09	-5.3453e-09	-5.2205e-09	-5.1551e-09	-5.2391e-09	-5.6353e-09	-5.4825e-09	-5.417e-09	-5.3548e-09	-5.2508e-09	-5.2051e-09	-4.8646e-09	-4.389e-09	-3.5008e-09	-2.5841e-09	-1.9937e-09	-1.4619e-09	-7.7661e-10	-2.2991e-10	-1.3496e-10	-4.056e-10
-1.3969e-10	-6.6015e-10	-1.4357e-09	-1.4623e-09	-1.8003e-09	-2.2861e-09	-2.5838e-09	-3.0082e-09	-3.3781e-09	-3.7039e-09	-3.8993e-09	-4.2385e-09	-4.2663e-09	-3.803e-09	-3.7522e-09	-3.753e-09	-4.1504e-09	-3.9907e-09	-3.7707e-09	-3.5872e-09	-3.3147e-09	-3.6805e-09	-3.9497e-09	-3.9659e-09	-3.7236e-09	-3.647e-09	-3.9723e-09	-4.2268e-09	-4.3391e-09	-4.5539e-09	-4.1086e-09	-2.1947e-09	2.7352e-09	9.4113e-09	1.9211e-08	2.737e-08	3.6068e-08	4.5114e-08	5.4e-08	6.4884e-08	7.2973e-08	8.1161e-08	8.8885e-08	9.5753e-08	1.0201e-07	1.0279e-07	1.0137e-07	1.0115e-07	1.0181e-07	1.0313e-07	1.0178e-07	9.6121e-08	8.7462e-08	7.7742e-08	6.6019e-08	5.5287e-08	4.4537e-08	3.3843e-08	2.3031e-08	1.2154e-08	5.3402e-09	1.2005e-09	-8.6558e-10	-2.2605e-09	-3.028e-09	-3.9676e-09	-4.7147e-09	-4.8673e-09	-4.7645e-09	-5.1075e-09	-5.3369e-09	-5.3442e-09	-5.2845e-09	-5.1813e-09	-5.267e-09	-5.4416e-09	-5.7632e-09	-5.5162e-09	-5.3687e-09	-5.3254e-09	-5.1643e-09	-5.0242e-09	-4.6451e-09	-4.2292e-09	-3.4121e-09	-2.5713e-09	-1.9409e-09	-1.3315e-09	-6.631e-10	-7.4513e-11	5.6422e-11	-3.0025e-10
3.5733e-10	-1.829e-10	-1.0863e-09	-1.2581e-09	-1.5195e-09	-1.946e-09	-2.293e-09	-2.7734e-09	-3.1979e-09	-3.4129e-09	-3.6223e-09	-4.0815e-09	-4.2658e-09	-3.8533e-09	-3.7611e-09	-3.7336e-09	-4.1491e-09	-4.0277e-09	-3.8194e-09	-3.6101e-09	-3.3518e-09	-3.6773e-09	-3.9007e-09	-3.8887e-09	-3.7048e-09	-3.6478e-09	-4.0049e-09	-4.1838e-09	-4.3108e-09	-4.5256e-09	-3.6394e-09	-1.0655e-09	4.3834e-09	1.136e-08	2.136e-08	2.9633e-08	3.8409e-08	4.7554e-08	5.6496e-08	5.9019e-08	6.7337e-08	7.5461e-08	8.382e-08	9.1505e-08	1.0009e-07	1.0345e-07	1.0365e-07	1.0201e-07	1.023e-07	1.0425e-07	1.0217e-07	9.5721e-08	8.6522e-08	7.6469e-08	6.451e-08	5.375e-08	4.2996e-08	3.2254e-08	2.146e-08	1.0936e-08	4.6437e-09	8.2608e-10	-1.0083e-09	-2.272e-09	-3.0242e-09	-4.1172e-09	-4.8875e-09	-4.9783e-09	-4.7991e-09	-5.0804e-09	-5.2395e-09	-5.259e-09	-5.2669e-09	-5.1982e-09	-5.4153e-09	-5.6755e-09	-5.9075e-09	-5.5605e-09	-5.3261e-09	-5.2983e-09	-5.0746e-09	-4.8354e-09	-4.4113e-09	-4.0623e-09	-3.3287e-09	-2.579e-09	-1.9079e-09	-1.22e-09	-5.705e-10	-4.9189e-10	5.3223e-11	2.2179e-10
8.4445e-10	3.059e-10	-6.927e-10	-1.0182e-09	-1.5195e-09	-1.5505e-09	-1.9425e-09	-2.4718e-09	-2.9582e-09	-3.0644e-09	-3.29e-09	-3.8487e-09	-4.1753e-09	-3.8315e-09	-3.6832e-09	-3.6615e-09	-4.0834e-09	-4.0216e-09	-3.8414e-09	-3.5952e-09	-3.366e-09	-3.6396e-09	-3.8158e-09	-3.7893e-09	-3.7014e-09	-3.6769e-09	-4.0666e-09	-4.1763e-09	-4.3158e-09	-4.4708e-09	-4.4708e-09	-3.0603e-09	2.2987e-10	6.1532e-09	1.5462e-08	2.3545e-08	3.1936e-08	4.0795e-08	5.0032e-08	6.1541e-08	6.9798e-08	7.796e-08	8.6449e-08	9.4048e-08	1.0202e-07	1.0469e-07	1.0442e-07	1.027e-07	1.0341e-07	1.0506e-07	1.0225e-07	9.5097e-08	8.5474e-08	7.5151e-08	6.2994e-08	5.2223e-08	4.1471e-08	3.0665e-08	1.9908e-08	9.7623e-09	3.9977e-09	5.2829e-10	-1.0517e-09	-2.1892e-09	-3.0022e-09	-4.2487e-09	-5.0458e-09	-5.0772e-09	-4.8356e-09	-5.0562e-09	-5.1528e-09	-5.1935e-09	-5.2888e-09	-5.2587e-09	-5.5755e-09	-5.9059e-09	-6.0446e-09	-5.6051e-09	-5.2882e-09	-5.2538e-09	-5.2667e-09	-4.9779e-09	-4.6412e-09	-4.1706e-09	-3.7035e-09	-3.242e-09	-2.5903e-09	-1.8777e-09	-1.1175e-09	-4.2038e-10	1.4998e-10	3.5438e-10
1.2976e-09	7.8216e-10	-2.6614e-10	-7.3044e-10	-1.1838e-09	-1.0964e-09	-1.5268e-09	-2.0954e-09	-2.6511e-09	-3.0644e-09	-2.9011e-09	-3.5276e-09	-3.9685e-09	-3.7113e-09	-3.6832e-09	-3.5257e-09	-3.9425e-09	-3.9629e-09	-3.8279e-09	-3.5952e-09	-3.5435e-09	-3.3581e-09	-3.5745e-09	-3.7043e-09	-3.6779e-09	-3.715e-09	-3.732e-09	-4.1533e-09	-4.2018e-09	-4.3622e-09	-4.3579e-09	-2.3623e-09	1.6689e-09	8.0233e-09	1.7591e-08	2.5759e-08	3.4273e-08	4.3219e-08	5.253e-08	6.4036e-08	7.2247e-08	8.0443e-08	8.8999e-08	9.6453e-08	1.0372e-07	1.0569e-07	1.0506e-07	1.0343e-07	1.0442e-07	1.0547e-07	1.0194e-07	9.4221e-08	8.4305e-08	7.3779e-08	6.147e-08	5.0705e-08	3.9957e-08	2.9075e-08	1.8379e-08	8.6399e-09	3.3995e-09	2.8881e-10	-1.032e-09	-2.0528e-09	-2.9864e-09	-4.371e-09	-5.1909e-09	-5.1677e-09	-4.8781e-09	-4.9307e-09	-5.042e-09	-5.0882e-09	-5.1572e-09	-5.3469e-09	-5.4613e-09	-5.7228e-09	-6.0982e-09	-6.1505e-09	-5.6396e-09	-5.222e-09	-5.2239e-09	-4.8703e-09	-4.4441e-09	-3.9302e-09	-3.5097e-09	-3.1437e-09	-2.5884e-09	-1.8337e-09	-1.014e-09	-3.5152e-10	2.1568e-10	4.5143e-10
1.6926e-09	1.2218e-09	1.8224e-10	-3.8255e-10	-7.8171e-10	-5.8047e-10	-1.0402e-09	-1.6365e-09	-2.269e-09	-2.6582e-09	-2.1985e-09	-2.4591e-09	-3.1147e-09	-3.6327e-09	-3.4787e-09	-3.2349e-09	-3.3318e-09	-3.734e-09	-3.8519e-09	-3.7763e-09	-3.4575e-09	-3.3301e-09	-3.4915e-09	-3.5773e-09	-3.566e-09	-3.7471e-09	-3.8108e-09	-4.2613e-09	-4.2582e-09	-4.3622e-09	-4.1551e-09	-1.5365e-09	3.2292e-09	9.9723e-09	1.7591e-08	2.7997e-08	3.6636e-08	4.5675e-08	5.5032e-08	6.4036e-08	7.4661e-08	8.2883e-08	9.1418e-08	9.866e-08	1.0514e-07	1.0642e-07	1.0557e-07	1.0422e-07	1.0528e-07	1.0551e-07	1.0127e-07	9.3116e-08	8.3022e-08	7.2357e-08	5.9941e-08	4.9192e-08	3.8448e-08	2.7487e-08	1.6884e-08	1.543e-08	7.577e-09	2.8464e-09	8.9296e-11	-9.8548e-10	-1.7813e-09	-3.0013e-09	-4.4934e-09	-5.3243e-09	-5.2536e-09	-4.9976e-09	-5.0454e-09	-5.057e-09	-5.1596e-09	-5.4376e-09	-5.5787e-09	-5.8328e-09	-6.2176e-09	-6.2015e-09	-5.6538e-09	-5.1915e-09	-5.1634e-09	-4.748e-09	-4.2467e-09	-3.6974e-09	-3.3064e-09	-3.0286e-09	-2.562e-09	-1.7664e-09	-9.046e-10	-2.845e-10	2.55e-10	5.1606e-10
2.4314e-09	2.0055e-09	1.6007e-09	6.4124e-10	3.766e-11	2.5703e-10	-7.4013e-12	-4.8555e-10	-1.096e-09	-1.8118e-09	-1.7016e-09	-1.9791e-09	-2.6298e-09	-3.1905e-09	-3.1498e-09	-2.897e-09	-3.0884e-09	-3.4683e-09	-3.6907e-09	-3.6852e-09	-3.3397e-09	-3.2843e-09	-3.3996e-09	-3.4457e-09	-3.4651e-09	-3.7995e-09	-3.911e-09	-4.3865e-09	-4.3431e-09	-4.3716e-09	-3.8309e-09	-5.7393e-10	4.8883e-09	1.1979e-08	1.9756e-08	3.0255e-08	3.902e-08	4.8154e-08	5.7521e-08	6.648e-08	7.702e-08	8.5255e-08	9.3661e-08	1.0061e-07	1.0514e-07	1.0691e-07	1.0597e-07	1.0505e-07	1.0598e-07	1.0598e-07	1.0523e-07	1.0032e-07	9.1828e-08	8.165e-08	7.0894e-08	5.8411e-08	4.7682e-08	3.6937e-08	2.5907e-08	1.4028e-08	6.5811e-09	2.3354e-09	-8.8629e-11	-9.4832e-10	-1.7275e-09	-3.0713e-09	-4.6251e-09	-5.4471e-09	-5.3384e-09	-5.0828e-09	-5.0735e-09	-5.0708e-09	-5.2102e-09	-5.5575e-09	-5.6904e-09	-5.881e-09	-6.2299e-09	-6.1742e-09	-5.6373e-09	-5.16e-09	-5.0814e-09	-4.6105e-09	-4.0515e-09	-3.4766e-09	-3.0958e-09	-2.8958e-09	-2.5086e-09	-1.6769e-09	-7.9181e-10	-2.1877e-10	2.7297e-10	5.5184e-10
2.6906e-09	2.2228e-09	1.9034e-09	1.099e-09	5.3125e-10	8.6365e-10	5.9834e-10	1.1372e-10	-4.9846e-10	-1.3001e-09	-1.1857e-09	-1.4777e-09	-2.0961e-09	-2.6699e-09	-2.7455e-09	-2.5078e-09	-2.8038e-09	-3.1559e-09	-3.4812e-09	-3.5528e-09	-3.1925e-09	-3.2228e-09	-3.3082e-09	-3.3206e-09	-3.387e-09	-3.8737e-09	-4.0303e-09	-4.5251e-09	-4.4542e-09	-4.3506e-09	-3.3535e-09	5.3448e-10	6.6236e-09	1.4022e-08	2.1947e-08	3.2528e-08	4.1418e-08	5.0651e-08	5.9983e-08	5.9983e-08	7.1145e-08	7.9324e-08	8.7553e-08	9.5729e-08	1.0232e-07	1.072e-07	1.0721e-07	1.063e-07	1.059e-07	1.0653e-07	1.0471e-07	9.9148e-08	9.0407e-08	8.0208e-08	6.9401e-08	5.6881e-08	4.6172e-08	3.542e-08	2.4337e-08	1.4028e-08	5.6601e-09	1.8639e-09	-2.6333e-10	-9.5679e-10	-1.7275e-09	-3.2207e-09	-4.7751e-09	-5.561e-09	-5.4258e-09	-5.0828e-09	-5.1335e-09	-5.1407e-09	-5.3181e-09	-5.7031e-09	-5.7883e-09	-5.8593e-09	-6.1258e-09	-6.0627e-09	-5.5863e-09	-5.1232e-09	-4.9792e-09	-4.462e-09	-3.8613e-09	-3.2681e-09	-2.8803e-09	-2.7447e-09	-2.4259e-09	-1.5671e-09	-6.7859e-10	-5.6796e-10	-1.538e-10	2.7463e-10
2.8565e-09	2.3581e-09	2.1358e-09	1.5416e-09	1.0708e-09	1.4838e-09	1.2092e-09	7.307e-10	1.2818e-10	-7.5738e-10	-6.6908e-10	-9.7169e-10	-1.5366e-09	-2.0989e-09	-2.2869e-09	-2.0861e-09	-2.4867e-09	-2.8073e-09	-3.2254e-09	-3.3777e-09	-3.0185e-09	-3.1478e-09	-3.2265e-09	-3.213e-09	-3.3432e-09	-3.9713e-09	-4.1665e-09	-4.6731e-09	-4.5892e-09	-4.5892e-09	-4.1534e-09	-2.6944e-09	1.7959e-09	8.414e-09	1.6082e-08	2.6365e-08	3.4813e-08	4.3828e-08	5.316e-08	6.2414e-08	7.3384e-08	8.1582e-08	8.9784e-08	9.7645e-08	1.038e-07	1.0792e-07	1.0739e-07	1.066e-07	1.0676e-07	1.0694e-07	1.0402e-07	9.7839e-08	8.89e-08	7.8721e-08	6.7888e-08	5.5356e-08	4.4659e-08	3.389e-08	2.278e-08	1.2688e-08	4.8216e-09	1.4291e-09	-4.5317e-10	-1.0471e-09	-1.7824e-09	-3.4736e-09	-4.9526e-09	-5.6671e-09	-5.5195e-09	-5.1903e-09	-5.2252e-09	-5.2663e-09	-5.481e-09	-5.867e-09	-5.7883e-09	-5.7835e-09	-5.933e-09	-5.8869e-09	-5.5061e-09	-5.5061e-09	-5.0765e-09	-4.8582e-09	-4.3071e-09	-3.679e-09	-3.0721e-09	-2.6623e-09	-2.5748e-09	-2.312e-09	-1.4388e-09	-5.6796e-10	-8.9038e-11	2.6504e-10
2.9473e-09	2.4295e-09	2.3073e-09	1.9551e-09	1.6246e-09	2.0828e-09	1.7975e-09	1.3385e-09	7.5588e-10	-2.0707e-10	-1.6987e-10	-4.7787e-10	-9.7472e-10	-1.5057e-09	-1.7951e-09	-1.6502e-09	-2.1453e-09	-2.4329e-09	-2.9251e-09	-2.9251e-09	-2.8932e-09	-2.8201e-09	-3.0614e-09	-3.1637e-09	-3.134e-09	-3.4016e-09	-4.092e-09	-4.3156e-09	-4.8251e-09	-4.7435e-09	-3.9418e-09	-1.8528e-09	3.2022e-09	1.0251e-08	1.8152e-08	2.8589e-08	3.7111e-08	4.6248e-08	5.5675e-08	6.4816e-08	7.5583e-08	8.3804e-08	9.1953e-08	9.9433e-08	1.051e-07	1.0848e-07	1.075e-07	1.0691e-07	1.076e-07	1.0723e-07	1.0322e-07	9.6459e-08	8.7355e-08	7.7209e-08	6.6365e-08	5.3837e-08	4.3141e-08	3.2342e-08	2.1241e-08	1.1417e-08	4.0731e-09	1.0281e-09	-6.7634e-10	-1.2551e-09	-1.9861e-09	-3.8305e-09	-5.1579e-09	-5.7653e-09	-5.6184e-09	-5.6184e-09	-5.4516e-09	-5.3371e-09	-5.4297e-09	-5.6792e-09	-6.0363e-09	-5.9347e-09	-5.6708e-09	-5.6816e-09	-5.6686e-09	-5.4028e-09	-5.0156e-09	-4.7199e-09	-4.1503e-09	-3.5072e-09	-2.8886e-09	-2.4442e-09	-2.3857e-09	-2.1646e-09	-1.2939e-09	-4.6291e-10	-2.3951e-11	2.4923e-10
2.9815e-09	2.4548e-09	2.4274e-09	2.3253e-09	2.1607e-09	2.6261e-09	2.3357e-09	1.9103e-09	1.3566e-09	1.3566e-09	8.2206e-10	2.9371e-10	-1.2959e-11	-4.3359e-10	-9.1818e-10	-7.9535e-10	-1.2189e-09	-1.7882e-09	-2.0431e-09	-2.5825e-09	-2.5813e-09	-2.5997e-09	-2.9652e-09	-3.1271e-09	-3.0924e-09	-3.4958e-09	-4.2186e-09	-4.4613e-09	-4.9646e-09	-4.8911e-09	-3.6281e-09	-8.4149e-10	4.7375e-09	1.213e-08	2.0235e-08	3.0823e-08	3.9421e-08	4.8676e-08	5.8189e-08	6.7193e-08	7.7756e-08	8.5999e-08	9.4066e-08	1.0112e-07	1.0626e-07	1.0892e-07	1.076e-07	1.0727e-07	1.0839e-07	1.0741e-07	1.0239e-07	9.508e-08	8.582e-08	7.5695e-08	6.4842e-08	5.2327e-08	4.1616e-08	3.0769e-08	1.9723e-08	1.9723e-08	9.1168e-09	3.4129e-09	6.5537e-10	-9.4166e-10	-1.5896e-09	-2.8201e-09	-4.2579e-09	-5.3794e-09	-5.8534e-09	-5.7146e-09	-5.5796e-09	-5.457e-09	-5.6117e-09	-5.8916e-09	-6.1979e-09	-5.9801e-09	-5.5388e-09	-5.4022e-09	-5.4298e-09	-5.2825e-09	-4.936e-09	-4.5656e-09	-3.9963e-09	-3.3487e-09	-2.7178e-09	-2.2286e-09	-2.1769e-09	-1.9819e-09	-1.1343e-09	-3.6645e-10	4.2002e-11	2.3225e-10
3.3158e-09	2.9774e-09	2.452e-09	2.5055e-09	2.6382e-09	3.0524e-09	3.0789e-09	2.7963e-09	2.4192e-09	1.9024e-09	1.2538e-09	7.0343e-10	4.0628e-10	6.3572e-11	-3.6448e-10	-3.2806e-10	-8.0904e-10	-1.4234e-09	-1.648e-09	-2.2e-09	-2.2291e-09	-2.3594e-09	-2.8564e-09	-3.1077e-09	-3.0783e-09	-3.598e-09	-4.3254e-09	-4.5803e-09	-5.0686e-09	-4.9955e-09	-3.1917e-09	3.2623e-10	6.3859e-09	1.405e-08	2.233e-08	3.3067e-08	4.1745e-08	5.1111e-08	6.0697e-08	6.9547e-08	7.992e-08	8.8176e-08	9.6129e-08	1.0272e-07	1.0729e-07	1.0928e-07	1.0775e-07	1.0772e-07	1.0913e-07	1.0913e-07	1.0748e-07	1.016e-07	9.3773e-08	8.4343e-08	7.42e-08	6.1831e-08	5.0826e-08	4.0081e-08	2.9173e-08	1.823e-08	8.0842e-09	2.8255e-09	3.0136e-10	-1.2443e-09	-2.0202e-09	-3.3652e-09	-4.7195e-09	-5.6041e-09	-5.9287e-09	-5.7997e-09	-5.688e-09	-5.5726e-09	-5.7933e-09	-6.0973e-09	-6.3384e-09	-6.0047e-09	-5.4051e-09	-5.1249e-09	-5.1923e-09	-5.1512e-09	-4.8332e-09	-4.397e-09	-3.8495e-09	-3.2063e-09	-2.5595e-09	-2.0176e-09	-1.9477e-09	-1.7616e-09	-9.6173e-10	-2.8158e-10	1.0854e-10	2.1756e-10
3.1694e-09	2.9534e-09	2.4391e-09	2.551e-09	2.8797e-09	3.3443e-09	3.4067e-09	3.1515e-09	2.8383e-09	2.3652e-09	1.6015e-09	1.043e-09	7.648e-10	4.9566e-10	1.297e-10	1.0392e-10	-4.2575e-10	-1.0553e-09	-1.2525e-09	-1.7861e-09	-1.846e-09	-2.101e-09	-2.7296e-09	-3.088e-09	-3.0722e-09	-3.6784e-09	-4.3867e-09	-4.6497e-09	-5.1147e-09	-5.02e-09	-2.6123e-09	1.6372e-09	8.1315e-09	1.6007e-08	2.4439e-08	3.5321e-08	4.4081e-08	5.3551e-08	6.3194e-08	6.3194e-08	7.4198e-08	8.209e-08	9.0346e-08	9.8147e-08	1.0426e-07	1.0914e-07	1.0959e-07	1.0802e-07	1.083e-07	1.0978e-07	1.0739e-07	1.0087e-07	9.2568e-08	8.2944e-08	7.2735e-08	6.0343e-08	4.9331e-08	3.8535e-08	2.756e-08	1.6768e-08	7.1212e-09	2.2946e-09	-4.3821e-11	-1.5783e-09	-2.5135e-09	-3.9361e-09	-5.1791e-09	-5.8192e-09	-5.989e-09	-5.8654e-09	-5.7636e-09	-5.6718e-09	-5.9551e-09	-6.2753e-09	-6.4446e-09	-6.0069e-09	-5.287e-09	-4.8803e-09	-4.9781e-09	-5.0151e-09	-4.7027e-09	-4.2154e-09	-3.7147e-09	-3.0828e-09	-2.414e-09	-1.814e-09	-1.6995e-09	-1.5042e-09	-1.5042e-09	-7.7898e-10	-1.5205e-10	1.7167e-10
3.1694e-09	2.928e-09	2.4339e-09	2.5733e-09	3.0356e-09	3.3443e-09	3.5795e-09	3.3775e-09	3.1438e-09	2.72e-09	1.6015e-09	1.3129e-09	1.0623e-09	8.5973e-10	5.5876e-10	4.9987e-10	-6.7732e-11	-6.8656e-10	-8.5953e-10	-1.352e-09	-1.4418e-09	-1.8265e-09	-2.5796e-09	-3.0505e-09	-3.0546e-09	-3.7073e-09	-4.3766e-09	-4.6462e-09	-5.0799e-09	-5.0799e-09	-4.683e-09	-1.8694e-09	3.0784e-09	9.9582e-09	1.7998e-08	2.8704e-08	3.7583e-08	4.643e-08	5.5994e-08	6.5673e-08	7.65e-08	8.4282e-08	9.2518e-08	1.0013e-07	1.0577e-07	1.1e-07	1.0988e-07	1.0842e-07	1.09e-07	1.1033e-07	1.072e-07	1.0017e-07	9.1438e-08	8.1605e-08	7.1291e-08	5.8861e-08	4.7839e-08	3.6979e-08	2.5939e-08	1.5343e-08	6.2209e-09	1.8037e-09	-3.9006e-10	-1.9376e-09	-3.0362e-09	-4.4883e-09	-5.6005e-09	-6.0119e-09	-6.0315e-09	-5.9032e-09	-5.793e-09	-5.7424e-09	-6.0782e-09	-6.4045e-09	-6.5031e-09	-5.9852e-09	-5.2021e-09	-4.6987e-09	-4.6987e-09	-4.8089e-09	-4.7513e-09	-4.5419e-09	-4.0231e-09	-3.595e-09	-2.9795e-09	-2.1586e-09	-1.6207e-09	-1.441e-09	-1.2211e-09	-5.9228e-10	-1.0387e-10	2.2631e-10
3.0405e-09	2.9176e-09	2.4524e-09	2.5812e-09	3.0945e-09	3.4956e-09	3.6091e-09	3.4817e-09	3.3376e-09	2.9675e-09	1.8645e-09	1.5218e-09	1.306e-09	1.1621e-09	9.2734e-10	4.9987e-10	2.663e-10	-3.1974e-10	-4.7164e-10	-4.7164e-10	-9.0926e-10	-1.0263e-09	-1.5376e-09	-2.4012e-09	-2.9778e-09	-3.006e-09	-3.6547e-09	-4.2694e-09	-4.5469e-09	-4.9417e-09	-4.2481e-09	-9.4238e-10	4.6365e-09	1.185e-08	2.002e-08	3.0861e-08	3.9855e-08	4.8793e-08	5.844e-08	6.8129e-08	7.8783e-08	8.6498e-08	9.469e-08	1.0207e-07	1.0725e-07	1.1081e-07	1.1015e-07	1.0893e-07	1.0978e-07	1.1076e-07	1.069e-07	9.9469e-08	9.0349e-08	8.0302e-08	6.986e-08	5.7381e-08	4.6345e-08	3.5411e-08	2.4321e-08	1.3961e-08	5.3766e-09	1.3364e-09	-7.4724e-10	-2.3165e-09	-3.5547e-09	-4.9771e-09	-5.9475e-09	-6.1694e-09	-6.1694e-09	-6.0539e-09	-5.8619e-09	-5.7631e-09	-5.772e-09	-6.1432e-09	-6.4639e-09	-6.428e-09	-5.9386e-09	-5.163e-09	-4.6025e-09	-4.7009e-09	-4.6276e-09	-4.357e-09	-3.8256e-09	-3.4877e-09	-2.8916e-09	-2.045e-09	-1.4408e-09	-1.1833e-09	-9.2711e-10	-4.0895e-10	-6.3733e-11	2.6741e-10
2.954e-09	2.923e-09	2.4929e-09	2.5779e-09	3.0666e-09	3.5169e-09	3.5283e-09	3.4874e-09	3.4347e-09	3.4347e-09	3.1218e-09	2.1774e-09	1.6786e-09	1.5031e-09	1.4091e-09	1.2402e-09	1.181e-09	5.7763e-10	4.2563e-11	-9.1555e-11	-4.6906e-10	-6.0908e-10	-1.2362e-09	-2.189e-09	-2.8523e-09	-2.9069e-09	-3.491e-09	-4.0392e-09	-4.3286e-09	-4.6772e-09	-4.2481e-09	1.8874e-10	6.2985e-09	1.3792e-08	2.207e-08	3.0861e-08	4.2133e-08	5.1164e-08	6.0881e-08	7.0551e-08	7.8783e-08	8.8719e-08	9.6843e-08	1.0394e-07	1.0867e-07	1.1154e-07	1.1041e-07	1.0951e-07	1.1059e-07	1.1105e-07	1.0647e-07	9.873e-08	8.9267e-08	7.9013e-08	6.8431e-08	5.5897e-08	4.4846e-08	3.3831e-08	3.3831e-08	2.2713e-08	1.1346e-08	4.5814e-09	8.7621e-10	-1.1252e-09	-2.7089e-09	-4.4456e-09	-5.3581e-09	-6.1837e-09	-6.2788e-09	-6.0537e-09	-5.769e-09	-5.6652e-09	-5.7519e-09	-6.1357e-09	-6.4378e-09	-6.293e-09	-5.8694e-09	-5.161e-09	-4.5788e-09	-4.6441e-09	-4.507e-09	-4.1564e-09	-3.6296e-09	-3.3884e-09	-2.8121e-09	-1.938e-09	-1.2777e-09	-9.374e-10	-6.3691e-10	-2.363e-10	-2.9385e-11	2.8989e-10
3.1587e-09	2.8978e-09	2.9368e-09	2.5446e-09	2.5637e-09	2.973e-09	3.2897e-09	3.3701e-09	3.4181e-09	3.4502e-09	3.1968e-09	2.2476e-09	1.7923e-09	1.6609e-09	1.6072e-09	1.5019e-09	1.4648e-09	8.6757e-10	3.9777e-10	2.7803e-10	-4.2774e-11	-1.9988e-10	-9.2413e-10	-1.9379e-09	-2.6566e-09	-2.7376e-09	-3.1868e-09	-3.6609e-09	-3.9685e-09	-4.2641e-09	-3.5873e-09	1.5241e-09	8.051e-09	1.577e-08	2.4145e-08	3.3034e-08	4.4408e-08	5.3533e-08	6.3302e-08	7.2923e-08	8.1032e-08	9.0924e-08	9.8957e-08	1.0575e-07	1.1001e-07	1.1154e-07	1.1067e-07	1.1013e-07	1.1136e-07	1.1136e-07	1.1118e-07	1.0591e-07	9.7916e-08	8.816e-08	7.7716e-08	6.6996e-08	5.4405e-08	4.3338e-08	3.2239e-08	2.1124e-08	1.0124e-08	3.8287e-09	4.0669e-10	-1.534e-09	-3.1089e-09	-4.7581e-09	-5.5967e-09	-6.2823e-09	-6.3304e-09	-6.029e-09	-5.6347e-09	-5.5133e-09	-5.6885e-09	-6.0618e-09	-6.3341e-09	-6.1086e-09	-5.7806e-09	-5.181e-09	-4.6045e-09	-4.6211e-09	-4.387e-09	-3.9488e-09	-3.4415e-09	-3.2924e-09	-2.7344e-09	-1.8353e-09	-1.1344e-09	-7.143e-10	-3.652e-10	-8.1631e-11	1.4352e-12	2.887e-10
3.169e-09	2.9038e-09	2.9515e-09	2.5969e-09	2.5389e-09	2.8353e-09	3.1014e-09	3.1674e-09	3.2972e-09	3.3993e-09	3.2065e-09	2.2739e-09	1.8716e-09	1.7866e-09	1.7627e-09	1.7174e-09	1.7098e-09	1.1374e-09	7.433e-10	6.3443e-10	3.5825e-10	1.9164e-10	-6.0332e-10	-1.6428e-09	-2.3733e-09	-2.4791e-09	-2.7394e-09	-3.1358e-09	-3.4656e-09	-3.6963e-09	-2.6915e-09	3.0348e-09	9.8806e-09	1.778e-08	2.6238e-08	3.5214e-08	4.6671e-08	5.5891e-08	6.5688e-08	6.5688e-08	7.5227e-08	8.5366e-08	9.3094e-08	1.0101e-07	1.0746e-07	1.1124e-07	1.1271e-07	1.1093e-07	1.1076e-07	1.1203e-07	1.1115e-07	1.0519e-07	9.6991e-08	8.6994e-08	7.6388e-08	6.5545e-08	5.29e-08	4.1818e-08	3.0633e-08	1.9563e-08	1.0124e-08	3.1126e-09	-8.4205e-11	-1.9788e-09	-3.5097e-09	-4.7581e-09	-5.7053e-09	-6.2587e-09	-6.328e-09	-5.9809e-09	-5.6347e-09	-5.3273e-09	-5.5928e-09	-5.9338e-09	-6.1675e-09	-6.1086e-09	-5.6755e-09	-5.2079e-09	-4.6563e-09	-4.6142e-09	-4.2653e-09	-3.7426e-09	-3.2679e-09	-3.1955e-09	-2.6518e-09	-1.7351e-09	-1.0142e-09	-5.2504e-10	-5.2504e-10	-1.2667e-10	1.4451e-10	3.0985e-11
3.1944e-09	2.9164e-09	2.9596e-09	2.639e-09	2.5039e-09	2.6746e-09	2.9035e-09	2.9532e-09	3.1482e-09	3.2971e-09	3.165e-09	2.2665e-09	1.9256e-09	1.8876e-09	1.882e-09	1.8912e-09	1.9155e-09	1.3884e-09	1.0765e-09	9.7493e-10	7.2277e-10	5.581e-10	-2.7862e-10	-1.306e-09	-2.0016e-09	-2.1285e-09	-2.1851e-09	-2.5043e-09	-2.8499e-09	-2.8499e-09	-2.9913e-09	-3.2e-10	4.6894e-09	1.1774e-08	1.9813e-08	2.8342e-08	3.9564e-08	4.8914e-08	5.8225e-08	6.8022e-08	7.7445e-08	8.742e-08	9.5209e-08	1.0299e-07	1.0905e-07	1.1233e-07	1.1312e-07	1.1118e-07	1.1137e-07	1.1256e-07	1.1092e-07	1.0431e-07	9.592e-08	8.5736e-08	7.5008e-08	6.4069e-08	5.1378e-08	4.028e-08	2.9014e-08	1.8039e-08	8.9673e-09	2.4313e-09	-5.8855e-10	-2.4453e-09	-3.9e-09	-4.9789e-09	-5.7092e-09	-6.1405e-09	-6.2794e-09	-5.9115e-09	-5.4717e-09	-5.1275e-09	-5.4757e-09	-5.764e-09	-5.9529e-09	-5.8878e-09	-5.5572e-09	-5.2268e-09	-5.2268e-09	-4.7112e-09	-4.6061e-09	-4.1396e-09	-3.5464e-09	-3.1154e-09	-3.0931e-09	-2.5573e-09	-1.6351e-09	-9.2021e-10	-3.8065e-10	6.3949e-11	1.4451e-10	6.1237e-11
3.216e-09	2.9234e-09	2.9538e-09	2.6601e-09	2.459e-09	2.5124e-09	2.7262e-09	2.7605e-09	2.9946e-09	3.1588e-09	3.0864e-09	2.2356e-09	1.963e-09	1.9709e-09	1.9715e-09	2.0282e-09	2.0818e-09	1.6198e-09	1.3931e-09	1.3931e-09	1.2958e-09	1.3264e-09	8.9538e-10	4.0802e-11	-9.4104e-10	-1.564e-09	-1.2382e-09	-1.5629e-09	-1.8101e-09	-2.1543e-09	-2.1685e-09	1.0885e-09	6.4567e-09	1.3717e-08	2.1865e-08	3.0453e-08	4.1718e-08	5.1127e-08	6.0525e-08	7.029e-08	7.9561e-08	8.9377e-08	9.7247e-08	1.0487e-07	1.1052e-07	1.1326e-07	1.1337e-07	1.1145e-07	1.1192e-07	1.1289e-07	1.1048e-07	1.0325e-07	9.4675e-08	8.4361e-08	7.3556e-08	6.2559e-08	4.9831e-08	3.8718e-08	2.7382e-08	1.6554e-08	7.8732e-09	1.7846e-09	-1.0927e-09	-2.913e-09	-4.2675e-09	-5.1228e-09	-5.6339e-09	-5.9552e-09	-5.9552e-09	-6.1924e-09	-5.8227e-09	-5.1092e-09	-4.9338e-09	-5.348e-09	-5.5644e-09	-5.705e-09	-5.3888e-09	-5.4287e-09	-5.2227e-09	-4.7459e-09	-4.5792e-09	-4.0076e-09	-3.3687e-09	-2.9905e-09	-2.9807e-09	-2.4444e-09	-1.5332e-09	-8.5529e-10	-2.915e-10	1.9269e-10	2.0174e-10	8.9054e-11
3.2149e-09	2.9126e-09	2.9266e-09	2.6494e-09	2.4045e-09	2.3701e-09	2.5993e-09	2.622e-09	2.8596e-09	2.8596e-09	2.9994e-09	2.8705e-09	2.1903e-09	1.9897e-09	2.0406e-09	2.0367e-09	2.2057e-09	2.21e-09	1.828e-09	1.6863e-09	1.5916e-09	1.5698e-09	1.1997e-09	3.4545e-10	-5.6241e-10	-1.0851e-09	-7.4502e-10	-9.1218e-10	-1.0966e-09	-1.4114e-09	-1.2474e-09	2.6006e-09	8.3053e-09	1.5697e-08	2.3928e-08	3.2564e-08	4.3849e-08	5.3301e-08	6.2781e-08	7.2476e-08	8.1557e-08	9.1222e-08	9.9189e-08	1.0663e-07	1.1184e-07	1.1399e-07	1.1347e-07	1.1173e-07	1.1238e-07	1.1297e-07	1.0983e-07	1.0204e-07	9.3273e-08	8.2874e-08	7.2033e-08	6.1011e-08	4.8253e-08	3.7123e-08	3.7123e-08	2.5736e-08	1.5109e-08	5.8643e-09	1.172e-09	-1.5832e-09	-3.3617e-09	-4.5999e-09	-5.2387e-09	-5.5049e-09	-5.7303e-09	-6.0749e-09	-5.7164e-09	-4.9348e-09	-4.7663e-09	-5.2207e-09	-5.3473e-09	-5.4384e-09	-5.1366e-09	-5.2933e-09	-5.1805e-09	-4.7375e-09	-4.516e-09	-3.867e-09	-3.2176e-09	-2.8993e-09	-2.8542e-09	-2.3066e-09	-1.4286e-09	-8.1661e-10	-2.5646e-10	2.5817e-10	2.1895e-10	1.0692e-10
3.4903e-09	3.0689e-09	2.8721e-09	2.8706e-09	2.5965e-09	2.3408e-09	2.2174e-09	2.535e-09	2.5513e-09	2.7562e-09	2.8316e-09	2.7512e-09	2.1381e-09	2.0077e-09	2.0959e-09	2.0815e-09	2.2517e-09	2.3013e-09	2.0092e-09	1.9491e-09	1.8571e-09	1.7776e-09	1.4671e-09	6.258e-10	-1.8444e-10	-5.8916e-10	-2.507e-10	-2.721e-10	-4.0738e-10	-6.5395e-10	-2.4751e-10	4.1827e-09	1.0204e-08	1.7699e-08	2.5997e-08	3.4668e-08	4.5948e-08	5.5429e-08	6.4982e-08	7.4564e-08	8.3416e-08	9.2947e-08	1.0102e-07	1.0825e-07	1.1299e-07	1.145e-07	1.1345e-07	1.1202e-07	1.1202e-07	1.1275e-07	1.1282e-07	1.0799e-07	1.0072e-07	9.1744e-08	8.1294e-08	7.0444e-08	5.779e-08	4.6634e-08	3.5486e-08	2.4078e-08	1.3708e-08	4.9445e-09	5.9312e-10	-2.0463e-09	-3.771e-09	-4.8847e-09	-5.2403e-09	-5.3477e-09	-5.4933e-09	-5.9345e-09	-5.5947e-09	-4.7817e-09	-4.6452e-09	-5.1046e-09	-5.125e-09	-5.1679e-09	-4.8996e-09	-5.154e-09	-5.0861e-09	-4.6637e-09	-4.4e-09	-3.7172e-09	-3.0928e-09	-2.8393e-09	-2.7131e-09	-2.1442e-09	-1.3212e-09	-7.9643e-10	-2.6457e-10	2.6988e-10	2.0122e-10	1.0718e-10
3.3381e-09	2.9032e-09	2.7993e-09	2.7857e-09	2.5013e-09	2.2703e-09	2.2075e-09	2.5194e-09	2.5345e-09	2.6822e-09	2.6649e-09	2.6334e-09	2.0864e-09	2.0182e-09	2.1357e-09	2.1102e-09	2.2726e-09	2.357e-09	2.1595e-09	2.1746e-09	2.0868e-09	1.9522e-09	1.6939e-09	8.7236e-10	1.7847e-10	-1.0083e-10	2.2152e-10	3.181e-10	2.1407e-10	8.5405e-11	8.1177e-10	5.8013e-09	1.2121e-08	1.9712e-08	2.8065e-08	3.6761e-08	4.8009e-08	5.7502e-08	5.7502e-08	6.7119e-08	7.6543e-08	8.672e-08	9.4569e-08	1.0274e-07	1.0974e-07	1.1399e-07	1.1502e-07	1.1335e-07	1.1231e-07	1.1302e-07	1.1247e-07	1.0689e-07	9.9302e-08	9.0117e-08	7.9635e-08	6.8793e-08	5.6111e-08	4.4968e-08	3.38e-08	2.2406e-08	1.2351e-08	4.0779e-09	4.7443e-11	-2.4685e-09	-4.1206e-09	-5.1096e-09	-5.2242e-09	-5.1875e-09	-5.2719e-09	-5.7791e-09	-5.4596e-09	-4.6622e-09	-4.5896e-09	-5.0103e-09	-4.9094e-09	-4.9081e-09	-4.6857e-09	-5.0145e-09	-4.9409e-09	-4.5239e-09	-4.2308e-09	-3.5589e-09	-2.987e-09	-2.8004e-09	-2.5605e-09	-1.963e-09	-1.2109e-09	-7.8686e-10	-7.8686e-10	-3.0452e-10	2.3762e-10	8.2024e-11
3.122e-09	2.9032e-09	2.7056e-09	2.6821e-09	2.379e-09	2.1986e-09	2.2075e-09	2.5368e-09	2.5557e-09	2.6341e-09	2.5081e-09	2.6334e-09	2.0427e-09	2.0227e-09	2.1589e-09	2.1267e-09	2.2711e-09	2.3784e-09	2.2751e-09	2.3557e-09	2.2753e-09	2.0961e-09	1.8761e-09	1.0756e-09	5.1192e-10	3.5546e-10	6.4842e-10	8.1921e-10	8.1921e-10	7.2421e-10	7.7394e-10	3.0346e-09	7.4284e-09	1.4031e-08	2.1722e-08	3.0127e-08	4.0895e-08	5.004e-08	5.953e-08	6.9194e-08	7.8426e-08	8.8228e-08	9.6118e-08	1.0437e-07	1.111e-07	1.1484e-07	1.1509e-07	1.1322e-07	1.126e-07	1.1319e-07	1.1196e-07	1.0571e-07	9.7831e-08	8.842e-08	7.7915e-08	6.7086e-08	5.4382e-08	4.3248e-08	3.2054e-08	2.0723e-08	1.1041e-08	3.2619e-09	-4.6539e-10	-2.8362e-09	-4.3902e-09	-5.2623e-09	-5.2045e-09	-5.0493e-09	-5.0926e-09	-5.6167e-09	-5.3133e-09	-4.5838e-09	-4.6022e-09	-4.9423e-09	-4.7103e-09	-4.6696e-09	-4.4988e-09	-4.8786e-09	-4.8786e-09	-4.7596e-09	-4.3348e-09	-3.7868e-09	-3.393e-09	-2.8925e-09	-2.7724e-09	-2.3995e-09	-1.5689e-09	-1.0976e-09	-7.8e-10	-3.6502e-10	1.7123e-10	-8.9217e-12
2.8655e-09	2.6969e-09	2.6035e-09	2.571e-09	2.2462e-09	2.1316e-09	2.2292e-09	2.5714e-09	2.5987e-09	2.6085e-09	2.3702e-09	2.5234e-09	2.0142e-09	2.0226e-09	2.1644e-09	2.135e-09	2.2711e-09	2.3666e-09	2.3666e-09	2.3522e-09	2.4854e-09	2.4171e-09	2.2118e-09	2.0101e-09	1.2261e-09	8.0153e-10	7.5523e-10	1.0107e-09	1.2007e-09	1.0921e-09	1.3887e-09	4.185e-09	9.0614e-09	1.593e-08	2.3728e-08	3.2181e-08	4.2942e-08	5.205e-08	6.1522e-08	7.1211e-08	8.023e-08	8.969e-08	9.7621e-08	1.0591e-07	1.1235e-07	1.1554e-07	1.1509e-07	1.1309e-07	1.1288e-07	1.1326e-07	1.1132e-07	1.045e-07	9.6334e-08	8.6682e-08	7.6151e-08	6.5327e-08	5.26e-08	4.1465e-08	3.0242e-08	1.9027e-08	9.7793e-09	2.4945e-09	-9.4566e-10	-3.1364e-09	-4.5608e-09	-5.3313e-09	-5.1881e-09	-4.9453e-09	-4.9453e-09	-4.9678e-09	-5.4584e-09	-5.0354e-09	-4.5503e-09	-4.672e-09	-4.8999e-09	-4.5352e-09	-4.2854e-09	-4.3427e-09	-4.7501e-09	-4.5573e-09	-4.1142e-09	-3.5398e-09	-3.2204e-09	-2.8016e-09	-2.7451e-09	-2.2332e-09	-1.3682e-09	-9.8142e-10	-7.6797e-10	-4.3476e-10	8.0522e-11	-1.1375e-10
2.5938e-09	2.4738e-09	2.5052e-09	2.4633e-09	2.1195e-09	2.0749e-09	2.2725e-09	2.6074e-09	2.6074e-09	2.6475e-09	2.6021e-09	2.2604e-09	2.3536e-09	2.0085e-09	2.0194e-09	2.151e-09	2.1391e-09	2.2113e-09	2.3229e-09	2.3868e-09	2.5568e-09	2.5068e-09	2.3013e-09	2.0936e-09	1.3176e-09	1.0362e-09	1.079e-09	1.307e-09	1.472e-09	1.3439e-09	1.9514e-09	4.185e-09	1.0705e-08	1.7822e-08	2.573e-08	3.4229e-08	4.2942e-08	5.4049e-08	6.349e-08	7.3176e-08	8.1972e-08	8.969e-08	9.9104e-08	1.0738e-07	1.1347e-07	1.161e-07	1.1509e-07	1.1302e-07	1.1314e-07	1.1323e-07	1.1058e-07	1.033e-07	9.4842e-08	8.4933e-08	7.4358e-08	6.3522e-08	5.0762e-08	3.9613e-08	3.9613e-08	2.8355e-08	1.732e-08	7.4126e-09	1.7782e-09	-1.3908e-09	-3.3684e-09	-4.6351e-09	-5.2513e-09	-5.1752e-09	-4.8771e-09	-4.8974e-09	-5.3181e-09	-4.9377e-09	-4.5652e-09	-4.7873e-09	-4.8822e-09	-4.3918e-09	-4.154e-09	-4.221e-09	-4.6328e-09	-4.3491e-09	-3.8797e-09	-3.2947e-09	-3.0417e-09	-2.7068e-09	-2.7084e-09	-2.0648e-09	-1.1732e-09	-8.6223e-10	-7.4286e-10	-5.0245e-10	-2.4677e-11	-2.272e-10
2.4177e-09	2.332e-09	2.0725e-09	2.4232e-09	2.3703e-09	2.0152e-09	2.0345e-09	2.384e-09	2.629e-09	2.6861e-09	2.6113e-09	2.1876e-09	2.3069e-09	2.033e-09	2.0145e-09	2.1176e-09	2.1432e-09	2.1587e-09	2.2498e-09	2.3773e-09	2.566e-09	2.5414e-09	2.3654e-09	2.133e-09	1.3598e-09	1.2194e-09	1.3298e-09	1.541e-09	1.6537e-09	1.5221e-09	2.4961e-09	5.3698e-09	1.2365e-08	1.971e-08	2.7727e-08	3.627e-08	4.4978e-08	5.6049e-08	6.5446e-08	7.5092e-08	8.3671e-08	9.1142e-08	1.006e-07	1.0878e-07	1.1449e-07	1.1654e-07	1.1506e-07	1.1305e-07	1.1305e-07	1.1338e-07	1.1309e-07	1.0978e-07	1.0214e-07	9.3384e-08	8.32e-08	7.2552e-08	6.1675e-08	4.887e-08	3.7696e-08	2.6406e-08	1.5617e-08	7.4126e-09	1.12e-09	-1.7959e-09	-3.542e-09	-4.6349e-09	-5.1403e-09	-5.1658e-09	-4.8458e-09	-4.8809e-09	-5.2095e-09	-4.8906e-09	-4.632e-09	-4.9364e-09	-4.8885e-09	-4.2875e-09	-4.0727e-09	-4.1376e-09	-4.5308e-09	-4.1502e-09	-3.6489e-09	-3.0654e-09	-2.8579e-09	-2.6004e-09	-2.6518e-09	-1.8974e-09	-9.8996e-10	-7.4003e-10	-6.9679e-10	-5.568e-10	-1.3455e-10	-3.4662e-10
2.1397e-09	2.1053e-09	1.942e-09	2.3699e-09	2.3028e-09	1.95e-09	2.0161e-09	2.4323e-09	2.6205e-09	2.6983e-09	2.6328e-09	2.1608e-09	2.2924e-09	2.0927e-09	2.0097e-09	2.0646e-09	2.1504e-09	2.097e-09	2.1544e-09	2.3309e-09	2.5231e-09	2.5283e-09	2.4042e-09	2.1368e-09	1.3667e-09	1.3591e-09	1.5174e-09	1.7163e-09	1.7664e-09	1.6692e-09	3.057e-09	6.5964e-09	1.4045e-08	2.1597e-08	2.9722e-08	3.8304e-08	4.7006e-08	5.8058e-08	5.8058e-08	6.7399e-08	7.6965e-08	8.5345e-08	9.4161e-08	1.0213e-07	1.1013e-07	1.154e-07	1.1686e-07	1.1504e-07	1.1322e-07	1.1359e-07	1.1285e-07	1.0895e-07	1.0102e-07	9.196e-08	8.1488e-08	7.0739e-08	5.9792e-08	4.6932e-08	3.5728e-08	2.4426e-08	1.3942e-08	6.3234e-09	5.2679e-10	-2.156e-09	-3.6673e-09	-4.5825e-09	-5.1403e-09	-5.1598e-09	-4.8527e-09	-4.9176e-09	-5.1467e-09	-4.8906e-09	-4.7542e-09	-5.1077e-09	-4.9177e-09	-4.23e-09	-4.0727e-09	-4.0962e-09	-4.4477e-09	-3.9756e-09	-3.4394e-09	-2.8658e-09	-2.6698e-09	-2.4747e-09	-2.5653e-09	-1.7342e-09	-8.2489e-10	-8.2489e-10	-6.1742e-10	-6.2743e-10	-5.9201e-10	-3.5154e-10
1.9312e-09	1.939e-09	1.8899e-09	2.3578e-09	2.2721e-09	1.9404e-09	2.0256e-09	2.4645e-09	2.5702e-09	2.6719e-09	2.6628e-09	2.1855e-09	2.3057e-09	2.182e-09	2.0081e-09	1.9994e-09	2.1601e-09	2.0317e-09	2.0456e-09	2.2578e-09	2.4423e-09	2.4779e-09	2.418e-09	2.1136e-09	1.3522e-09	1.463e-09	1.6512e-09	1.8366e-09	1.8366e-09	1.8308e-09	1.8276e-09	3.6685e-09	9.2053e-09	1.575e-08	2.3487e-08	3.1712e-08	4.0332e-08	5.105e-08	6.0087e-08	6.936e-08	7.8798e-08	8.7012e-08	9.58e-08	1.0372e-07	1.1144e-07	1.1621e-07	1.1706e-07	1.151e-07	1.1352e-07	1.1376e-07	1.1249e-07	1.0809e-07	9.991e-08	9.0541e-08	7.9783e-08	6.8913e-08	5.7876e-08	4.4954e-08	3.3724e-08	2.2445e-08	1.2323e-08	5.31e-09	5.5977e-12	-2.4661e-09	-3.7544e-09	-4.5e-09	-5.0077e-09	-5.1574e-09	-4.899e-09	-5.0072e-09	-5.1436e-09	-4.9111e-09	-4.9355e-09	-5.2895e-09	-4.9691e-09	-4.2268e-09	-4.0487e-09	-4.0891e-09	-4.1005e-09	-4.3875e-09	-3.8405e-09	-3.2688e-09	-2.7043e-09	-2.4792e-09	-2.3267e-09	-2.4439e-09	-1.5789e-09	-6.8483e-10	-5.0363e-10	-5.4627e-10	-6.1597e-10	-3.5154e-10
1.8252e-09	1.8583e-09	1.933e-09	2.3954e-09	2.2861e-09	1.9978e-09	2.0666e-09	2.4818e-09	2.4859e-09	2.6121e-09	2.6961e-09	2.2518e-09	2.3398e-09	2.2923e-09	2.0133e-09	1.9314e-09	2.1708e-09	1.9685e-09	1.9685e-09	1.9319e-09	2.168e-09	2.3378e-09	2.3072e-09	2.407e-09	2.0718e-09	1.3303e-09	1.5389e-09	1.7958e-09	1.9057e-09	1.8675e-09	2.0399e-09	4.3648e-09	1.0602e-08	1.7485e-08	2.5384e-08	3.37e-08	4.2354e-08	5.3072e-08	6.2144e-08	7.1342e-08	8.0597e-08	8.8688e-08	9.7539e-08	1.0537e-07	1.127e-07	1.1692e-07	1.1716e-07	1.152e-07	1.1392e-07	1.1387e-07	1.1202e-07	1.0719e-07	9.8761e-08	8.9098e-08	7.807e-08	6.7069e-08	5.5933e-08	4.2942e-08	3.1698e-08	2.0494e-08	1.0785e-08	4.382e-09	-4.3658e-10	-2.7211e-09	-3.8133e-09	-4.4098e-09	-4.8726e-09	-4.7542e-09	-5.1586e-09	-4.9859e-09	-5.1492e-09	-5.2141e-09	-5.2236e-09	-5.1794e-09	-5.4702e-09	-5.0417e-09	-4.2853e-09	-4.1927e-09	-4.1482e-09	-4.3498e-09	-3.7525e-09	-3.147e-09	-2.5755e-09	-2.2913e-09	-2.1642e-09	-2.2956e-09	-1.4372e-09	-5.767e-10	-4.0889e-10	-4.6692e-10	-6.3866e-10	-4.645e-10
1.8456e-09	1.881e-09	2.0552e-09	2.4737e-09	2.3385e-09	2.1111e-09	2.1333e-09	2.488e-09	2.488e-09	2.3806e-09	2.5289e-09	2.7272e-09	2.4509e-09	2.3877e-09	2.4149e-09	2.0289e-09	1.8699e-09	2.1891e-09	1.9129e-09	1.8222e-09	2.0714e-09	2.2237e-09	2.2078e-09	2.3713e-09	2.0202e-09	1.3151e-09	1.5947e-09	1.8257e-09	1.9271e-09	1.8973e-09	2.3485e-09	5.18e-09	1.2071e-08	1.9255e-08	2.729e-08	3.5684e-08	4.437e-08	5.5097e-08	6.4229e-08	7.3341e-08	8.2369e-08	9.0382e-08	9.9347e-08	1.0704e-07	1.1388e-07	1.1752e-07	1.1718e-07	1.1533e-07	1.1437e-07	1.1391e-07	1.1144e-07	1.0622e-07	9.754e-08	8.7602e-08	7.6334e-08	6.5203e-08	5.3965e-08	4.0904e-08	4.0904e-08	2.9664e-08	1.8602e-08	9.355e-09	2.821e-09	-7.9276e-10	-2.9161e-09	-3.8541e-09	-4.3342e-09	-4.6719e-09	-5.1632e-09	-5.1146e-09	-5.3429e-09	-5.3721e-09	-5.5321e-09	-5.4787e-09	-5.6376e-09	-5.1306e-09	-4.4045e-09	-4.3378e-09	-4.2225e-09	-4.324e-09	-3.7003e-09	-3.0646e-09	-2.472e-09	-2.1114e-09	-1.9971e-09	-2.1304e-09	-1.3149e-09	-5.0747e-10	-3.4343e-10	-4.03e-10	-6.7008e-10	-5.8524e-10
2.4831e-09	1.9735e-09	2.1638e-09	2.2313e-09	2.5789e-09	2.4192e-09	2.2624e-09	2.3093e-09	2.4872e-09	2.2675e-09	2.4325e-09	2.7502e-09	2.5546e-09	2.4425e-09	2.5413e-09	2.0585e-09	1.8242e-09	2.1934e-09	1.8705e-09	1.7252e-09	1.9781e-09	2.1142e-09	2.113e-09	2.3112e-09	1.9671e-09	1.3205e-09	1.6382e-09	1.8401e-09	1.9052e-09	1.9407e-09	2.7945e-09	6.147e-09	1.3613e-08	2.1062e-08	2.921e-08	3.7668e-08	4.6383e-08	5.7126e-08	6.6329e-08	7.5349e-08	8.4122e-08	9.2092e-08	1.0119e-07	1.087e-07	1.1496e-07	1.1799e-07	1.1713e-07	1.1548e-07	1.1548e-07	1.1481e-07	1.1387e-07	1.1075e-07	1.04e-07	9.6209e-08	8.6025e-08	7.4559e-08	6.3309e-08	4.9976e-08	3.8846e-08	2.7637e-08	1.6802e-08	8.0587e-09	2.2074e-09	-1.0559e-09	-3.0461e-09	-3.8868e-09	-4.2953e-09	-4.6339e-09	-5.1676e-09	-5.2782e-09	-5.5788e-09	-5.6161e-09	-5.8967e-09	-5.8001e-09	-5.7782e-09	-5.2202e-09	-4.5613e-09	-4.4995e-09	-4.304e-09	-4.2976e-09	-3.6698e-09	-3.0093e-09	-2.3866e-09	-1.9448e-09	-1.8349e-09	-1.9585e-09	-1.2179e-09	-4.8408e-10	-3.1748e-10	-3.6813e-10	-7.2021e-10	-7.1733e-10
2.623e-09	2.1779e-09	2.3731e-09	2.4362e-09	2.6972e-09	2.5178e-09	2.4341e-09	2.4014e-09	2.4831e-09	2.1598e-09	2.3329e-09	2.7596e-09	2.6418e-09	2.4971e-09	2.6629e-09	2.1055e-09	1.8037e-09	2.1925e-09	1.8469e-09	1.6495e-09	1.8982e-09	2.0234e-09	2.0329e-09	2.2271e-09	1.9209e-09	1.3598e-09	1.6769e-09	1.8448e-09	1.8551e-09	2.0204e-09	3.3941e-09	7.2733e-09	1.5226e-08	2.2906e-08	3.1146e-08	3.9656e-08	4.8398e-08	5.9162e-08	5.9162e-08	6.8431e-08	7.7355e-08	8.5864e-08	9.5558e-08	1.0305e-07	1.1032e-07	1.1593e-07	1.1832e-07	1.1688e-07	1.1564e-07	1.1521e-07	1.1372e-07	1.0995e-07	1.0271e-07	9.473e-08	8.4338e-08	7.2731e-08	6.1381e-08	4.7964e-08	3.6775e-08	2.5631e-08	1.5123e-08	6.9225e-09	1.7114e-09	-1.2251e-09	-3.1093e-09	-3.9164e-09	-4.3036e-09	-4.6217e-09	-5.1588e-09	-5.4498e-09	-5.8253e-09	-5.9059e-09	-6.2656e-09	-6.1062e-09	-5.8782e-09	-5.2934e-09	-4.7296e-09	-4.6528e-09	-4.3736e-09	-4.2584e-09	-3.6469e-09	-2.9687e-09	-2.3117e-09	-1.797e-09	-1.6873e-09	-1.7898e-09	-1.152e-09	-1.1231e-09	-5.1347e-10	-3.4128e-10	-3.7592e-10	-7.9903e-10
2.7917e-09	2.428e-09	2.3731e-09	2.6445e-09	2.8146e-09	2.624e-09	2.6084e-09	2.4014e-09	2.4798e-09	2.0704e-09	2.2403e-09	2.7498e-09	2.6418e-09	2.5446e-09	2.7709e-09	2.1737e-09	1.8179e-09	2.1925e-09	1.8474e-09	1.6035e-09	1.8411e-09	1.9648e-09	1.9703e-09	2.1231e-09	1.8846e-09	1.4336e-09	1.7131e-09	1.8431e-09	1.8431e-09	1.8013e-09	2.1605e-09	4.1421e-09	9.9465e-09	1.6906e-08	2.4786e-08	3.3102e-08	4.1653e-08	5.2455e-08	6.1207e-08	7.0523e-08	7.9348e-08	8.7605e-08	9.7311e-08	1.0489e-07	1.1185e-07	1.1674e-07	1.185e-07	1.1672e-07	1.1578e-07	1.1551e-07	1.1346e-07	1.0903e-07	1.0128e-07	9.3065e-08	8.2512e-08	7.0835e-08	5.9416e-08	4.5944e-08	3.4698e-08	2.366e-08	1.3586e-08	5.9606e-09	1.3195e-09	-1.314e-09	-3.1124e-09	-3.9345e-09	-4.3395e-09	-4.6129e-09	-5.1225e-09	-5.5991e-09	-6.0468e-09	-6.1958e-09	-6.5866e-09	-6.3596e-09	-5.924e-09	-5.3331e-09	-4.8828e-09	-4.9949e-09	-4.7728e-09	-4.4119e-09	-4.1941e-09	-3.6175e-09	-2.8827e-09	-2.24e-09	-1.6734e-09	-1.564e-09	-1.6345e-09	-1.1371e-09	-6.0259e-10	-4.2506e-10	-4.3998e-10	-9.1655e-10
2.9648e-09	2.6928e-09	2.5938e-09	2.8311e-09	2.9172e-09	2.7278e-09	2.7675e-09	2.4848e-09	2.481e-09	2.0126e-09	2.1646e-09	2.7151e-09	2.6978e-09	2.5783e-09	2.857e-09	2.2662e-09	1.8752e-09	2.1848e-09	2.1709e-09	1.8716e-09	1.5872e-09	1.8074e-09	1.9397e-09	1.922e-09	2.0061e-09	1.8569e-09	1.5316e-09	1.7448e-09	1.838e-09	1.7687e-09	2.3849e-09	5.0328e-09	9.9465e-09	1.865e-08	2.6702e-08	3.5081e-08	4.3663e-08	5.4508e-08	6.3262e-08	7.2593e-08	8.1317e-08	8.9353e-08	9.9077e-08	1.0669e-07	1.1327e-07	1.1739e-07	1.1851e-07	1.1656e-07	1.1591e-07	1.1567e-07	1.1306e-07	1.08e-07	9.9686e-08	9.1199e-08	8.0533e-08	6.8864e-08	5.741e-08	4.3918e-08	3.2626e-08	2.1739e-08	1.2188e-08	5.1583e-09	1.0156e-09	-1.3388e-09	-3.0632e-09	-3.9306e-09	-4.3792e-09	-4.3985e-09	-4.5847e-09	-5.0441e-09	-5.696e-09	-6.2081e-09	-6.5919e-09	-6.8079e-09	-6.5229e-09	-5.9019e-09	-5.3222e-09	-5.0394e-09	-4.8345e-09	-4.3997e-09	-4.0923e-09	-3.5675e-09	-2.8124e-09	-2.164e-09	-1.5793e-09	-1.4748e-09	-1.5025e-09	-1.1978e-09	-7.558e-10	-5.7616e-10	-5.7101e-10	-1.0805e-09
