-9.0475e-09	-8.858e-09	-8.9426e-09	-8.987e-09	-9.0682e-09	-9.0277e-09	-8.9227e-09	-8.7656e-09	-8.7275e-09	-8.5251e-09	-8.4584e-09	-8.5971e-09	-8.8539e-09	-8.9849e-09	-9.0615e-09	-9.1296e-09	-9.5062e-09	-9.6041e-09	-9.5803e-09	-9.2338e-09	-9.3366e-09	-9.8437e-09	-9.871e-09	-9.8866e-09	-9.5771e-09	-7.6689e-09	-2.876e-09	3.7608e-09	1.1487e-08	1.977e-08	2.836e-08	3.894e-08	5.0903e-08	6.0478e-08	6.9776e-08	7.7732e-08	8.4609e-08	9.1654e-08	9.7589e-08	1.0148e-07	1.034e-07	1.0346e-07	1.014e-07	9.854e-08	9.6984e-08	9.5395e-08	9.3932e-08	8.933e-08	8.2088e-08	7.3686e-08	6.4692e-08	5.5522e-08	4.6417e-08	3.7331e-08	2.8387e-08	1.9575e-08	1.0914e-08	3.1206e-09	-1.7304e-09	-5.4733e-09	-8.3772e-09	-9.9285e-09	-1.1256e-08	-1.2245e-08	-1.2473e-08	-1.236e-08	-1.2366e-08	-1.2323e-08	-1.2334e-08	-1.2438e-08	-1.2431e-08	-1.2486e-08	-1.2683e-08	-1.2546e-08	-1.2247e-08	-1.192e-08	-1.179e-08	-1.1828e-08
-9.049e-09	-8.9134e-09	-8.9985e-09	-8.9937e-09	-8.9803e-09	-8.8625e-09	-8.7074e-09	-8.5247e-09	-8.463e-09	-8.2374e-09	-8.1729e-09	-8.3836e-09	-8.7343e-09	-8.9116e-09	-8.9735e-09	-9.0326e-09	-9.4147e-09	-9.4603e-09	-9.5062e-09	-9.1952e-09	-9.1613e-09	-9.7256e-09	-9.816e-09	-9.8196e-09	-9.3191e-09	-7.2026e-09	-2.2042e-09	4.5303e-09	1.2275e-08	2.0546e-08	2.9113e-08	3.9759e-08	5.1561e-08	6.107e-08	7.0316e-08	7.8194e-08	8.5101e-08	9.2201e-08	9.8027e-08	1.0179e-07	1.0365e-07	1.0354e-07	1.013e-07	9.847e-08	9.6706e-08	9.5339e-08	9.3715e-08	8.8976e-08	8.1516e-08	7.2907e-08	6.3795e-08	5.4629e-08	4.5551e-08	3.6494e-08	2.7605e-08	1.8803e-08	1.017e-08	2.7759e-09	-1.7867e-09	-5.436e-09	-8.2666e-09	-9.7463e-09	-1.1114e-08	-1.2127e-08	-1.2328e-08	-1.2179e-08	-1.2153e-08	-1.2113e-08	-1.2113e-08	-1.2226e-08	-1.2226e-08	-1.2243e-08	-1.2348e-08	-1.2504e-08	-1.233e-08	-1.1991e-08	-1.1642e-08	-1.1553e-08
-9.031e-09	-8.9516e-09	-9.0148e-09	-8.9631e-09	-8.862e-09	-8.6766e-09	-8.4808e-09	-8.2877e-09	-8.2129e-09	-7.9807e-09	-7.925e-09	-8.194e-09	-8.6144e-09	-8.8241e-09	-8.8723e-09	-8.9436e-09	-9.3181e-09	-9.296e-09	-9.3824e-09	-9.1181e-09	-8.969e-09	-9.5704e-09	-9.7285e-09	-9.7331e-09	-9.0591e-09	-6.7229e-09	-1.5361e-09	5.2942e-09	1.3068e-08	2.1337e-08	2.9887e-08	4.0527e-08	5.2148e-08	6.1632e-08	7.085e-08	7.085e-08	7.8659e-08	8.5607e-08	9.2744e-08	9.8498e-08	1.0214e-07	1.0393e-07	1.0365e-07	1.0126e-07	9.8475e-08	9.6579e-08	9.5438e-08	9.3679e-08	8.8773e-08	8.1079e-08	7.2252e-08	6.3018e-08	5.3832e-08	4.4765e-08	3.5742e-08	2.6905e-08	1.8111e-08	9.4982e-09	2.5634e-09	-1.8386e-09	-5.4645e-09	-8.2069e-09	-9.6344e-09	-1.0961e-08	-1.2005e-08	-1.217e-08	-1.1985e-08	-1.1933e-08	-1.1915e-08	-1.1901e-08	-1.2002e-08	-1.2033e-08	-1.2187e-08	-1.2285e-08	-1.2085e-08	-1.1723e-08	-1.1355e-08	-1.1315e-08
-8.9857e-09	-8.9857e-09	-8.9185e-09	-8.9735e-09	-8.8821e-09	-8.7083e-09	-8.4731e-09	-8.2524e-09	-8.0666e-09	-7.9933e-09	-7.7767e-09	-7.7386e-09	-8.0431e-09	-8.4969e-09	-8.719e-09	-8.7563e-09	-8.8674e-09	-9.1206e-09	-9.1121e-09	-9.1968e-09	-8.9893e-09	-8.7606e-09	-9.3738e-09	-9.6008e-09	-9.6226e-09	-8.8072e-09	-6.2415e-09	-8.8386e-10	6.0431e-09	1.3864e-08	2.2145e-08	3.069e-08	4.1882e-08	5.267e-08	6.2169e-08	7.1382e-08	7.9128e-08	8.6124e-08	9.3278e-08	9.9001e-08	1.0252e-07	1.0424e-07	1.0377e-07	1.0126e-07	9.8557e-08	9.6611e-08	9.5682e-08	9.3799e-08	8.8662e-08	8.0726e-08	7.1683e-08	6.2331e-08	5.3109e-08	4.4043e-08	3.5055e-08	2.6264e-08	1.7473e-08	8.8771e-09	2.434e-09	-1.9057e-09	-5.5553e-09	-8.1957e-09	-9.5847e-09	-1.0936e-08	-1.1881e-08	-1.2006e-08	-1.179e-08	-1.1716e-08	-1.1731e-08	-1.17e-08	-1.1775e-08	-1.1809e-08	-1.2009e-08	-1.2037e-08	-1.1824e-08	-1.1452e-08	-1.1069e-08	-1.1082e-08
-8.8908e-09	-8.9056e-09	-8.8189e-09	-8.8575e-09	-8.7383e-09	-8.515e-09	-8.2556e-09	-8.0315e-09	-7.8733e-09	-7.8203e-09	-7.6459e-09	-7.6362e-09	-7.9452e-09	-8.3847e-09	-8.5936e-09	-8.6242e-09	-8.8086e-09	-9.0234e-09	-8.914e-09	-8.9548e-09	-8.8118e-09	-8.543e-09	-9.1424e-09	-9.436e-09	-9.4887e-09	-8.5666e-09	-5.7638e-09	-2.5155e-10	6.7735e-09	1.466e-08	2.297e-08	3.152e-08	4.2494e-08	5.3154e-08	6.2695e-08	7.1913e-08	7.9602e-08	8.6651e-08	9.3802e-08	9.9519e-08	1.0292e-07	1.0454e-07	1.0389e-07	1.0131e-07	9.8707e-08	9.6776e-08	9.6026e-08	9.3939e-08	8.858e-08	8.0407e-08	7.116e-08	6.1702e-08	5.2436e-08	4.3365e-08	3.4412e-08	2.5659e-08	1.6861e-08	8.2849e-09	2.337e-09	-2.0079e-09	-5.7041e-09	-8.2299e-09	-9.588e-09	-1.0935e-08	-1.176e-08	-1.1847e-08	-1.1604e-08	-1.1512e-08	-1.1561e-08	-1.1512e-08	-1.1551e-08	-1.158e-08	-1.1819e-08	-1.1773e-08	-1.1557e-08	-1.1189e-08	-1.0796e-08	-1.0863e-08
-8.7763e-09	-8.7836e-09	-8.6608e-09	-8.6679e-09	-8.5339e-09	-8.2859e-09	-8.029e-09	-7.8243e-09	-7.7125e-09	-7.6975e-09	-7.5902e-09	-7.6193e-09	-7.902e-09	-8.2811e-09	-8.4515e-09	-8.4795e-09	-8.7671e-09	-8.9278e-09	-8.7113e-09	-8.6788e-09	-8.6046e-09	-8.328e-09	-8.893e-09	-9.248e-09	-9.337e-09	-8.3332e-09	-5.2884e-09	3.6467e-10	7.4876e-09	1.5453e-08	2.3804e-08	3.2371e-08	4.3088e-08	5.3627e-08	6.3222e-08	7.2446e-08	8.0081e-08	8.7183e-08	9.4311e-08	1.0004e-07	1.0333e-07	1.0484e-07	1.0399e-07	1.0138e-07	9.8917e-08	9.7048e-08	9.6426e-08	9.4048e-08	8.8465e-08	8.0069e-08	7.0644e-08	6.1099e-08	5.1792e-08	4.2715e-08	3.3794e-08	2.5067e-08	1.625e-08	7.6996e-09	2.2216e-09	-2.1651e-09	-5.9067e-09	-8.3062e-09	-9.6352e-09	-1.095e-08	-1.1645e-08	-1.17e-08	-1.1438e-08	-1.1329e-08	-1.1405e-08	-1.1338e-08	-1.134e-08	-1.1355e-08	-1.1624e-08	-1.1504e-08	-1.1296e-08	-1.0944e-08	-1.0548e-08	-1.0664e-08
-8.6192e-09	-8.6223e-09	-8.4601e-09	-8.4237e-09	-8.2848e-09	-8.0331e-09	-7.8003e-09	-7.6336e-09	-7.582e-09	-7.6176e-09	-7.5934e-09	-7.6684e-09	-7.9037e-09	-8.1897e-09	-8.3027e-09	-8.3307e-09	-8.7376e-09	-8.8338e-09	-8.5141e-09	-8.3919e-09	-8.3869e-09	-8.1281e-09	-8.6427e-09	-9.0513e-09	-9.1733e-09	-8.1029e-09	-4.8137e-09	9.6899e-10	8.188e-09	1.6241e-08	2.4643e-08	3.3233e-08	4.3685e-08	5.4116e-08	6.3766e-08	7.2983e-08	8.0564e-08	8.7716e-08	9.4805e-08	1.0054e-07	1.0372e-07	1.0511e-07	1.0406e-07	1.0148e-07	9.9178e-08	9.7398e-08	9.6835e-08	9.4071e-08	8.8254e-08	7.9661e-08	7.0095e-08	6.0491e-08	5.1152e-08	4.2074e-08	3.3179e-08	2.4464e-08	1.5613e-08	7.0992e-09	2.0373e-09	-2.3972e-09	-6.1588e-09	-8.4218e-09	-9.7173e-09	-1.0973e-08	-1.1541e-08	-1.1575e-08	-1.1302e-08	-1.1177e-08	-1.1263e-08	-1.118e-08	-1.1147e-08	-1.1144e-08	-1.1428e-08	-1.1243e-08	-1.1053e-08	-1.0726e-08	-1.0335e-08	-1.0494e-08
-8.4293e-09	-8.4339e-09	-8.2336e-09	-8.1446e-09	-8.0076e-09	-7.769e-09	-7.5765e-09	-7.4622e-09	-7.4795e-09	-7.5722e-09	-7.6383e-09	-7.7633e-09	-7.9397e-09	-8.1141e-09	-8.1572e-09	-8.1866e-09	-8.7148e-09	-8.7412e-09	-8.3324e-09	-8.1173e-09	-8.1784e-09	-7.9554e-09	-8.4088e-09	-8.86e-09	-9.0035e-09	-7.8713e-09	-4.3382e-09	1.5656e-09	8.8772e-09	1.702e-08	2.5479e-08	3.4099e-08	4.4304e-08	5.4649e-08	6.4339e-08	7.3525e-08	8.1053e-08	8.8247e-08	9.528e-08	1.0102e-07	1.0409e-07	1.0533e-07	1.0408e-07	1.0158e-07	9.9482e-08	9.7802e-08	9.7207e-08	9.4071e-08	8.7885e-08	7.9132e-08	6.9474e-08	5.9847e-08	5.0495e-08	4.1423e-08	3.2547e-08	2.3827e-08	1.4923e-08	6.4617e-09	1.7334e-09	-2.7241e-09	-6.4561e-09	-8.5734e-09	-9.8252e-09	-1.0997e-08	-1.145e-08	-1.1481e-08	-1.1207e-08	-1.1066e-08	-1.1137e-08	-1.1041e-08	-1.0982e-08	-1.0953e-08	-1.1238e-08	-1.1003e-08	-1.084e-08	-1.0544e-08	-1.0169e-08	-1.0359e-08
-8.2168e-09	-8.231e-09	-7.9978e-09	-7.8502e-09	-7.7188e-09	-7.5061e-09	-7.3644e-09	-7.3127e-09	-7.4024e-09	-7.5534e-09	-7.708e-09	-7.8837e-09	-7.9995e-09	-8.0578e-09	-8.0254e-09	-8.056e-09	-8.6934e-09	-8.6502e-09	-8.176e-09	-7.8781e-09	-7.9985e-09	-7.8223e-09	-8.2085e-09	-8.6887e-09	-8.8334e-09	-7.6343e-09	-3.8604e-09	2.1586e-09	9.5577e-09	1.7788e-08	2.6308e-08	3.4961e-08	4.4967e-08	5.5252e-08	6.4955e-08	7.4075e-08	8.1547e-08	8.8772e-08	9.5735e-08	1.0145e-07	1.0442e-07	1.055e-07	1.0405e-07	1.0168e-07	9.9819e-08	9.8231e-08	9.7497e-08	9.3957e-08	8.7296e-08	7.8428e-08	6.8741e-08	5.9134e-08	4.9798e-08	4.0745e-08	3.1877e-08	2.3133e-08	1.4154e-08	5.7651e-09	1.2592e-09	-3.1656e-09	-6.7946e-09	-8.758e-09	-9.9497e-09	-1.1016e-08	-1.1376e-08	-1.1422e-08	-1.1158e-08	-1.0999e-08	-1.1026e-08	-1.092e-08	-1.0848e-08	-1.079e-08	-1.1058e-08	-1.0791e-08	-1.0663e-08	-1.0405e-08	-1.0057e-08	-1.0265e-08
-7.9918e-09	-8.0262e-09	-7.7696e-09	-7.5604e-09	-7.4351e-09	-7.2568e-09	-7.171e-09	-7.188e-09	-7.3484e-09	-7.5531e-09	-7.7852e-09	-8.0094e-09	-8.0726e-09	-8.0245e-09	-7.9174e-09	-7.9475e-09	-8.668e-09	-8.5607e-09	-8.055e-09	-7.6974e-09	-7.8666e-09	-7.741e-09	-8.0592e-09	-8.5516e-09	-8.6689e-09	-7.3876e-09	-3.3786e-09	2.7522e-09	1.0232e-08	1.8543e-08	2.7122e-08	3.5811e-08	4.5692e-08	5.5952e-08	6.5627e-08	7.4635e-08	8.2048e-08	8.9288e-08	9.6166e-08	1.0183e-07	1.047e-07	1.0558e-07	1.0395e-07	1.0178e-07	1.0018e-07	9.8659e-08	9.7658e-08	9.3651e-08	8.6452e-08	7.7523e-08	6.7873e-08	5.8333e-08	4.9044e-08	4.0027e-08	3.1155e-08	2.2365e-08	1.3289e-08	4.9971e-09	5.8771e-10	-3.7288e-09	-7.1679e-09	-8.9711e-09	-1.0083e-08	-1.1028e-08	-1.1313e-08	-1.1389e-08	-1.1144e-08	-1.0967e-08	-1.0926e-08	-1.0814e-08	-1.0739e-08	-1.065e-08	-1.0886e-08	-1.0604e-08	-1.0519e-08	-1.0302e-08	-9.993e-09	-1.0208e-08
-7.7646e-09	-7.8319e-09	-7.5654e-09	-7.2948e-09	-7.1729e-09	-7.0334e-09	-7.0032e-09	-7.0908e-09	-7.3151e-09	-7.5631e-09	-7.853e-09	-8.1201e-09	-8.1486e-09	-8.0178e-09	-7.8435e-09	-7.8699e-09	-8.6333e-09	-8.4726e-09	-7.9794e-09	-7.5982e-09	-7.8022e-09	-7.7239e-09	-7.9779e-09	-8.463e-09	-8.5158e-09	-7.127e-09	-2.8913e-09	3.3507e-09	1.0903e-08	1.9282e-08	2.7917e-08	3.6641e-08	4.6493e-08	5.6766e-08	6.6364e-08	7.5207e-08	8.2554e-08	8.9793e-08	9.6573e-08	1.0213e-07	1.0491e-07	1.0558e-07	1.0377e-07	1.0185e-07	1.0056e-07	9.9062e-08	9.7661e-08	9.3123e-08	8.5399e-08	7.6452e-08	6.6894e-08	5.7457e-08	4.8239e-08	3.9266e-08	3.0381e-08	2.1529e-08	1.2346e-08	4.1727e-09	-2.4047e-10	-4.3846e-09	-7.5642e-09	-9.2035e-09	-1.022e-08	-1.1034e-08	-1.1259e-08	-1.1373e-08	-1.1154e-08	-1.0958e-08	-1.0835e-08	-1.0718e-08	-1.0648e-08	-1.0529e-08	-1.072e-08	-1.0438e-08	-1.0399e-08	-1.0226e-08	-9.968e-09	-1.0183e-08
-7.5452e-09	-7.6609e-09	-7.402e-09	-7.073e-09	-6.9488e-09	-6.8484e-09	-6.8681e-09	-7.0238e-09	-7.3e-09	-7.5754e-09	-7.8943e-09	-8.1956e-09	-8.2169e-09	-8.0412e-09	-7.8138e-09	-7.8319e-09	-8.584e-09	-8.3869e-09	-7.954e-09	-7.5931e-09	-7.8158e-09	-7.7762e-09	-7.9739e-09	-8.4308e-09	-8.378e-09	-6.8495e-09	-2.3974e-09	3.9569e-09	1.1572e-08	2.0003e-08	2.8689e-08	3.7447e-08	4.7365e-08	5.7676e-08	6.7153e-08	7.5791e-08	8.307e-08	9.0293e-08	9.6966e-08	1.0239e-07	1.0506e-07	1.0549e-07	1.0352e-07	1.019e-07	1.0093e-07	9.9424e-08	9.7516e-08	9.2408e-08	8.4195e-08	7.5264e-08	6.5836e-08	5.6525e-08	4.7392e-08	3.8466e-08	2.9558e-08	2.0631e-08	1.1345e-08	3.3119e-09	-1.1728e-09	-5.0972e-09	-7.9705e-09	-9.4455e-09	-1.0355e-08	-1.1032e-08	-1.1208e-08	-1.1364e-08	-1.1173e-08	-1.0958e-08	-1.0747e-08	-1.0628e-08	-1.0567e-08	-1.0421e-08	-1.0559e-08	-1.0289e-08	-1.0296e-08	-1.0167e-08	-9.9738e-09	-1.0186e-08
-7.3438e-09	-7.5257e-09	-7.2904e-09	-6.9088e-09	-6.775e-09	-6.7109e-09	-6.7706e-09	-6.9881e-09	-7.3003e-09	-7.5835e-09	-7.8976e-09	-8.2217e-09	-8.2685e-09	-8.0945e-09	-7.8331e-09	-7.838e-09	-8.5179e-09	-8.3064e-09	-7.9696e-09	-7.6635e-09	-7.892e-09	-7.8836e-09	-8.0329e-09	-8.4447e-09	-8.2536e-09	-6.556e-09	-1.8973e-09	4.5705e-09	1.2241e-08	2.0711e-08	2.9443e-08	3.8237e-08	4.8299e-08	5.866e-08	6.798e-08	7.6385e-08	8.3599e-08	9.0793e-08	9.7352e-08	1.026e-07	1.0516e-07	1.0534e-07	1.0322e-07	1.0193e-07	1.0128e-07	9.9728e-08	9.7243e-08	9.155e-08	8.2899e-08	7.4007e-08	6.4729e-08	5.5555e-08	4.6509e-08	3.7627e-08	2.869e-08	1.9682e-08	1.0308e-08	2.4347e-09	-2.1566e-09	-5.8308e-09	-8.3739e-09	-9.6874e-09	-1.0485e-08	-1.1024e-08	-1.1156e-08	-1.1349e-08	-1.119e-08	-1.0955e-08	-1.0661e-08	-1.0539e-08	-1.049e-08	-1.032e-08	-1.0399e-08	-1.0151e-08	-1.0203e-08	-1.0116e-08	-1.0002e-08	-1.0212e-08
-7.1687e-09	-7.4341e-09	-7.2251e-09	-6.7988e-09	-6.6506e-09	-6.62e-09	-6.7098e-09	-6.9805e-09	-7.3117e-09	-7.5855e-09	-7.8677e-09	-8.2017e-09	-8.2991e-09	-8.1658e-09	-7.8904e-09	-7.8802e-09	-8.4419e-09	-8.2348e-09	-8.0143e-09	-7.7858e-09	-8.011e-09	-8.028e-09	-8.1366e-09	-8.4908e-09	-8.1399e-09	-6.2478e-09	-1.3914e-09	5.1905e-09	1.2911e-08	2.1411e-08	3.0186e-08	3.9022e-08	4.9288e-08	5.9694e-08	6.8831e-08	7.699e-08	8.4143e-08	9.13e-08	9.774e-08	1.028e-07	1.0522e-07	1.0512e-07	1.0289e-07	1.0194e-07	1.0159e-07	9.9961e-08	9.6861e-08	9.0594e-08	8.1571e-08	7.2729e-08	6.3606e-08	5.4567e-08	4.5601e-08	3.6751e-08	2.778e-08	1.8688e-08	9.2561e-09	1.561e-09	-3.1394e-09	-6.5498e-09	-8.7615e-09	-9.9192e-09	-1.0605e-08	-1.1008e-08	-1.1098e-08	-1.132e-08	-1.119e-08	-1.0937e-08	-1.0571e-08	-1.0447e-08	-1.0408e-08	-1.0222e-08	-1.0239e-08	-1.0019e-08	-1.0113e-08	-1.0065e-08	-1.0044e-08	-1.0256e-08
-7.0223e-09	-7.3812e-09	-7.1977e-09	-6.7365e-09	-6.5725e-09	-6.5735e-09	-6.6841e-09	-6.9967e-09	-7.3299e-09	-7.5805e-09	-7.812e-09	-8.1422e-09	-8.3049e-09	-8.2415e-09	-7.9719e-09	-7.9486e-09	-8.3645e-09	-8.1753e-09	-8.0763e-09	-7.9362e-09	-8.1529e-09	-8.1915e-09	-8.2666e-09	-8.5555e-09	-8.034e-09	-5.9266e-09	-8.8037e-10	5.8159e-09	1.3583e-08	2.2108e-08	3.0924e-08	3.9812e-08	4.9288e-08	6.0756e-08	6.9691e-08	7.7606e-08	8.4706e-08	9.182e-08	9.8141e-08	1.0298e-07	1.0525e-07	1.0486e-07	1.0254e-07	1.0193e-07	1.0183e-07	1.0011e-07	9.6391e-08	8.9587e-08	8.027e-08	7.1478e-08	6.2498e-08	5.358e-08	4.4676e-08	3.5839e-08	2.6832e-08	1.7659e-08	8.2109e-09	7.107e-10	-4.0686e-09	-7.2185e-09	-9.1204e-09	-1.0131e-08	-1.0711e-08	-1.0984e-08	-1.103e-08	-1.1266e-08	-1.1162e-08	-1.0891e-08	-1.0474e-08	-1.0346e-08	-1.0315e-08	-1.0122e-08	-1.0076e-08	-9.8893e-09	-1.0017e-08	-1.0005e-08	-1.0091e-08	-1.0314e-08
-6.906e-09	-7.3594e-09	-7.2001e-09	-6.7157e-09	-6.5377e-09	-6.5691e-09	-6.6917e-09	-7.0325e-09	-7.3505e-09	-7.5675e-09	-7.7382e-09	-8.0495e-09	-8.2821e-09	-8.3079e-09	-8.0638e-09	-8.0331e-09	-8.2944e-09	-8.1316e-09	-8.1438e-09	-8.091e-09	-8.298e-09	-8.3562e-09	-8.4046e-09	-8.6249e-09	-7.9332e-09	-5.5937e-09	-3.647e-10	6.4456e-09	1.4259e-08	2.2806e-08	3.1666e-08	4.0617e-08	5.0322e-08	6.1824e-08	7.0545e-08	7.823e-08	8.529e-08	9.236e-08	9.8562e-08	1.0318e-07	1.0525e-07	1.0457e-07	1.0219e-07	1.0189e-07	1.02e-07	1.0015e-07	9.5851e-08	8.8573e-08	7.9056e-08	7.0304e-08	6.1437e-08	5.2612e-08	4.3741e-08	3.4894e-08	2.5848e-08	1.6602e-08	7.194e-09	-9.6144e-11	-4.8917e-09	-7.8011e-09	-9.4377e-09	-1.0314e-08	-1.0797e-08	-1.0954e-08	-1.0949e-08	-1.1177e-08	-1.1093e-08	-1.0805e-08	-1.0368e-08	-1.0233e-08	-1.0203e-08	-1.0015e-08	-9.9098e-09	-9.7577e-09	-9.9118e-09	-9.9278e-09	-1.0136e-08	-1.0381e-08
-6.8215e-09	-7.3613e-09	-7.2238e-09	-6.7299e-09	-6.5432e-09	-6.6043e-09	-6.7309e-09	-7.0838e-09	-7.369e-09	-7.5454e-09	-7.6537e-09	-7.93e-09	-8.227e-09	-8.3513e-09	-8.1525e-09	-8.1237e-09	-8.24e-09	-8.107e-09	-8.2048e-09	-8.2263e-09	-8.4262e-09	-8.5042e-09	-8.5322e-09	-8.6854e-09	-7.8347e-09	-5.2506e-09	1.5505e-10	7.0788e-09	1.494e-08	2.3511e-08	3.2416e-08	4.1447e-08	5.1392e-08	6.2875e-08	7.1378e-08	7.8864e-08	8.59e-08	9.2926e-08	9.9013e-08	1.0341e-07	1.0524e-07	1.0424e-07	1.0186e-07	1.0183e-07	1.0205e-07	1.0008e-07	9.526e-08	8.7597e-08	7.7981e-08	6.9249e-08	6.0452e-08	5.1681e-08	4.2806e-08	3.3916e-08	2.4833e-08	1.5527e-08	6.2251e-09	-8.4122e-10	-5.5609e-09	-8.2656e-09	-9.7018e-09	-1.0458e-08	-1.086e-08	-1.0918e-08	-1.0858e-08	-1.1058e-08	-1.0986e-08	-1.0685e-08	-1.0256e-08	-1.0113e-08	-1.0079e-08	-9.9046e-09	-9.7468e-09	-9.6302e-09	-9.8018e-09	-9.8394e-09	-1.0177e-08	-1.0455e-08
-6.7701e-09	-7.3794e-09	-7.2606e-09	-6.7726e-09	-6.5858e-09	-6.6768e-09	-6.7999e-09	-7.1464e-09	-7.3812e-09	-7.5133e-09	-7.5661e-09	-7.7903e-09	-8.136e-09	-8.358e-09	-8.224e-09	-8.2104e-09	-8.21e-09	-8.1051e-09	-8.2476e-09	-8.3183e-09	-8.5177e-09	-8.6174e-09	-8.6312e-09	-8.7233e-09	-7.7357e-09	-4.8988e-09	6.7831e-10	7.7144e-09	1.5626e-08	2.4228e-08	3.3183e-08	4.2313e-08	5.2491e-08	6.3887e-08	7.2178e-08	7.9507e-08	8.6536e-08	9.3523e-08	9.9501e-08	1.0368e-07	1.0522e-07	1.039e-07	1.0155e-07	1.0174e-07	1.0174e-07	1.0199e-07	9.9873e-08	9.4637e-08	8.5886e-08	7.7045e-08	6.8312e-08	5.9542e-08	5.0786e-08	4.1872e-08	3.2915e-08	2.3796e-08	1.4442e-08	5.3094e-09	-1.5219e-09	-6.0772e-09	-8.6153e-09	-9.9153e-09	-1.0567e-08	-1.0929e-08	-1.0883e-08	-1.0764e-08	-1.092e-08	-1.0852e-08	-1.0542e-08	-1.0144e-08	-9.994e-09	-9.9521e-09	-9.8007e-09	-9.5992e-09	-9.5187e-09	-9.7011e-09	-9.7538e-09	-1.0218e-08
-6.7534e-09	-7.4062e-09	-7.3022e-09	-6.8375e-09	-6.6625e-09	-6.7842e-09	-6.8969e-09	-7.2161e-09	-7.3825e-09	-7.3825e-09	-7.4701e-09	-7.4829e-09	-7.6366e-09	-8.0053e-09	-8.3142e-09	-8.2647e-09	-8.2832e-09	-8.2556e-09	-8.1286e-09	-8.2617e-09	-8.346e-09	-8.5548e-09	-8.6798e-09	-8.6851e-09	-8.7262e-09	-7.6335e-09	-4.5397e-09	1.2045e-09	8.3515e-09	1.6318e-08	2.4962e-08	3.3971e-08	4.3223e-08	5.4731e-08	6.4849e-08	7.2938e-08	8.0152e-08	8.7194e-08	9.4145e-08	1.0002e-07	1.0398e-07	1.0519e-07	1.0356e-07	1.0129e-07	1.0163e-07	1.0182e-07	9.9546e-08	9.3988e-08	8.5129e-08	7.6218e-08	6.7469e-08	5.8688e-08	4.9918e-08	4.094e-08	3.1899e-08	2.2747e-08	1.3361e-08	4.4435e-09	-2.1446e-09	-6.469e-09	-8.8739e-09	-1.0089e-08	-1.0648e-08	-1.0945e-08	-1.0851e-08	-1.0675e-08	-1.0774e-08	-1.0702e-08	-1.0388e-08	-1.0041e-08	-9.8867e-09	-9.8354e-09	-9.7123e-09	-9.4793e-09	-9.4349e-09	-9.6232e-09	-9.685e-09	-1.0261e-08
-6.8945e-09	-6.7728e-09	-7.4569e-09	-7.341e-09	-6.9184e-09	-6.7701e-09	-6.9237e-09	-7.0199e-09	-7.2891e-09	-7.3693e-09	-7.4154e-09	-7.4115e-09	-7.4759e-09	-7.8326e-09	-8.2086e-09	-8.2625e-09	-8.333e-09	-8.3341e-09	-8.1751e-09	-8.2495e-09	-8.314e-09	-8.5407e-09	-8.6937e-09	-8.6952e-09	-8.6958e-09	-7.527e-09	-4.1749e-09	1.733e-09	8.9905e-09	1.7021e-08	2.5714e-08	3.4783e-08	4.4172e-08	5.5841e-08	6.5756e-08	7.3657e-08	8.0795e-08	8.7863e-08	9.4779e-08	1.0055e-07	1.0429e-07	1.0514e-07	1.0321e-07	1.0105e-07	1.0151e-07	1.0156e-07	9.9111e-08	9.3311e-08	8.4409e-08	7.5469e-08	6.6692e-08	5.7872e-08	4.9066e-08	4.001e-08	3.0878e-08	2.1698e-08	1.2294e-08	3.6239e-09	-2.7156e-09	-6.7649e-09	-9.0652e-09	-1.0232e-08	-1.0711e-08	-1.0958e-08	-1.0827e-08	-1.0599e-08	-1.0633e-08	-1.0547e-08	-1.0236e-08	-9.9533e-09	-9.7997e-09	-9.7396e-09	-9.6485e-09	-9.399e-09	-9.3906e-09	-9.5817e-09	-9.6468e-09	-1.0309e-08
-6.978e-09	-6.8294e-09	-7.4745e-09	-7.3764e-09	-7.0114e-09	-6.9039e-09	-7.0894e-09	-7.164e-09	-7.364e-09	-7.3453e-09	-7.3545e-09	-7.3565e-09	-7.3178e-09	-7.6304e-09	-8.0521e-09	-8.2222e-09	-8.3604e-09	-8.4372e-09	-8.2388e-09	-8.2211e-09	-8.2416e-09	-8.4905e-09	-8.672e-09	-8.6735e-09	-8.6416e-09	-7.4158e-09	-3.8058e-09	2.263e-09	9.6323e-09	1.7736e-08	2.6487e-08	3.5614e-08	4.5148e-08	5.6921e-08	6.6604e-08	7.4333e-08	8.1426e-08	8.8532e-08	9.5414e-08	1.0108e-07	1.0458e-07	1.0506e-07	1.0286e-07	1.0086e-07	1.0138e-07	1.0123e-07	9.8588e-08	9.2605e-08	8.3704e-08	7.4767e-08	6.5955e-08	5.7076e-08	4.822e-08	3.9082e-08	2.9864e-08	2.066e-08	1.1252e-08	2.8473e-09	-3.2413e-09	-6.9936e-09	-9.2129e-09	-1.0356e-08	-1.0764e-08	-1.0972e-08	-1.0816e-08	-1.0544e-08	-1.0507e-08	-1.0397e-08	-1.0099e-08	-9.8884e-09	-9.7425e-09	-9.6763e-09	-9.6183e-09	-9.3706e-09	-9.3975e-09	-9.5901e-09	-9.6532e-09	-1.0366e-08
-7.0723e-09	-6.9193e-09	-7.4917e-09	-7.4118e-09	-7.1138e-09	-7.0581e-09	-7.2732e-09	-7.3224e-09	-7.4413e-09	-7.3182e-09	-7.2961e-09	-7.3212e-09	-7.1739e-09	-7.4191e-09	-7.8683e-09	-8.1583e-09	-8.3716e-09	-8.5536e-09	-8.3141e-09	-8.1865e-09	-8.1483e-09	-8.4192e-09	-8.6274e-09	-8.6317e-09	-8.5732e-09	-7.2994e-09	-3.4339e-09	2.7938e-09	1.0278e-08	1.8466e-08	2.7281e-08	3.6462e-08	4.6137e-08	5.7953e-08	6.7388e-08	7.4964e-08	8.204e-08	8.9191e-08	9.6037e-08	1.0158e-07	1.0485e-07	1.0495e-07	1.0251e-07	1.0071e-07	1.0125e-07	1.0086e-07	9.7993e-08	9.187e-08	8.2991e-08	7.4079e-08	6.5232e-08	5.6282e-08	4.7369e-08	3.8155e-08	2.8867e-08	1.9645e-08	1.0248e-08	2.1101e-09	-3.7282e-09	-7.184e-09	-9.3408e-09	-1.0472e-08	-1.0817e-08	-1.0994e-08	-1.0821e-08	-1.0517e-08	-1.0407e-08	-1.0263e-08	-9.9879e-09	-9.8536e-09	-9.7242e-09	-9.6567e-09	-9.631e-09	-9.4061e-09	-9.4674e-09	-9.6622e-09	-9.7181e-09	-1.0433e-08
-7.1758e-09	-7.036e-09	-7.5131e-09	-7.4507e-09	-7.2229e-09	-7.2273e-09	-7.4669e-09	-7.4887e-09	-7.5211e-09	-7.296e-09	-7.2488e-09	-7.3088e-09	-7.0557e-09	-7.2195e-09	-7.681e-09	-8.0852e-09	-8.3728e-09	-8.5536e-09	-8.3951e-09	-8.1556e-09	-8.0535e-09	-8.3421e-09	-8.573e-09	-8.5816e-09	-8.5002e-09	-7.1776e-09	-3.0607e-09	3.3245e-09	1.0928e-08	1.9216e-08	2.8097e-08	3.7325e-08	4.7125e-08	5.8921e-08	6.8104e-08	7.5549e-08	8.263e-08	8.983e-08	9.6635e-08	1.0205e-07	1.0505e-07	1.0479e-07	1.0216e-07	1.006e-07	1.0114e-07	1.0047e-07	9.7344e-08	9.1103e-08	8.2248e-08	7.3377e-08	6.4496e-08	5.5471e-08	4.6504e-08	3.723e-08	2.7896e-08	1.8664e-08	9.293e-09	1.4088e-09	-4.1828e-09	-7.3645e-09	-9.4728e-09	-1.0589e-08	-1.0877e-08	-1.1027e-08	-1.0847e-08	-1.0527e-08	-1.0346e-08	-1.0157e-08	-9.9165e-09	-9.856e-09	-9.7542e-09	-9.6923e-09	-9.6955e-09	-9.5175e-09	-9.612e-09	-9.8112e-09	-9.8552e-09	-1.0514e-08
-7.2869e-09	-7.173e-09	-7.5433e-09	-7.4966e-09	-7.3362e-09	-7.4056e-09	-7.6627e-09	-7.6561e-09	-7.6038e-09	-7.2863e-09	-7.2211e-09	-7.3228e-09	-6.9749e-09	-7.0522e-09	-7.514e-09	-8.0176e-09	-8.3703e-09	-8.6721e-09	-8.4762e-09	-8.1386e-09	-7.9766e-09	-8.2743e-09	-8.5215e-09	-8.5352e-09	-8.4324e-09	-7.05e-09	-2.6877e-09	3.8545e-09	1.1585e-08	1.9987e-08	2.8938e-08	3.8199e-08	4.8101e-08	5.9808e-08	6.8747e-08	7.6087e-08	8.3188e-08	9.0437e-08	9.7196e-08	1.0247e-07	1.0518e-07	1.0458e-07	1.0183e-07	1.0053e-07	1.0104e-07	1.0008e-07	9.6659e-08	9.0304e-08	8.1453e-08	7.2628e-08	6.3721e-08	5.4625e-08	4.5614e-08	3.6307e-08	2.6962e-08	1.7728e-08	8.3979e-09	7.4011e-10	-4.6113e-09	-7.5638e-09	-9.6323e-09	-1.0718e-08	-1.0953e-08	-1.1076e-08	-1.0895e-08	-1.0574e-08	-1.0329e-08	-1.0086e-08	-9.8908e-09	-9.8986e-09	-9.8355e-09	-9.7867e-09	-9.8148e-09	-9.7069e-09	-9.8324e-09	-1.0039e-08	-1.0067e-08	-1.061e-08
-7.4039e-09	-7.3237e-09	-7.5869e-09	-7.5528e-09	-7.451e-09	-7.5874e-09	-7.8523e-09	-7.818e-09	-7.6898e-09	-7.2972e-09	-7.2216e-09	-7.3661e-09	-6.9429e-09	-6.9379e-09	-7.3911e-09	-7.9699e-09	-8.3702e-09	-8.7813e-09	-8.5516e-09	-8.1454e-09	-7.9371e-09	-8.2311e-09	-8.4858e-09	-8.5042e-09	-8.3792e-09	-6.9162e-09	-2.3164e-09	4.3829e-09	1.2248e-08	2.0783e-08	2.9803e-08	3.9081e-08	4.905e-08	6.0594e-08	6.9311e-08	7.6577e-08	8.3707e-08	9.1002e-08	9.7708e-08	1.0282e-07	1.052e-07	1.0431e-07	1.0151e-07	1.005e-07	1.0097e-07	9.9719e-08	9.5955e-08	8.9471e-08	8.0597e-08	7.1815e-08	6.2893e-08	5.3736e-08	4.4695e-08	3.5384e-08	2.6067e-08	1.6839e-08	7.5656e-09	1.0143e-10	-5.0179e-09	-7.7961e-09	-9.8295e-09	-1.0863e-08	-1.1049e-08	-1.1136e-08	-1.0959e-08	-1.0651e-08	-1.0352e-08	-1.0051e-08	-9.9081e-09	-9.9778e-09	-9.961e-09	-9.9317e-09	-9.9818e-09	-9.9601e-09	-1.0113e-08	-1.0327e-08	-1.0336e-08	-1.0722e-08
-7.5253e-09	-7.4815e-09	-7.6485e-09	-7.623e-09	-7.5646e-09	-7.7672e-09	-8.0279e-09	-7.9678e-09	-7.7793e-09	-7.3364e-09	-7.2591e-09	-7.4423e-09	-6.9713e-09	-6.8972e-09	-7.336e-09	-7.9567e-09	-8.3787e-09	-8.8701e-09	-8.6157e-09	-8.1859e-09	-7.9543e-09	-8.2274e-09	-8.4789e-09	-8.5005e-09	-8.3502e-09	-6.7759e-09	-1.9483e-09	4.9091e-09	1.2919e-08	2.1608e-08	3.0695e-08	3.9969e-08	4.996e-08	6.1281e-08	6.9804e-08	7.7024e-08	8.4189e-08	9.1524e-08	9.8166e-08	1.0309e-07	1.0512e-07	1.0398e-07	1.012e-07	1.0051e-07	1.0092e-07	9.9389e-08	9.5244e-08	8.8606e-08	7.9688e-08	7.0946e-08	6.2016e-08	5.2807e-08	4.3747e-08	3.4458e-08	2.5197e-08	1.5983e-08	6.7843e-09	-5.0831e-10	-5.403e-09	-8.0528e-09	-1.0052e-08	-1.1016e-08	-1.1158e-08	-1.1204e-08	-1.1033e-08	-1.0751e-08	-1.0412e-08	-1.0053e-08	-9.9647e-09	-1.0089e-08	-1.0123e-08	-1.0118e-08	-1.0189e-08	-1.0262e-08	-1.0436e-08	-1.0657e-08	-1.0645e-08	-1.085e-08
-7.6493e-09	-7.64e-09	-7.7327e-09	-7.7104e-09	-7.6745e-09	-7.9394e-09	-8.1813e-09	-8.0988e-09	-7.8727e-09	-7.4117e-09	-7.342e-09	-7.5543e-09	-7.0715e-09	-6.9505e-09	-7.3723e-09	-7.9924e-09	-8.402e-09	-8.9274e-09	-8.6665e-09	-8.2643e-09	-8.0364e-09	-8.2704e-09	-8.5067e-09	-8.5292e-09	-8.3485e-09	-6.6272e-09	-1.5821e-09	5.434e-09	1.3598e-08	2.2458e-08	3.161e-08	4.0861e-08	5.0827e-08	6.1894e-08	7.0248e-08	7.7448e-08	8.4652e-08	9.2016e-08	9.858e-08	1.0329e-07	1.0495e-07	1.0361e-07	1.0092e-07	1.0056e-07	1.009e-07	9.9084e-08	9.4528e-08	8.7717e-08	7.8738e-08	7.0029e-08	6.1096e-08	5.1845e-08	4.2776e-08	3.3524e-08	2.4338e-08	1.5145e-08	6.041e-09	-1.09e-09	-5.7668e-09	-8.323e-09	-1.0286e-08	-1.1169e-08	-1.1273e-08	-1.1276e-08	-1.1112e-08	-1.0865e-08	-1.0503e-08	-1.0096e-08	-1.0057e-08	-1.0228e-08	-1.0314e-08	-1.0335e-08	-1.0427e-08	-1.0596e-08	-1.0785e-08	-1.1009e-08	-1.0974e-08	-1.0992e-08
-7.7743e-09	-7.7926e-09	-7.8407e-09	-7.8168e-09	-7.7809e-09	-8.1012e-09	-8.3097e-09	-8.2091e-09	-7.9703e-09	-7.5249e-09	-7.4712e-09	-7.7002e-09	-7.2435e-09	-7.1017e-09	-7.5055e-09	-8.0812e-09	-8.443e-09	-8.9497e-09	-8.7084e-09	-8.3748e-09	-8.1736e-09	-8.3546e-09	-8.5648e-09	-8.5851e-09	-8.3667e-09	-6.4662e-09	-1.2127e-09	5.9619e-09	1.4283e-08	2.3324e-08	3.2539e-08	4.1756e-08	5.1665e-08	6.2461e-08	7.0669e-08	7.7869e-08	8.5114e-08	9.2491e-08	9.8959e-08	1.0343e-07	1.0471e-07	1.032e-07	1.0066e-07	1.0063e-07	1.0088e-07	9.879e-08	9.3811e-08	8.681e-08	7.7757e-08	6.9072e-08	6.0137e-08	5.0858e-08	4.1783e-08	3.2578e-08	2.3477e-08	1.4309e-08	5.3229e-09	-1.6446e-09	-6.1093e-09	-8.5959e-09	-1.0517e-08	-1.1313e-08	-1.1387e-08	-1.1347e-08	-1.1189e-08	-1.0984e-08	-1.0622e-08	-1.0179e-08	-1.0182e-08	-1.039e-08	-1.0525e-08	-1.0575e-08	-1.069e-08	-1.0948e-08	-1.1141e-08	-1.1364e-08	-1.1307e-08	-1.1149e-08
-7.8991e-09	-7.9353e-09	-7.9683e-09	-7.9413e-09	-7.8887e-09	-8.2552e-09	-8.4186e-09	-8.3037e-09	-8.0724e-09	-7.6686e-09	-7.6355e-09	-7.8694e-09	-7.4685e-09	-7.3272e-09	-7.7124e-09	-8.2114e-09	-8.4998e-09	-8.9461e-09	-8.7463e-09	-8.511e-09	-8.3544e-09	-8.4729e-09	-8.6475e-09	-8.6621e-09	-8.3965e-09	-6.2886e-09	-8.3438e-10	6.4969e-09	1.4972e-08	2.4195e-08	3.3471e-08	4.2655e-08	5.2487e-08	6.3009e-08	7.109e-08	7.8307e-08	8.5592e-08	9.2964e-08	9.9315e-08	1.0352e-07	1.0443e-07	1.0277e-07	1.0044e-07	1.0071e-07	1.0087e-07	9.8495e-08	9.3093e-08	8.5892e-08	7.6757e-08	6.8084e-08	5.9147e-08	4.985e-08	4.0772e-08	3.1616e-08	2.2599e-08	1.346e-08	4.6169e-09	-2.173e-09	-6.4306e-09	-8.8608e-09	-1.073e-08	-1.1439e-08	-1.1494e-08	-1.1414e-08	-1.1259e-08	-1.1101e-08	-1.0764e-08	-1.0304e-08	-1.0335e-08	-1.0572e-08	-1.075e-08	-1.0828e-08	-1.0969e-08	-1.1302e-08	-1.1488e-08	-1.1702e-08	-1.1624e-08	-1.1321e-08
-8.023e-09	-8.0683e-09	-8.111e-09	-8.0824e-09	-8.0031e-09	-8.4041e-09	-8.5139e-09	-8.3885e-09	-8.1794e-09	-7.8341e-09	-7.8223e-09	-8.0505e-09	-7.7263e-09	-7.6013e-09	-7.9668e-09	-8.3697e-09	-8.5695e-09	-8.9269e-09	-8.7848e-09	-8.6664e-09	-8.5672e-09	-8.6188e-09	-8.7492e-09	-8.7539e-09	-8.4295e-09	-6.0904e-09	-4.4141e-10	7.0435e-09	1.5663e-08	2.5061e-08	3.4397e-08	4.3555e-08	5.3309e-08	6.3568e-08	7.1538e-08	7.8781e-08	8.6104e-08	9.3448e-08	9.9658e-08	1.0358e-07	1.0412e-07	1.0234e-07	1.0025e-07	1.0079e-07	1.0084e-07	9.8186e-08	9.2377e-08	8.4971e-08	7.5748e-08	6.7073e-08	5.8131e-08	4.8829e-08	3.9747e-08	3.0635e-08	2.1691e-08	1.2583e-08	3.9101e-09	-2.6762e-09	-6.7309e-09	-9.1068e-09	-1.0912e-08	-1.154e-08	-1.1585e-08	-1.1474e-08	-1.1315e-08	-1.1206e-08	-1.0925e-08	-1.0473e-08	-1.0513e-08	-1.0768e-08	-1.0979e-08	-1.1083e-08	-1.1256e-08	-1.1641e-08	-1.1809e-08	-1.2004e-08	-1.1907e-08	-1.1508e-08
-8.1453e-09	-8.1922e-09	-8.111e-09	-8.239e-09	-8.1294e-09	-8.5508e-09	-8.602e-09	-8.4691e-09	-8.2918e-09	-8.0131e-09	-8.0192e-09	-8.2322e-09	-7.9965e-09	-7.8981e-09	-8.2427e-09	-8.5427e-09	-8.6497e-09	-8.9023e-09	-8.829e-09	-8.8345e-09	-8.8007e-09	-8.7852e-09	-8.8644e-09	-8.8543e-09	-8.4574e-09	-5.8673e-09	-2.8156e-11	7.6059e-09	1.6355e-08	2.5909e-08	3.5306e-08	4.4458e-08	5.4143e-08	6.4164e-08	7.2036e-08	7.9314e-08	8.667e-08	9.3958e-08	9.9997e-08	1.036e-07	1.038e-07	1.0191e-07	1.001e-07	1.0087e-07	1.008e-07	9.7852e-08	9.1666e-08	8.4054e-08	7.4742e-08	6.6048e-08	5.7094e-08	4.7801e-08	3.871e-08	2.9631e-08	2.0738e-08	1.1663e-08	3.1895e-09	-3.1551e-09	-7.0102e-09	-9.3231e-09	-1.1049e-08	-1.1606e-08	-1.1654e-08	-1.1474e-08	-1.1354e-08	-1.1293e-08	-1.11e-08	-1.0685e-08	-1.0712e-08	-1.0974e-08	-1.1207e-08	-1.1334e-08	-1.1543e-08	-1.1954e-08	-1.2088e-08	-1.2253e-08	-1.2142e-08	-1.1708e-08
-8.2653e-09	-8.3075e-09	-8.264e-09	-8.4096e-09	-8.2729e-09	-8.698e-09	-8.6888e-09	-8.5515e-09	-8.4099e-09	-8.1971e-09	-8.2138e-09	-8.4031e-09	-8.2589e-09	-8.1918e-09	-8.5141e-09	-8.7172e-09	-8.7376e-09	-8.8825e-09	-8.8836e-09	-9.0087e-09	-9.0434e-09	-8.9654e-09	-8.9874e-09	-8.957e-09	-8.4719e-09	-5.6151e-09	4.1106e-10	8.1885e-09	1.7044e-08	2.673e-08	3.6188e-08	4.5363e-08	5.5004e-08	6.4827e-08	7.2609e-08	7.9923e-08	8.7307e-08	9.4508e-08	1.0034e-07	1.0361e-07	1.0351e-07	1.0151e-07	9.9992e-08	1.0094e-07	1.0073e-07	9.7479e-08	9.0961e-08	8.3148e-08	7.3749e-08	6.5017e-08	5.6044e-08	4.6771e-08	3.7665e-08	2.86e-08	1.9729e-08	1.0688e-08	2.4445e-09	-3.6115e-09	-7.2699e-09	-9.5021e-09	-1.1129e-08	-1.1631e-08	-1.1697e-08	-1.1522e-08	-1.1379e-08	-1.1364e-08	-1.1283e-08	-1.0931e-08	-1.0928e-08	-1.1188e-08	-1.143e-08	-1.1576e-08	-1.1825e-08	-1.2237e-08	-1.2327e-08	-1.2454e-08	-1.2332e-08	-1.1919e-08
-8.3823e-09	-8.4149e-09	-8.4226e-09	-8.5931e-09	-8.4388e-09	-8.8486e-09	-8.7805e-09	-8.6414e-09	-8.5341e-09	-8.3776e-09	-8.3935e-09	-8.552e-09	-8.493e-09	-8.4564e-09	-8.7548e-09	-8.8798e-09	-8.8308e-09	-8.8779e-09	-8.9535e-09	-9.1827e-09	-9.2837e-09	-9.1526e-09	-9.1127e-09	-9.056e-09	-8.4647e-09	-5.3296e-09	8.8192e-10	8.7956e-09	1.773e-08	2.7513e-08	3.7033e-08	4.6268e-08	5.5907e-08	6.5577e-08	7.3277e-08	8.0626e-08	8.8029e-08	9.5107e-08	1.0071e-07	1.036e-07	1.0324e-07	1.0115e-07	9.9934e-08	1.0098e-07	1.0062e-07	9.7058e-08	9.0263e-08	8.2259e-08	7.2769e-08	6.3985e-08	5.4985e-08	4.5744e-08	4.5744e-08	3.6617e-08	2.755e-08	1.8674e-08	9.6675e-09	1.6767e-09	-4.0527e-09	-7.5173e-09	-9.6519e-09	-1.1166e-08	-1.1627e-08	-1.1718e-08	-1.1595e-08	-1.1397e-08	-1.1424e-08	-1.1467e-08	-1.1198e-08	-1.1158e-08	-1.1407e-08	-1.1649e-08	-1.1808e-08	-1.2096e-08	-1.249e-08	-1.2531e-08	-1.2614e-08	-1.2489e-08
-8.4958e-09	-8.5148e-09	-8.5824e-09	-8.7881e-09	-8.6326e-09	-9.0054e-09	-8.8833e-09	-8.7445e-09	-8.6648e-09	-8.5462e-09	-8.546e-09	-8.6674e-09	-8.6786e-09	-8.6662e-09	-8.9389e-09	-9.0171e-09	-8.9265e-09	-8.9265e-09	-8.9523e-09	-9.0422e-09	-9.3502e-09	-9.511e-09	-9.3399e-09	-9.235e-09	-9.1454e-09	-8.4281e-09	-5.0072e-09	1.3892e-09	9.4308e-09	1.8412e-08	2.825e-08	3.7834e-08	4.7176e-08	5.7863e-08	6.6407e-08	7.4031e-08	8.1412e-08	8.8826e-08	9.5752e-08	1.0108e-07	1.0359e-07	1.0301e-07	1.0082e-07	9.9921e-08	1.0101e-07	1.0047e-07	9.6588e-08	8.9568e-08	8.052e-08	7.18e-08	6.2955e-08	5.3925e-08	4.4722e-08	3.5571e-08	2.6489e-08	1.7586e-08	8.6154e-09	8.9189e-10	-4.4874e-09	-7.762e-09	-9.7856e-09	-1.1176e-08	-1.1608e-08	-1.1725e-08	-1.1626e-08	-1.1414e-08	-1.1476e-08	-1.1645e-08	-1.1474e-08	-1.1397e-08	-1.1629e-08	-1.1863e-08	-1.2028e-08	-1.2351e-08	-1.2715e-08	-1.2705e-08	-1.2741e-08	-1.2622e-08
-8.1877e-09	-8.605e-09	-8.6079e-09	-8.8866e-09	-8.9921e-09	-8.8563e-09	-9.1695e-09	-9.0012e-09	-8.8649e-09	-8.8016e-09	-8.6958e-09	-8.6617e-09	-8.7411e-09	-8.8001e-09	-8.8011e-09	-9.0463e-09	-9.1187e-09	-9.0224e-09	-9.0356e-09	-9.1469e-09	-9.5076e-09	-9.7185e-09	-9.52e-09	-9.3507e-09	-9.2222e-09	-8.3588e-09	-4.647e-09	1.9328e-09	1.0094e-08	1.9096e-08	2.8952e-08	3.8602e-08	4.8089e-08	5.8895e-08	6.7297e-08	7.4853e-08	8.2265e-08	8.968e-08	9.6432e-08	1.0147e-07	1.0357e-07	1.028e-07	1.0054e-07	9.9952e-08	1.0102e-07	1.0029e-07	9.6072e-08	8.887e-08	7.9662e-08	7.0843e-08	6.1932e-08	5.2872e-08	4.3708e-08	3.4532e-08	2.5427e-08	1.6481e-08	7.5471e-09	9.5548e-11	-4.9244e-09	-8.0133e-09	-9.9167e-09	-1.1178e-08	-1.1589e-08	-1.1729e-08	-1.1659e-08	-1.1436e-08	-1.1525e-08	-1.181e-08	-1.1747e-08	-1.1642e-08	-1.1851e-08	-1.207e-08	-1.2236e-08	-1.2583e-08	-1.2911e-08	-1.2853e-08	-1.2845e-08	-1.2741e-08
-8.3381e-09	-8.7091e-09	-8.6945e-09	-9.0239e-09	-9.1964e-09	-9.0968e-09	-9.3334e-09	-9.1283e-09	-8.9964e-09	-8.9408e-09	-8.8271e-09	-8.7457e-09	-8.7807e-09	-8.8665e-09	-8.8705e-09	-9.0868e-09	-9.1881e-09	-9.1168e-09	-9.1406e-09	-9.2624e-09	-9.6516e-09	-9.9008e-09	-9.6858e-09	-9.4569e-09	-9.2842e-09	-8.2546e-09	-4.2489e-09	2.5114e-09	1.0785e-08	1.979e-08	2.9637e-08	3.9353e-08	4.9012e-08	5.9944e-08	6.8228e-08	7.5727e-08	8.3168e-08	9.0574e-08	9.7136e-08	1.0186e-07	1.0355e-07	1.026e-07	1.003e-07	1.0002e-07	1.0103e-07	1.0006e-07	9.5514e-08	8.8162e-08	7.8806e-08	6.9894e-08	6.0918e-08	5.183e-08	4.2705e-08	3.3504e-08	2.4372e-08	1.5372e-08	6.4774e-09	-7.067e-10	-5.3725e-09	-8.2805e-09	-1.0058e-08	-1.1191e-08	-1.1584e-08	-1.1737e-08	-1.1695e-08	-1.1471e-08	-1.1576e-08	-1.1956e-08	-1.2005e-08	-1.1888e-08	-1.2071e-08	-1.2271e-08	-1.2429e-08	-1.2788e-08	-1.308e-08	-1.2982e-08	-1.2934e-08	-1.2858e-08
-8.5131e-09	-8.8071e-09	-8.7747e-09	-9.1482e-09	-9.39e-09	-9.3359e-09	-9.4869e-09	-9.2552e-09	-9.1301e-09	-9.0774e-09	-8.9431e-09	-8.8078e-09	-8.7989e-09	-8.8946e-09	-8.8934e-09	-9.0801e-09	-9.2333e-09	-9.2084e-09	-9.2597e-09	-9.3837e-09	-9.779e-09	-1.0052e-08	-9.8297e-09	-9.5504e-09	-9.329e-09	-8.1134e-09	-3.8131e-09	3.1233e-09	1.1503e-08	2.0503e-08	3.0323e-08	4.0101e-08	4.9949e-08	6.0999e-08	6.918e-08	7.6633e-08	8.4104e-08	9.1492e-08	9.7854e-08	1.0225e-07	1.0352e-07	1.0241e-07	1.0011e-07	1.0013e-07	1.0103e-07	9.9808e-08	9.4916e-08	8.7438e-08	7.7946e-08	6.8953e-08	5.9917e-08	5.0808e-08	4.1715e-08	3.2493e-08	2.3334e-08	1.4275e-08	5.4213e-09	-1.5092e-09	-5.8404e-09	-8.5732e-09	-1.0224e-08	-1.1231e-08	-1.1608e-08	-1.1758e-08	-1.174e-08	-1.1525e-08	-1.1632e-08	-1.2075e-08	-1.2234e-08	-1.2131e-08	-1.2286e-08	-1.2464e-08	-1.2605e-08	-1.296e-08	-1.3222e-08	-1.3096e-08	-1.3016e-08	-1.2982e-08
-8.699e-09	-8.8976e-09	-8.848e-09	-9.2569e-09	-9.5622e-09	-9.5555e-09	-9.6196e-09	-9.3726e-09	-9.2569e-09	-9.2066e-09	-9.0468e-09	-8.8579e-09	-8.8085e-09	-8.9011e-09	-8.8886e-09	-9.0459e-09	-9.2626e-09	-9.2958e-09	-9.3853e-09	-9.5058e-09	-9.8869e-09	-1.0168e-08	-9.9445e-09	-9.6283e-09	-9.3546e-09	-7.9331e-09	-3.3394e-09	3.7671e-09	1.2246e-08	2.1243e-08	3.1026e-08	4.0865e-08	5.0907e-08	6.2046e-08	7.0136e-08	7.7555e-08	8.5057e-08	9.2415e-08	9.8575e-08	1.0264e-07	1.035e-07	1.0221e-07	9.9962e-08	1.0027e-07	1.0103e-07	9.9517e-08	9.4281e-08	8.6693e-08	7.7078e-08	6.8019e-08	5.8934e-08	4.9813e-08	4.0742e-08	3.1504e-08	2.2322e-08	1.3204e-08	4.3936e-09	-2.3065e-09	-6.337e-09	-8.9006e-09	-1.0426e-08	-1.1318e-08	-1.1677e-08	-1.1801e-08	-1.1795e-08	-1.1603e-08	-1.1698e-08	-1.2161e-08	-1.2423e-08	-1.2368e-08	-1.2494e-08	-1.2649e-08	-1.2764e-08	-1.3094e-08	-1.3337e-08	-1.3201e-08	-1.31e-08	-1.3123e-08
-8.8822e-09	-8.9792e-09	-8.9142e-09	-9.3479e-09	-9.7022e-09	-9.7374e-09	-9.7213e-09	-9.4713e-09	-9.3675e-09	-9.3233e-09	-9.1412e-09	-8.9059e-09	-8.8221e-09	-8.903e-09	-8.8753e-09	-9.0038e-09	-9.2839e-09	-9.3778e-09	-9.5098e-09	-9.6237e-09	-9.9719e-09	-1.0241e-08	-1.0023e-08	-9.6876e-09	-9.3585e-09	-7.7115e-09	-2.8279e-09	4.4413e-09	1.3014e-08	2.2019e-08	3.1763e-08	4.1658e-08	5.189e-08	6.307e-08	7.1076e-08	7.8475e-08	8.601e-08	9.3326e-08	9.9289e-08	1.0302e-07	1.0347e-07	1.02e-07	9.9869e-08	1.0044e-07	1.0104e-07	9.9192e-08	9.3613e-08	8.592e-08	7.7078e-08	6.7089e-08	5.7971e-08	4.885e-08	3.9787e-08	3.0541e-08	2.1345e-08	1.2172e-08	3.409e-09	-3.0926e-09	-6.8702e-09	-9.2716e-09	-1.0677e-08	-1.1469e-08	-1.1805e-08	-1.1874e-08	-1.186e-08	-1.1703e-08	-1.1773e-08	-1.2212e-08	-1.2567e-08	-1.2592e-08	-1.269e-08	-1.2823e-08	-1.2904e-08	-1.3188e-08	-1.3425e-08	-1.3296e-08	-1.3185e-08	-1.3278e-08
-9.0491e-09	-9.0507e-09	-8.9731e-09	-9.4187e-09	-9.7992e-09	-9.8635e-09	-9.7818e-09	-9.5419e-09	-9.4531e-09	-9.4228e-09	-9.2294e-09	-8.9614e-09	-8.8525e-09	-8.9169e-09	-8.8721e-09	-8.9734e-09	-9.3053e-09	-9.453e-09	-9.6254e-09	-9.7323e-09	-1.0031e-08	-1.0268e-08	-1.0058e-08	-9.7251e-09	-9.3387e-09	-7.4466e-09	-2.2786e-09	5.1444e-09	1.3805e-08	2.2839e-08	3.2553e-08	4.2498e-08	5.2902e-08	6.406e-08	7.1981e-08	7.9377e-08	8.6946e-08	9.4209e-08	9.9986e-08	1.0338e-07	1.0345e-07	1.0176e-07	9.983e-08	1.0064e-07	1.0107e-07	9.8833e-08	9.2915e-08	8.5113e-08	7.6198e-08	6.6165e-08	5.703e-08	4.7919e-08	3.885e-08	2.9606e-08	2.0403e-08	1.1187e-08	2.4757e-09	-3.8585e-09	-7.4329e-09	-9.6794e-09	-1.0974e-08	-1.1679e-08	-1.1986e-08	-1.1974e-08	-1.1928e-08	-1.1814e-08	-1.1851e-08	-1.2233e-08	-1.2668e-08	-1.2794e-08	-1.2868e-08	-1.298e-08	-1.3021e-08	-1.3245e-08	-1.3484e-08	-1.3375e-08	-1.3264e-08	-1.3432e-08
-9.186e-09	-9.1107e-09	-9.0243e-09	-9.4671e-09	-9.8424e-09	-9.9156e-09	-9.7907e-09	-9.575e-09	-9.5044e-09	-9.4999e-09	-9.3142e-09	-9.0345e-09	-8.9123e-09	-8.9597e-09	-8.8982e-09	-8.9743e-09	-9.335e-09	-9.52e-09	-9.7248e-09	-9.8267e-09	-1.0061e-08	-1.0242e-08	-1.0042e-08	-9.7381e-09	-9.2928e-09	-7.1363e-09	-1.6915e-09	5.875e-09	1.462e-08	2.3711e-08	3.3412e-08	4.34e-08	5.3948e-08	6.5017e-08	7.2851e-08	8.0258e-08	8.7862e-08	9.506e-08	1.0066e-07	1.0373e-07	1.0343e-07	1.0151e-07	9.9845e-08	1.0086e-07	1.0109e-07	9.8441e-08	9.2191e-08	8.4273e-08	7.5307e-08	6.5246e-08	5.6107e-08	4.7015e-08	3.793e-08	2.8694e-08	1.9493e-08	1.0243e-08	1.5961e-09	-4.5916e-09	-8.0033e-09	-1.0103e-08	-1.1293e-08	-1.1925e-08	-1.2198e-08	-1.2091e-08	-1.1993e-08	-1.1925e-08	-1.1924e-08	-1.2227e-08	-1.2728e-08	-1.2966e-08	-1.3021e-08	-1.3114e-08	-1.3113e-08	-1.3266e-08	-1.3511e-08	-1.3433e-08	-1.333e-08	-1.3572e-08
-9.2792e-09	-9.1579e-09	-9.0676e-09	-9.4907e-09	-9.8215e-09	-9.8765e-09	-9.7384e-09	-9.562e-09	-9.5129e-09	-9.5501e-09	-9.3987e-09	-9.1344e-09	-9.0135e-09	-9.0473e-09	-8.9716e-09	-9.0253e-09	-9.3806e-09	-9.5775e-09	-9.8038e-09	-9.9035e-09	-1.0063e-08	-1.0167e-08	-9.9786e-09	-9.7271e-09	-9.2198e-09	-6.7811e-09	-1.068e-09	6.6325e-09	1.5458e-08	2.4638e-08	3.4344e-08	4.4371e-08	5.503e-08	6.5952e-08	7.3704e-08	8.1134e-08	8.8769e-08	9.5889e-08	1.0132e-07	1.0406e-07	1.0342e-07	1.0126e-07	9.9914e-08	1.0109e-07	1.0112e-07	9.8015e-08	9.1446e-08	8.3409e-08	7.4408e-08	6.4335e-08	5.52e-08	4.613e-08	3.7022e-08	2.7802e-08	1.8607e-08	9.34e-09	7.7199e-10	-5.2793e-09	-8.5591e-09	-1.052e-08	-1.1614e-08	-1.2182e-08	-1.2418e-08	-1.221e-08	-1.2048e-08	-1.2025e-08	-1.1987e-08	-1.2198e-08	-1.275e-08	-1.31e-08	-1.3143e-08	-1.3219e-08	-1.3177e-08	-1.3255e-08	-1.3505e-08	-1.3464e-08	-1.3374e-08	-1.3681e-08
-9.3159e-09	-9.191e-09	-9.1025e-09	-9.4888e-09	-9.7388e-09	-9.7496e-09	-9.6279e-09	-9.5037e-09	-9.4788e-09	-9.5726e-09	-9.4817e-09	-9.26e-09	-9.1541e-09	-9.1791e-09	-9.0925e-09	-9.1264e-09	-9.4412e-09	-9.6242e-09	-9.8615e-09	-9.961e-09	-1.0041e-08	-1.0057e-08	-9.8804e-09	-9.6962e-09	-9.1196e-09	-6.3838e-09	-4.1077e-10	7.4176e-09	1.6321e-08	2.5613e-08	3.5345e-08	4.541e-08	5.6146e-08	6.6879e-08	7.4555e-08	8.2019e-08	8.9678e-08	9.6705e-08	1.0196e-07	1.0438e-07	1.0342e-07	1.0104e-07	1.0004e-07	1.0133e-07	1.0113e-07	9.7555e-08	9.0685e-08	8.2529e-08	7.3507e-08	6.3432e-08	5.4307e-08	4.5259e-08	3.6124e-08	2.6925e-08	1.774e-08	8.4734e-09	5.5211e-12	-5.9089e-09	-9.0781e-09	-1.0908e-08	-1.1913e-08	-1.2425e-08	-1.2623e-08	-1.232e-08	-1.2087e-08	-1.2102e-08	-1.2034e-08	-1.215e-08	-1.2734e-08	-1.3187e-08	-1.3228e-08	-1.3291e-08	-1.3211e-08	-1.3213e-08	-1.3462e-08	-1.3462e-08	-1.3388e-08	-1.3745e-08
-9.2957e-09	-9.208e-09	-9.1272e-09	-9.462e-09	-9.6082e-09	-9.5579e-09	-9.4741e-09	-9.4106e-09	-9.4113e-09	-9.5704e-09	-9.5589e-09	-9.3999e-09	-9.3183e-09	-9.3384e-09	-9.2444e-09	-9.2601e-09	-9.5079e-09	-9.6585e-09	-9.8971e-09	-9.9973e-09	-9.9996e-09	-9.9222e-09	-9.7603e-09	-9.6493e-09	-8.992e-09	-5.9472e-09	2.7767e-10	8.2308e-09	1.721e-08	2.6633e-08	3.6409e-08	4.6516e-08	5.7294e-08	6.7811e-08	7.5423e-08	8.2927e-08	9.0598e-08	9.7519e-08	1.0259e-07	1.0468e-07	1.0344e-07	1.0086e-07	1.0022e-07	1.0156e-07	1.0112e-07	9.7062e-08	8.9913e-08	8.1641e-08	7.2608e-08	6.2539e-08	5.3425e-08	4.4395e-08	3.5233e-08	2.606e-08	1.6887e-08	7.6406e-09	-7.0134e-10	-6.4679e-09	-9.5379e-09	-1.1247e-08	-1.2171e-08	-1.2629e-08	-1.2789e-08	-1.2407e-08	-1.2104e-08	-1.2146e-08	-1.2057e-08	-1.2087e-08	-1.2683e-08	-1.3219e-08	-1.3269e-08	-1.3323e-08	-1.3212e-08	-1.3143e-08	-1.3381e-08	-1.3421e-08	-1.3365e-08	-1.3749e-08
-9.2306e-09	-9.2063e-09	-9.1384e-09	-9.4109e-09	-9.4442e-09	-9.325e-09	-9.2925e-09	-9.2933e-09	-9.3197e-09	-9.5467e-09	-9.6253e-09	-9.5426e-09	-9.4899e-09	-9.5079e-09	-9.41e-09	-9.4079e-09	-9.5712e-09	-9.679e-09	-9.9098e-09	-1.0011e-08	-9.9426e-09	-9.7766e-09	-9.6312e-09	-9.5907e-09	-8.837e-09	-5.4743e-09	9.9466e-10	9.0726e-09	1.8128e-08	2.7692e-08	3.7529e-08	4.7688e-08	5.8474e-08	6.8762e-08	7.6324e-08	8.3873e-08	9.154e-08	9.834e-08	1.0321e-07	1.0498e-07	1.0348e-07	1.0076e-07	1.0045e-07	1.0179e-07	1.0107e-07	9.6533e-08	8.9134e-08	8.0753e-08	7.1716e-08	6.1658e-08	5.255e-08	4.3531e-08	3.4346e-08	2.5203e-08	1.6042e-08	6.8386e-09	-1.3466e-09	-6.9436e-09	-9.9162e-09	-1.1514e-08	-1.2364e-08	-1.277e-08	-1.2893e-08	-1.246e-08	-1.2092e-08	-1.2144e-08	-1.205e-08	-1.2013e-08	-1.26e-08	-1.3187e-08	-1.326e-08	-1.331e-08	-1.3178e-08	-1.3047e-08	-1.326e-08	-1.3336e-08	-1.3296e-08	-1.3677e-08
-9.1332e-09	-9.1836e-09	-9.1327e-09	-9.3361e-09	-9.2612e-09	-9.0747e-09	-9.0985e-09	-9.1625e-09	-9.2134e-09	-9.5048e-09	-9.6765e-09	-9.6764e-09	-9.6528e-09	-9.6702e-09	-9.572e-09	-9.5515e-09	-9.6219e-09	-9.6842e-09	-9.8988e-09	-9.9996e-09	-9.8746e-09	-9.6322e-09	-9.5061e-09	-9.5245e-09	-8.6546e-09	-4.968e-09	1.7376e-09	9.9438e-09	1.9076e-08	2.8785e-08	3.8701e-08	4.8924e-08	5.9683e-08	6.9745e-08	7.7276e-08	8.4872e-08	9.2514e-08	9.9178e-08	1.0381e-07	1.0526e-07	1.0353e-07	1.0074e-07	1.0074e-07	1.02e-07	1.0097e-07	9.597e-08	8.8355e-08	7.9874e-08	7.0835e-08	6.0788e-08	5.1682e-08	4.266e-08	3.3459e-08	2.435e-08	1.5199e-08	6.0645e-09	-1.9282e-09	-7.3233e-09	-1.0191e-08	-1.1686e-08	-1.247e-08	-1.2823e-08	-1.2912e-08	-1.2465e-08	-1.205e-08	-1.2093e-08	-1.2012e-08	-1.1933e-08	-1.2488e-08	-1.3088e-08	-1.3198e-08	-1.3249e-08	-1.3108e-08	-1.2929e-08	-1.31e-08	-1.3205e-08	-1.3179e-08	-1.3524e-08
-9.0157e-09	-9.1371e-09	-9.1068e-09	-9.2383e-09	-9.0737e-09	-8.8306e-09	-8.9076e-09	-9.029e-09	-9.1016e-09	-9.4478e-09	-9.7076e-09	-9.7897e-09	-9.7906e-09	-9.808e-09	-9.7131e-09	-9.6727e-09	-9.6506e-09	-9.6726e-09	-9.8632e-09	-9.9621e-09	-9.8e-09	-9.5017e-09	-9.3979e-09	-9.4546e-09	-8.4446e-09	-4.4311e-09	2.5037e-09	1.0845e-08	2.0056e-08	2.9907e-08	3.9917e-08	5.0224e-08	6.0919e-08	6.9745e-08	7.8296e-08	8.5939e-08	9.3532e-08	1.0004e-07	1.0442e-07	1.0554e-07	1.0361e-07	1.0083e-07	1.0108e-07	1.0218e-07	1.0081e-07	9.5372e-08	8.7578e-08	7.9011e-08	6.997e-08	5.9932e-08	5.0818e-08	4.1781e-08	3.2572e-08	2.35e-08	1.4355e-08	5.3159e-09	-2.447e-09	-7.6023e-09	-1.035e-08	-1.1754e-08	-1.2478e-08	-1.2775e-08	-1.2833e-08	-1.2416e-08	-1.1984e-08	-1.2005e-08	-1.195e-08	-1.185e-08	-1.2356e-08	-1.2937e-08	-1.3093e-08	-1.315e-08	-1.3011e-08	-1.2799e-08	-1.2914e-08	-1.304e-08	-1.3024e-08	-1.3307e-08
-8.8908e-09	-9.0644e-09	-9.0573e-09	-9.1181e-09	-8.8961e-09	-8.6164e-09	-8.7351e-09	-8.9036e-09	-8.9938e-09	-9.3789e-09	-9.7139e-09	-9.8709e-09	-9.8872e-09	-9.9042e-09	-9.8161e-09	-9.753e-09	-9.648e-09	-9.6428e-09	-9.8024e-09	-9.8964e-09	-9.723e-09	-9.3975e-09	-9.3196e-09	-9.3851e-09	-8.2069e-09	-3.8665e-09	3.2906e-09	1.1776e-08	2.1069e-08	3.1053e-08	4.1172e-08	5.1587e-08	6.2182e-08	7.0772e-08	7.9392e-08	8.7077e-08	9.4594e-08	1.0094e-07	1.0501e-07	1.058e-07	1.0371e-07	1.0104e-07	1.0147e-07	1.0233e-07	1.0059e-07	9.4738e-08	8.6809e-08	7.817e-08	6.9125e-08	5.9091e-08	4.9961e-08	4.0897e-08	3.169e-08	2.2654e-08	1.3513e-08	4.5926e-09	-2.9114e-09	-7.7974e-09	-1.0413e-08	-1.1732e-08	-1.2404e-08	-1.2404e-08	-1.2644e-08	-1.2676e-08	-1.2202e-08	-1.1906e-08	-1.1897e-08	-1.1874e-08	-1.177e-08	-1.2213e-08	-1.275e-08	-1.2956e-08	-1.3021e-08	-1.2897e-08	-1.2666e-08	-1.2717e-08	-1.2853e-08	-1.2844e-08
-8.7709e-09	-8.9629e-09	-8.9807e-09	-8.9762e-09	-8.7429e-09	-8.4559e-09	-8.5966e-09	-8.7968e-09	-8.8993e-09	-9.3013e-09	-9.6908e-09	-9.9084e-09	-9.9263e-09	-9.9413e-09	-9.8636e-09	-9.7741e-09	-9.6047e-09	-9.5932e-09	-9.717e-09	-9.8031e-09	-9.6469e-09	-9.3274e-09	-9.2784e-09	-9.3174e-09	-7.9397e-09	-3.2749e-09	-3.2749e-09	4.0974e-09	1.2739e-08	2.2117e-08	3.2221e-08	4.246e-08	5.3006e-08	6.3466e-08	7.2971e-08	8.0542e-08	8.8262e-08	9.5681e-08	1.0184e-07	1.0559e-07	1.0604e-07	1.0381e-07	1.0133e-07	1.0189e-07	1.0244e-07	1.003e-07	9.4075e-08	8.6045e-08	7.7348e-08	6.7483e-08	5.8264e-08	4.9116e-08	4.0018e-08	3.0818e-08	2.1819e-08	1.268e-08	3.8944e-09	-3.3311e-09	-7.9294e-09	-1.0403e-08	-1.1642e-08	-1.2268e-08	-1.2456e-08	-1.2465e-08	-1.2064e-08	-1.1826e-08	-1.1784e-08	-1.1796e-08	-1.1698e-08	-1.2069e-08	-1.2543e-08	-1.2798e-08	-1.2872e-08	-1.2774e-08	-1.2539e-08	-1.2522e-08	-1.2657e-08	-1.2651e-08
-8.7506e-09	-8.6684e-09	-8.83e-09	-8.7366e-09	-8.8154e-09	-8.6239e-09	-8.3641e-09	-8.5026e-09	-8.7167e-09	-8.8252e-09	-9.219e-09	-9.6368e-09	-9.8956e-09	-9.8995e-09	-9.9104e-09	-9.8466e-09	-9.7265e-09	-9.5169e-09	-9.4398e-09	-9.6121e-09	-9.6883e-09	-9.5718e-09	-9.2856e-09	-9.2658e-09	-9.2443e-09	-7.6356e-09	-2.6504e-09	4.9293e-09	1.3733e-08	2.3201e-08	3.341e-08	4.3775e-08	5.4463e-08	6.4761e-08	7.4114e-08	8.1721e-08	8.9465e-08	9.6768e-08	1.0273e-07	1.0612e-07	1.0624e-07	1.0391e-07	1.0169e-07	1.0231e-07	1.025e-07	9.9951e-08	9.3384e-08	8.5283e-08	7.654e-08	6.6682e-08	5.7453e-08	4.8285e-08	3.9151e-08	2.9962e-08	2.0998e-08	1.1861e-08	3.2216e-09	-3.716e-09	-8.0188e-09	-1.0345e-08	-1.1504e-08	-1.2092e-08	-1.2234e-08	-1.2224e-08	-1.1924e-08	-1.1753e-08	-1.1683e-08	-1.1726e-08	-1.1638e-08	-1.1933e-08	-1.2334e-08	-1.2632e-08	-1.2714e-08	-1.2652e-08	-1.2429e-08	-1.2345e-08	-1.2467e-08	-1.2458e-08
-8.7211e-09	-8.5918e-09	-8.667e-09	-8.5793e-09	-8.6445e-09	-8.536e-09	-8.332e-09	-8.4503e-09	-8.6629e-09	-8.7726e-09	-9.1381e-09	-9.5596e-09	-9.8402e-09	-9.8194e-09	-9.8252e-09	-9.7784e-09	-9.6257e-09	-9.396e-09	-9.3455e-09	-9.4937e-09	-9.5594e-09	-9.4974e-09	-9.2639e-09	-9.2705e-09	-9.1574e-09	-7.2864e-09	-1.9862e-09	5.7922e-09	1.4762e-08	2.4321e-08	3.4625e-08	4.5111e-08	5.5937e-08	6.6055e-08	7.5266e-08	8.2905e-08	9.0656e-08	9.7828e-08	1.0358e-07	1.066e-07	1.0638e-07	1.0397e-07	1.0206e-07	1.027e-07	1.025e-07	9.9535e-08	9.2672e-08	8.4521e-08	7.5742e-08	6.589e-08	5.6659e-08	4.7473e-08	3.8302e-08	2.9128e-08	2.0196e-08	1.1061e-08	2.574e-09	-4.0757e-09	-8.0865e-09	-1.0263e-08	-1.1342e-08	-1.1897e-08	-1.2002e-08	-1.1977e-08	-1.1794e-08	-1.1698e-08	-1.1611e-08	-1.1674e-08	-1.1596e-08	-1.1814e-08	-1.2139e-08	-1.2468e-08	-1.2556e-08	-1.254e-08	-1.2344e-08	-1.2199e-08	-1.2294e-08	-1.2278e-08
-8.7252e-09	-8.5386e-09	-8.4856e-09	-8.4136e-09	-8.4737e-09	-8.4738e-09	-8.3466e-09	-8.4345e-09	-8.634e-09	-8.7415e-09	-9.0648e-09	-9.4686e-09	-9.7522e-09	-9.7023e-09	-9.7037e-09	-9.6766e-09	-9.4912e-09	-9.2563e-09	-9.2465e-09	-9.3675e-09	-9.4235e-09	-9.4232e-09	-9.2544e-09	-9.2814e-09	-9.0485e-09	-6.8839e-09	-1.2754e-09	6.6922e-09	1.5825e-08	2.5478e-08	3.5866e-08	4.6463e-08	5.7408e-08	6.7334e-08	7.6412e-08	8.4067e-08	9.1805e-08	9.8837e-08	1.0437e-07	1.0701e-07	1.0646e-07	1.0399e-07	1.0241e-07	1.0304e-07	1.0244e-07	9.9059e-08	9.1941e-08	8.3756e-08	7.4948e-08	6.5105e-08	5.5882e-08	4.6683e-08	3.7481e-08	2.8321e-08	1.9416e-08	1.0285e-08	1.9517e-09	-4.4202e-09	-8.1529e-09	-1.018e-08	-1.1174e-08	-1.1703e-08	-1.1787e-08	-1.1748e-08	-1.1688e-08	-1.167e-08	-1.1582e-08	-1.165e-08	-1.1575e-08	-1.1722e-08	-1.1975e-08	-1.2317e-08	-1.2408e-08	-1.2449e-08	-1.2296e-08	-1.21e-08	-1.2152e-08	-1.2124e-08
-8.7522e-09	-8.5042e-09	-8.2993e-09	-8.2513e-09	-8.3128e-09	-8.4319e-09	-8.3948e-09	-8.4502e-09	-8.6285e-09	-8.7318e-09	-9.0057e-09	-9.3729e-09	-9.6418e-09	-9.5646e-09	-9.5636e-09	-9.5583e-09	-9.3426e-09	-9.1117e-09	-9.148e-09	-9.2394e-09	-9.2881e-09	-9.3489e-09	-9.2487e-09	-9.2871e-09	-8.9089e-09	-6.4201e-09	-5.1112e-10	7.6352e-09	1.6923e-08	2.6674e-08	3.7136e-08	4.7824e-08	5.8854e-08	6.8588e-08	7.7536e-08	8.5183e-08	9.2883e-08	9.977e-08	1.0507e-07	1.0733e-07	1.0646e-07	1.0395e-07	1.0271e-07	1.0329e-07	1.023e-07	9.8523e-08	9.1197e-08	8.2985e-08	7.4153e-08	6.4325e-08	5.5122e-08	4.5918e-08	3.6693e-08	2.7548e-08	1.8665e-08	9.539e-09	1.3548e-09	-4.7591e-09	-8.2389e-09	-1.0121e-08	-1.1023e-08	-1.1532e-08	-1.1611e-08	-1.1561e-08	-1.1619e-08	-1.168e-08	-1.1612e-08	-1.1665e-08	-1.1581e-08	-1.1665e-08	-1.1857e-08	-1.2191e-08	-1.2279e-08	-1.2387e-08	-1.2292e-08	-1.206e-08	-1.2053e-08	-1.2006e-08
-8.7913e-09	-8.4843e-09	-8.1215e-09	-8.1041e-09	-8.1718e-09	-8.4052e-09	-8.4634e-09	-8.4921e-09	-8.6447e-09	-8.7435e-09	-8.9672e-09	-9.2818e-09	-9.5191e-09	-9.4226e-09	-9.4229e-09	-9.4411e-09	-9.1997e-09	-8.9764e-09	-9.148e-09	-9.1152e-09	-9.1605e-09	-9.2739e-09	-9.239e-09	-9.2763e-09	-8.7304e-09	-5.8866e-09	3.1356e-10	8.6271e-09	1.8059e-08	2.7908e-08	3.8438e-08	4.9189e-08	6.0254e-08	6.9802e-08	7.8622e-08	8.6227e-08	9.3859e-08	1.006e-07	1.0567e-07	1.0755e-07	1.0636e-07	1.0383e-07	1.0292e-07	1.0345e-07	1.0208e-07	9.7931e-08	9.0444e-08	8.2206e-08	7.3354e-08	6.3546e-08	5.4381e-08	4.5182e-08	3.5946e-08	2.6813e-08	1.7944e-08	8.8267e-09	7.8303e-10	-5.1011e-09	-8.3629e-09	-1.0108e-08	-1.0908e-08	-1.1403e-08	-1.1496e-08	-1.1439e-08	-1.1585e-08	-1.172e-08	-1.1692e-08	-1.1712e-08	-1.1609e-08	-1.1641e-08	-1.1783e-08	-1.209e-08	-1.2172e-08	-1.235e-08	-1.2324e-08	-1.2071e-08	-1.1992e-08	-1.1922e-08
-8.8317e-09	-8.4744e-09	-7.9657e-09	-7.9838e-09	-8.0608e-09	-8.388e-09	-8.5393e-09	-8.555e-09	-8.6812e-09	-8.7765e-09	-8.9556e-09	-9.2047e-09	-9.3941e-09	-9.2929e-09	-9.2993e-09	-9.3424e-09	-9.0821e-09	-8.8646e-09	-9.0551e-09	-9.0008e-09	-9.0479e-09	-9.198e-09	-9.217e-09	-9.2379e-09	-8.5045e-09	-5.2753e-09	1.2055e-09	9.6741e-09	1.9233e-08	2.9181e-08	3.9774e-08	5.0551e-08	6.1589e-08	7.0966e-08	7.9658e-08	8.7177e-08	9.4709e-08	1.0131e-07	1.0613e-07	1.0764e-07	1.0616e-07	1.0361e-07	1.0301e-07	1.0347e-07	1.0177e-07	9.7284e-08	8.9685e-08	8.1416e-08	7.2546e-08	6.277e-08	5.3656e-08	4.4471e-08	3.5236e-08	2.6112e-08	1.7248e-08	8.145e-09	2.3547e-10	-5.4447e-09	-8.5224e-09	-1.0138e-08	-1.083e-08	-1.1317e-08	-1.1441e-08	-1.1378e-08	-1.1575e-08	-1.1779e-08	-1.1805e-08	-1.1781e-08	-1.1651e-08	-1.164e-08	-1.1743e-08	-1.2008e-08	-1.2083e-08	-1.2331e-08	-1.2377e-08	-1.2114e-08	-1.1958e-08	-1.1862e-08
-8.8627e-09	-8.4699e-09	-7.8456e-09	-7.9022e-09	-7.9898e-09	-8.3752e-09	-8.6094e-09	-8.6339e-09	-8.7365e-09	-8.8308e-09	-8.9773e-09	-9.1508e-09	-9.277e-09	-9.1916e-09	-9.2107e-09	-9.2794e-09	-9.0094e-09	-8.7904e-09	-8.9732e-09	-8.9016e-09	-8.9568e-09	-9.1208e-09	-9.1755e-09	-9.1617e-09	-8.224e-09	-4.5799e-09	2.1698e-09	1.0781e-08	2.0446e-08	3.0494e-08	4.1143e-08	5.1905e-08	6.2838e-08	7.2067e-08	8.064e-08	8.8037e-08	9.5439e-08	1.019e-07	1.0647e-07	1.0764e-07	1.0587e-07	1.0332e-07	1.0299e-07	1.0338e-07	1.0138e-07	9.6598e-08	8.8929e-08	8.0619e-08	7.1732e-08	6.1998e-08	5.2941e-08	4.3776e-08	3.4552e-08	2.5434e-08	1.6567e-08	7.4854e-09	-2.8952e-10	-5.7823e-09	-8.7032e-09	-1.0197e-08	-1.078e-08	-1.1264e-08	-1.1428e-08	-1.1364e-08	-1.1581e-08	-1.1844e-08	-1.1932e-08	-1.186e-08	-1.1699e-08	-1.1655e-08	-1.1726e-08	-1.1942e-08	-1.2011e-08	-1.232e-08	-1.2435e-08	-1.2169e-08	-1.1937e-08	-1.1816e-08
-8.8734e-09	-8.4665e-09	-7.7745e-09	-7.8697e-09	-7.9674e-09	-8.362e-09	-8.6616e-09	-8.7235e-09	-8.8086e-09	-8.906e-09	-9.0376e-09	-9.1284e-09	-9.1772e-09	-9.1336e-09	-9.1729e-09	-9.2676e-09	-8.9987e-09	-8.766e-09	-8.9068e-09	-8.8182e-09	-8.8866e-09	-9.0423e-09	-9.1147e-09	-9.0495e-09	-7.8922e-09	-3.8116e-09	3.195e-09	1.1936e-08	2.1686e-08	3.1833e-08	4.2534e-08	5.3243e-08	6.4001e-08	7.3105e-08	8.1574e-08	8.8825e-08	9.6078e-08	1.0241e-07	1.0672e-07	1.0755e-07	1.0551e-07	1.0298e-07	1.029e-07	1.032e-07	1.0095e-07	9.5891e-08	8.8183e-08	7.9825e-08	7.0919e-08	6.1232e-08	5.2231e-08	4.3091e-08	3.3884e-08	2.4771e-08	1.5891e-08	6.8399e-09	-7.9355e-10	-6.1067e-09	-8.8911e-09	-1.027e-08	-1.0749e-08	-1.1236e-08	-1.144e-08	-1.1381e-08	-1.1594e-08	-1.1901e-08	-1.2053e-08	-1.1937e-08	-1.1745e-08	-1.1676e-08	-1.1722e-08	-1.1887e-08	-1.1953e-08	-1.231e-08	-1.2483e-08	-1.2217e-08	-1.1917e-08	-1.1773e-08
-8.8541e-09	-8.4601e-09	-7.7644e-09	-7.8848e-09	-7.9913e-09	-8.3491e-09	-8.694e-09	-8.8179e-09	-8.8928e-09	-8.9984e-09	-9.1311e-09	-9.1368e-09	-9.0984e-09	-9.1178e-09	-9.1828e-09	-9.3013e-09	-9.0438e-09	-8.7864e-09	-8.8555e-09	-8.7487e-09	-8.8325e-09	-8.9628e-09	-9.0391e-09	-8.9093e-09	-7.5185e-09	-2.9915e-09	4.2603e-09	1.312e-08	2.2939e-08	3.318e-08	4.3923e-08	5.4556e-08	6.5089e-08	7.4083e-08	8.2464e-08	8.9561e-08	9.6652e-08	1.0284e-07	1.069e-07	1.0741e-07	1.0513e-07	1.0264e-07	1.0277e-07	1.0298e-07	1.0049e-07	9.5184e-08	8.7455e-08	7.9041e-08	7.0114e-08	6.0474e-08	5.1522e-08	4.2406e-08	3.3223e-08	2.4113e-08	1.5208e-08	6.2003e-09	-1.2782e-09	-6.4103e-09	-9.0717e-09	-1.0343e-08	-1.0729e-08	-1.1223e-08	-1.1462e-08	-1.1414e-08	-1.1603e-08	-1.1937e-08	-1.2151e-08	-1.2e-08	-1.178e-08	-1.1695e-08	-1.172e-08	-1.1837e-08	-1.1907e-08	-1.2292e-08	-1.2503e-08	-1.2239e-08	-1.1884e-08	-1.1723e-08
-8.8058e-09	-8.4509e-09	-7.8124e-09	-7.9394e-09	-8.0526e-09	-8.3402e-09	-8.7102e-09	-8.9106e-09	-8.983e-09	-9.1021e-09	-9.2463e-09	-9.1701e-09	-9.0407e-09	-9.1347e-09	-9.2265e-09	-9.3638e-09	-9.1252e-09	-8.837e-09	-8.8156e-09	-8.691e-09	-8.79e-09	-8.8824e-09	-8.9534e-09	-8.7495e-09	-7.1122e-09	-2.1409e-09	5.3446e-09	1.4316e-08	2.4189e-08	3.4515e-08	4.529e-08	5.5834e-08	6.6111e-08	7.5007e-08	8.3315e-08	9.0264e-08	9.7189e-08	1.0324e-07	1.0703e-07	1.0725e-07	1.0476e-07	1.0233e-07	1.0264e-07	1.0274e-07	1.0004e-07	9.4497e-08	8.6753e-08	7.8275e-08	6.9324e-08	5.9726e-08	5.081e-08	4.1714e-08	3.2557e-08	2.345e-08	1.4509e-08	5.5583e-09	-1.7452e-09	-6.6857e-09	-9.2308e-09	-1.0402e-08	-1.0711e-08	-1.1217e-08	-1.1476e-08	-1.1446e-08	-1.1598e-08	-1.1941e-08	-1.2206e-08	-1.2038e-08	-1.1796e-08	-1.1704e-08	-1.1709e-08	-1.1788e-08	-1.1871e-08	-1.2257e-08	-1.2481e-08	-1.2215e-08	-1.1828e-08	-1.1656e-08
-8.735e-09	-8.4414e-09	-7.9072e-09	-8.0251e-09	-8.1426e-09	-8.3393e-09	-8.714e-09	-8.9954e-09	-9.0728e-09	-9.2114e-09	-9.3717e-09	-9.2223e-09	-9.0044e-09	-9.1743e-09	-9.2903e-09	-9.4379e-09	-9.2233e-09	-8.903e-09	-8.7836e-09	-8.6432e-09	-8.754e-09	-8.8014e-09	-8.862e-09	-8.5783e-09	-6.6827e-09	-1.2808e-09	6.4272e-09	1.5502e-08	2.5419e-08	3.5819e-08	4.6613e-08	5.707e-08	6.7078e-08	7.5881e-08	8.4131e-08	9.0953e-08	9.7716e-08	1.0362e-07	1.0714e-07	1.0709e-07	1.0442e-07	1.0208e-07	1.0254e-07	1.0252e-07	9.9616e-08	9.3851e-08	8.6086e-08	7.7535e-08	6.8557e-08	5.8989e-08	5.0088e-08	4.1008e-08	3.1878e-08	2.2772e-08	1.3783e-08	4.9057e-09	-2.1959e-09	-6.9256e-09	-9.3542e-09	-1.043e-08	-1.0686e-08	-1.1208e-08	-1.1465e-08	-1.1462e-08	-1.1572e-08	-1.1899e-08	-1.2199e-08	-1.2039e-08	-1.1785e-08	-1.1693e-08	-1.168e-08	-1.1735e-08	-1.1842e-08	-1.2197e-08	-1.2401e-08	-1.2127e-08	-1.1734e-08	-1.1562e-08
-8.6485e-09	-8.4344e-09	-8.0377e-09	-8.1336e-09	-8.2524e-09	-8.3502e-09	-8.7089e-09	-9.0659e-09	-9.1559e-09	-9.3206e-09	-9.4959e-09	-9.2878e-09	-8.9898e-09	-9.227e-09	-9.3602e-09	-9.5068e-09	-9.3185e-09	-8.9696e-09	-8.7561e-09	-8.6033e-09	-8.7201e-09	-8.7201e-09	-8.7695e-09	-8.4038e-09	-6.2394e-09	-4.3257e-10	7.4872e-09	1.6661e-08	2.6614e-08	3.7074e-08	4.7871e-08	5.8255e-08	6.7999e-08	7.671e-08	8.4917e-08	9.1646e-08	9.8261e-08	1.04e-07	1.0726e-07	1.0695e-07	1.0414e-07	1.0193e-07	1.0251e-07	1.0235e-07	9.9245e-08	9.3265e-08	8.5462e-08	7.683e-08	6.782e-08	5.8266e-08	4.9352e-08	4.0279e-08	3.1175e-08	2.2071e-08	1.3019e-08	4.2344e-09	-2.6322e-09	-7.1224e-09	-9.4276e-09	-1.0414e-08	-1.0645e-08	-1.1186e-08	-1.1414e-08	-1.1447e-08	-1.1518e-08	-1.1806e-08	-1.2123e-08	-1.1998e-08	-1.1743e-08	-1.1658e-08	-1.1626e-08	-1.1675e-08	-1.1818e-08	-1.2107e-08	-1.2258e-08	-1.1968e-08	-1.1599e-08	-1.1436e-08
-8.5529e-09	-8.4325e-09	-8.1924e-09	-8.1336e-09	-8.3733e-09	-8.3768e-09	-8.6988e-09	-9.1157e-09	-9.2261e-09	-9.424e-09	-9.6071e-09	-9.3604e-09	-8.9971e-09	-9.283e-09	-9.4224e-09	-9.5534e-09	-9.3914e-09	-9.022e-09	-8.7294e-09	-8.5693e-09	-8.6833e-09	-8.6387e-09	-8.6805e-09	-8.2344e-09	-5.7917e-09	3.8275e-10	8.5035e-09	1.7772e-08	2.7757e-08	3.826e-08	4.904e-08	5.9379e-08	6.8884e-08	7.7497e-08	8.5679e-08	9.2363e-08	9.8851e-08	1.0442e-07	1.0741e-07	1.0688e-07	1.0397e-07	1.0191e-07	1.0257e-07	1.0227e-07	9.8952e-08	9.2759e-08	8.4889e-08	7.6167e-08	6.7118e-08	5.7559e-08	4.8605e-08	3.9527e-08	3.0445e-08	2.1342e-08	1.2217e-08	3.5453e-09	-3.0527e-09	-7.274e-09	-9.446e-09	-1.0348e-08	-1.0584e-08	-1.1148e-08	-1.1316e-08	-1.1394e-08	-1.1518e-08	-1.1672e-08	-1.1991e-08	-1.192e-08	-1.1676e-08	-1.1602e-08	-1.1551e-08	-1.1607e-08	-1.1791e-08	-1.1993e-08	-1.2063e-08	-1.1753e-08	-1.143e-08	-1.1285e-08
-8.455e-09	-8.4381e-09	-8.3602e-09	-8.2568e-09	-8.4963e-09	-8.4228e-09	-8.6873e-09	-9.1385e-09	-9.2769e-09	-9.5158e-09	-9.6941e-09	-9.4344e-09	-9.0266e-09	-9.3324e-09	-9.4629e-09	-9.5606e-09	-9.4223e-09	-9.0455e-09	-8.7e-09	-8.5392e-09	-8.639e-09	-8.5574e-09	-8.5994e-09	-8.0782e-09	-5.3488e-09	1.1441e-09	9.4556e-09	1.8817e-08	2.8833e-08	3.9358e-08	5.0101e-08	6.0434e-08	6.9744e-08	7.8248e-08	8.6416e-08	9.3107e-08	9.9491e-08	1.0488e-07	1.076e-07	1.0687e-07	1.039e-07	1.0203e-07	1.0275e-07	1.0228e-07	9.8747e-08	9.2339e-08	8.4368e-08	7.5549e-08	6.6458e-08	5.6874e-08	4.7858e-08	3.8765e-08	2.97e-08	2.0594e-08	1.1393e-08	2.8535e-09	-3.4521e-09	-7.3864e-09	-9.4182e-09	-1.0241e-08	-1.0505e-08	-1.1093e-08	-1.1184e-08	-1.1311e-08	-1.1441e-08	-1.1506e-08	-1.1816e-08	-1.1815e-08	-1.159e-08	-1.159e-08	-1.1529e-08	-1.1459e-08	-1.1531e-08	-1.1758e-08	-1.1859e-08	-1.1831e-08	-1.1498e-08	-1.1237e-08
-8.3615e-09	-8.454e-09	-8.5296e-09	-8.3862e-09	-8.6128e-09	-8.492e-09	-8.6781e-09	-9.1281e-09	-9.3022e-09	-9.5903e-09	-9.7454e-09	-9.5038e-09	-9.0783e-09	-9.3656e-09	-9.4681e-09	-9.5116e-09	-9.3919e-09	-9.0255e-09	-8.6644e-09	-8.5106e-09	-8.5847e-09	-8.4768e-09	-8.5281e-09	-7.9368e-09	-4.9141e-09	1.8435e-09	1.0334e-08	1.9788e-08	2.9836e-08	4.0363e-08	5.1049e-08	6.1417e-08	7.0583e-08	7.8964e-08	7.9648e-08	8.7124e-08	9.3858e-08	1.0016e-07	1.0535e-07	1.078e-07	1.0691e-07	1.0392e-07	1.0227e-07	1.0301e-07	1.0237e-07	9.8607e-08	9.1988e-08	8.3893e-08	7.4975e-08	6.5258e-08	5.6217e-08	4.7124e-08	3.8006e-08	2.895e-08	1.9837e-08	1.0563e-08	2.1751e-09	-3.8246e-09	-7.4664e-09	-9.3548e-09	-1.0103e-08	-1.0411e-08	-1.1023e-08	-1.1032e-08	-1.1205e-08	-1.1233e-08	-1.132e-08	-1.161e-08	-1.1687e-08	-1.1488e-08	-1.144e-08	-1.1355e-08	-1.1446e-08	-1.1713e-08	-1.1709e-08	-1.1575e-08	-1.122e-08	-1.103e-08
-8.0148e-09	-8.2791e-09	-8.4826e-09	-8.6896e-09	-8.6305e-09	-8.7155e-09	-8.5822e-09	-8.6718e-09	-9.0824e-09	-9.2982e-09	-9.642e-09	-9.7547e-09	-9.5625e-09	-9.1478e-09	-9.3761e-09	-9.4313e-09	-9.401e-09	-9.2934e-09	-8.9562e-09	-8.5673e-09	-8.4808e-09	-8.5214e-09	-8.3982e-09	-8.464e-09	-7.8017e-09	-4.4814e-09	2.4932e-09	1.115e-08	2.0693e-08	3.0774e-08	4.1287e-08	5.1906e-08	6.2339e-08	7.1399e-08	8.0298e-08	8.7798e-08	9.4596e-08	1.0082e-07	1.0581e-07	1.08e-07	1.0697e-07	1.04e-07	1.0259e-07	1.0334e-07	1.0251e-07	9.8512e-08	9.1687e-08	8.3454e-08	7.4441e-08	6.4718e-08	5.5595e-08	4.6416e-08	3.7265e-08	2.8207e-08	1.9079e-08	9.7436e-09	1.5265e-09	-4.1644e-09	-7.5206e-09	-9.2659e-09	-9.943e-09	-1.0305e-08	-1.0939e-08	-1.0873e-08	-1.1086e-08	-1.111e-08	-1.1123e-08	-1.1386e-08	-1.1545e-08	-1.1378e-08	-1.134e-08	-1.1242e-08	-1.135e-08	-1.1651e-08	-1.1548e-08	-1.1309e-08	-1.0935e-08	-1.0816e-08
-7.9972e-09	-8.2107e-09	-8.522e-09	-8.8291e-09	-8.727e-09	-8.8004e-09	-8.6818e-09	-8.6647e-09	-9.0062e-09	-9.2651e-09	-9.6659e-09	-9.7244e-09	-9.6041e-09	-9.2229e-09	-9.3622e-09	-9.3568e-09	-9.2411e-09	-9.1404e-09	-8.8463e-09	-8.5051e-09	-8.4469e-09	-8.4503e-09	-8.3228e-09	-8.4042e-09	-7.6633e-09	-4.0438e-09	3.1073e-09	1.1914e-08	2.1542e-08	3.1657e-08	4.2147e-08	5.2697e-08	6.3206e-08	7.2186e-08	8.0915e-08	8.8431e-08	9.5298e-08	1.0145e-07	1.0624e-07	1.0817e-07	1.0703e-07	1.0411e-07	1.0295e-07	1.037e-07	1.0267e-07	9.8437e-08	9.1418e-08	8.3043e-08	7.3943e-08	6.4218e-08	5.5012e-08	4.5748e-08	3.6554e-08	2.7482e-08	1.833e-08	8.9521e-09	9.2394e-10	-4.4658e-09	-7.5558e-09	-9.1619e-09	-9.7713e-09	-1.0191e-08	-1.0843e-08	-1.0722e-08	-1.0962e-08	-1.0979e-08	-1.0925e-08	-1.1159e-08	-1.1395e-08	-1.1264e-08	-1.1232e-08	-1.1124e-08	-1.1244e-08	-1.1565e-08	-1.1382e-08	-1.1047e-08	-1.066e-08	-1.0606e-08
-7.9989e-09	-8.1537e-09	-8.5625e-09	-8.9383e-09	-8.7938e-09	-8.8632e-09	-8.7781e-09	-8.6523e-09	-8.9049e-09	-9.2033e-09	-9.6571e-09	-9.6573e-09	-9.622e-09	-9.2907e-09	-9.3229e-09	-9.2502e-09	-9.046e-09	-8.948e-09	-8.7056e-09	-8.4334e-09	-8.4058e-09	-8.3728e-09	-8.2518e-09	-8.3457e-09	-7.5121e-09	-3.5943e-09	3.7e-09	1.2639e-08	2.2344e-08	3.2494e-08	4.2959e-08	5.3445e-08	6.403e-08	7.2941e-08	8.1498e-08	8.9019e-08	9.5942e-08	1.0202e-07	1.066e-07	1.083e-07	1.0708e-07	1.0422e-07	1.0333e-07	1.0406e-07	1.0284e-07	9.836e-08	9.1162e-08	8.2652e-08	7.3478e-08	6.3757e-08	5.4475e-08	4.5132e-08	3.5887e-08	2.6787e-08	1.7597e-08	8.205e-09	3.8369e-10	-4.7229e-09	-7.5787e-09	-9.0532e-09	-9.5979e-09	-1.0072e-08	-1.0736e-08	-1.0591e-08	-1.084e-08	-1.0846e-08	-1.0737e-08	-1.0942e-08	-1.1245e-08	-1.1152e-08	-1.1118e-08	-1.1006e-08	-1.1126e-08	-1.145e-08	-1.1214e-08	-1.0801e-08	-1.0411e-08	-1.0409e-08
-8.0143e-09	-8.1047e-09	-8.594e-09	-9.0071e-09	-8.8213e-09	-8.9001e-09	-8.8586e-09	-8.6302e-09	-8.784e-09	-9.1135e-09	-9.6104e-09	-9.5564e-09	-9.6097e-09	-9.3384e-09	-9.2572e-09	-9.117e-09	-8.8297e-09	-8.7315e-09	-8.5439e-09	-8.352e-09	-8.3547e-09	-8.2901e-09	-8.1863e-09	-8.2856e-09	-7.3386e-09	-3.1259e-09	4.2855e-09	1.3335e-08	2.3111e-08	3.3295e-08	4.3739e-08	5.4177e-08	6.482e-08	7.3661e-08	8.2049e-08	8.9556e-08	9.6507e-08	1.025e-07	1.0688e-07	1.0835e-07	1.0708e-07	1.0432e-07	1.037e-07	1.0441e-07	1.0299e-07	9.8259e-08	9.0899e-08	8.2272e-08	7.3042e-08	6.3335e-08	5.399e-08	4.4581e-08	3.5277e-08	2.6133e-08	1.6892e-08	7.5191e-09	-7.796e-11	-4.9299e-09	-7.5959e-09	-8.9499e-09	-9.4324e-09	-9.9506e-09	-1.062e-08	-1.0494e-08	-1.0731e-08	-1.0713e-08	-1.0568e-08	-1.0745e-08	-1.1102e-08	-1.1047e-08	-1.1002e-08	-1.0891e-08	-1.0998e-08	-1.1304e-08	-1.1049e-08	-1.0585e-08	-1.0202e-08	-1.0233e-08
-8.0378e-09	-8.0605e-09	-8.6064e-09	-9.0257e-09	-8.8e-09	-8.9069e-09	-8.9109e-09	-8.5942e-09	-8.6489e-09	-8.996e-09	-9.521e-09	-9.4247e-09	-9.5608e-09	-9.3533e-09	-9.164e-09	-8.9626e-09	-8.6064e-09	-8.5061e-09	-8.371e-09	-8.2606e-09	-8.2907e-09	-8.2035e-09	-8.1278e-09	-8.221e-09	-7.1333e-09	-2.6317e-09	4.8779e-09	1.4015e-08	2.3851e-08	3.407e-08	4.4501e-08	5.4917e-08	6.5584e-08	7.4341e-08	8.2566e-08	9.0036e-08	9.697e-08	1.0285e-07	1.0705e-07	1.083e-07	1.0703e-07	1.0436e-07	1.0401e-07	1.047e-07	1.031e-07	9.811e-08	9.0611e-08	8.1894e-08	7.2633e-08	6.2949e-08	5.3558e-08	4.4103e-08	3.4735e-08	2.5527e-08	1.6218e-08	6.9066e-09	-4.4987e-10	-5.0837e-09	-7.6135e-09	-8.861e-09	-9.2838e-09	-9.8302e-09	-1.0496e-08	-1.0443e-08	-1.0639e-08	-1.0586e-08	-1.0422e-08	-1.0575e-08	-1.0967e-08	-1.0948e-08	-1.0885e-08	-1.078e-08	-1.086e-08	-1.1133e-08	-1.0889e-08	-1.04e-08	-1.0036e-08	-1.0082e-08
-8.064e-09	-8.0178e-09	-8.5896e-09	-8.9839e-09	-8.7202e-09	-8.8796e-09	-8.9224e-09	-8.5399e-09	-8.505e-09	-8.8516e-09	-9.3838e-09	-9.2651e-09	-9.4686e-09	-9.3225e-09	-9.0422e-09	-8.7925e-09	-8.39e-09	-8.2871e-09	-8.1968e-09	-8.159e-09	-8.2109e-09	-8.1144e-09	-8.0773e-09	-8.149e-09	-6.8868e-09	-2.1045e-09	5.4915e-09	1.469e-08	2.4575e-08	3.4829e-08	4.5263e-08	5.5689e-08	6.6333e-08	7.4978e-08	8.3051e-08	9.0458e-08	9.7317e-08	1.0308e-07	1.0709e-07	1.0814e-07	1.0689e-07	1.0434e-07	1.0424e-07	1.0492e-07	1.0315e-07	9.7896e-08	9.0283e-08	8.151e-08	7.2244e-08	6.2949e-08	5.3166e-08	4.3683e-08	3.4244e-08	2.4958e-08	1.5569e-08	6.3563e-09	-7.4652e-10	-5.194e-09	-7.6327e-09	-8.7876e-09	-9.155e-09	-9.7153e-09	-1.037e-08	-1.0432e-08	-1.0567e-08	-1.0469e-08	-1.0303e-08	-1.0434e-08	-1.0842e-08	-1.0853e-08	-1.0768e-08	-1.0671e-08	-1.0718e-08	-1.0946e-08	-1.0738e-08	-1.0245e-08	-9.9109e-09	-9.9562e-09
-8.0874e-09	-7.9733e-09	-8.5335e-09	-8.8719e-09	-8.5724e-09	-8.8142e-09	-8.8805e-09	-8.4629e-09	-8.3577e-09	-8.6806e-09	-9.1938e-09	-9.0805e-09	-9.3267e-09	-9.2332e-09	-8.8906e-09	-8.6122e-09	-8.1947e-09	-8.0896e-09	-8.0311e-09	-8.0475e-09	-8.1135e-09	-8.0241e-09	-8.0357e-09	-8.0671e-09	-6.5918e-09	-1.5397e-09	6.1374e-09	1.5371e-08	2.5292e-08	3.558e-08	4.6036e-08	5.6512e-08	6.7074e-08	7.5568e-08	8.3508e-08	9.083e-08	9.7571e-08	1.0319e-07	1.0702e-07	1.0791e-07	1.0669e-07	1.0427e-07	1.0441e-07	1.0507e-07	1.0313e-07	9.7621e-08	8.9915e-08	8.1118e-08	7.1869e-08	6.2587e-08	5.2791e-08	4.3293e-08	3.3783e-08	2.4408e-08	1.4932e-08	5.8499e-09	-9.9042e-10	-5.2746e-09	-7.6538e-09	-8.7284e-09	-9.0476e-09	-9.6106e-09	-1.0248e-08	-1.0451e-08	-1.051e-08	-1.0366e-08	-1.0212e-08	-1.0325e-08	-1.0731e-08	-1.0761e-08	-1.0652e-08	-1.0565e-08	-1.0574e-08	-1.0755e-08	-1.0598e-08	-1.0121e-08	-9.8265e-09	-9.8585e-09
-8.1023e-09	-7.9239e-09	-8.4278e-09	-8.6798e-09	-8.3514e-09	-8.7083e-09	-8.7762e-09	-8.3602e-09	-8.2116e-09	-8.4848e-09	-8.9492e-09	-8.8747e-09	-9.1316e-09	-9.0768e-09	-8.71e-09	-8.4272e-09	-8.0321e-09	-7.9265e-09	-7.8824e-09	-7.9296e-09	-8.0027e-09	-7.9345e-09	-8.0012e-09	-7.975e-09	-6.2533e-09	-9.4281e-10	6.8122e-09	1.6058e-08	2.6006e-08	3.6326e-08	4.682e-08	5.7375e-08	6.7802e-08	7.6117e-08	8.3942e-08	9.1168e-08	9.7764e-08	1.0324e-07	1.0691e-07	1.0762e-07	1.0646e-07	1.0418e-07	1.0454e-07	1.0518e-07	1.0306e-07	9.7297e-08	8.9514e-08	8.0714e-08	7.1495e-08	6.2231e-08	5.2415e-08	4.2911e-08	3.3329e-08	2.386e-08	1.4294e-08	5.3692e-09	-1.204e-09	-5.3393e-09	-7.6768e-09	-8.6822e-09	-8.963e-09	-9.5209e-09	-1.0134e-08	-1.0491e-08	-1.0467e-08	-1.0281e-08	-1.0152e-08	-1.0252e-08	-1.0634e-08	-1.0669e-08	-1.0538e-08	-1.0461e-08	-1.0433e-08	-1.0569e-08	-1.047e-08	-1.0026e-08	-9.7814e-09	-9.7903e-09
-8.104e-09	-7.8668e-09	-8.266e-09	-8.4025e-09	-8.0726e-09	-8.5678e-09	-8.618e-09	-8.2345e-09	-8.0676e-09	-8.2721e-09	-8.6636e-09	-8.6548e-09	-8.8947e-09	-8.8653e-09	-8.5085e-09	-8.2431e-09	-7.9023e-09	-7.7978e-09	-7.7524e-09	-7.8095e-09	-7.8842e-09	-7.8479e-09	-7.9712e-09	-7.8733e-09	-5.88e-09	-3.2282e-10	7.508e-09	1.6752e-08	2.6717e-08	3.7069e-08	4.7608e-08	5.8258e-08	6.8511e-08	7.663e-08	8.4358e-08	9.1485e-08	9.7931e-08	1.0326e-07	1.0677e-07	1.0734e-07	1.0621e-07	1.0409e-07	1.0466e-07	1.0526e-07	1.0295e-07	9.6935e-08	8.9087e-08	8.0296e-08	7.1112e-08	6.1866e-08	5.2016e-08	4.2512e-08	3.2861e-08	2.3294e-08	1.3643e-08	4.8958e-09	-1.4099e-09	-5.4018e-09	-7.7019e-09	-8.6479e-09	-8.9024e-09	-9.451e-09	-1.0037e-08	-1.0541e-08	-1.0435e-08	-1.0219e-08	-1.0128e-08	-1.0216e-08	-1.0553e-08	-1.0576e-08	-1.0427e-08	-1.0357e-08	-1.0298e-08	-1.0398e-08	-1.0357e-08	-9.961e-09	-9.7744e-09	-9.7534e-09
-8.0917e-09	-7.803e-09	-8.0595e-09	-8.0603e-09	-7.7584e-09	-8.4012e-09	-8.42e-09	-8.0909e-09	-7.9254e-09	-8.0523e-09	-8.3555e-09	-8.4294e-09	-8.632e-09	-8.6174e-09	-8.2971e-09	-8.0657e-09	-7.802e-09	-7.6997e-09	-7.6407e-09	-7.6917e-09	-7.7641e-09	-7.7664e-09	-7.9432e-09	-7.7624e-09	-5.4805e-09	3.1131e-10	8.217e-09	1.7452e-08	2.7429e-08	3.7809e-08	4.8394e-08	5.9141e-08	6.9193e-08	7.7115e-08	8.4762e-08	9.1797e-08	9.8104e-08	1.0331e-07	1.0667e-07	1.0709e-07	1.0598e-07	1.0402e-07	1.0479e-07	1.0533e-07	1.028e-07	9.6547e-08	8.8639e-08	7.9862e-08	7.0709e-08	6.1475e-08	5.1573e-08	4.207e-08	3.2356e-08	2.2694e-08	1.2967e-08	4.4113e-09	-1.6304e-09	-5.4761e-09	-7.729e-09	-8.624e-09	-8.8675e-09	-9.4057e-09	-9.9606e-09	-1.0591e-08	-1.0412e-08	-1.0185e-08	-1.014e-08	-1.0221e-08	-1.049e-08	-1.048e-08	-1.032e-08	-1.0254e-08	-1.0172e-08	-1.0253e-08	-1.0261e-08	-9.9241e-09	-9.8043e-09	-9.7493e-09
-8.0658e-09	-7.7345e-09	-7.8251e-09	-7.6811e-09	-7.4309e-09	-8.217e-09	-8.196e-09	-7.9339e-09	-7.7846e-09	-7.8352e-09	-8.0434e-09	-8.2068e-09	-8.3597e-09	-8.3518e-09	-8.0866e-09	-7.9007e-09	-7.7275e-09	-7.6285e-09	-7.5468e-09	-7.5806e-09	-7.6482e-09	-7.6921e-09	-7.9146e-09	-7.6429e-09	-5.0634e-09	9.5062e-10	8.9311e-09	1.8157e-08	2.8143e-08	3.8548e-08	4.9172e-08	6.0005e-08	6.9842e-08	7.7577e-08	8.5158e-08	9.2118e-08	9.8318e-08	1.0343e-07	1.0663e-07	1.0691e-07	1.0579e-07	1.0402e-07	1.0495e-07	1.0539e-07	1.0262e-07	9.6144e-08	8.8177e-08	7.9409e-08	7.0276e-08	6.1042e-08	5.1067e-08	4.1561e-08	3.1793e-08	2.2042e-08	1.2251e-08	3.8975e-09	-1.8882e-09	-5.5758e-09	-7.7584e-09	-8.6096e-09	-8.8594e-09	-9.3896e-09	-9.9119e-09	-1.0632e-08	-1.0394e-08	-1.0181e-08	-1.0192e-08	-1.027e-08	-1.0447e-08	-1.038e-08	-1.0217e-08	-1.0151e-08	-1.006e-08	-1.0142e-08	-1.0185e-08	-9.9151e-09	-9.8698e-09	-9.7797e-09
-8.0264e-09	-7.6631e-09	-7.5798e-09	-7.2931e-09	-7.1123e-09	-8.0237e-09	-7.9601e-09	-7.7685e-09	-7.6448e-09	-7.6306e-09	-7.7458e-09	-7.9954e-09	-8.0939e-09	-8.0871e-09	-7.8878e-09	-7.7537e-09	-7.6754e-09	-7.5805e-09	-7.4703e-09	-7.4805e-09	-7.5424e-09	-7.6272e-09	-7.8829e-09	-7.5153e-09	-4.6375e-09	1.5862e-09	9.6425e-09	1.8866e-08	2.8861e-08	3.9288e-08	4.9936e-08	6.0827e-08	7.045e-08	7.8023e-08	8.5553e-08	9.2462e-08	9.8606e-08	1.0366e-07	1.0671e-07	1.0685e-07	1.0567e-07	1.041e-07	1.0518e-07	1.0548e-07	1.0242e-07	9.5739e-08	8.7709e-08	7.8934e-08	6.9803e-08	6.055e-08	5.0477e-08	4.0961e-08	3.1149e-08	2.1321e-08	1.1486e-08	3.337e-09	-2.2046e-09	-5.7141e-09	-7.7901e-09	-8.6033e-09	-8.8796e-09	-9.4072e-09	-9.8965e-09	-1.0654e-08	-1.0381e-08	-1.0207e-08	-1.0279e-08	-1.0356e-08	-1.0421e-08	-1.0276e-08	-1.0121e-08	-1.0051e-08	-9.9642e-09	-1.0068e-08	-1.0129e-08	-9.9315e-09	-9.9649e-09	-9.8407e-09
-7.9741e-09	-7.5909e-09	-7.3404e-09	-6.9241e-09	-6.8247e-09	-7.8298e-09	-7.7262e-09	-7.5995e-09	-7.5057e-09	-7.4483e-09	-7.4811e-09	-7.8037e-09	-7.8507e-09	-7.8419e-09	-7.7117e-09	-7.6304e-09	-7.6423e-09	-7.5518e-09	-7.4109e-09	-7.3958e-09	-7.4527e-09	-7.5739e-09	-7.8456e-09	-7.3799e-09	-4.2113e-09	2.209e-09	1.0343e-08	1.9579e-08	2.9586e-08	4.0029e-08	5.068e-08	6.159e-08	7.101e-08	7.8459e-08	8.5951e-08	9.2844e-08	9.9001e-08	1.0404e-07	1.0694e-07	1.0695e-07	1.0564e-07	1.043e-07	1.055e-07	1.056e-07	1.0222e-07	9.5342e-08	8.7239e-08	7.8436e-08	6.9278e-08	5.9983e-08	4.9802e-08	4.0268e-08	3.0423e-08	2.0529e-08	1.0672e-08	2.729e-09	-2.5808e-09	-5.8925e-09	-7.8259e-09	-8.6058e-09	-8.9266e-09	-9.4574e-09	-9.9138e-09	-1.0656e-08	-1.0371e-08	-1.0256e-08	-1.0388e-08	-1.0464e-08	-1.0408e-08	-1.0175e-08	-1.0034e-08	-9.9573e-09	-9.8882e-09	-1.0027e-08	-1.0093e-08	-9.969e-09	-1.008e-08	-9.9235e-09
-7.9091e-09	-7.5198e-09	-7.1239e-09	-6.6023e-09	-6.5904e-09	-7.6438e-09	-7.5083e-09	-7.4316e-09	-7.3669e-09	-7.298e-09	-7.2679e-09	-7.6399e-09	-7.6462e-09	-7.6348e-09	-7.5689e-09	-7.5367e-09	-7.6246e-09	-7.5386e-09	-7.368e-09	-7.3307e-09	-7.3847e-09	-7.534e-09	-7.8003e-09	-7.2374e-09	-3.7932e-09	2.8106e-09	1.1026e-08	2.0296e-08	3.0318e-08	4.0773e-08	5.1397e-08	6.2273e-08	7.1515e-08	7.8893e-08	8.5951e-08	9.3272e-08	9.9507e-08	1.0458e-07	1.0732e-07	1.0719e-07	1.057e-07	1.046e-07	1.059e-07	1.0576e-07	1.02e-07	9.4957e-08	8.677e-08	7.7914e-08	6.8702e-08	5.9342e-08	4.9059e-08	3.9498e-08	2.9629e-08	1.9682e-08	9.8251e-09	2.0888e-09	-2.9987e-09	-6.1008e-09	-7.8689e-09	-8.6191e-09	-8.9967e-09	-9.5336e-09	-9.9581e-09	-1.0641e-08	-1.0365e-08	-1.0318e-08	-1.0509e-08	-1.058e-08	-1.0401e-08	-1.0083e-08	-9.9588e-09	-9.8766e-09	-9.8348e-09	-1.0012e-08	-1.0076e-08	-1.0023e-08	-1.0204e-08	-1.0019e-08
-7.8319e-09	-7.4516e-09	-6.9472e-09	-6.3557e-09	-6.4308e-09	-7.4741e-09	-7.32e-09	-7.2697e-09	-7.2282e-09	-7.1893e-09	-7.1239e-09	-7.5122e-09	-7.4957e-09	-7.4838e-09	-7.4699e-09	-7.4777e-09	-7.6187e-09	-7.5371e-09	-7.3413e-09	-7.286e-09	-7.3392e-09	-7.507e-09	-7.7463e-09	-7.0858e-09	-3.3827e-09	3.3929e-09	1.1693e-08	2.1021e-08	3.1065e-08	4.1525e-08	5.2097e-08	6.2885e-08	7.1979e-08	7.9338e-08	8.6365e-08	9.3755e-08	1.0011e-07	1.0523e-07	1.078e-07	1.0753e-07	1.0583e-07	1.0498e-07	1.0636e-07	1.0636e-07	1.0593e-07	1.0177e-07	9.4579e-08	8.63e-08	7.7373e-08	6.8085e-08	5.7899e-08	4.8265e-08	3.8666e-08	2.8781e-08	1.8793e-08	8.9604e-09	1.4321e-09	-3.4397e-09	-6.3289e-09	-7.9223e-09	-8.6453e-09	-9.0861e-09	-9.629e-09	-1.0023e-08	-1.0617e-08	-1.0376e-08	-1.0387e-08	-1.0628e-08	-1.0688e-08	-1.0395e-08	-1.0004e-08	-9.8978e-09	-9.8133e-09	-9.8069e-09	-1.0018e-08	-1.0078e-08	-1.009e-08	-1.0327e-08
-7.7427e-09	-7.3884e-09	-6.8264e-09	-6.2111e-09	-6.3508e-09	-7.3257e-09	-7.1671e-09	-7.1178e-09	-7.1178e-09	-7.092e-09	-7.1228e-09	-7.0507e-09	-7.4215e-09	-7.4011e-09	-7.3912e-09	-7.4144e-09	-7.4507e-09	-7.6194e-09	-7.5419e-09	-7.3235e-09	-7.2594e-09	-7.3128e-09	-7.4896e-09	-7.6852e-09	-6.9213e-09	-2.9714e-09	3.9674e-09	1.2358e-08	2.1762e-08	3.1836e-08	4.2296e-08	5.2797e-08	6.3457e-08	7.2435e-08	7.9818e-08	8.7322e-08	9.4298e-08	1.0078e-07	1.0596e-07	1.0836e-07	1.0794e-07	1.0602e-07	1.0543e-07	1.0683e-07	1.061e-07	1.0154e-07	9.4204e-08	8.5827e-08	7.6816e-08	6.7436e-08	5.7127e-08	4.7435e-08	3.7792e-08	2.7896e-08	1.7878e-08	8.0934e-09	7.7472e-10	-3.8851e-09	-6.5664e-09	-7.9891e-09	-8.6866e-09	-9.1909e-09	-9.7369e-09	-1.0103e-08	-1.0588e-08	-1.0396e-08	-1.0454e-08	-1.0734e-08	-1.0775e-08	-1.0385e-08	-9.9447e-09	-9.8536e-09	-9.7726e-09	-9.8075e-09	-1.0041e-08	-1.0099e-08	-1.0165e-08	-1.044e-08
-7.742e-09	-7.6438e-09	-7.3306e-09	-6.7637e-09	-6.2162e-09	-6.3399e-09	-7.2008e-09	-7.0479e-09	-6.9795e-09	-6.9632e-09	-7.0914e-09	-7.0349e-09	-7.3622e-09	-7.3515e-09	-7.3452e-09	-7.3921e-09	-7.4455e-09	-7.6197e-09	-7.5461e-09	-7.3234e-09	-7.2482e-09	-7.3016e-09	-7.4784e-09	-7.6182e-09	-6.7402e-09	-2.5505e-09	4.5458e-09	1.3034e-08	2.2531e-08	3.264e-08	4.3095e-08	5.3517e-08	6.4024e-08	7.2916e-08	8.0355e-08	8.7903e-08	9.4906e-08	1.0151e-07	1.0672e-07	1.0893e-07	1.0837e-07	1.0623e-07	1.059e-07	1.073e-07	1.0624e-07	1.0128e-07	9.3828e-08	8.535e-08	7.6246e-08	6.6765e-08	5.6342e-08	4.6586e-08	3.6891e-08	2.6989e-08	1.6951e-08	7.2398e-09	1.3239e-10	-4.3162e-09	-6.803e-09	-8.0724e-09	-8.7452e-09	-9.3072e-09	-9.8505e-09	-1.0191e-08	-1.056e-08	-1.0426e-08	-1.0513e-08	-1.0814e-08	-1.0824e-08	-1.0365e-08	-9.9104e-09	-9.8289e-09	-9.7596e-09	-9.8396e-09	-1.0074e-08	-1.0138e-08	-1.0243e-08	-1.0531e-08
-7.5992e-09	-7.5391e-09	-7.2775e-09	-6.748e-09	-6.3257e-09	-6.3874e-09	-7.1015e-09	-6.9605e-09	-6.8583e-09	-6.8468e-09	-7.0877e-09	-7.0627e-09	-7.3283e-09	-7.3354e-09	-7.3334e-09	-7.3925e-09	-7.4516e-09	-7.6126e-09	-7.5428e-09	-7.3229e-09	-7.2501e-09	-7.302e-09	-7.4701e-09	-7.5468e-09	-6.5386e-09	-2.1114e-09	5.14e-09	1.3733e-08	2.3336e-08	3.3486e-08	4.3933e-08	5.4278e-08	6.4619e-08	7.3453e-08	8.097e-08	8.8579e-08	9.5587e-08	1.0228e-07	1.0748e-07	1.0949e-07	1.0878e-07	1.0646e-07	1.0637e-07	1.0774e-07	1.0634e-07	1.0102e-07	9.3445e-08	8.4867e-08	7.5668e-08	6.6082e-08	5.5559e-08	4.5736e-08	3.598e-08	2.6073e-08	1.6027e-08	6.4151e-09	-4.7915e-10	-4.7143e-09	-7.0283e-09	-8.1756e-09	-8.8231e-09	-9.4312e-09	-9.9632e-09	-1.0281e-08	-1.0539e-08	-1.047e-08	-1.0555e-08	-1.0858e-08	-1.0822e-08	-1.033e-08	-9.9067e-09	-9.8262e-09	-9.7793e-09	-9.9062e-09	-1.0112e-08	-1.0194e-08	-1.0321e-08	-1.0591e-08
-7.4506e-09	-7.4324e-09	-7.2284e-09	-6.7678e-09	-6.4791e-09	-6.4821e-09	-7.0296e-09	-6.9031e-09	-6.7577e-09	-6.7476e-09	-7.1041e-09	-7.1201e-09	-7.3139e-09	-7.3417e-09	-7.3432e-09	-7.405e-09	-7.4584e-09	-7.5911e-09	-7.5251e-09	-7.3174e-09	-7.2625e-09	-7.3102e-09	-7.4613e-09	-7.4725e-09	-6.3125e-09	-1.6452e-09	5.7619e-09	1.4468e-08	2.4186e-08	3.4385e-08	4.4819e-08	5.5098e-08	6.5275e-08	7.4079e-08	8.1686e-08	8.9371e-08	9.6345e-08	1.0306e-07	1.0819e-07	1.0998e-07	1.0911e-07	1.0668e-07	1.0683e-07	1.081e-07	1.0638e-07	1.0073e-07	9.3051e-08	8.4375e-08	7.5084e-08	6.5396e-08	5.4795e-08	4.4902e-08	3.5076e-08	2.5166e-08	1.5121e-08	5.6346e-09	-1.0441e-09	-5.0607e-09	-7.2322e-09	-8.3016e-09	-8.9225e-09	-9.559e-09	-1.0068e-08	-1.0367e-08	-1.0529e-08	-1.0526e-08	-1.0575e-08	-1.0856e-08	-1.076e-08	-1.0275e-08	-9.9353e-09	-9.8458e-09	-9.8333e-09	-1.0007e-08	-1.0152e-08	-1.0266e-08	-1.0395e-08	-1.0613e-08
-7.3061e-09	-7.3276e-09	-7.1824e-09	-6.8114e-09	-6.6557e-09	-6.6132e-09	-6.9873e-09	-6.8738e-09	-6.6811e-09	-6.6706e-09	-7.1333e-09	-7.1933e-09	-7.3132e-09	-7.3587e-09	-7.3623e-09	-7.4189e-09	-7.4555e-09	-7.5482e-09	-7.4859e-09	-7.3022e-09	-7.283e-09	-7.3224e-09	-7.4488e-09	-7.3965e-09	-6.0582e-09	-1.1433e-09	6.4232e-09	1.5253e-08	2.5091e-08	3.5346e-08	4.5763e-08	5.5998e-08	6.6025e-08	7.4828e-08	8.2526e-08	9.0297e-08	9.7188e-08	1.0384e-07	1.0881e-07	1.1036e-07	1.0934e-07	1.0687e-07	1.0723e-07	1.0837e-07	1.0633e-07	1.0042e-07	9.2642e-08	8.3873e-08	7.4498e-08	6.4718e-08	5.4058e-08	4.4093e-08	3.4192e-08	2.4277e-08	1.4243e-08	4.9081e-09	-1.5523e-09	-5.3442e-09	-7.4081e-09	-8.4509e-09	-9.0431e-09	-9.6867e-09	-1.016e-08	-1.0445e-08	-1.0535e-08	-1.0589e-08	-1.0575e-08	-1.0816e-08	-1.0649e-08	-1.0206e-08	-9.9875e-09	-9.882e-09	-9.9137e-09	-1.0133e-08	-1.0191e-08	-1.0346e-08	-1.046e-08	-1.0602e-08
-7.1753e-09	-7.2287e-09	-7.1388e-09	-6.8673e-09	-6.8349e-09	-6.7697e-09	-6.9765e-09	-6.8708e-09	-6.6322e-09	-6.6208e-09	-7.1677e-09	-7.2684e-09	-7.32e-09	-7.3752e-09	-7.3782e-09	-7.4238e-09	-7.4322e-09	-7.4768e-09	-7.4185e-09	-7.3022e-09	-7.3091e-09	-7.3349e-09	-7.4291e-09	-7.3203e-09	-5.7717e-09	-5.9689e-10	7.1357e-09	1.6101e-08	2.6061e-08	3.6378e-08	4.6775e-08	5.6997e-08	6.6902e-08	7.5733e-08	8.3511e-08	9.1361e-08	9.8113e-08	1.046e-07	1.0932e-07	1.106e-07	1.0942e-07	1.0701e-07	1.0756e-07	1.0852e-07	1.062e-07	1.0009e-07	9.2213e-08	8.3358e-08	7.3911e-08	6.4054e-08	5.3344e-08	4.3307e-08	3.3326e-08	2.3403e-08	1.339e-08	4.2291e-09	-2.0087e-09	-5.5739e-09	-7.5598e-09	-8.616e-09	-9.1774e-09	-9.81e-09	-1.0241e-08	-1.0512e-08	-1.0553e-08	-1.0653e-08	-1.0557e-08	-1.0745e-08	-1.0503e-08	-1.0127e-08	-1.0053e-08	-9.9279e-09	-1.0011e-08	-1.0273e-08	-1.023e-08	-1.0428e-08	-1.0514e-08	-1.0564e-08
-7.0678e-09	-7.1396e-09	-7.0969e-09	-6.9239e-09	-6.9963e-09	-6.9406e-09	-6.9993e-09	-6.8921e-09	-6.6143e-09	-6.6031e-09	-7.1999e-09	-7.3314e-09	-7.3287e-09	-7.3798e-09	-7.3784e-09	-7.4091e-09	-7.3781e-09	-7.3701e-09	-7.3158e-09	-7.2728e-09	-7.3381e-09	-7.345e-09	-7.4009e-09	-7.2446e-09	-5.4507e-09	-1.1728e-12	7.906e-09	1.7018e-08	2.7098e-08	3.7484e-08	4.7859e-08	5.8103e-08	6.7924e-08	7.6804e-08	8.4645e-08	9.2521e-08	9.9097e-08	1.0534e-07	1.0974e-07	1.1075e-07	1.094e-07	1.0712e-07	1.0784e-07	1.0857e-07	1.0598e-07	9.9733e-08	9.1763e-08	8.2827e-08	7.332e-08	6.3397e-08	5.2642e-08	4.2537e-08	3.2475e-08	2.2541e-08	1.2555e-08	3.5885e-09	-2.4206e-09	-5.7624e-09	-7.693e-09	-8.7884e-09	-9.317e-09	-9.9246e-09	-1.031e-08	-1.057e-08	-1.058e-08	-1.0712e-08	-1.0524e-08	-1.0651e-08	-1.0337e-08	-1.0042e-08	-1.012e-08	-9.9767e-09	-1.0115e-08	-1.0417e-08	-1.0268e-08	-1.0504e-08	-1.0552e-08	-1.0505e-08
-6.9935e-09	-7.064e-09	-7.0557e-09	-6.9698e-09	-7.1251e-09	-7.1159e-09	-7.0545e-09	-6.9344e-09	-6.6278e-09	-6.6188e-09	-7.2237e-09	-7.3721e-09	-7.3346e-09	-7.3651e-09	-7.355e-09	-7.368e-09	-7.2878e-09	-7.2259e-09	-7.176e-09	-7.2267e-09	-7.3669e-09	-7.3531e-09	-7.368e-09	-7.1675e-09	-5.0967e-09	6.381e-10	8.7258e-09	1.7991e-08	2.8188e-08	3.8646e-08	4.9e-08	5.9293e-08	6.9055e-08	7.7994e-08	8.5879e-08	9.3728e-08	1.0011e-07	1.0608e-07	1.1009e-07	1.1082e-07	1.0931e-07	1.0722e-07	1.0807e-07	1.0856e-07	1.0571e-07	9.9354e-08	9.1287e-08	8.2276e-08	7.2718e-08	6.2742e-08	5.1946e-08	4.1776e-08	3.1634e-08	2.1685e-08	1.1733e-08	2.9772e-09	-2.7956e-09	-5.9223e-09	-7.8132e-09	-8.9592e-09	-9.4533e-09	-1.0026e-08	-1.0369e-08	-1.0616e-08	-1.0611e-08	-1.076e-08	-1.0478e-08	-1.0543e-08	-1.0165e-08	-9.9566e-09	-1.018e-08	-1.0022e-08	-1.0217e-08	-1.0554e-08	-1.0304e-08	-1.0566e-08	-1.0573e-08	-1.043e-08
-6.9572e-09	-7.0047e-09	-7.0155e-09	-6.9969e-09	-7.2225e-09	-7.2877e-09	-7.1331e-09	-6.9904e-09	-6.6644e-09	-6.6591e-09	-7.2361e-09	-7.3899e-09	-7.3373e-09	-7.3351e-09	-7.3122e-09	-7.3049e-09	-7.1694e-09	-7.0557e-09	-7.0107e-09	-7.1671e-09	-7.3927e-09	-7.3598e-09	-7.3352e-09	-7.0871e-09	-4.7116e-09	1.3134e-09	9.5844e-09	1.9007e-08	2.9312e-08	3.9841e-08	5.018e-08	6.0538e-08	7.0256e-08	7.9246e-08	8.7154e-08	9.4933e-08	1.0114e-07	1.068e-07	1.1041e-07	1.1087e-07	1.0918e-07	1.0731e-07	1.0828e-07	1.085e-07	1.054e-07	9.8949e-08	9.0784e-08	8.1701e-08	7.2102e-08	6.2082e-08	5.1246e-08	4.1018e-08	3.0801e-08	2.0832e-08	1.0919e-08	2.386e-09	-3.1412e-09	-6.0662e-09	-7.9263e-09	-9.1199e-09	-9.5779e-09	-1.0111e-08	-1.042e-08	-1.0652e-08	-1.0643e-08	-1.079e-08	-1.0422e-08	-1.0429e-08	-1e-08	-9.8754e-09	-1.0221e-08	-1.0056e-08	-1.0308e-08	-1.0674e-08	-1.0337e-08	-1.0606e-08	-1.0571e-08	-1.0348e-08
-6.9503e-09	-6.9606e-09	-6.9785e-09	-7.0075e-09	-7.2926e-09	-7.449e-09	-7.2243e-09	-7.0522e-09	-6.7142e-09	-6.7133e-09	-7.2347e-09	-7.3861e-09	-7.337e-09	-7.2955e-09	-7.2562e-09	-7.2258e-09	-7.0338e-09	-6.8732e-09	-6.8339e-09	-7.0984e-09	-7.4122e-09	-7.3659e-09	-7.3073e-09	-7.0011e-09	-4.2977e-09	2.017e-09	1.0471e-08	2.005e-08	3.0454e-08	4.1049e-08	5.1382e-08	6.1809e-08	7.1485e-08	8.0503e-08	8.8412e-08	9.6087e-08	1.0214e-07	1.0751e-07	1.1072e-07	1.1092e-07	1.0905e-07	1.0741e-07	1.0846e-07	1.0842e-07	1.0506e-07	9.8518e-08	9.0251e-08	8.1099e-08	7.1465e-08	6.1409e-08	5.0533e-08	4.0256e-08	2.9972e-08	1.9977e-08	1.0107e-08	1.8058e-09	-3.4648e-09	-6.2066e-09	-8.0376e-09	-9.2617e-09	-9.6822e-09	-1.0173e-08	-1.0463e-08	-1.0675e-08	-1.0672e-08	-1.0795e-08	-1.0359e-08	-1.0316e-08	-9.8578e-09	-9.8032e-09	-1.0233e-08	-1.0072e-08	-1.0376e-08	-1.0766e-08	-1.0367e-08	-1.0619e-08	-1.0544e-08	-1.0262e-08
-6.9621e-09	-6.93e-09	-6.9473e-09	-7.0055e-09	-7.3393e-09	-7.5922e-09	-7.3174e-09	-7.1117e-09	-6.7676e-09	-6.771e-09	-7.2173e-09	-7.3619e-09	-7.3338e-09	-7.252e-09	-7.1932e-09	-7.1366e-09	-6.8914e-09	-6.692e-09	-6.6595e-09	-7.0249e-09	-7.4223e-09	-7.3721e-09	-7.2891e-09	-6.9076e-09	-3.8571e-09	2.7416e-09	1.1375e-08	2.1106e-08	3.1594e-08	4.2248e-08	5.2588e-08	6.3078e-08	7.2701e-08	8.1708e-08	8.9595e-08	9.714e-08	1.0309e-07	1.0822e-07	1.1105e-07	1.1101e-07	1.0896e-07	1.0754e-07	1.0865e-07	1.0836e-07	1.0472e-07	9.8061e-08	8.9686e-08	8.0466e-08	7.0803e-08	6.0718e-08	4.98e-08	3.9485e-08	2.9143e-08	1.9114e-08	9.2909e-09	1.2274e-09	-3.7739e-09	-6.3561e-09	-8.153e-09	-9.3761e-09	-9.7578e-09	-1.021e-08	-1.0501e-08	-1.0686e-08	-1.0694e-08	-1.0771e-08	-1.0291e-08	-1.0212e-08	-9.7501e-09	-9.744e-09	-1.0206e-08	-1.0065e-08	-1.0415e-08	-1.0819e-08	-1.0393e-08	-1.0596e-08	-1.049e-08	-1.018e-08
-6.9819e-09	-6.9114e-09	-6.9247e-09	-6.9948e-09	-7.3667e-09	-7.7102e-09	-7.4019e-09	-7.161e-09	-6.8147e-09	-6.8216e-09	-7.1814e-09	-7.3183e-09	-7.328e-09	-7.2103e-09	-7.1294e-09	-7.0434e-09	-6.7531e-09	-6.5259e-09	-6.5015e-09	-6.9509e-09	-7.4201e-09	-7.3793e-09	-7.2853e-09	-6.8045e-09	-3.3919e-09	3.4794e-09	1.2286e-08	2.2159e-08	3.2717e-08	4.3416e-08	5.378e-08	6.4317e-08	7.3862e-08	8.2803e-08	9.0644e-08	9.8043e-08	1.0397e-07	1.0893e-07	1.1142e-07	1.1118e-07	1.0894e-07	1.077e-07	1.0884e-07	1.0832e-07	1.0439e-07	9.7576e-08	8.9086e-08	7.9797e-08	7.011e-08	6e-08	4.9038e-08	3.8698e-08	2.8311e-08	1.8241e-08	8.4667e-09	6.4309e-10	-4.0751e-09	-6.5257e-09	-8.2769e-09	-9.455e-09	-9.7968e-09	-1.0217e-08	-1.0533e-08	-1.0684e-08	-1.0705e-08	-1.0713e-08	-1.0215e-08	-1.0114e-08	-9.6734e-09	-9.6938e-09	-1.014e-08	-1.0031e-08	-1.0419e-08	-1.083e-08	-1.0408e-08	-1.0537e-08	-1.0406e-08	-1.01e-08
-6.9991e-09	-6.9031e-09	-6.9134e-09	-6.9791e-09	-7.3786e-09	-7.7956e-09	-7.467e-09	-7.192e-09	-6.8457e-09	-6.8546e-09	-7.1246e-09	-7.2567e-09	-7.3196e-09	-7.1761e-09	-7.0711e-09	-6.9522e-09	-6.6294e-09	-6.3885e-09	-6.374e-09	-6.8807e-09	-7.4024e-09	-7.3881e-09	-7.3007e-09	-6.6897e-09	-2.9042e-09	4.2229e-09	1.3193e-08	2.3195e-08	3.3803e-08	4.4531e-08	5.4941e-08	6.5496e-08	7.4929e-08	8.3731e-08	9.15e-08	9.8752e-08	1.0475e-07	1.0963e-07	1.1186e-07	1.1145e-07	1.0902e-07	1.0792e-07	1.0906e-07	1.0835e-07	1.041e-07	9.7062e-08	8.8448e-08	7.909e-08	6.9382e-08	5.9251e-08	4.8243e-08	3.7889e-08	2.7471e-08	1.7357e-08	7.6386e-09	5.8415e-11	-4.3673e-09	-6.7111e-09	-8.4044e-09	-9.4964e-09	-9.7974e-09	-1.0192e-08	-1.0552e-08	-1.0664e-08	-1.0698e-08	-1.062e-08	-1.0123e-08	-1.0015e-08	-9.6154e-09	-9.6441e-09	-1.0038e-08	-9.972e-09	-1.039e-08	-1.0797e-08	-1.0405e-08	-1.0446e-08	-1.0296e-08	-1.002e-08
-7.0028e-09	-6.9034e-09	-6.9159e-09	-6.9625e-09	-7.3786e-09	-7.8411e-09	-7.5022e-09	-7.1969e-09	-6.8508e-09	-6.8594e-09	-7.0447e-09	-7.1782e-09	-7.309e-09	-7.1553e-09	-7.0245e-09	-6.8691e-09	-6.531e-09	-6.2937e-09	-6.2908e-09	-6.8187e-09	-7.3664e-09	-7.3989e-09	-7.3388e-09	-6.5604e-09	-2.3956e-09	4.9657e-09	1.4087e-08	2.4199e-08	3.4837e-08	4.5576e-08	5.6055e-08	6.6588e-08	7.5862e-08	8.4442e-08	9.2113e-08	9.9267e-08	1.0541e-07	1.1031e-07	1.1234e-07	1.118e-07	1.0919e-07	1.0818e-07	1.0928e-07	1.0841e-07	1.0382e-07	9.6516e-08	8.7771e-08	7.8345e-08	6.8617e-08	5.8466e-08	4.7413e-08	3.7056e-08	2.6616e-08	1.6462e-08	6.816e-09	-5.1398e-10	-4.6454e-09	-6.8995e-09	-8.5252e-09	-9.502e-09	-9.7615e-09	-1.0135e-08	-1.055e-08	-1.0619e-08	-1.0665e-08	-1.062e-08	-1.001e-08	-9.9059e-09	-9.5635e-09	-9.5867e-09	-9.9025e-09	-9.8873e-09	-1.0325e-08	-1.0717e-08	-1.0376e-08	-1.0325e-08	-1.0159e-08	-9.9372e-09
-6.9823e-09	-6.9108e-09	-6.9351e-09	-6.9488e-09	-7.3791e-09	-7.8398e-09	-7.4974e-09	-7.1682e-09	-6.8211e-09	-6.8266e-09	-6.9397e-09	-7.0838e-09	-7.2957e-09	-7.1523e-09	-6.9948e-09	-6.7993e-09	-6.4672e-09	-6.2532e-09	-6.264e-09	-6.7687e-09	-7.3117e-09	-7.4077e-09	-7.3895e-09	-6.4071e-09	-1.8616e-09	5.7112e-09	1.4969e-08	2.5174e-08	3.582e-08	4.655e-08	5.7115e-08	6.7587e-08	7.6659e-08	8.4944e-08	9.2494e-08	9.9616e-08	1.0596e-07	1.1093e-07	1.1281e-07	1.1217e-07	1.0941e-07	1.0844e-07	1.0948e-07	1.0846e-07	1.0352e-07	9.5931e-08	8.7057e-08	7.7563e-08	6.7814e-08	5.7646e-08	4.6548e-08	4.6548e-08	3.6194e-08	2.5741e-08	1.556e-08	6.0083e-09	-1.0614e-09	-4.904e-09	-7.0783e-09	-8.6292e-09	-9.4731e-09	-9.6907e-09	-1.0046e-08	-1.0515e-08	-1.0541e-08	-1.0598e-08	-1.0317e-08	-9.8694e-09	-9.7799e-09	-9.5054e-09	-9.5132e-09	-9.7387e-09	-9.7773e-09	-1.0225e-08	-1.059e-08	-1.0311e-08	-1.0179e-08	-9.999e-09
-6.9278e-09	-6.9231e-09	-6.9724e-09	-6.9411e-09	-7.3715e-09	-7.7899e-09	-7.4488e-09	-7.1041e-09	-6.7557e-09	-6.7561e-09	-6.8117e-09	-6.9742e-09	-7.2752e-09	-7.1606e-09	-6.9767e-09	-6.7404e-09	-6.4361e-09	-6.4361e-09	-6.2622e-09	-6.2879e-09	-6.6981e-09	-7.2389e-09	-7.4081e-09	-7.4361e-09	-6.2168e-09	-1.2948e-09	6.4687e-09	1.5849e-08	2.6125e-08	3.6764e-08	4.7469e-08	5.812e-08	6.8494e-08	7.7334e-08	8.5278e-08	9.2748e-08	9.9822e-08	1.0638e-07	1.1143e-07	1.132e-07	1.1249e-07	1.0962e-07	1.0869e-07	1.0963e-07	1.0847e-07	1.0319e-07	9.5301e-08	8.6303e-08	7.6748e-08	6.6975e-08	5.5893e-08	4.5645e-08	3.5299e-08	2.4841e-08	1.4651e-08	5.225e-09	-1.571e-09	-5.1379e-09	-7.2348e-09	-8.7059e-09	-9.4112e-09	-9.5868e-09	-9.9232e-09	-1.0437e-08	-1.0423e-08	-1.0487e-08	-1.0104e-08	-9.6948e-09	-9.6288e-09	-9.4286e-09	-9.4152e-09	-9.5498e-09	-9.6423e-09	-1.0089e-08	-1.0414e-08	-1.0203e-08	-1.0008e-08	-9.8158e-09
-6.6862e-09	-6.8382e-09	-6.933e-09	-7.0199e-09	-6.9351e-09	-7.3152e-09	-7.6917e-09	-7.356e-09	-7.0055e-09	-6.6581e-09	-6.6533e-09	-6.6653e-09	-6.8494e-09	-7.2405e-09	-7.1676e-09	-6.9594e-09	-6.6862e-09	-6.4293e-09	-6.3066e-09	-6.347e-09	-6.6705e-09	-7.1489e-09	-7.3938e-09	-7.4612e-09	-5.9765e-09	-6.874e-10	7.2471e-09	1.6735e-08	2.706e-08	3.7679e-08	4.8345e-08	5.907e-08	6.9314e-08	7.7902e-08	8.5486e-08	9.2713e-08	9.9914e-08	1.0666e-07	1.118e-07	1.1347e-07	1.1269e-07	1.098e-07	1.089e-07	1.097e-07	1.0838e-07	1.0279e-07	9.4622e-08	8.5512e-08	7.5901e-08	6.6098e-08	5.496e-08	4.4703e-08	3.4369e-08	2.3908e-08	1.3737e-08	4.4755e-09	-2.0302e-09	-5.3417e-09	-7.3562e-09	-8.7453e-09	-9.3179e-09	-9.4515e-09	-9.7668e-09	-1.0306e-08	-1.0258e-08	-1.0326e-08	-9.8468e-09	-9.4799e-09	-9.4449e-09	-9.3206e-09	-9.2843e-09	-9.3394e-09	-9.4827e-09	-9.9178e-09	-1.0187e-08	-1.0043e-08	-9.8184e-09	-9.6111e-09
-6.5447e-09	-6.7168e-09	-6.9306e-09	-7.064e-09	-6.9227e-09	-7.2526e-09	-7.5457e-09	-7.2186e-09	-6.8736e-09	-6.5317e-09	-6.5234e-09	-6.5047e-09	-6.7097e-09	-7.1846e-09	-7.1606e-09	-6.9322e-09	-6.6302e-09	-6.4383e-09	-6.3723e-09	-6.4257e-09	-6.6434e-09	-7.0425e-09	-7.3584e-09	-7.448e-09	-5.6731e-09	-3.1983e-11	8.0557e-09	1.7636e-08	2.7988e-08	3.8578e-08	4.9192e-08	5.9965e-08	7.0048e-08	7.8377e-08	8.5608e-08	9.2634e-08	9.9915e-08	1.068e-07	1.1197e-07	1.1356e-07	1.1272e-07	1.0988e-07	1.0903e-07	1.0965e-07	1.0815e-07	1.023e-07	9.3887e-08	8.4681e-08	7.5025e-08	6.5184e-08	5.3987e-08	4.3721e-08	3.3398e-08	2.2939e-08	1.2821e-08	3.7692e-09	-2.4261e-09	-5.5101e-09	-7.4298e-09	-8.7369e-09	-9.1945e-09	-9.2864e-09	-9.5763e-09	-1.0111e-08	-1.0039e-08	-1.0104e-08	-9.5433e-09	-9.2185e-09	-9.2205e-09	-9.1694e-09	-9.1123e-09	-9.1113e-09	-9.2988e-09	-9.7096e-09	-9.9086e-09	-9.8232e-09	-9.6114e-09	-9.3864e-09
-6.3806e-09	-6.5672e-09	-6.906e-09	-7.0915e-09	-6.8956e-09	-7.158e-09	-7.3526e-09	-7.0361e-09	-6.7096e-09	-6.3802e-09	-6.3717e-09	-6.3346e-09	-6.5553e-09	-7.1005e-09	-7.127e-09	-6.884e-09	-6.5661e-09	-6.4548e-09	-6.4451e-09	-6.5085e-09	-6.6131e-09	-6.9205e-09	-7.2956e-09	-7.3793e-09	-5.2934e-09	6.7909e-10	8.9035e-09	1.856e-08	2.8916e-08	3.9471e-08	5.0023e-08	6.0803e-08	7.0699e-08	7.8776e-08	8.5686e-08	9.2556e-08	9.9853e-08	1.068e-07	1.1193e-07	1.1341e-07	1.125e-07	1.0983e-07	1.0907e-07	1.0946e-07	1.0775e-07	1.0168e-07	9.309e-08	8.3812e-08	7.412e-08	6.4233e-08	5.2974e-08	4.2697e-08	3.2383e-08	2.1926e-08	1.1902e-08	3.1154e-09	-2.7463e-09	-5.638e-09	-7.4432e-09	-8.6707e-09	-9.0428e-09	-9.0935e-09	-9.3513e-09	-9.8438e-09	-9.7588e-09	-9.8157e-09	-9.2008e-09	-8.9151e-09	-8.958e-09	-8.9747e-09	-8.9018e-09	-8.8735e-09	-9.0969e-09	-9.4717e-09	-9.5856e-09	-9.5474e-09	-9.3928e-09	-9.1468e-09
-6.1995e-09	-6.3928e-09	-6.8491e-09	-7.0888e-09	-6.8456e-09	-7.0243e-09	-7.1127e-09	-6.8081e-09	-6.5145e-09	-6.2069e-09	-6.2035e-09	-6.1593e-09	-6.3863e-09	-6.9813e-09	-7.0541e-09	-6.8042e-09	-6.4873e-09	-6.4704e-09	-6.511e-09	-6.5799e-09	-6.5762e-09	-6.7836e-09	-7.1991e-09	-7.238e-09	-4.8245e-09	1.4534e-09	9.7997e-09	1.9517e-08	2.9851e-08	4.0369e-08	5.0853e-08	6.1586e-08	7.1271e-08	7.9112e-08	8.5761e-08	9.2527e-08	9.9754e-08	1.0664e-07	1.1162e-07	1.1297e-07	1.1198e-07	1.0961e-07	1.0899e-07	1.091e-07	1.0713e-07	1.0092e-07	9.2227e-08	8.2903e-08	7.3191e-08	6.3246e-08	5.1922e-08	4.1633e-08	3.1325e-08	2.0872e-08	1.0985e-08	2.5169e-09	-2.9897e-09	-5.7266e-09	-7.3964e-09	-8.5483e-09	-8.8686e-09	-8.8795e-09	-9.0989e-09	-9.5085e-09	-9.4234e-09	-9.4654e-09	-8.8411e-09	-8.5908e-09	-8.6758e-09	-8.7555e-09	-8.6717e-09	-8.6413e-09	-8.8924e-09	-9.2215e-09	-9.2409e-09	-9.2371e-09	-9.1706e-09	-8.9032e-09
-6.0074e-09	-6.1972e-09	-6.7499e-09	-7.0424e-09	-6.7644e-09	-6.8448e-09	-6.8268e-09	-6.5343e-09	-6.2894e-09	-6.0154e-09	-6.0242e-09	-5.9832e-09	-6.2028e-09	-6.82e-09	-6.9293e-09	-6.6819e-09	-6.3877e-09	-6.4766e-09	-6.5557e-09	-6.6242e-09	-6.5291e-09	-6.6329e-09	-7.0626e-09	-7.0074e-09	-4.2536e-09	2.2983e-09	1.0753e-08	2.0514e-08	3.0801e-08	4.1283e-08	5.1694e-08	6.2311e-08	7.1766e-08	7.94e-08	8.5875e-08	9.2585e-08	9.9651e-08	1.0635e-07	1.1106e-07	1.1225e-07	1.1115e-07	1.0921e-07	1.0878e-07	1.0857e-07	1.0628e-07	9.9997e-08	9.1298e-08	8.1957e-08	7.2236e-08	6.2222e-08	5.0837e-08	4.0535e-08	3.0233e-08	1.9789e-08	1.0075e-08	1.9664e-09	-3.1733e-09	-5.7869e-09	-7.3093e-09	-8.3896e-09	-8.6851e-09	-8.6594e-09	-8.8375e-09	-9.1355e-09	-9.06e-09	-9.0811e-09	-8.4871e-09	-8.2682e-09	-8.3936e-09	-8.5322e-09	-8.4426e-09	-8.4304e-09	-8.7018e-09	-8.9776e-09	-8.8983e-09	-8.9157e-09	-8.9535e-09	-8.6667e-09
-5.8098e-09	-5.9839e-09	-6.5985e-09	-6.939e-09	-6.6437e-09	-6.6126e-09	-6.4953e-09	-6.2143e-09	-6.0356e-09	-5.8092e-09	-5.8391e-09	-5.8108e-09	-6.0052e-09	-6.6097e-09	-6.7402e-09	-6.5064e-09	-6.2607e-09	-6.4652e-09	-6.5653e-09	-6.6261e-09	-6.4724e-09	-6.4724e-09	-6.8876e-09	-6.6869e-09	-3.5846e-09	3.2076e-09	1.1759e-08	2.1548e-08	3.1765e-08	4.2215e-08	5.255e-08	6.2984e-08	7.2196e-08	7.9662e-08	8.6061e-08	9.2759e-08	9.9591e-08	1.0599e-07	1.1032e-07	1.1132e-07	1.1011e-07	1.0868e-07	1.0848e-07	1.0792e-07	1.0527e-07	9.8963e-08	9.0317e-08	8.0976e-08	7.1253e-08	6.1164e-08	5.0837e-08	3.941e-08	2.9113e-08	1.8689e-08	9.1768e-09	1.4555e-09	-3.3157e-09	-5.8307e-09	-7.2034e-09	-8.2157e-09	-8.5056e-09	-8.4486e-09	-8.5867e-09	-8.7568e-09	-8.6974e-09	-8.6926e-09	-8.1618e-09	-7.9698e-09	-8.1311e-09	-8.3254e-09	-8.235e-09	-8.2563e-09	-8.5412e-09	-8.7585e-09	-8.5814e-09	-8.6064e-09	-8.7498e-09	-8.4487e-09
-5.6126e-09	-5.7564e-09	-6.3852e-09	-6.7654e-09	-6.4756e-09	-6.3323e-09	-6.1289e-09	-5.8584e-09	-5.761e-09	-5.5952e-09	-5.6543e-09	-5.6463e-09	-5.7975e-09	-6.3549e-09	-6.4893e-09	-6.2799e-09	-6.1082e-09	-6.4339e-09	-6.5354e-09	-6.5812e-09	-6.4124e-09	-6.3119e-09	-6.6876e-09	-6.3015e-09	-2.8481e-09	4.1541e-09	1.2793e-08	2.2597e-08	3.2729e-08	4.3147e-08	5.3409e-08	6.3617e-08	7.2586e-08	7.9926e-08	8.6339e-08	9.3075e-08	9.9623e-08	1.0563e-07	1.0951e-07	1.1028e-07	1.0895e-07	1.0808e-07	1.0814e-07	1.0722e-07	1.0418e-07	9.7859e-08	8.9299e-08	7.9963e-08	7.0239e-08	6.0073e-08	4.9722e-08	3.8266e-08	2.7976e-08	1.7585e-08	8.2962e-09	9.7607e-10	-3.4354e-09	-5.8699e-09	-7.1002e-09	-8.0481e-09	-8.344e-09	-8.2628e-09	-8.3661e-09	-8.4044e-09	-8.3642e-09	-8.3295e-09	-7.888e-09	-7.7182e-09	-7.9081e-09	-8.1556e-09	-8.0694e-09	-8.1348e-09	-8.427e-09	-8.5826e-09	-8.314e-09	-8.3326e-09	-8.5682e-09	-8.2604e-09
-5.4237e-09	-5.5226e-09	-6.1135e-09	-6.5231e-09	-6.2623e-09	-6.0257e-09	-5.7528e-09	-5.4934e-09	-5.4838e-09	-5.3852e-09	-5.4773e-09	-5.4932e-09	-5.5901e-09	-6.0772e-09	-6.2024e-09	-6.0249e-09	-5.9441e-09	-6.3895e-09	-6.476e-09	-6.5017e-09	-6.3561e-09	-6.1614e-09	-6.4771e-09	-5.8784e-09	-2.0766e-09	5.1087e-09	1.3826e-08	2.3635e-08	3.3677e-08	4.4064e-08	5.4259e-08	6.4225e-08	7.2963e-08	8.0225e-08	8.6732e-08	9.356e-08	9.9794e-08	1.0534e-07	1.0872e-07	1.0924e-07	1.0776e-07	1.0747e-07	1.0779e-07	1.0652e-07	1.0307e-07	9.6726e-08	8.8257e-08	7.8921e-08	6.9189e-08	5.8952e-08	4.8584e-08	3.711e-08	2.6828e-08	1.6492e-08	7.4384e-09	5.1975e-10	-3.5509e-09	-5.9165e-09	-7.0213e-09	-7.908e-09	-8.2136e-09	-8.1173e-09	-8.1951e-09	-8.1106e-09	-8.0893e-09	-8.0213e-09	-7.6888e-09	-7.5359e-09	-7.7442e-09	-8.0432e-09	-7.9663e-09	-8.0816e-09	-8.3755e-09	-8.4685e-09	-8.1199e-09	-8.1176e-09	-8.4171e-09	-8.113e-09
-5.2541e-09	-5.2973e-09	-5.8084e-09	-6.2371e-09	-6.0223e-09	-5.7161e-09	-5.3941e-09	-5.1475e-09	-5.2234e-09	-5.1917e-09	-5.3159e-09	-5.3551e-09	-5.3938e-09	-5.8e-09	-5.9074e-09	-5.7655e-09	-5.7834e-09	-6.3398e-09	-6.3987e-09	-6.4015e-09	-6.3106e-09	-6.0311e-09	-6.2705e-09	-5.4448e-09	-1.3029e-09	6.0424e-09	1.4833e-08	2.4639e-08	3.4595e-08	4.4947e-08	5.5087e-08	6.482e-08	7.3354e-08	8.0589e-08	8.7258e-08	9.4241e-08	1.0015e-07	1.0519e-07	1.0802e-07	1.0828e-07	1.0666e-07	1.069e-07	1.0748e-07	1.0588e-07	1.0202e-07	9.5609e-08	8.7206e-08	7.7852e-08	6.81e-08	5.7803e-08	4.7427e-08	3.5948e-08	2.568e-08	1.5421e-08	6.6089e-09	7.8286e-11	-3.6807e-09	-5.9823e-09	-6.9881e-09	-7.8169e-09	-8.1282e-09	-8.0277e-09	-8.0933e-09	-7.9072e-09	-7.9013e-09	-7.7978e-09	-7.587e-09	-7.4455e-09	-7.6592e-09	-8.0088e-09	-7.9463e-09	-8.1124e-09	-8.403e-09	-8.4346e-09	-8.0228e-09	-7.9846e-09	-8.3049e-09	-8.0179e-09
-5.1152e-09	-5.096e-09	-5.4963e-09	-5.9342e-09	-5.7756e-09	-5.4271e-09	-5.0793e-09	-4.8486e-09	-4.999e-09	-5.027e-09	-5.1776e-09	-5.2356e-09	-5.2192e-09	-5.5465e-09	-5.6321e-09	-5.5257e-09	-5.6411e-09	-6.2927e-09	-6.315e-09	-6.2945e-09	-6.2829e-09	-5.931e-09	-6.0824e-09	-5.0278e-09	-5.594e-10	6.926e-09	1.5786e-08	2.5585e-08	3.5466e-08	4.578e-08	5.588e-08	6.5415e-08	7.3785e-08	8.1049e-08	8.7938e-08	9.5145e-08	1.0075e-07	1.0524e-07	1.0753e-07	1.0749e-07	1.0573e-07	1.0643e-07	1.0725e-07	1.0536e-07	1.0108e-07	9.4548e-08	8.616e-08	7.6761e-08	6.697e-08	5.6628e-08	4.6256e-08	3.4788e-08	2.4539e-08	1.4386e-08	5.813e-09	-3.5657e-10	-3.8434e-09	-6.0792e-09	-7.0222e-09	-7.796e-09	-8.1012e-09	-8.0096e-09	-8.0803e-09	-7.8264e-09	-7.8291e-09	-7.6885e-09	-7.5999e-09	-7.4644e-09	-7.6681e-09	-8.0676e-09	-8.0242e-09	-8.2376e-09	-8.5205e-09	-8.4943e-09	-8.0401e-09	-7.9519e-09	-8.2392e-09	-7.9842e-09
-5.0182e-09	-4.9338e-09	-5.2037e-09	-5.6411e-09	-5.5421e-09	-5.182e-09	-4.8355e-09	-4.6251e-09	-4.8297e-09	-4.9033e-09	-5.0701e-09	-5.1383e-09	-5.0774e-09	-5.34e-09	-5.4043e-09	-5.3297e-09	-5.5323e-09	-6.2557e-09	-6.2364e-09	-6.1944e-09	-6.2799e-09	-5.8712e-09	-5.9273e-09	-4.6545e-09	1.2108e-10	7.7306e-09	1.6657e-08	2.6447e-08	3.6276e-08	4.6545e-08	5.6625e-08	6.6025e-08	7.4282e-08	8.1635e-08	8.8793e-08	9.6298e-08	1.0162e-07	1.0558e-07	1.0731e-07	1.0698e-07	1.0508e-07	1.0612e-07	1.0714e-07	1.0501e-07	1.0035e-07	9.3588e-08	8.5133e-08	7.565e-08	6.5794e-08	5.5428e-08	4.5078e-08	3.3634e-08	2.3412e-08	1.3396e-08	5.0537e-09	-7.9237e-10	-4.0541e-09	-6.2165e-09	-7.1395e-09	-7.8612e-09	-8.1429e-09	-8.0742e-09	-8.1698e-09	-7.8917e-09	-7.8936e-09	-7.7156e-09	-7.717e-09	-7.5838e-09	-7.7638e-09	-8.2089e-09	-8.1878e-09	-8.4422e-09	-8.7141e-09	-8.636e-09	-8.1588e-09	-8.0119e-09	-8.223e-09	-8.0113e-09
-4.9744e-09	-4.8261e-09	-4.9572e-09	-5.3848e-09	-5.3416e-09	-5.0041e-09	-4.6894e-09	-4.5049e-09	-4.7349e-09	-4.8332e-09	-5.0011e-09	-5.0667e-09	-4.9789e-09	-5.2037e-09	-5.2518e-09	-5.2015e-09	-5.4719e-09	-6.2367e-09	-6.1744e-09	-6.1153e-09	-6.3086e-09	-5.8618e-09	-5.8197e-09	-4.3521e-09	7.0594e-10	8.427e-09	1.7421e-08	2.7202e-08	3.7008e-08	4.7225e-08	5.7309e-08	6.6663e-08	7.4873e-08	8.2378e-08	8.9843e-08	9.7709e-08	1.028e-07	1.0623e-07	1.0745e-07	1.0682e-07	1.0478e-07	1.0601e-07	1.0718e-07	1.0488e-07	9.9849e-08	9.2757e-08	8.4134e-08	7.452e-08	6.457e-08	5.4205e-08	4.3894e-08	3.2479e-08	2.2289e-08	1.2438e-08	4.3216e-09	-1.2332e-09	-4.3111e-09	-6.3911e-09	-7.3282e-09	-8.0014e-09	-8.2469e-09	-8.2122e-09	-8.3483e-09	-8.085e-09	-8.0784e-09	-7.8649e-09	-7.9192e-09	-7.7874e-09	-7.9323e-09	-8.4141e-09	-8.4168e-09	-8.7034e-09	-8.9619e-09	-8.8401e-09	-8.3563e-09	-8.1494e-09	-8.2577e-09	-8.0955e-09
-4.9952e-09	-4.7883e-09	-4.7833e-09	-5.192e-09	-5.194e-09	-4.9168e-09	-4.6677e-09	-4.5163e-09	-4.7337e-09	-4.8288e-09	-4.9782e-09	-5.0245e-09	-4.9347e-09	-5.1609e-09	-5.2025e-09	-5.1653e-09	-5.4751e-09	-6.2434e-09	-6.1404e-09	-6.0707e-09	-6.3738e-09	-5.9099e-09	-5.7705e-09	-4.1407e-09	1.1708e-09	8.9944e-09	1.8056e-08	2.7833e-08	3.7654e-08	4.781e-08	5.7924e-08	6.7338e-08	7.5574e-08	8.3296e-08	9.1093e-08	9.9288e-08	1.042e-07	1.0713e-07	1.0787e-07	1.0693e-07	1.0477e-07	1.0606e-07	1.0731e-07	1.0491e-07	9.9533e-08	9.2019e-08	8.3146e-08	7.3364e-08	6.33e-08	5.2958e-08	4.2699e-08	3.1312e-08	2.116e-08	1.149e-08	3.6035e-09	-1.682e-09	-4.6078e-09	-6.5961e-09	-7.5682e-09	-8.1976e-09	-8.4017e-09	-8.4079e-09	-8.5937e-09	-8.3755e-09	-8.3555e-09	-8.111e-09	-8.1874e-09	-8.0587e-09	-8.1595e-09	-8.6646e-09	-8.6905e-09	-8.9984e-09	-9.2421e-09	-9.0874e-09	-8.6101e-09	-8.3491e-09	-8.3447e-09	-8.233e-09
-5.092e-09	-4.8358e-09	-4.7086e-09	-5.0896e-09	-5.1194e-09	-4.938e-09	-4.7893e-09	-4.6787e-09	-4.8398e-09	-4.8989e-09	-5.0069e-09	-5.0147e-09	-4.9529e-09	-5.2284e-09	-5.2765e-09	-5.2386e-09	-5.5524e-09	-6.2816e-09	-6.1435e-09	-6.0717e-09	-6.4696e-09	-6.0076e-09	-5.7729e-09	-4.0066e-09	1.5314e-09	9.4517e-09	1.8582e-08	2.8359e-08	3.8227e-08	4.8319e-08	5.8483e-08	6.8039e-08	7.6359e-08	8.4339e-08	9.2473e-08	9.9288e-08	1.057e-07	1.0815e-07	1.0846e-07	1.0722e-07	1.0495e-07	1.0619e-07	1.0747e-07	1.0499e-07	9.9304e-08	9.1317e-08	8.2141e-08	7.2176e-08	6.1989e-08	5.1684e-08	4.1487e-08	3.0121e-08	2.0011e-08	1.0533e-08	2.8865e-09	-2.1419e-09	-4.9373e-09	-6.8246e-09	-7.8394e-09	-8.4304e-09	-8.4304e-09	-8.5959e-09	-8.6456e-09	-8.8839e-09	-8.7325e-09	-8.6968e-09	-8.7921e-09	-8.5028e-09	-8.3812e-09	-8.4315e-09	-8.9418e-09	-8.9885e-09	-9.3044e-09	-9.533e-09	-9.3585e-09	-8.8979e-09	-8.5958e-09	-8.4855e-09
-5.2716e-09	-4.9789e-09	-4.7531e-09	-5.0982e-09	-5.133e-09	-5.0577e-09	-5.0331e-09	-4.9697e-09	-5.0394e-09	-5.0345e-09	-5.0823e-09	-5.0382e-09	-5.029e-09	-5.3918e-09	-5.457e-09	-5.4068e-09	-5.6937e-09	-6.3481e-09	-6.1807e-09	-6.114e-09	-6.5865e-09	-6.1424e-09	-5.8149e-09	-3.9253e-09	1.8157e-09	1.8157e-09	9.8301e-09	1.9031e-08	2.8811e-08	3.8748e-08	4.8783e-08	5.9008e-08	6.8752e-08	7.7188e-08	8.5441e-08	9.3891e-08	1.0248e-07	1.0716e-07	1.0919e-07	1.091e-07	1.0759e-07	1.0523e-07	1.0634e-07	1.0758e-07	1.0504e-07	9.9067e-08	9.0596e-08	8.1096e-08	7.0944e-08	6.0638e-08	5.0381e-08	3.8977e-08	2.8896e-08	1.8832e-08	9.5473e-09	2.1574e-09	-2.6159e-09	-5.2931e-09	-7.0697e-09	-8.1215e-09	-8.6807e-09	-8.818e-09	-8.9097e-09	-9.1969e-09	-9.1252e-09	-9.0745e-09	-9.1764e-09	-8.8462e-09	-8.7386e-09	-8.7342e-09	-9.2272e-09	-9.2903e-09	-9.5984e-09	-9.8127e-09	-9.634e-09	-9.1971e-09	-8.8742e-09	-8.6817e-09
-5.5915e-09	-5.52e-09	-5.2046e-09	-4.9054e-09	-5.2085e-09	-5.393e-09	-5.2577e-09	-5.3663e-09	-5.3542e-09	-5.3103e-09	-5.221e-09	-5.1963e-09	-5.095e-09	-5.1546e-09	-5.6273e-09	-5.7158e-09	-5.6459e-09	-5.8821e-09	-6.4367e-09	-6.2455e-09	-6.288e-09	-6.7154e-09	-6.3021e-09	-5.8844e-09	-3.8726e-09	2.0519e-09	1.0161e-08	1.9432e-08	2.9219e-08	3.9241e-08	4.9231e-08	5.952e-08	6.946e-08	7.8021e-08	8.6531e-08	9.5254e-08	1.0387e-07	1.0846e-07	1.1013e-07	1.097e-07	1.0792e-07	1.0552e-07	1.0643e-07	1.0757e-07	1.0497e-07	9.873e-08	8.9798e-08	7.9982e-08	6.9662e-08	5.9253e-08	4.9047e-08	3.7664e-08	2.7625e-08	1.7608e-08	8.512e-09	1.4031e-09	-3.1069e-09	-5.6684e-09	-7.3244e-09	-8.3944e-09	-8.9292e-09	-9.0566e-09	-9.1845e-09	-9.5106e-09	-9.5227e-09	-9.4604e-09	-9.5559e-09	-9.1987e-09	-9.1143e-09	-9.0536e-09	-9.5021e-09	-9.5754e-09	-9.8579e-09	-1.006e-08	-9.8945e-09	-9.4852e-09	-9.1691e-09	-8.9346e-09
-5.8271e-09	-5.8166e-09	-5.4926e-09	-5.1445e-09	-5.402e-09	-5.6131e-09	-5.52e-09	-5.7558e-09	-5.7968e-09	-5.6305e-09	-5.4441e-09	-5.3408e-09	-5.1854e-09	-5.3212e-09	-5.9108e-09	-6.0246e-09	-5.9315e-09	-6.1009e-09	-6.5412e-09	-6.3311e-09	-6.4023e-09	-6.8467e-09	-6.4741e-09	-5.9691e-09	-3.8241e-09	2.2679e-09	1.0474e-08	1.9816e-08	2.9613e-08	3.9725e-08	4.9694e-08	6.0038e-08	7.0146e-08	7.8818e-08	8.7541e-08	9.6471e-08	1.0495e-07	1.0948e-07	1.1086e-07	1.1013e-07	1.0812e-07	1.0571e-07	1.064e-07	1.0737e-07	1.0467e-07	9.8197e-08	8.8867e-08	7.8776e-08	6.8319e-08	5.7836e-08	4.768e-08	3.6301e-08	2.6297e-08	1.633e-08	7.4071e-09	6.1063e-10	-3.618e-09	-6.0564e-09	-7.5817e-09	-8.638e-09	-9.1569e-09	-9.3002e-09	-9.4544e-09	-9.8031e-09	-9.8944e-09	-9.8266e-09	-9.906e-09	-9.5415e-09	-9.4922e-09	-9.3759e-09	-9.7487e-09	-9.824e-09	-1.0061e-08	-1.0252e-08	-1.0121e-08	-9.7404e-09	-9.4654e-09	-9.2452e-09
-6.0962e-09	-6.141e-09	-5.8226e-09	-5.4492e-09	-5.6603e-09	-5.876e-09	-5.8262e-09	-6.1687e-09	-6.2625e-09	-5.9778e-09	-5.6893e-09	-5.5078e-09	-5.3094e-09	-5.5205e-09	-6.2185e-09	-6.3552e-09	-6.2394e-09	-6.3334e-09	-6.6556e-09	-6.431e-09	-6.5234e-09	-6.9713e-09	-6.6461e-09	-6.0572e-09	-3.7556e-09	2.4917e-09	1.0802e-08	2.0214e-08	3.0025e-08	4.0224e-08	5.02e-08	6.0583e-08	7.0796e-08	7.9538e-08	8.8402e-08	9.7447e-08	1.0562e-07	1.101e-07	1.1125e-07	1.1028e-07	1.0808e-07	1.0572e-07	1.0619e-07	1.069e-07	1.0406e-07	9.7375e-08	8.7747e-08	7.7449e-08	6.6908e-08	5.6392e-08	4.6277e-08	3.4882e-08	2.4902e-08	1.4985e-08	6.214e-09	-2.3227e-10	-4.1518e-09	-6.4505e-09	-7.8351e-09	-8.8331e-09	-9.3452e-09	-9.5377e-09	-9.704e-09	-1.0053e-08	-1.021e-08	-1.0146e-08	-1.0213e-08	-9.8617e-09	-9.8587e-09	-9.6912e-09	-9.9615e-09	-1.003e-08	-1.0203e-08	-1.0387e-08	-1.0307e-08	-9.9537e-09	-9.7521e-09	-9.6029e-09
-6.3813e-09	-6.4724e-09	-6.1741e-09	-5.7987e-09	-5.9647e-09	-6.1685e-09	-6.1581e-09	-6.572e-09	-6.7159e-09	-6.3301e-09	-5.942e-09	-5.6891e-09	-5.4673e-09	-5.744e-09	-6.5264e-09	-6.6793e-09	-6.5453e-09	-6.5628e-09	-6.7736e-09	-6.5386e-09	-6.6424e-09	-7.0799e-09	-6.8057e-09	-6.1364e-09	-3.6427e-09	2.7515e-09	1.1176e-08	2.0656e-08	3.0485e-08	4.0759e-08	5.078e-08	6.1177e-08	7.1392e-08	8.0142e-08	8.9047e-08	9.8092e-08	1.0576e-07	1.1019e-07	1.1121e-07	1.1006e-07	1.0771e-07	1.0544e-07	1.0572e-07	1.0611e-07	1.0305e-07	9.6174e-08	8.6385e-08	7.598e-08	6.5421e-08	5.4923e-08	4.4837e-08	3.3412e-08	2.3445e-08	1.3579e-08	4.9418e-09	-1.12e-09	-4.7055e-09	-6.8459e-09	-8.0816e-09	-8.9772e-09	-9.4913e-09	-9.7632e-09	-9.9268e-09	-1.0252e-08	-1.0459e-08	-1.0407e-08	-1.0474e-08	-1.0152e-08	-1.0203e-08	-9.9932e-09	-1.0147e-08	-1.0202e-08	-1.0299e-08	-1.0474e-08	-1.0455e-08	-1.0128e-08	-1.0022e-08	-9.9865e-09
-6.6654e-09	-6.7903e-09	-6.527e-09	-6.1716e-09	-6.2968e-09	-6.4775e-09	-6.4975e-09	-6.9326e-09	-7.1218e-09	-6.6652e-09	-6.1879e-09	-5.8766e-09	-5.659e-09	-5.9833e-09	-6.8105e-09	-6.9688e-09	-6.8251e-09	-6.7725e-09	-6.8891e-09	-6.6472e-09	-6.7512e-09	-7.1634e-09	-6.9409e-09	-6.195e-09	-3.4622e-09	3.074e-09	1.1625e-08	2.1172e-08	3.1021e-08	4.135e-08	5.1462e-08	6.1838e-08	7.1919e-08	8.0591e-08	8.941e-08	9.8317e-08	1.0538e-07	1.0975e-07	1.1072e-07	1.0945e-07	1.0699e-07	1.0487e-07	1.0498e-07	1.0498e-07	1.0164e-07	9.4601e-08	8.4788e-08	7.4376e-08	6.3865e-08	5.3437e-08	4.3366e-08	3.1909e-08	2.1946e-08	1.2137e-08	3.6253e-09	-2.0307e-09	-5.2706e-09	-7.2393e-09	-8.322e-09	-9.0837e-09	-9.6062e-09	-9.976e-09	-1.0124e-08	-1.0405e-08	-1.0644e-08	-1.0614e-08	-1.0687e-08	-1.0404e-08	-1.0516e-08	-1.0276e-08	-1.0311e-08	-1.0346e-08	-1.036e-08	-1.0524e-08	-1.0568e-08	-1.0265e-08	-1.0269e-08	-1.0375e-08
-6.9313e-09	-7.0742e-09	-6.8608e-09	-6.5472e-09	-6.6381e-09	-6.79e-09	-6.8265e-09	-7.2188e-09	-7.4463e-09	-6.9617e-09	-6.4128e-09	-6.0624e-09	-5.8845e-09	-6.2301e-09	-7.0479e-09	-7.1966e-09	-7.0553e-09	-6.9463e-09	-6.9963e-09	-6.7504e-09	-6.8479e-09	-7.2222e-09	-7.0487e-09	-6.2289e-09	-3.2113e-09	3.4634e-09	1.215e-08	2.1764e-08	3.1636e-08	4.1998e-08	5.224e-08	6.2559e-08	7.2376e-08	8.0883e-08	8.9491e-08	9.813e-08	1.046e-07	1.0891e-07	1.0989e-07	1.0853e-07	1.06e-07	1.0407e-07	1.0405e-07	1.0361e-07	9.9932e-08	9.2747e-08	8.3018e-08	7.2678e-08	6.2266e-08	5.1943e-08	4.1876e-08	3.039e-08	2.0427e-08	1.068e-08	2.3e-09	-2.9419e-09	-5.8388e-09	-7.6274e-09	-8.5572e-09	-9.1662e-09	-9.7015e-09	-1.0175e-08	-1.0296e-08	-1.0518e-08	-1.0772e-08	-1.0769e-08	-1.0848e-08	-1.0612e-08	-1.0785e-08	-1.0532e-08	-1.046e-08	-1.0469e-08	-1.0402e-08	-1.0549e-08	-1.065e-08	-1.037e-08	-1.0484e-08	-1.0746e-08
-7.162e-09	-7.3043e-09	-7.1558e-09	-6.9046e-09	-6.9704e-09	-7.0933e-09	-7.1318e-09	-7.4201e-09	-7.6784e-09	-7.2098e-09	-6.6107e-09	-6.2419e-09	-6.1363e-09	-6.4768e-09	-7.233e-09	-7.3573e-09	-7.2304e-09	-7.0808e-09	-7.0927e-09	-6.8461e-09	-6.8479e-09	-7.2643e-09	-7.1343e-09	-6.2405e-09	-2.906e-09	3.9029e-09	1.2729e-08	2.2406e-08	3.2307e-08	4.2682e-08	5.3075e-08	6.3307e-08	7.2769e-08	8.105e-08	8.9355e-08	9.7625e-08	1.0355e-07	1.0779e-07	1.088e-07	1.0738e-07	1.0482e-07	1.031e-07	1.0296e-07	1.0206e-07	9.802e-08	9.0711e-08	8.114e-08	7.0929e-08	6.0646e-08	5.045e-08	4.0381e-08	2.8873e-08	1.8908e-08	9.2336e-09	1.0016e-09	-3.8313e-09	-6.4016e-09	-8.007e-09	-8.788e-09	-9.2386e-09	-9.789e-09	-1.036e-08	-1.0445e-08	-1.0594e-08	-1.0848e-08	-1.0878e-08	-1.0954e-08	-1.0768e-08	-1.1001e-08	-1.0757e-08	-1.0602e-08	-1.058e-08	-1.0436e-08	-1.056e-08	-1.0704e-08	-1.0444e-08	-1.0662e-08	-1.1079e-08
-7.3501e-09	-7.4733e-09	-7.4017e-09	-7.2296e-09	-7.2793e-09	-7.3749e-09	-7.4043e-09	-7.5455e-09	-7.8286e-09	-7.4109e-09	-6.7824e-09	-6.4132e-09	-6.401e-09	-6.7167e-09	-7.3764e-09	-7.4657e-09	-7.3606e-09	-7.1842e-09	-7.1795e-09	-6.9361e-09	-6.937e-09	-7.2982e-09	-7.2032e-09	-6.2328e-09	-2.5628e-09	4.3751e-09	1.3335e-08	2.3075e-08	3.3009e-08	4.3383e-08	5.3931e-08	6.4049e-08	7.3109e-08	8.1124e-08	8.9064e-08	9.6901e-08	1.0235e-07	1.0649e-07	1.0755e-07	1.0608e-07	1.0353e-07	1.0203e-07	1.0178e-07	1.0041e-07	9.6002e-08	8.8586e-08	7.922e-08	6.917e-08	5.9031e-08	4.8969e-08	3.8893e-08	2.7376e-08	1.741e-08	7.8201e-09	-2.3422e-10	-4.6763e-09	-6.9506e-09	-8.3748e-09	-9.0153e-09	-9.3146e-09	-9.8802e-09	-1.0531e-08	-1.0573e-08	-1.064e-08	-1.0877e-08	-1.0943e-08	-1.1004e-08	-1.0864e-08	-1.1154e-08	-1.0943e-08	-1.0742e-08	-1.0687e-08	-1.0478e-08	-1.0568e-08	-1.0734e-08	-1.0491e-08	-1.0795e-08	-1.1352e-08
-7.4959e-09	-7.5862e-09	-7.5973e-09	-7.5142e-09	-7.5545e-09	-7.6224e-09	-7.6353e-09	-7.6048e-09	-7.9081e-09	-7.5664e-09	-6.9293e-09	-6.5749e-09	-6.6645e-09	-6.9428e-09	-7.489e-09	-7.5374e-09	-7.4569e-09	-7.2653e-09	-7.2579e-09	-7.0222e-09	-7.0229e-09	-7.3326e-09	-7.2607e-09	-6.2086e-09	-2.1986e-09	4.8626e-09	1.3944e-08	2.3746e-08	3.372e-08	4.4081e-08	5.4767e-08	6.4751e-08	7.3404e-08	8.1137e-08	8.8685e-08	9.6054e-08	1.0113e-07	1.0515e-07	1.0623e-07	1.0471e-07	1.0219e-07	1.0093e-07	1.0057e-07	9.8746e-08	9.3974e-08	8.6469e-08	7.732e-08	6.7442e-08	5.7445e-08	4.7509e-08	3.7427e-08	2.5917e-08	1.5954e-08	6.4631e-09	-1.3719e-09	-5.4546e-09	-7.4773e-09	-8.7278e-09	-9.24e-09	-9.408e-09	-9.9867e-09	-1.0686e-08	-1.068e-08	-1.0659e-08	-1.0865e-08	-1.0969e-08	-1.0995e-08	-1.0893e-08	-1.1232e-08	-1.1085e-08	-1.0887e-08	-1.0796e-08	-1.054e-08	-1.0584e-08	-1.0743e-08	-1.0514e-08	-1.0877e-08	-1.1543e-08
-7.6003e-09	-7.648e-09	-7.7416e-09	-7.7504e-09	-7.7856e-09	-7.8234e-09	-7.8157e-09	-7.608e-09	-7.928e-09	-7.678e-09	-7.0526e-09	-6.7252e-09	-6.9129e-09	-7.1486e-09	-7.5821e-09	-7.5876e-09	-7.5304e-09	-7.3325e-09	-7.3291e-09	-7.1064e-09	-7.1102e-09	-7.3759e-09	-7.3123e-09	-6.1707e-09	-1.8298e-09	5.3479e-09	1.4531e-08	2.4393e-08	3.4414e-08	4.4754e-08	5.5545e-08	6.538e-08	7.3664e-08	8.1121e-08	8.8282e-08	9.5182e-08	1e-07	1.0388e-07	1.0494e-07	1.0335e-07	1.009e-07	9.9848e-08	9.9376e-08	9.7132e-08	9.2035e-08	8.4457e-08	7.5507e-08	6.5788e-08	5.5911e-08	4.608e-08	3.5994e-08	2.4512e-08	1.456e-08	5.1861e-09	-2.3758e-09	-6.1438e-09	-7.9732e-09	-9.0625e-09	-9.4629e-09	-9.5325e-09	-1.012e-08	-1.0824e-08	-1.0767e-08	-1.0657e-08	-1.0816e-08	-1.096e-08	-1.0929e-08	-1.0856e-08	-1.1233e-08	-1.118e-08	-1.1042e-08	-1.0913e-08	-1.0631e-08	-1.0617e-08	-1.0736e-08	-1.0518e-08	-1.0905e-08	-1.1643e-08
-7.6642e-09	-7.6638e-09	-7.8335e-09	-7.9302e-09	-7.9624e-09	-7.9654e-09	-7.9368e-09	-7.5647e-09	-7.8994e-09	-7.7472e-09	-7.1536e-09	-6.8626e-09	-7.1324e-09	-7.3271e-09	-7.6666e-09	-7.632e-09	-7.592e-09	-7.3946e-09	-7.3942e-09	-7.1906e-09	-7.2034e-09	-7.4367e-09	-7.3635e-09	-6.1221e-09	-1.4731e-09	5.8136e-09	1.5071e-08	2.4993e-08	3.5069e-08	4.5383e-08	5.6227e-08	6.5903e-08	7.3897e-08	8.111e-08	8.7919e-08	9.4384e-08	9.9105e-08	1.0279e-07	1.0378e-07	1.0209e-07	9.9716e-08	9.8862e-08	9.8261e-08	9.565e-08	9.0281e-08	8.2644e-08	7.3844e-08	6.4249e-08	5.4455e-08	4.4691e-08	3.4608e-08	2.3172e-08	1.3239e-08	4.0036e-09	-3.2254e-09	-6.7306e-09	-8.4319e-09	-9.3768e-09	-9.6844e-09	-9.6963e-09	-1.0287e-08	-1.0946e-08	-1.0838e-08	-1.0641e-08	-1.0739e-08	-1.0922e-08	-1.0827e-08	-1.0773e-08	-1.1179e-08	-1.1241e-08	-1.1204e-08	-1.104e-08	-1.0749e-08	-1.0668e-08	-1.0723e-08	-1.0513e-08	-1.0899e-08	-1.167e-08
-7.6883e-09	-7.6389e-09	-7.872e-09	-8.0459e-09	-8.0746e-09	-8.036e-09	-7.9897e-09	-7.4848e-09	-7.8336e-09	-7.7757e-09	-7.2336e-09	-6.9854e-09	-7.3089e-09	-7.4717e-09	-7.7537e-09	-7.6859e-09	-7.6528e-09	-7.4601e-09	-7.4545e-09	-7.2766e-09	-7.3072e-09	-7.5234e-09	-7.4197e-09	-6.0654e-09	-1.1451e-09	6.2421e-09	1.5539e-08	2.5519e-08	3.566e-08	4.5948e-08	5.6774e-08	6.6285e-08	7.4113e-08	8.1136e-08	8.7661e-08	9.3756e-08	9.851e-08	1.0198e-07	1.0281e-07	1.0097e-07	9.87e-08	9.8011e-08	9.7261e-08	9.4348e-08	8.8773e-08	8.109e-08	7.237e-08	6.2847e-08	5.3087e-08	4.3346e-08	3.3276e-08	2.188e-08	1.1979e-08	2.9065e-09	-3.9403e-09	-7.2262e-09	-8.852e-09	-9.6705e-09	-9.9035e-09	-9.8929e-09	-1.0479e-08	-1.1052e-08	-1.0896e-08	-1.062e-08	-1.065e-08	-1.0868e-08	-1.0712e-08	-1.0668e-08	-1.1093e-08	-1.1279e-08	-1.1371e-08	-1.1177e-08	-1.0887e-08	-1.0739e-08	-1.0715e-08	-1.0512e-08	-1.0875e-08	-1.1647e-08
-7.6736e-09	-7.5784e-09	-7.8561e-09	-8.0893e-09	-8.1117e-09	-8.0229e-09	-7.9656e-09	-7.3781e-09	-7.7416e-09	-7.7651e-09	-7.2938e-09	-7.092e-09	-7.4288e-09	-7.5755e-09	-7.8544e-09	-7.7648e-09	-7.7235e-09	-7.5377e-09	-7.5112e-09	-7.3664e-09	-7.426e-09	-7.6407e-09	-7.4845e-09	-6.0021e-09	-8.5529e-10	6.6241e-09	1.5922e-08	2.596e-08	3.6174e-08	4.6437e-08	5.7166e-08	6.6512e-08	7.4318e-08	8.122e-08	8.7551e-08	9.3364e-08	9.818e-08	1.0139e-07	1.02e-07	9.9982e-08	9.7834e-08	9.7278e-08	9.6363e-08	9.3202e-08	8.7473e-08	7.9752e-08	7.105e-08	6.1556e-08	5.1789e-08	4.2032e-08	3.1982e-08	2.0618e-08	1.076e-08	1.8814e-09	-4.5465e-09	-7.646e-09	-9.2329e-09	-9.9441e-09	-1.0119e-08	-1.0113e-08	-1.0687e-08	-1.1143e-08	-1.0945e-08	-1.0604e-08	-1.0565e-08	-1.0815e-08	-1.0605e-08	-1.0565e-08	-1.1e-08	-1.1307e-08	-1.1541e-08	-1.1323e-08	-1.1041e-08	-1.0829e-08	-1.0721e-08	-1.0525e-08	-1.0855e-08	-1.1597e-08
-7.6208e-09	-7.4874e-09	-7.7849e-09	-8.0527e-09	-8.0636e-09	-8.0229e-09	-7.8651e-09	-7.2564e-09	-7.636e-09	-7.7211e-09	-7.3381e-09	-7.1835e-09	-7.4868e-09	-7.6374e-09	-7.9759e-09	-7.8783e-09	-7.8118e-09	-7.6332e-09	-7.5664e-09	-7.462e-09	-7.5623e-09	-7.783e-09	-7.557e-09	-5.9293e-09	-5.9396e-10	6.9711e-09	1.6241e-08	2.6335e-08	3.6625e-08	4.6866e-08	5.7432e-08	6.6613e-08	7.4514e-08	8.1356e-08	8.7573e-08	9.3181e-08	9.8058e-08	1.0098e-07	1.0131e-07	9.9099e-08	9.7089e-08	9.664e-08	9.5545e-08	9.2175e-08	8.6328e-08	7.8571e-08	6.984e-08	6.034e-08	5.0537e-08	4.0736e-08	3.0709e-08	1.9367e-08	9.5643e-09	9.1514e-10	-5.0705e-09	-8.0052e-09	-9.5742e-09	-1.0198e-08	-1.0329e-08	-1.0348e-08	-1.0898e-08	-1.1218e-08	-1.0992e-08	-1.0605e-08	-1.0501e-08	-1.0776e-08	-1.0605e-08	-1.0489e-08	-1.0489e-08	-1.0923e-08	-1.1339e-08	-1.171e-08	-1.148e-08	-1.1206e-08	-1.0941e-08	-1.0753e-08	-1.0563e-08	-1.0858e-08
-7.5354e-09	-7.3747e-09	-7.6636e-09	-7.937e-09	-7.9303e-09	-7.9242e-09	-7.7144e-09	-7.1364e-09	-7.5326e-09	-7.6608e-09	-7.3767e-09	-7.2679e-09	-7.502e-09	-7.6707e-09	-8.1149e-09	-8.0201e-09	-7.9157e-09	-7.7449e-09	-7.6254e-09	-7.5653e-09	-7.7131e-09	-7.943e-09	-7.6351e-09	-5.8434e-09	-3.4819e-10	7.2984e-09	1.6522e-08	2.6667e-08	3.7034e-08	4.7253e-08	5.7607e-08	6.6625e-08	7.47e-08	8.1532e-08	8.1532e-08	8.77e-08	9.3292e-08	9.8085e-08	1.007e-07	1.0069e-07	9.8294e-08	9.6437e-08	9.6071e-08	9.4786e-08	9.123e-08	8.5285e-08	7.7488e-08	6.8693e-08	5.9163e-08	4.9304e-08	3.9443e-08	2.8157e-08	1.8106e-08	8.3746e-09	-5.4895e-12	-5.5382e-09	-8.3192e-09	-9.8753e-09	-1.0432e-08	-1.0534e-08	-1.0588e-08	-1.1105e-08	-1.128e-08	-1.104e-08	-1.0631e-08	-1.0475e-08	-1.0766e-08	-1.0509e-08	-1.0464e-08	-1.0886e-08	-1.1386e-08	-1.1877e-08	-1.1648e-08	-1.1375e-08	-1.1074e-08	-1.0821e-08	-1.064e-08	-1.0903e-08
-7.6608e-09	-7.4351e-09	-7.2585e-09	-7.5149e-09	-7.7673e-09	-7.7395e-09	-7.5833e-09	-7.5439e-09	-7.036e-09	-7.4479e-09	-7.6031e-09	-7.4213e-09	-7.3546e-09	-7.4968e-09	-7.6913e-09	-8.266e-09	-8.1815e-09	-8.0314e-09	-7.8697e-09	-7.6937e-09	-7.6786e-09	-8.0425e-09	-8.1131e-09	-7.7169e-09	-5.7409e-09	-1.0511e-10	7.6212e-09	1.679e-08	2.6981e-08	3.7419e-08	4.7615e-08	5.7729e-08	6.6588e-08	7.4876e-08	8.1739e-08	8.7909e-08	9.3506e-08	9.8204e-08	1.0047e-07	1.0012e-07	9.754e-08	9.5849e-08	9.5545e-08	9.4065e-08	9.033e-08	8.429e-08	7.6444e-08	6.7564e-08	5.7991e-08	4.8066e-08	3.8136e-08	2.6843e-08	1.6818e-08	7.1725e-09	-8.937e-10	-5.9761e-09	-8.6031e-09	-1.0136e-08	-1.0648e-08	-1.0731e-08	-1.0825e-08	-1.1295e-08	-1.1327e-08	-1.1094e-08	-1.0695e-08	-1.0505e-08	-1.0801e-08	-1.0565e-08	-1.0513e-08	-1.0915e-08	-1.1463e-08	-1.2038e-08	-1.1826e-08	-1.1544e-08	-1.1229e-08	-1.0934e-08	-1.0765e-08	-1.1009e-08
-7.5619e-09	-7.3393e-09	-7.1586e-09	-7.3641e-09	-7.5728e-09	-7.5233e-09	-7.4044e-09	-7.384e-09	-6.9729e-09	-7.3983e-09	-7.5668e-09	-7.4833e-09	-7.4528e-09	-7.4942e-09	-7.7152e-09	-8.4243e-09	-8.3537e-09	-8.1556e-09	-8.0048e-09	-7.7768e-09	-7.8038e-09	-8.2132e-09	-8.2862e-09	-7.8007e-09	-5.6183e-09	1.4817e-10	7.9545e-09	1.7071e-08	2.73e-08	3.7801e-08	4.7973e-08	5.7834e-08	6.6539e-08	7.5042e-08	8.1964e-08	8.8171e-08	9.3773e-08	9.8354e-08	1.0027e-07	9.9537e-08	9.6811e-08	9.5298e-08	9.5038e-08	9.3359e-08	8.9439e-08	8.329e-08	7.5381e-08	6.6408e-08	5.6786e-08	4.6799e-08	3.6803e-08	2.548e-08	1.5482e-08	5.94e-09	-1.7627e-09	-6.4101e-09	-8.8723e-09	-1.0355e-08	-1.0844e-08	-1.0919e-08	-1.1049e-08	-1.1459e-08	-1.1362e-08	-1.1159e-08	-1.0805e-08	-1.0606e-08	-1.0895e-08	-1.0716e-08	-1.0658e-08	-1.103e-08	-1.158e-08	-1.2191e-08	-1.2015e-08	-1.1708e-08	-1.1406e-08	-1.1103e-08	-1.0948e-08	-1.1193e-08
-7.4823e-09	-7.2678e-09	-7.0949e-09	-7.2364e-09	-7.3823e-09	-7.314e-09	-7.2623e-09	-7.2651e-09	-6.9647e-09	-7.4003e-09	-7.5709e-09	-7.5742e-09	-7.5718e-09	-7.5168e-09	-7.7581e-09	-8.5846e-09	-8.5279e-09	-8.2847e-09	-8.1471e-09	-7.8803e-09	-7.9432e-09	-8.3827e-09	-8.4548e-09	-7.8843e-09	-5.472e-09	4.2454e-10	8.3136e-09	1.739e-08	2.765e-08	3.8198e-08	4.8343e-08	5.796e-08	6.6516e-08	7.5198e-08	8.2197e-08	8.8463e-08	9.4055e-08	9.848e-08	1.0002e-07	9.8912e-08	9.6079e-08	9.4755e-08	9.4526e-08	9.2648e-08	8.852e-08	8.223e-08	7.4238e-08	6.5179e-08	5.5515e-08	4.5477e-08	3.5428e-08	2.4054e-08	1.4083e-08	4.6619e-09	-2.6241e-09	-6.8641e-09	-9.1409e-09	-1.0533e-08	-1.1023e-08	-1.1098e-08	-1.1251e-08	-1.1588e-08	-1.1385e-08	-1.1239e-08	-1.0971e-08	-1.0793e-08	-1.106e-08	-1.0947e-08	-1.0886e-08	-1.1221e-08	-1.1731e-08	-1.2333e-08	-1.221e-08	-1.1865e-08	-1.16e-08	-1.1319e-08	-1.1182e-08	-1.1446e-08
-7.4515e-09	-7.2403e-09	-7.0871e-09	-7.1573e-09	-7.2249e-09	-7.1438e-09	-7.1886e-09	-7.2176e-09	-7.0292e-09	-7.4704e-09	-7.6341e-09	-7.7057e-09	-7.7208e-09	-7.5874e-09	-7.8359e-09	-8.7417e-09	-8.6953e-09	-8.415e-09	-8.2936e-09	-8.0097e-09	-8.0988e-09	-8.547e-09	-8.6115e-09	-7.966e-09	-5.2986e-09	7.3688e-10	8.7137e-09	1.7774e-08	2.8054e-08	3.863e-08	4.8745e-08	5.8142e-08	6.6557e-08	7.5344e-08	8.2426e-08	8.8758e-08	9.4316e-08	9.8527e-08	9.9676e-08	9.8205e-08	9.5323e-08	9.4195e-08	9.3984e-08	9.1913e-08	8.7539e-08	8.1064e-08	7.2964e-08	6.3836e-08	5.4145e-08	4.4079e-08	3.3998e-08	2.2572e-08	1.2631e-08	3.3509e-09	-3.4747e-09	-7.3384e-09	-9.4112e-09	-1.0675e-08	-1.1184e-08	-1.1265e-08	-1.1429e-08	-1.1682e-08	-1.1397e-08	-1.1331e-08	-1.118e-08	-1.105e-08	-1.1282e-08	-1.1226e-08	-1.1166e-08	-1.1462e-08	-1.1905e-08	-1.2461e-08	-1.24e-08	-1.2013e-08	-1.18e-08	-1.1566e-08	-1.1451e-08	-1.1742e-08
-7.4989e-09	-7.2763e-09	-7.1552e-09	-7.152e-09	-7.1296e-09	-7.0449e-09	-7.215e-09	-7.2718e-09	-7.1842e-09	-7.6249e-09	-7.7754e-09	-7.8891e-09	-7.9092e-09	-7.7287e-09	-7.9646e-09	-8.8906e-09	-8.8471e-09	-8.5431e-09	-8.4415e-09	-8.1707e-09	-8.2728e-09	-8.702e-09	-8.7493e-09	-8.0435e-09	-5.0949e-09	1.0966e-09	9.1682e-09	1.8244e-08	2.8534e-08	3.9114e-08	4.9196e-08	5.8414e-08	6.6696e-08	7.548e-08	8.2642e-08	8.9034e-08	9.4546e-08	9.8489e-08	9.9245e-08	9.7426e-08	9.4552e-08	9.3624e-08	9.3413e-08	9.1148e-08	8.6496e-08	7.9792e-08	7.1564e-08	6.2385e-08	5.2682e-08	4.2611e-08	3.252e-08	2.1055e-08	1.1149e-08	2.0342e-09	-4.3034e-09	-7.821e-09	-9.6797e-09	-1.0789e-08	-1.1327e-08	-1.1419e-08	-1.1582e-08	-1.1747e-08	-1.1404e-08	-1.1426e-08	-1.1412e-08	-1.1345e-08	-1.1532e-08	-1.1518e-08	-1.1469e-08	-1.1727e-08	-1.2087e-08	-1.2571e-08	-1.2579e-08	-1.215e-08	-1.1998e-08	-1.1827e-08	-1.1736e-08	-1.2059e-08
-7.6539e-09	-7.3956e-09	-7.3188e-09	-7.2458e-09	-7.1255e-09	-7.0496e-09	-7.3687e-09	-7.4535e-09	-7.4438e-09	-7.877e-09	-8.0103e-09	-8.1336e-09	-8.1443e-09	-7.9596e-09	-8.1572e-09	-9.0261e-09	-8.9752e-09	-8.6653e-09	-8.5873e-09	-8.3671e-09	-8.4658e-09	-8.8409e-09	-8.8634e-09	-8.112e-09	-4.8621e-09	1.5023e-09	9.6755e-09	1.88e-08	2.9089e-08	3.9651e-08	4.9695e-08	5.8775e-08	6.6934e-08	7.5615e-08	8.2847e-08	8.9287e-08	9.4752e-08	9.8383e-08	9.8749e-08	9.6608e-08	9.3798e-08	9.3062e-08	9.2823e-08	9.0361e-08	8.5406e-08	7.8445e-08	7.0072e-08	6.0855e-08	5.115e-08	4.1093e-08	3.1011e-08	1.9523e-08	9.6607e-09	7.3918e-10	-5.0992e-09	-8.2998e-09	-9.9426e-09	-1.0881e-08	-1.1453e-08	-1.1556e-08	-1.1708e-08	-1.1789e-08	-1.1407e-08	-1.1519e-08	-1.1644e-08	-1.1646e-08	-1.1782e-08	-1.179e-08	-1.1765e-08	-1.1989e-08	-1.2265e-08	-1.266e-08	-1.2737e-08	-1.2278e-08	-1.2184e-08	-1.2087e-08	-1.202e-08	-1.2371e-08
-7.9396e-09	-7.6133e-09	-7.5935e-09	-7.4597e-09	-7.2374e-09	-7.1854e-09	-7.6347e-09	-7.7466e-09	-7.7911e-09	-8.2097e-09	-8.3235e-09	-8.4271e-09	-8.4164e-09	-8.2661e-09	-8.4029e-09	-9.1442e-09	-9.0763e-09	-8.7773e-09	-8.7252e-09	-8.5867e-09	-8.6669e-09	-8.9555e-09	-8.9502e-09	-8.165e-09	-4.6036e-09	1.9453e-09	1.0226e-08	1.9425e-08	2.9707e-08	4.0233e-08	5.0232e-08	5.9209e-08	6.7256e-08	7.576e-08	8.305e-08	8.9529e-08	9.4941e-08	9.8228e-08	9.8217e-08	9.5784e-08	9.3091e-08	9.2531e-08	9.2226e-08	8.9556e-08	8.4284e-08	7.7051e-08	6.8524e-08	5.9276e-08	4.9575e-08	3.9547e-08	2.9487e-08	1.9523e-08	8.1912e-09	-5.0691e-10	-5.8509e-09	-8.763e-09	-1.0196e-08	-1.096e-08	-1.1563e-08	-1.1676e-08	-1.1807e-08	-1.1814e-08	-1.1411e-08	-1.1601e-08	-1.1853e-08	-1.1923e-08	-1.2002e-08	-1.201e-08	-1.2024e-08	-1.2224e-08	-1.2423e-08	-1.2726e-08	-1.2867e-08	-1.2393e-08	-1.2349e-08	-1.2328e-08	-1.2288e-08	-1.2654e-08
-8.3196e-09	-7.9051e-09	-7.9555e-09	-7.7744e-09	-7.4527e-09	-7.438e-09	-7.9757e-09	-8.1127e-09	-8.1926e-09	-8.5898e-09	-8.6834e-09	-8.7458e-09	-8.7067e-09	-8.616e-09	-8.6778e-09	-9.2414e-09	-9.1499e-09	-8.8745e-09	-8.8477e-09	-8.809e-09	-8.8587e-09	-9.0378e-09	-9.006e-09	-8.196e-09	-4.3228e-09	2.4174e-09	1.0809e-08	2.0103e-08	3.0374e-08	4.085e-08	5.08e-08	5.9696e-08	6.7644e-08	7.5926e-08	8.3262e-08	8.977e-08	9.5118e-08	9.8042e-08	9.7674e-08	9.4987e-08	9.2461e-08	9.2051e-08	9.1633e-08	8.8739e-08	8.3147e-08	7.5639e-08	6.6956e-08	5.7679e-08	4.7982e-08	3.7992e-08	2.7964e-08	1.7996e-08	6.764e-09	-1.6767e-09	-6.5475e-09	-9.1982e-09	-1.0437e-08	-1.1033e-08	-1.1656e-08	-1.1776e-08	-1.1878e-08	-1.1828e-08	-1.1418e-08	-1.1666e-08	-1.2019e-08	-1.2142e-08	-1.2165e-08	-1.2143e-08	-1.2215e-08	-1.2404e-08	-1.2551e-08	-1.2764e-08	-1.2958e-08	-1.2495e-08	-1.2484e-08	-1.2534e-08	-1.2522e-08	-1.2884e-08
-8.7261e-09	-8.2257e-09	-8.3603e-09	-8.149e-09	-7.739e-09	-7.7707e-09	-8.3542e-09	-8.5132e-09	-8.6144e-09	-8.984e-09	-9.0582e-09	-9.0661e-09	-8.9964e-09	-8.9774e-09	-8.9582e-09	-9.3138e-09	-9.1955e-09	-8.9522e-09	-8.9473e-09	-9.0135e-09	-9.0237e-09	-9.0795e-09	-9.0274e-09	-8.1989e-09	-4.0232e-09	2.9098e-09	1.1415e-08	2.0819e-08	3.1077e-08	4.1494e-08	5.1388e-08	6.0219e-08	6.8083e-08	7.6127e-08	8.349e-08	9.0019e-08	9.5289e-08	9.7842e-08	9.7148e-08	9.425e-08	9.1937e-08	9.1645e-08	9.1056e-08	8.7915e-08	8.2011e-08	7.4239e-08	6.5404e-08	5.6094e-08	4.6394e-08	3.6451e-08	2.646e-08	1.6494e-08	5.4032e-09	-2.7428e-09	-7.1777e-09	-9.5936e-09	-1.0661e-08	-1.1108e-08	-1.1734e-08	-1.1855e-08	-1.1921e-08	-1.1837e-08	-1.1432e-08	-1.1705e-08	-1.2118e-08	-1.2274e-08	-1.2241e-08	-1.2156e-08	-1.2309e-08	-1.2505e-08	-1.2633e-08	-1.2773e-08	-1.3004e-08	-1.2582e-08	-1.2579e-08	-1.2689e-08	-1.2705e-08	-1.3038e-08
-9.0911e-09	-8.5295e-09	-8.7629e-09	-8.5428e-09	-8.0634e-09	-8.1467e-09	-8.7326e-09	-8.9095e-09	-9.0228e-09	-9.359e-09	-9.4164e-09	-9.3642e-09	-9.2665e-09	-9.3179e-09	-9.22e-09	-9.358e-09	-9.2127e-09	-9.0057e-09	-9.0165e-09	-9.1794e-09	-9.1446e-09	-9.0727e-09	-9.0108e-09	-8.167e-09	-3.7081e-09	3.4141e-09	1.2034e-08	2.1556e-08	3.1804e-08	4.2155e-08	5.1987e-08	6.0759e-08	6.8557e-08	7.6374e-08	8.3745e-08	9.0286e-08	9.5462e-08	9.7646e-08	9.6665e-08	9.3607e-08	9.1551e-08	9.1333e-08	9.0505e-08	8.7091e-08	8.0892e-08	7.2879e-08	6.3903e-08	5.4549e-08	4.4838e-08	3.4944e-08	2.499e-08	1.5039e-08	4.1323e-09	-3.6781e-09	-7.7307e-09	-9.9372e-09	-1.0865e-08	-1.1193e-08	-1.1797e-08	-1.191e-08	-1.1934e-08	-1.1847e-08	-1.1456e-08	-1.1713e-08	-1.2129e-08	-1.2285e-08	-1.2202e-08	-1.2043e-08	-1.2296e-08	-1.2515e-08	-1.2663e-08	-1.2751e-08	-1.3002e-08	-1.2654e-08	-1.2631e-08	-1.2785e-08	-1.2828e-08	-1.3104e-08
-9.3464e-09	-8.7708e-09	-9.1187e-09	-8.9147e-09	-8.3932e-09	-8.5291e-09	-9.0736e-09	-9.2631e-09	-9.384e-09	-9.6815e-09	-9.726e-09	-9.6165e-09	-9.4982e-09	-9.6056e-09	-9.4395e-09	-9.3703e-09	-9.2009e-09	-9.0303e-09	-9.0479e-09	-9.2863e-09	-9.2037e-09	-9.0091e-09	-8.9525e-09	-8.0941e-09	-3.381e-09	3.9219e-09	1.2657e-08	2.2299e-08	3.2542e-08	4.2826e-08	5.2588e-08	6.1299e-08	6.9048e-08	7.6678e-08	8.4035e-08	9.0581e-08	9.5641e-08	9.7473e-08	9.6252e-08	9.3091e-08	9.1331e-08	9.1136e-08	8.9992e-08	8.627e-08	7.9805e-08	7.1589e-08	6.2488e-08	5.3076e-08	4.3339e-08	3.3492e-08	2.3573e-08	1.365e-08	2.962e-09	-4.474e-09	-8.2039e-09	-1.0225e-08	-1.1046e-08	-1.1289e-08	-1.1845e-08	-1.1941e-08	-1.1921e-08	-1.186e-08	-1.1492e-08	-1.1689e-08	-1.205e-08	-1.2172e-08	-1.2045e-08	-1.1837e-08	-1.2199e-08	-1.245e-08	-1.2647e-08	-1.27e-08	-1.2955e-08	-1.2706e-08	-1.2645e-08	-1.2828e-08	-1.2896e-08	-1.3096e-08
-9.424e-09	-8.904e-09	-9.3827e-09	-9.224e-09	-8.6958e-09	-8.8809e-09	-9.3396e-09	-9.5353e-09	-9.6643e-09	-9.9183e-09	-9.9554e-09	-9.7992e-09	-9.6726e-09	-9.8082e-09	-9.5926e-09	-9.3472e-09	-9.1598e-09	-9.0214e-09	-9.0341e-09	-9.3135e-09	-9.1838e-09	-8.8808e-09	-8.8493e-09	-7.9738e-09	-3.0452e-09	4.4245e-09	1.3273e-08	2.3032e-08	3.3278e-08	4.3498e-08	5.3182e-08	6.1821e-08	6.9541e-08	7.7051e-08	8.437e-08	9.0915e-08	9.582e-08	9.732e-08	9.591e-08	9.2703e-08	9.1273e-08	9.1049e-08	8.9516e-08	8.5455e-08	7.8756e-08	7.038e-08	6.1175e-08	5.1687e-08	4.1908e-08	3.2103e-08	2.2212e-08	1.2334e-08	1.8823e-09	-5.1491e-09	-8.6075e-09	-1.0462e-08	-1.1206e-08	-1.1392e-08	-1.188e-08	-1.1953e-08	-1.1888e-08	-1.1876e-08	-1.1535e-08	-1.1641e-08	-1.1904e-08	-1.1966e-08	-1.1803e-08	-1.1575e-08	-1.2041e-08	-1.2327e-08	-1.2589e-08	-1.2623e-08	-1.287e-08	-1.2734e-08	-1.2627e-08	-1.2825e-08	-1.2913e-08	-1.3025e-08
-9.2558e-09	-8.8836e-09	-9.5102e-09	-9.4295e-09	-8.9385e-09	-9.1655e-09	-9.4934e-09	-9.6881e-09	-9.8304e-09	-1.0036e-08	-1.0073e-08	-9.8889e-09	-9.7711e-09	-9.8941e-09	-9.6558e-09	-9.285e-09	-9.0888e-09	-8.9744e-09	-8.9676e-09	-9.2408e-09	-9.0677e-09	-8.6918e-09	-8.7052e-09	-7.8065e-09	-2.7043e-09	4.9161e-09	1.3875e-08	2.3743e-08	3.4001e-08	4.4161e-08	5.376e-08	6.2312e-08	7.0022e-08	7.7487e-08	8.4744e-08	9.1279e-08	9.597e-08	9.7158e-08	9.5598e-08	9.2399e-08	9.1318e-08	9.1027e-08	8.9059e-08	8.4643e-08	7.774e-08	6.9239e-08	5.9947e-08	5.0374e-08	4.0543e-08	3.0772e-08	2.0899e-08	1.1077e-08	8.8166e-10	-5.7249e-09	-8.953e-09	-1.0659e-08	-1.1343e-08	-1.1497e-08	-1.1903e-08	-1.195e-08	-1.1844e-08	-1.1893e-08	-1.1583e-08	-1.1581e-08	-1.1718e-08	-1.1704e-08	-1.1511e-08	-1.1292e-08	-1.1848e-08	-1.2161e-08	-1.2495e-08	-1.2522e-08	-1.2753e-08	-1.2735e-08	-1.2584e-08	-1.2783e-08	-1.2886e-08	-1.2905e-08
-8.7749e-09	-8.6647e-09	-9.457e-09	-9.4911e-09	-9.0888e-09	-9.3462e-09	-9.523e-09	-9.7087e-09	-9.8706e-09	-1.0025e-08	-1.0069e-08	-9.8789e-09	-9.7881e-09	-9.8547e-09	-9.6226e-09	-9.1857e-09	-8.9914e-09	-8.8908e-09	-8.8501e-09	-9.0672e-09	-8.8568e-09	-8.4642e-09	-8.536e-09	-7.603e-09	-2.3616e-09	5.3941e-09	1.446e-08	2.4428e-08	3.4705e-08	4.481e-08	5.4316e-08	6.277e-08	7.0477e-08	7.7956e-08	8.5127e-08	9.1643e-08	9.6062e-08	9.6955e-08	9.5275e-08	9.213e-08	9.1401e-08	9.1022e-08	8.8602e-08	8.3827e-08	7.6748e-08	6.8152e-08	5.8789e-08	4.9125e-08	3.9235e-08	2.9488e-08	1.9622e-08	9.8644e-09	-5.1555e-11	-6.2223e-09	-9.2516e-09	-1.0822e-08	-1.1459e-08	-1.1597e-08	-1.1915e-08	-1.1936e-08	-1.1797e-08	-1.1909e-08	-1.1632e-08	-1.1518e-08	-1.152e-08	-1.1422e-08	-1.1207e-08	-1.1027e-08	-1.1642e-08	-1.197e-08	-1.237e-08	-1.2401e-08	-1.2608e-08	-1.2705e-08	-1.2521e-08	-1.2709e-08	-1.2818e-08	-1.2818e-08
-7.9821e-09	-8.2451e-09	-9.2155e-09	-9.3978e-09	-9.1355e-09	-9.4102e-09	-9.4541e-09	-9.6232e-09	-9.807e-09	-9.9088e-09	-9.9654e-09	-9.7879e-09	-9.7379e-09	-9.7168e-09	-9.5123e-09	-9.0595e-09	-8.8765e-09	-8.7809e-09	-8.696e-09	-8.8214e-09	-8.5807e-09	-8.2216e-09	-8.3587e-09	-7.3746e-09	-2.0205e-09	5.8565e-09	1.5025e-08	2.5083e-08	3.5383e-08	4.5436e-08	5.4843e-08	6.3192e-08	7.0894e-08	7.8422e-08	8.5491e-08	9.1971e-08	9.6062e-08	9.6677e-08	9.4899e-08	9.1848e-08	9.146e-08	9.0986e-08	9.0986e-08	8.8126e-08	8.3005e-08	7.5772e-08	6.7102e-08	5.7681e-08	4.7928e-08	3.7979e-08	2.8242e-08	1.8369e-08	7.5114e-09	-9.289e-10	-6.6628e-09	-9.5147e-09	-1.0959e-08	-1.1554e-08	-1.1686e-08	-1.1918e-08	-1.1916e-08	-1.1753e-08	-1.1922e-08	-1.1679e-08	-1.1464e-08	-1.1335e-08	-1.1158e-08	-1.0705e-08	-1.0814e-08	-1.1449e-08	-1.177e-08	-1.2218e-08	-1.2261e-08	-1.2443e-08	-1.264e-08	-1.2445e-08	-1.2609e-08	-1.2715e-08
-6.9816e-09	-7.6872e-09	-8.8342e-09	-9.1837e-09	-9.0991e-09	-9.3806e-09	-9.3157e-09	-9.4609e-09	-9.4609e-09	-9.6641e-09	-9.7131e-09	-9.7869e-09	-9.6368e-09	-9.6365e-09	-9.5102e-09	-9.3467e-09	-8.9174e-09	-8.7538e-09	-8.6559e-09	-8.5214e-09	-8.5344e-09	-7.9607e-09	-7.9876e-09	-8.19e-09	-7.1329e-09	-1.6843e-09	6.3012e-09	1.5565e-08	2.5703e-08	3.603e-08	4.6033e-08	5.5334e-08	6.3575e-08	7.1262e-08	7.8851e-08	8.5803e-08	9.223e-08	9.595e-08	9.6292e-08	9.4426e-08	9.1503e-08	9.1431e-08	9.0871e-08	8.761e-08	8.217e-08	7.4804e-08	6.6075e-08	5.6606e-08	4.6771e-08	3.6769e-08	2.7026e-08	1.713e-08	6.3407e-09	-1.7619e-09	-7.0674e-09	-9.7536e-09	-1.1078e-08	-1.1628e-08	-1.176e-08	-1.1912e-08	-1.1893e-08	-1.1722e-08	-1.1931e-08	-1.172e-08	-1.1428e-08	-1.1193e-08	-1.0946e-08	-1.0579e-08	-1.0691e-08	-1.1292e-08	-1.1578e-08	-1.2046e-08	-1.2106e-08	-1.2263e-08	-1.2537e-08	-1.2361e-08	-1.249e-08	-1.2583e-08
-4.1025e-09	-5.8861e-09	-7.0592e-09	-8.3658e-09	-8.8868e-09	-9.0029e-09	-9.1439e-09	-9.1367e-09	-9.2513e-09	-9.4665e-09	-9.4647e-09	-9.5583e-09	-9.4463e-09	-9.4998e-09	-9.2645e-09	-9.1474e-09	-8.77e-09	-8.6328e-09	-8.5271e-09	-8.342e-09	-8.2373e-09	-7.6806e-09	-7.7858e-09	-8.0467e-09	-6.8893e-09	-1.3565e-09	6.7261e-09	1.608e-08	2.6284e-08	3.6639e-08	4.6592e-08	5.5783e-08	6.3916e-08	7.1568e-08	7.9211e-08	8.6035e-08	9.2384e-08	9.5686e-08	9.5768e-08	9.3815e-08	9.1048e-08	9.1252e-08	9.0628e-08	8.7035e-08	8.132e-08	7.3835e-08	6.5054e-08	5.5546e-08	4.5644e-08	3.5599e-08	2.583e-08	1.5893e-08	5.1537e-09	-2.5623e-09	-7.4574e-09	-9.9797e-09	-1.1186e-08	-1.1682e-08	-1.1813e-08	-1.1899e-08	-1.1872e-08	-1.1711e-08	-1.1933e-08	-1.1753e-08	-1.1422e-08	-1.1118e-08	-1.0824e-08	-1.0578e-08	-1.0686e-08	-1.1193e-08	-1.1409e-08	-1.186e-08	-1.1939e-08	-1.2074e-08	-1.2396e-08	-1.2276e-08	-1.236e-08	-1.2427e-08
-2.2535e-09	-4.8084e-09	-6.429e-09	-7.8634e-09	-8.5449e-09	-8.8703e-09	-8.989e-09	-8.9462e-09	-9.0235e-09	-9.2389e-09	-9.1902e-09	-9.3044e-09	-9.2374e-09	-9.3439e-09	-9.0096e-09	-8.936e-09	-8.6285e-09	-8.523e-09	-8.4056e-09	-8.1736e-09	-7.9612e-09	-7.4631e-09	-7.6397e-09	-7.9455e-09	-6.6553e-09	-1.0405e-09	7.1291e-09	1.6564e-08	2.6823e-08	3.7204e-08	4.7107e-08	5.6183e-08	6.4214e-08	7.18e-08	7.9466e-08	8.6155e-08	9.24e-08	9.5245e-08	9.5073e-08	9.3023e-08	9.0434e-08	9.0858e-08	9.0209e-08	8.6382e-08	8.0449e-08	7.2858e-08	6.4026e-08	5.4483e-08	4.4533e-08	3.4461e-08	2.4645e-08	1.4647e-08	3.9402e-09	-3.3393e-09	-7.8502e-09	-1.0202e-08	-1.1292e-08	-1.1718e-08	-1.184e-08	-1.1881e-08	-1.1856e-08	-1.1726e-08	-1.1928e-08	-1.1775e-08	-1.1453e-08	-1.1132e-08	-1.0819e-08	-1.0688e-08	-1.0787e-08	-1.1151e-08	-1.1272e-08	-1.1674e-08	-1.1773e-08	-1.1888e-08	-1.223e-08	-1.2197e-08	-1.2231e-08	-1.2263e-08
-6.3626e-10	-3.8613e-09	-5.8647e-09	-7.3799e-09	-8.1959e-09	-8.7245e-09	-8.8443e-09	-8.773e-09	-8.8071e-09	-9.006e-09	-8.9159e-09	-9.0501e-09	-9.0308e-09	-9.1847e-09	-8.7752e-09	-8.7342e-09	-8.5036e-09	-8.434e-09	-8.3026e-09	-8.0321e-09	-7.7372e-09	-7.3402e-09	-7.5731e-09	-7.9035e-09	-6.4424e-09	-7.3969e-10	7.5081e-09	1.7015e-08	2.7314e-08	3.7718e-08	4.7571e-08	5.6528e-08	6.4466e-08	7.1946e-08	7.9583e-08	8.6133e-08	9.2242e-08	9.4606e-08	9.4184e-08	9.2022e-08	8.9627e-08	9.0204e-08	8.958e-08	8.5637e-08	7.9553e-08	7.1865e-08	6.2976e-08	5.3402e-08	4.3429e-08	3.3349e-08	2.3463e-08	1.3383e-08	2.7141e-09	-4.0917e-09	-8.2448e-09	-1.0422e-08	-1.1395e-08	-1.174e-08	-1.185e-08	-1.1863e-08	-1.185e-08	-1.1765e-08	-1.1919e-08	-1.1788e-08	-1.1518e-08	-1.1225e-08	-1.0919e-08	-1.0883e-08	-1.0972e-08	-1.1162e-08	-1.1175e-08	-1.1504e-08	-1.1621e-08	-1.1717e-08	-1.206e-08	-1.2133e-08	-1.2113e-08	-1.2108e-08
5.5443e-10	-3.1575e-09	-5.4342e-09	-6.9684e-09	-7.8778e-09	-8.5888e-09	-8.7358e-09	-8.6461e-09	-8.6312e-09	-8.7924e-09	-8.6683e-09	-8.8202e-09	-8.8475e-09	-9.0383e-09	-8.5911e-09	-8.5635e-09	-8.4063e-09	-8.3753e-09	-8.2294e-09	-7.9333e-09	-7.5963e-09	-7.3359e-09	-7.6032e-09	-7.9322e-09	-6.259e-09	-4.5569e-10	7.8627e-09	1.7432e-08	2.7756e-08	3.8178e-08	4.7977e-08	5.6813e-08	6.467e-08	7.1999e-08	7.9537e-08	8.595e-08	9.1889e-08	9.3805e-08	9.3139e-08	9.0854e-08	8.8664e-08	8.933e-08	8.8765e-08	8.4806e-08	7.8631e-08	7.0853e-08	6.1901e-08	5.2299e-08	4.2323e-08	3.2252e-08	2.2277e-08	1.2103e-08	1.4967e-09	-4.8151e-09	-8.6352e-09	-1.0636e-08	-1.1497e-08	-1.1758e-08	-1.1852e-08	-1.1851e-08	-1.1855e-08	-1.1823e-08	-1.1908e-08	-1.1798e-08	-1.1611e-08	-1.1378e-08	-1.1098e-08	-1.1139e-08	-1.1216e-08	-1.122e-08	-1.1125e-08	-1.1366e-08	-1.1499e-08	-1.1575e-08	-1.1905e-08	-1.2091e-08	-1.2018e-08	-1.198e-08
1.1237e-09	-2.8098e-09	-5.2056e-09	-6.6817e-09	-7.6285e-09	-8.4866e-09	-8.6844e-09	-8.5886e-09	-8.52e-09	-8.6193e-09	-8.47e-09	-8.636e-09	-8.7052e-09	-8.9186e-09	-8.4813e-09	-8.4419e-09	-8.3452e-09	-8.3541e-09	-8.1947e-09	-7.8898e-09	-7.5624e-09	-7.4374e-09	-7.7185e-09	-8.0197e-09	-6.0991e-09	-1.8206e-10	8.201e-09	1.7824e-08	2.8161e-08	3.859e-08	4.8332e-08	5.7043e-08	6.483e-08	7.1974e-08	7.9357e-08	8.5633e-08	9.1373e-08	9.2892e-08	9.1989e-08	8.958e-08	8.7603e-08	8.8303e-08	8.7808e-08	8.3905e-08	7.7681e-08	6.9817e-08	6.0802e-08	5.1173e-08	4.1208e-08	3.1154e-08	2.108e-08	1.0815e-08	3.09e-10	-5.505e-09	-9.0149e-09	-1.0841e-08	-1.1595e-08	-1.1779e-08	-1.1857e-08	-1.1852e-08	-1.1873e-08	-1.1895e-08	-1.19e-08	-1.1809e-08	-1.1727e-08	-1.1571e-08	-1.1332e-08	-1.143e-08	-1.1497e-08	-1.132e-08	-1.113e-08	-1.1275e-08	-1.142e-08	-1.1473e-08	-1.1784e-08	-1.208e-08	-1.196e-08	-1.1895e-08
9.2873e-10	-2.901e-09	-5.2299e-09	-6.5615e-09	-7.4788e-09	-8.4369e-09	-8.6874e-09	-8.5952e-09	-8.4722e-09	-8.492e-09	-8.3252e-09	-8.5021e-09	-8.6073e-09	-8.8304e-09	-8.4432e-09	-8.3697e-09	-8.3184e-09	-8.3654e-09	-8.1959e-09	-7.8989e-09	-7.6247e-09	-7.6207e-09	-7.8984e-09	-8.1468e-09	-5.9523e-09	9.0089e-11	8.5336e-09	1.8204e-08	2.8541e-08	3.8968e-08	4.8643e-08	5.723e-08	6.4952e-08	7.1894e-08	7.9083e-08	8.5227e-08	9.0741e-08	9.1919e-08	9.0786e-08	8.8263e-08	8.6504e-08	8.7187e-08	8.6754e-08	8.2947e-08	7.6702e-08	6.8757e-08	5.9677e-08	5.0022e-08	4.0078e-08	3.0043e-08	1.9866e-08	9.5243e-09	-8.279e-10	-6.1572e-09	-9.3776e-09	-1.1036e-08	-1.169e-08	-1.181e-08	-1.1874e-08	-1.1871e-08	-1.1907e-08	-1.1978e-08	-1.1899e-08	-1.1826e-08	-1.1859e-08	-1.1786e-08	-1.1595e-08	-1.1731e-08	-1.1791e-08	-1.1457e-08	-1.1196e-08	-1.1249e-08	-1.1399e-08	-1.1426e-08	-1.1718e-08	-1.2106e-08	-1.195e-08	-1.1872e-08
7.3799e-11	-3.3716e-09	-5.476e-09	-6.5953e-09	-7.4266e-09	-8.4389e-09	-8.7348e-09	-8.6525e-09	-8.479e-09	-8.4108e-09	-8.2325e-09	-8.4183e-09	-8.5528e-09	-8.7755e-09	-8.4659e-09	-8.3417e-09	-8.3207e-09	-8.401e-09	-8.2267e-09	-7.9531e-09	-7.7621e-09	-7.6207e-09	-8.1224e-09	-8.2941e-09	-5.8084e-09	3.6965e-10	8.8709e-09	1.8584e-08	2.8912e-08	3.932e-08	4.8918e-08	5.738e-08	6.5041e-08	7.1781e-08	7.8757e-08	8.4775e-08	9.0044e-08	9.0936e-08	8.9583e-08	8.6964e-08	8.5423e-08	8.6049e-08	8.5644e-08	8.1949e-08	7.5694e-08	6.7667e-08	5.8526e-08	4.8848e-08	3.8925e-08	2.8905e-08	1.8629e-08	8.2374e-09	-1.8929e-09	-6.7672e-09	-9.7172e-09	-1.1218e-08	-1.1782e-08	-1.1859e-08	-1.1915e-08	-1.1915e-08	-1.1961e-08	-1.2064e-08	-1.1907e-08	-1.1853e-08	-1.2002e-08	-1.2003e-08	-1.1864e-08	-1.2018e-08	-1.2075e-08	-1.1625e-08	-1.1332e-08	-1.1302e-08	-1.145e-08	-1.1445e-08	-1.1725e-08	-1.2179e-08	-1.2e-08	-1.1927e-08
-1.263e-09	-4.1195e-09	-5.8889e-09	-6.7547e-09	-7.4597e-09	-8.4859e-09	-8.8164e-09	-8.7469e-09	-8.5316e-09	-8.3759e-09	-8.1907e-09	-8.3841e-09	-8.5409e-09	-8.7559e-09	-8.5388e-09	-8.3531e-09	-8.3472e-09	-8.4524e-09	-8.2811e-09	-8.0452e-09	-7.9533e-09	-7.8618e-09	-8.3701e-09	-8.4427e-09	-5.6569e-09	6.6551e-10	9.2235e-09	1.8976e-08	2.9286e-08	3.9659e-08	4.9165e-08	5.7505e-08	6.5101e-08	7.1657e-08	7.8421e-08	8.432e-08	8.9328e-08	8.9995e-08	8.8432e-08	8.5746e-08	8.442e-08	8.4954e-08	8.4524e-08	8.0923e-08	7.4654e-08	6.6547e-08	5.7348e-08	4.7647e-08	3.7742e-08	2.7727e-08	1.7362e-08	6.9608e-09	-2.8648e-09	-7.3305e-09	-1.0027e-08	-1.1383e-08	-1.187e-08	-1.1933e-08	-1.1989e-08	-1.199e-08	-1.2035e-08	-1.2152e-08	-1.1929e-08	-1.1894e-08	-1.2149e-08	-1.2204e-08	-1.2113e-08	-1.2265e-08	-1.2327e-08	-1.182e-08	-1.1543e-08	-1.1449e-08	-1.1586e-08	-1.1542e-08	-1.1823e-08	-1.2304e-08	-1.2122e-08	-1.2076e-08
-2.9035e-09	-5.0425e-09	-6.4134e-09	-7.0111e-09	-7.5659e-09	-8.5711e-09	-8.9224e-09	-8.8647e-09	-8.6212e-09	-8.3878e-09	-8.1983e-09	-8.3994e-09	-8.5704e-09	-8.7735e-09	-8.651e-09	-8.3987e-09	-8.3927e-09	-8.5114e-09	-8.3529e-09	-8.1678e-09	-8.1774e-09	-8.1366e-09	-8.6209e-09	-8.5732e-09	-5.4875e-09	9.8656e-10	9.602e-09	1.9392e-08	2.9679e-08	3.9995e-08	4.9393e-08	5.7613e-08	6.5139e-08	7.1546e-08	7.8115e-08	8.3906e-08	8.8644e-08	8.9144e-08	8.7385e-08	8.4671e-08	8.3553e-08	8.3968e-08	8.3437e-08	7.9884e-08	7.3583e-08	6.5392e-08	5.6144e-08	4.6421e-08	3.6522e-08	2.6496e-08	1.6059e-08	5.701e-09	-3.7235e-09	-7.843e-09	-1.0302e-08	-1.1531e-08	-1.1954e-08	-1.204e-08	-1.2105e-08	-1.2102e-08	-1.2133e-08	-1.2234e-08	-1.1968e-08	-1.1955e-08	-1.2294e-08	-1.237e-08	-1.2318e-08	-1.2461e-08	-1.2535e-08	-1.2032e-08	-1.182e-08	-1.1683e-08	-1.1799e-08	-1.1711e-08	-1.2007e-08	-1.2475e-08	-1.2304e-08	-1.2308e-08
-4.6698e-09	-6.0385e-09	-6.9941e-09	-7.336e-09	-7.733e-09	-8.6877e-09	-9.0428e-09	-8.9925e-09	-8.7391e-09	-8.4468e-09	-8.2542e-09	-8.4636e-09	-8.6406e-09	-8.8302e-09	-8.7917e-09	-8.4736e-09	-8.4521e-09	-8.5696e-09	-8.436e-09	-8.3136e-09	-8.4132e-09	-8.4212e-09	-8.8544e-09	-8.6664e-09	-5.2899e-09	1.3417e-09	1.0017e-08	1.9845e-08	3.0105e-08	4.0339e-08	4.9608e-08	5.7712e-08	6.516e-08	7.1469e-08	7.7883e-08	8.3578e-08	8.8039e-08	8.8434e-08	8.6492e-08	8.3797e-08	8.2878e-08	8.3154e-08	8.2424e-08	7.8847e-08	7.2478e-08	6.42e-08	5.4913e-08	4.5168e-08	3.5258e-08	2.5197e-08	1.4714e-08	4.4644e-09	-4.4667e-09	-8.3035e-09	-1.054e-08	-1.1659e-08	-1.2032e-08	-1.2176e-08	-1.226e-08	-1.2247e-08	-1.225e-08	-1.2308e-08	-1.2021e-08	-1.2032e-08	-1.2431e-08	-1.2493e-08	-1.247e-08	-1.2608e-08	-1.27e-08	-1.2249e-08	-1.2138e-08	-1.1973e-08	-1.2063e-08	-1.1928e-08	-1.2248e-08	-1.2671e-08	-1.252e-08	-1.2585e-08
-6.3836e-09	-7.0054e-09	-7.576e-09	-7.7007e-09	-7.9489e-09	-8.829e-09	-9.1675e-09	-9.1166e-09	-8.8764e-09	-8.5532e-09	-8.3568e-09	-8.5766e-09	-8.7503e-09	-8.9279e-09	-8.9503e-09	-8.5727e-09	-8.5204e-09	-8.6186e-09	-8.5243e-09	-8.4751e-09	-8.6396e-09	-8.6915e-09	-9.0508e-09	-8.7039e-09	-5.054e-09	1.7395e-09	1.0478e-08	2.0347e-08	3.0576e-08	4.0702e-08	4.982e-08	5.7814e-08	6.5169e-08	7.1448e-08	7.7762e-08	8.3375e-08	8.756e-08	8.787e-08	8.5762e-08	8.3135e-08	8.24e-08	8.2521e-08	8.1499e-08	7.7817e-08	7.1342e-08	6.2973e-08	5.3657e-08	4.3888e-08	3.3951e-08	2.3834e-08	1.3333e-08	3.2592e-09	-5.1077e-09	-8.7136e-09	-1.0744e-08	-1.1769e-08	-1.2104e-08	-1.2327e-08	-1.2436e-08	-1.2411e-08	-1.2376e-08	-1.237e-08	-1.2081e-08	-1.2117e-08	-1.2553e-08	-1.2577e-08	-1.2574e-08	-1.2707e-08	-1.282e-08	-1.2458e-08	-1.2471e-08	-1.2291e-08	-1.2348e-08	-1.2171e-08	-1.2517e-08	-1.2868e-08	-1.2741e-08	-1.2871e-08
-7.8669e-09	-7.8411e-09	-8.1038e-09	-8.0768e-09	-8.2014e-09	-8.9881e-09	-9.2867e-09	-9.2237e-09	-9.0245e-09	-8.707e-09	-8.5046e-09	-8.7375e-09	-8.8983e-09	-9.068e-09	-9.116e-09	-8.6907e-09	-8.5924e-09	-8.6505e-09	-8.6118e-09	-8.6452e-09	-8.8362e-09	-8.9245e-09	-9.2034e-09	-8.68e-09	-4.7758e-09	2.1825e-09	1.0988e-08	2.0899e-08	3.1095e-08	4.1088e-08	5.0037e-08	5.7928e-08	6.5178e-08	7.1493e-08	7.7764e-08	8.3303e-08	8.7213e-08	8.7418e-08	8.5164e-08	8.2649e-08	8.2082e-08	8.2034e-08	8.0647e-08	7.6792e-08	7.0179e-08	6.1716e-08	5.2377e-08	4.2585e-08	3.2607e-08	2.2419e-08	1.193e-08	2.0953e-09	-5.6608e-09	-9.075e-09	-1.0917e-08	-1.1862e-08	-1.2167e-08	-1.2478e-08	-1.2615e-08	-1.2584e-08	-1.2501e-08	-1.2417e-08	-1.214e-08	-1.2201e-08	-1.2655e-08	-1.2623e-08	-1.2633e-08	-1.276e-08	-1.2896e-08	-1.2646e-08	-1.2796e-08	-1.2607e-08	-1.2628e-08	-1.2414e-08	-1.2784e-08	-1.3046e-08	-1.2937e-08	-1.3127e-08
-8.9486e-09	-8.4475e-09	-8.5242e-09	-8.4363e-09	-8.4782e-09	-9.1582e-09	-9.3928e-09	-9.308e-09	-9.1756e-09	-8.8993e-09	-8.6882e-09	-8.935e-09	-9.074e-09	-9.2405e-09	-9.278e-09	-8.819e-09	-8.6636e-09	-8.6636e-09	-8.6953e-09	-8.8185e-09	-8.9967e-09	-9.1127e-09	-9.3173e-09	-8.6006e-09	-4.4565e-09	2.6676e-09	1.1544e-08	2.1493e-08	3.1652e-08	4.1496e-08	5.0271e-08	5.8066e-08	6.5204e-08	7.16e-08	7.7867e-08	8.3335e-08	8.697e-08	8.7043e-08	8.4666e-08	8.2303e-08	8.1885e-08	8.1654e-08	7.9853e-08	7.5768e-08	6.8992e-08	6.0437e-08	5.1078e-08	4.1259e-08	3.1232e-08	2.0969e-08	1.0522e-08	9.8256e-10	-6.14e-09	-9.3894e-09	-1.1062e-08	-1.1938e-08	-1.222e-08	-1.2616e-08	-1.2779e-08	-1.2751e-08	-1.2616e-08	-1.2446e-08	-1.2191e-08	-1.2276e-08	-1.2729e-08	-1.2636e-08	-1.2653e-08	-1.2767e-08	-1.2927e-08	-1.2801e-08	-1.3085e-08	-1.2891e-08	-1.2875e-08	-1.2635e-08	-1.3022e-08	-1.3182e-08	-1.3081e-08	-1.3317e-08
-9.5887e-09	-8.8022e-09	-8.8198e-09	-8.761e-09	-8.7645e-09	-9.3296e-09	-9.3928e-09	-9.3694e-09	-9.3231e-09	-9.1135e-09	-8.8915e-09	-9.149e-09	-9.2593e-09	-9.4259e-09	-9.4256e-09	-8.9455e-09	-8.73e-09	-8.6624e-09	-8.7743e-09	-8.991e-09	-9.1277e-09	-9.2626e-09	-9.398e-09	-8.4719e-09	-4.0976e-09	3.1917e-09	1.2139e-08	2.2122e-08	3.2239e-08	4.1925e-08	5.0533e-08	5.8242e-08	6.5263e-08	7.1767e-08	7.8052e-08	8.3441e-08	8.6801e-08	8.6712e-08	8.4238e-08	8.2059e-08	8.177e-08	8.1342e-08	7.9101e-08	7.4742e-08	6.7787e-08	5.9139e-08	4.976e-08	3.9913e-08	2.9834e-08	1.9497e-08	9.1241e-09	9.1241e-09	-1.0497e-09	-6.5593e-09	-9.6586e-09	-1.1182e-08	-1.1999e-08	-1.226e-08	-1.2726e-08	-1.2912e-08	-1.2901e-08	-1.271e-08	-1.2454e-08	-1.2225e-08	-1.2333e-08	-1.277e-08	-1.2617e-08	-1.2592e-08	-1.2731e-08	-1.2915e-08	-1.291e-08	-1.3314e-08	-1.3114e-08	-1.3061e-08	-1.2811e-08	-1.3201e-08	-1.3256e-08	-1.3144e-08
-9.8647e-09	-8.9505e-09	-9.0052e-09	-9.0414e-09	-9.0429e-09	-9.49e-09	-9.48e-09	-9.4085e-09	-9.4603e-09	-9.3327e-09	-9.0982e-09	-9.3586e-09	-9.4353e-09	-9.6038e-09	-9.5482e-09	-9.0582e-09	-9.0582e-09	-8.7875e-09	-8.6512e-09	-8.8484e-09	-9.1592e-09	-9.236e-09	-9.4761e-09	-9.4509e-09	-8.3003e-09	-3.7006e-09	3.7516e-09	1.2771e-08	2.2778e-08	3.2847e-08	4.2371e-08	5.0833e-08	5.8467e-08	6.5373e-08	7.1992e-08	7.8298e-08	8.3592e-08	8.6559e-08	8.6389e-08	8.3849e-08	8.1881e-08	8.1696e-08	8.1061e-08	7.8377e-08	7.3713e-08	6.6566e-08	5.7831e-08	4.8428e-08	3.8548e-08	2.8418e-08	1.8018e-08	7.752e-09	-1.9495e-09	-6.9329e-09	-9.8841e-09	-1.1281e-08	-1.2045e-08	-1.2286e-08	-1.2793e-08	-1.2996e-08	-1.3021e-08	-1.2773e-08	-1.2437e-08	-1.2234e-08	-1.2364e-08	-1.2769e-08	-1.257e-08	-1.2592e-08	-1.2652e-08	-1.2857e-08	-1.2961e-08	-1.3458e-08	-1.3245e-08	-1.3158e-08	-1.2916e-08	-1.3291e-08	-1.3244e-08	-1.3096e-08
-1.0647e-08	-9.8579e-09	-8.9401e-09	-9.096e-09	-9.2687e-09	-9.2963e-09	-9.6271e-09	-9.5758e-09	-9.4258e-09	-9.5805e-09	-9.5401e-09	-9.2918e-09	-9.5434e-09	-9.5835e-09	-9.7542e-09	-9.635e-09	-9.145e-09	-8.832e-09	-8.6346e-09	-8.9171e-09	-9.3192e-09	-9.3286e-09	-9.5539e-09	-9.4815e-09	-8.092e-09	-3.2669e-09	4.3441e-09	1.3433e-08	2.3452e-08	3.3465e-08	4.2835e-08	5.1182e-08	5.8753e-08	6.555e-08	7.2271e-08	7.8586e-08	8.3759e-08	8.6427e-08	8.6041e-08	8.3466e-08	8.1732e-08	8.1625e-08	8.0771e-08	7.7666e-08	7.2677e-08	6.5335e-08	5.6517e-08	4.7084e-08	3.7168e-08	2.6991e-08	1.6546e-08	6.4215e-09	-2.7586e-09	-7.2748e-09	-1.0068e-08	-1.1362e-08	-1.2078e-08	-1.2297e-08	-1.2805e-08	-1.3012e-08	-1.3097e-08	-1.2795e-08	-1.2393e-08	-1.2212e-08	-1.2359e-08	-1.2722e-08	-1.2498e-08	-1.2522e-08	-1.2534e-08	-1.2758e-08	-1.2947e-08	-1.3501e-08	-1.3267e-08	-1.315e-08	-1.2936e-08	-1.3275e-08	-1.3137e-08	-1.2925e-08
-1.0361e-08	-9.65e-09	-8.8187e-09	-9.1081e-09	-9.4336e-09	-9.5072e-09	-9.7287e-09	-9.5732e-09	-9.4216e-09	-9.6771e-09	-9.7187e-09	-9.4561e-09	-9.6825e-09	-9.6851e-09	-9.857e-09	-9.6754e-09	-9.1938e-09	-8.8595e-09	-8.6171e-09	-8.9799e-09	-9.4674e-09	-9.4123e-09	-9.6218e-09	-9.4953e-09	-7.8533e-09	-2.7979e-09	4.9662e-09	1.4123e-08	2.4138e-08	3.4086e-08	4.3314e-08	5.1591e-08	5.9113e-08	6.5812e-08	7.2601e-08	7.8894e-08	8.3914e-08	8.6246e-08	8.5631e-08	8.3059e-08	8.1576e-08	8.1518e-08	8.0435e-08	7.6951e-08	7.1631e-08	6.4097e-08	5.5203e-08	4.573e-08	3.5773e-08	2.556e-08	1.5097e-08	5.1482e-09	-3.4721e-09	-7.5946e-09	-1.0211e-08	-1.1425e-08	-1.2097e-08	-1.2291e-08	-1.2753e-08	-1.2953e-08	-1.3122e-08	-1.2771e-08	-1.232e-08	-1.2154e-08	-1.2314e-08	-1.2626e-08	-1.2405e-08	-1.2431e-08	-1.2388e-08	-1.2624e-08	-1.2875e-08	-1.3452e-08	-1.3191e-08	-1.3047e-08	-1.2877e-08	-1.3165e-08	-1.2948e-08	-1.2655e-08
-9.8985e-09	-9.3224e-09	-8.634e-09	-9.0572e-09	-9.5271e-09	-9.6585e-09	-9.7824e-09	-9.5295e-09	-9.3964e-09	-9.7435e-09	-9.8517e-09	-9.5746e-09	-9.7554e-09	-9.7217e-09	-9.892e-09	-9.6585e-09	-9.1926e-09	-8.8659e-09	-8.6031e-09	-9.0364e-09	-9.6e-09	-9.494e-09	-9.6869e-09	-9.4977e-09	-7.5905e-09	-2.2952e-09	5.6145e-09	1.4836e-08	2.4826e-08	3.47e-08	4.3806e-08	5.2072e-08	5.9558e-08	6.6176e-08	7.298e-08	7.9204e-08	8.4028e-08	8.5999e-08	8.5141e-08	8.2609e-08	8.1387e-08	8.1349e-08	8.0027e-08	7.6223e-08	7.0574e-08	6.2855e-08	5.3894e-08	4.4369e-08	3.4366e-08	2.413e-08	1.3681e-08	3.9434e-09	-4.0985e-09	-7.8897e-09	-1.0315e-08	-1.1469e-08	-1.2101e-08	-1.227e-08	-1.2651e-08	-1.2832e-08	-1.3101e-08	-1.2708e-08	-1.2225e-08	-1.2066e-08	-1.2235e-08	-1.2489e-08	-1.2293e-08	-1.2325e-08	-1.2225e-08	-1.2466e-08	-1.2755e-08	-1.3325e-08	-1.3032e-08	-1.2868e-08	-1.2747e-08	-1.2975e-08	-1.2699e-08	-1.2316e-08
-9.3701e-09	-8.9568e-09	-8.4336e-09	-8.959e-09	-9.5401e-09	-9.7327e-09	-9.7758e-09	-9.4392e-09	-9.3506e-09	-9.7729e-09	-9.9222e-09	-9.6311e-09	-9.7415e-09	-9.6745e-09	-9.8391e-09	-9.5738e-09	-9.1293e-09	-8.8471e-09	-8.5971e-09	-9.086e-09	-9.7132e-09	-9.5806e-09	-9.753e-09	-9.4919e-09	-7.3081e-09	-1.7608e-09	6.2859e-09	1.5566e-08	2.5513e-08	3.5302e-08	4.4312e-08	5.2629e-08	6.0096e-08	6.6648e-08	7.3404e-08	7.9501e-08	8.4081e-08	8.5694e-08	8.4588e-08	8.2133e-08	8.1177e-08	8.1127e-08	7.9556e-08	7.5478e-08	6.9507e-08	6.1613e-08	5.259e-08	4.3003e-08	3.2949e-08	2.2699e-08	1.2297e-08	2.8066e-09	-4.6483e-09	-8.156e-09	-1.038e-08	-1.149e-08	-1.2089e-08	-1.2235e-08	-1.2514e-08	-1.2667e-08	-1.304e-08	-1.2615e-08	-1.2114e-08	-1.1956e-08	-1.2128e-08	-1.2322e-08	-1.2169e-08	-1.2208e-08	-1.2055e-08	-1.2293e-08	-1.2597e-08	-1.3133e-08	-1.2808e-08	-1.2627e-08	-1.2555e-08	-1.2723e-08	-1.2409e-08	-1.1939e-08
-8.887e-09	-8.6344e-09	-8.2652e-09	-8.8293e-09	-9.4637e-09	-9.7126e-09	-9.6969e-09	-9.3011e-09	-9.2852e-09	-9.7612e-09	-9.9199e-09	-9.616e-09	-9.6308e-09	-9.5352e-09	-9.6891e-09	-9.4179e-09	-8.9995e-09	-8.8017e-09	-8.6016e-09	-9.1278e-09	-9.8034e-09	-9.6748e-09	-9.8149e-09	-9.4743e-09	-7.0058e-09	-1.199e-09	6.9768e-09	1.6313e-08	2.6202e-08	3.5901e-08	4.4837e-08	5.3254e-08	6.0712e-08	6.7215e-08	7.3869e-08	7.979e-08	8.4086e-08	8.5347e-08	8.3995e-08	8.1652e-08	8.096e-08	8.0867e-08	7.9035e-08	7.4717e-08	6.8432e-08	6.037e-08	5.1288e-08	4.1633e-08	3.1523e-08	2.1267e-08	1.0941e-08	1.7357e-09	-5.1323e-09	-8.389e-09	-1.0407e-08	-1.1487e-08	-1.2059e-08	-1.2187e-08	-1.2358e-08	-1.2476e-08	-1.2946e-08	-1.2503e-08	-1.1995e-08	-1.1832e-08	-1.1999e-08	-1.2136e-08	-1.2036e-08	-1.2086e-08	-1.1891e-08	-1.2115e-08	-1.2411e-08	-1.2888e-08	-1.2535e-08	-1.2341e-08	-1.231e-08	-1.2423e-08	-1.2098e-08	-1.1556e-08
-8.5283e-09	-8.412e-09	-8.1613e-09	-8.6821e-09	-9.2976e-09	-9.5918e-09	-9.5414e-09	-9.1263e-09	-9.2025e-09	-9.711e-09	-9.852e-09	-9.5373e-09	-9.4418e-09	-9.3229e-09	-9.4614e-09	-9.2061e-09	-8.8193e-09	-8.7354e-09	-8.6132e-09	-9.1592e-09	-9.8671e-09	-9.7683e-09	-9.8663e-09	-9.4406e-09	-6.6828e-09	-6.1387e-10	7.6839e-09	1.7073e-08	2.6898e-08	3.6509e-08	4.5387e-08	5.3935e-08	6.1391e-08	6.7858e-08	7.437e-08	8.0078e-08	8.4057e-08	8.4973e-08	8.3385e-08	8.1186e-08	8.0751e-08	8.0586e-08	7.8478e-08	7.3939e-08	6.735e-08	5.9129e-08	4.9989e-08	4.0261e-08	3.0091e-08	1.9832e-08	9.6109e-09	7.283e-10	-5.561e-09	-8.5845e-09	-1.0396e-08	-1.1456e-08	-1.201e-08	-1.2127e-08	-1.2198e-08	-1.2277e-08	-1.2824e-08	-1.2379e-08	-1.1874e-08	-1.1701e-08	-1.1857e-08	-1.194e-08	-1.1899e-08	-1.1963e-08	-1.1743e-08	-1.1939e-08	-1.2208e-08	-1.2605e-08	-1.2228e-08	-1.2027e-08	-1.2021e-08	-1.2092e-08	-1.1786e-08	-1.1197e-08
-8.2888e-09	-8.2813e-09	-8.1147e-09	-8.5276e-09	-9.0653e-09	-9.392e-09	-9.3272e-09	-8.9277e-09	-9.1049e-09	-9.6258e-09	-9.7284e-09	-9.4057e-09	-9.1973e-09	-9.0606e-09	-9.18e-09	-8.9569e-09	-8.6078e-09	-8.6549e-09	-8.6281e-09	-9.1771e-09	-9.9007e-09	-9.851e-09	-9.9006e-09	-9.3865e-09	-6.3381e-09	-9.9157e-12	8.4036e-09	1.7843e-08	2.7606e-08	3.7136e-08	4.5968e-08	5.4662e-08	6.2117e-08	6.8556e-08	7.4901e-08	8.0373e-08	8.401e-08	8.4588e-08	8.2784e-08	8.0758e-08	8.0565e-08	8.0298e-08	7.7901e-08	7.3145e-08	6.6264e-08	5.7892e-08	4.8692e-08	3.8889e-08	2.8655e-08	1.8394e-08	8.304e-09	-2.1776e-10	-5.561e-09	-8.7381e-09	-1.0349e-08	-1.1393e-08	-1.194e-08	-1.2058e-08	-1.205e-08	-1.2088e-08	-1.2682e-08	-1.2254e-08	-1.1759e-08	-1.1571e-08	-1.1708e-08	-1.1746e-08	-1.1762e-08	-1.1845e-08	-1.1623e-08	-1.1777e-08	-1.1997e-08	-1.2296e-08	-1.1904e-08	-1.1701e-08	-1.1698e-08	-1.1745e-08	-1.1492e-08	-1.0893e-08
-8.1494e-09	-8.2235e-09	-8.1115e-09	-8.375e-09	-8.7938e-09	-9.1394e-09	-9.0754e-09	-8.7181e-09	-8.9948e-09	-9.5091e-09	-9.559e-09	-9.2322e-09	-8.9203e-09	-8.7717e-09	-8.8688e-09	-8.6889e-09	-8.3843e-09	-8.5669e-09	-8.6422e-09	-9.1789e-09	-9.9006e-09	-9.9128e-09	-9.9113e-09	-9.3073e-09	-5.9707e-09	6.0854e-10	9.1325e-09	1.8621e-08	2.8331e-08	3.7793e-08	4.6585e-08	5.5424e-08	6.2877e-08	6.9292e-08	7.5458e-08	8.0682e-08	8.396e-08	8.4206e-08	8.2214e-08	8.0388e-08	8.0418e-08	8.002e-08	7.7315e-08	7.2333e-08	6.5175e-08	5.6659e-08	4.7394e-08	3.7517e-08	2.7217e-08	1.695e-08	7.0171e-09	-1.1047e-09	-5.9449e-09	-8.8455e-09	-1.0265e-08	-1.1297e-08	-1.1847e-08	-1.1981e-08	-1.193e-08	-1.1926e-08	-1.2525e-08	-1.2136e-08	-1.1656e-08	-1.145e-08	-1.1559e-08	-1.1564e-08	-1.163e-08	-1.1737e-08	-1.1539e-08	-1.1637e-08	-1.1787e-08	-1.1976e-08	-1.1579e-08	-1.1379e-08	-1.135e-08	-1.1399e-08	-1.1236e-08	-1.0672e-08
-8.0914e-09	-8.22e-09	-8.1383e-09	-8.2338e-09	-8.5102e-09	-8.8603e-09	-8.8073e-09	-8.5104e-09	-8.8747e-09	-9.3646e-09	-9.3536e-09	-9.0276e-09	-8.6336e-09	-8.4793e-09	-8.5518e-09	-8.4206e-09	-8.168e-09	-8.4781e-09	-8.6514e-09	-9.1615e-09	-9.8634e-09	-9.9437e-09	-9.8921e-09	-9.1989e-09	-5.5797e-09	1.2372e-09	9.8669e-09	1.9405e-08	2.9078e-08	3.8491e-08	4.7245e-08	5.6209e-08	6.3652e-08	7.0047e-08	7.6036e-08	8.1012e-08	8.3922e-08	8.3842e-08	8.1698e-08	8.0098e-08	8.0325e-08	7.9765e-08	7.6736e-08	7.1503e-08	6.4085e-08	5.5433e-08	4.6096e-08	3.6148e-08	2.5778e-08	1.55e-08	5.7474e-09	-1.9349e-09	-6.2947e-09	-8.9039e-09	-1.0148e-08	-1.1166e-08	-1.1731e-08	-1.1897e-08	-1.1851e-08	-1.1807e-08	-1.2361e-08	-1.2035e-08	-1.1571e-08	-1.1345e-08	-1.1416e-08	-1.1403e-08	-1.1507e-08	-1.1643e-08	-1.149e-08	-1.1519e-08	-1.1586e-08	-1.1655e-08	-1.1265e-08	-1.1074e-08	-1.0994e-08	-1.1066e-08	-1.1021e-08	-1.0532e-08
-8.0957e-09	-8.2519e-09	-8.1812e-09	-8.1132e-09	-8.2415e-09	-8.5811e-09	-8.5439e-09	-8.3174e-09	-8.747e-09	-9.1957e-09	-9.1221e-09	-8.8027e-09	-8.36e-09	-8.2068e-09	-8.253e-09	-8.1704e-09	-7.9782e-09	-8.3953e-09	-8.6518e-09	-9.1223e-09	-9.7856e-09	-9.9336e-09	-9.8363e-09	-9.0567e-09	-5.1641e-09	1.8716e-09	1.0604e-08	2.0191e-08	2.9851e-08	3.9241e-08	4.7954e-08	5.7007e-08	6.4429e-08	7.0801e-08	7.663e-08	8.1372e-08	8.3912e-08	8.351e-08	8.1258e-08	7.9906e-08	8.0297e-08	7.9547e-08	7.6176e-08	7.0655e-08	6.2995e-08	5.4214e-08	4.4795e-08	3.4783e-08	2.434e-08	1.4043e-08	4.493e-09	-2.7105e-09	-6.6205e-09	-8.9238e-09	-1.0009e-08	-1.1009e-08	-1.1598e-08	-1.181e-08	-1.1813e-08	-1.1733e-08	-1.2195e-08	-1.1951e-08	-1.1506e-08	-1.1259e-08	-1.1285e-08	-1.1267e-08	-1.1396e-08	-1.1563e-08	-1.1468e-08	-1.1421e-08	-1.1396e-08	-1.1347e-08	-1.0972e-08	-1.0797e-08	-1.0652e-08	-1.0759e-08	-1.0846e-08	-1.0457e-08
-8.1435e-09	-8.3005e-09	-8.2267e-09	-8.0227e-09	-8.0148e-09	-8.3279e-09	-8.3066e-09	-8.152e-09	-8.6143e-09	-9.0061e-09	-8.8745e-09	-8.5684e-09	-8.1226e-09	-7.9773e-09	-7.9963e-09	-7.957e-09	-7.8339e-09	-8.3252e-09	-8.6393e-09	-9.0581e-09	-9.6636e-09	-9.8725e-09	-9.7388e-09	-8.8769e-09	-4.7233e-09	2.5078e-09	1.1339e-08	2.0978e-08	3.0656e-08	4.0051e-08	4.8715e-08	5.7806e-08	6.5192e-08	7.1535e-08	7.7234e-08	8.1764e-08	8.3941e-08	8.3203e-08	8.0892e-08	7.9802e-08	8.0318e-08	7.9351e-08	7.5622e-08	6.978e-08	6.1896e-08	5.2993e-08	4.3485e-08	3.3414e-08	2.2901e-08	1.2584e-08	3.2607e-09	-3.433e-09	-6.9282e-09	-8.9228e-09	-9.8667e-09	-1.0843e-08	-1.146e-08	-1.1724e-08	-1.1804e-08	-1.1694e-08	-1.203e-08	-1.188e-08	-1.1457e-08	-1.1191e-08	-1.1169e-08	-1.1154e-08	-1.1298e-08	-1.1497e-08	-1.1463e-08	-1.1338e-08	-1.1223e-08	-1.1063e-08	-1.0711e-08	-1.056e-08	-1.0345e-08	-1.0489e-08	-1.0708e-08	-1.0432e-08
-8.2159e-09	-8.3471e-09	-8.2611e-09	-7.9715e-09	-7.8571e-09	-8.1272e-09	-8.1164e-09	-8.026e-09	-8.4791e-09	-8.7998e-09	-8.6207e-09	-8.3354e-09	-7.942e-09	-7.8119e-09	-7.8035e-09	-7.7971e-09	-7.7526e-09	-8.2739e-09	-8.6104e-09	-8.9671e-09	-9.4953e-09	-9.7522e-09	-9.6042e-09	-8.6603e-09	-4.2588e-09	3.1444e-09	1.2071e-08	2.1761e-08	3.1484e-08	4.0909e-08	4.9517e-08	5.8592e-08	6.5927e-08	7.2236e-08	7.783e-08	8.2172e-08	8.3996e-08	8.2907e-08	8.0584e-08	7.9761e-08	8.0359e-08	7.9149e-08	7.5053e-08	6.8868e-08	6.0777e-08	5.1758e-08	4.2156e-08	3.2031e-08	2.1458e-08	1.113e-08	2.0621e-09	-4.1037e-09	-7.2218e-09	-8.9185e-09	-9.7389e-09	-1.0684e-08	-1.1326e-08	-1.1642e-08	-1.1817e-08	-1.1684e-08	-1.1873e-08	-1.1819e-08	-1.1422e-08	-1.1141e-08	-1.1073e-08	-1.1063e-08	-1.1214e-08	-1.1443e-08	-1.1467e-08	-1.127e-08	-1.1071e-08	-1.0816e-08	-1.0493e-08	-1.0374e-08	-1.0093e-08	-1.027e-08	-1.0605e-08	-1.044e-08
-8.2953e-09	-8.3749e-09	-8.2724e-09	-7.9681e-09	-7.7927e-09	-8.0025e-09	-7.9924e-09	-7.9406e-09	-8.346e-09	-8.5856e-09	-8.3715e-09	-8.1133e-09	-7.82e-09	-7.7115e-09	-7.6774e-09	-7.6936e-09	-7.7337e-09	-8.2426e-09	-8.567e-09	-8.8535e-09	-9.2914e-09	-9.5826e-09	-9.4426e-09	-8.4104e-09	-3.7735e-09	3.7813e-09	1.28e-08	2.2537e-08	3.2323e-08	4.1791e-08	5.0337e-08	5.9349e-08	6.6618e-08	7.2887e-08	7.8396e-08	8.2562e-08	8.4046e-08	8.2605e-08	8.0319e-08	7.9756e-08	8.0388e-08	7.8912e-08	7.4445e-08	6.7907e-08	5.9625e-08	5.0497e-08	4.0799e-08	3.0625e-08	2.0006e-08	9.6873e-09	9.085e-10	-4.724e-09	-7.5051e-09	-8.9285e-09	-9.6436e-09	-1.0549e-08	-1.1208e-08	-1.1569e-08	-1.1841e-08	-1.1694e-08	-1.1728e-08	-1.1766e-08	-1.1399e-08	-1.111e-08	-1.0999e-08	-1.0993e-08	-1.1145e-08	-1.1399e-08	-1.147e-08	-1.1211e-08	-1.0944e-08	-1.0618e-08	-1.0329e-08	-1.025e-08	-9.9197e-09	-1.0112e-08	-1.0534e-08	-1.0465e-08
-8.3757e-09	-8.3841e-09	-8.2644e-09	-8.0123e-09	-7.8194e-09	-7.9549e-09	-7.934e-09	-7.8917e-09	-8.2204e-09	-8.3747e-09	-8.1379e-09	-7.9112e-09	-7.7484e-09	-7.6667e-09	-7.6107e-09	-7.6421e-09	-7.7678e-09	-8.2302e-09	-8.5136e-09	-8.7254e-09	-9.0693e-09	-9.3827e-09	-9.2642e-09	-8.1306e-09	-3.2702e-09	4.4188e-09	1.3523e-08	2.3303e-08	3.316e-08	4.2675e-08	5.1156e-08	6.006e-08	6.7253e-08	7.3477e-08	7.891e-08	8.2903e-08	8.4064e-08	8.2281e-08	8.0084e-08	7.9763e-08	8.0375e-08	7.8612e-08	7.3777e-08	6.6887e-08	5.8428e-08	4.9195e-08	3.9405e-08	2.9184e-08	1.8542e-08	8.2645e-09	-1.886e-10	-5.2951e-09	-7.7818e-09	-8.9704e-09	-9.5989e-09	-1.0454e-08	-1.1116e-08	-1.151e-08	-1.1866e-08	-1.1866e-08	-1.1717e-08	-1.1599e-08	-1.1715e-08	-1.1384e-08	-1.1097e-08	-1.0951e-08	-1.0943e-08	-1.1093e-08	-1.1334e-08	-1.1465e-08	-1.116e-08	-1.0847e-08	-1.0481e-08	-1.0228e-08	-1.0201e-08	-9.8446e-09	-1.0028e-08	-1.0493e-08
-8.4572e-09	-8.3838e-09	-8.2489e-09	-8.0994e-09	-7.9217e-09	-7.9738e-09	-7.9302e-09	-7.8753e-09	-8.1078e-09	-8.1782e-09	-7.9311e-09	-7.738e-09	-7.719e-09	-7.6679e-09	-7.5961e-09	-7.638e-09	-7.8452e-09	-8.2351e-09	-8.4545e-09	-8.5906e-09	-8.8464e-09	-9.1716e-09	-9.0789e-09	-7.8241e-09	-2.7516e-09	-2.7516e-09	5.0566e-09	1.4239e-08	2.4055e-08	3.3981e-08	4.3536e-08	5.1951e-08	6.0711e-08	6.7818e-08	7.399e-08	7.9347e-08	8.3164e-08	8.4019e-08	8.1921e-08	7.9862e-08	7.9757e-08	8.029e-08	7.8221e-08	7.3026e-08	6.5795e-08	5.7173e-08	4.784e-08	3.7964e-08	2.7699e-08	1.7061e-08	6.8685e-09	-1.2177e-09	-5.8182e-09	-8.331e-09	-9.0617e-09	-9.6229e-09	-1.0415e-08	-1.1061e-08	-1.1467e-08	-1.1882e-08	-1.1744e-08	-1.1491e-08	-1.1664e-08	-1.1376e-08	-1.1102e-08	-1.0935e-08	-1.0913e-08	-1.106e-08	-1.131e-08	-1.1443e-08	-1.1113e-08	-1.0784e-08	-1.0417e-08	-1.0201e-08	-1.0236e-08	-9.8891e-09	-1.0029e-08	-1.0481e-08
-8.5549e-09	-8.5399e-09	-8.3831e-09	-8.2376e-09	-8.2248e-09	-8.0837e-09	-8.0481e-09	-8.0429e-09	-7.8872e-09	-8.0136e-09	-8.0075e-09	-7.7622e-09	-7.603e-09	-7.7237e-09	-7.7057e-09	-7.6263e-09	-7.6767e-09	-7.9565e-09	-8.2561e-09	-8.3944e-09	-8.4572e-09	-8.64e-09	-8.7925e-09	-8.8969e-09	-7.4945e-09	-2.2206e-09	5.695e-09	1.4948e-08	2.4789e-08	3.4776e-08	4.4351e-08	5.2702e-08	6.1286e-08	6.8297e-08	7.4412e-08	7.9686e-08	8.3312e-08	8.3883e-08	8.1508e-08	7.964e-08	7.9711e-08	8.0102e-08	7.7709e-08	7.2169e-08	6.4622e-08	5.5848e-08	4.642e-08	3.6467e-08	2.6159e-08	1.556e-08	5.5064e-09	-2.1675e-09	-6.2947e-09	-8.6111e-09	-9.2199e-09	-9.7334e-09	-1.0448e-08	-1.1054e-08	-1.1445e-08	-1.1881e-08	-1.1767e-08	-1.141e-08	-1.161e-08	-1.1371e-08	-1.1126e-08	-1.0952e-08	-1.0901e-08	-1.1046e-08	-1.1292e-08	-1.1402e-08	-1.107e-08	-1.0755e-08	-1.0429e-08	-1.0251e-08	-1.0357e-08	-1.0055e-08	-1.0119e-08	-1.0495e-08
-8.5784e-09	-8.624e-09	-8.3911e-09	-8.2425e-09	-8.3836e-09	-8.2896e-09	-8.1671e-09	-8.1376e-09	-7.9234e-09	-7.9432e-09	-7.8737e-09	-7.6424e-09	-7.5151e-09	-7.7541e-09	-7.7705e-09	-7.6941e-09	-7.7536e-09	-8.0919e-09	-8.2919e-09	-8.3378e-09	-8.333e-09	-8.4676e-09	-8.6626e-09	-8.7283e-09	-7.145e-09	-1.6801e-09	6.3339e-09	1.5648e-08	2.5501e-08	3.553e-08	4.5098e-08	5.3388e-08	6.1768e-08	6.8678e-08	7.4731e-08	7.9904e-08	8.3317e-08	8.3627e-08	8.1027e-08	7.9402e-08	7.96e-08	7.9781e-08	7.705e-08	7.1185e-08	6.3357e-08	5.4441e-08	4.4921e-08	3.4904e-08	2.4554e-08	1.4035e-08	4.1857e-09	-3.0265e-09	-6.7259e-09	-8.898e-09	-9.4495e-09	-9.9329e-09	-1.0556e-08	-1.1096e-08	-1.1446e-08	-1.1859e-08	-1.1785e-08	-1.1356e-08	-1.1553e-08	-1.1368e-08	-1.1166e-08	-1.1003e-08	-1.0908e-08	-1.1053e-08	-1.1283e-08	-1.1351e-08	-1.1035e-08	-1.0758e-08	-1.0505e-08	-1.0368e-08	-1.0548e-08	-1.0318e-08	-1.028e-08	-1.0538e-08
-8.5921e-09	-8.7095e-09	-8.4171e-09	-8.2755e-09	-8.5713e-09	-8.5238e-09	-8.32e-09	-8.2432e-09	-7.9796e-09	-7.9021e-09	-7.788e-09	-7.5827e-09	-7.4834e-09	-7.802e-09	-7.8528e-09	-7.792e-09	-7.8643e-09	-8.2418e-09	-8.341e-09	-8.2891e-09	-8.2261e-09	-8.3466e-09	-8.5979e-09	-8.5831e-09	-6.7792e-09	-1.1327e-09	6.9733e-09	1.6338e-08	2.6188e-08	3.623e-08	4.5752e-08	5.3987e-08	6.2141e-08	6.8947e-08	7.4931e-08	7.9977e-08	8.3147e-08	8.3222e-08	8.0479e-08	7.9145e-08	7.9418e-08	7.9321e-08	7.6237e-08	7.0067e-08	6.1998e-08	5.295e-08	4.3342e-08	3.3274e-08	2.2884e-08	1.2489e-08	2.9122e-09	-3.7927e-09	-7.1161e-09	-9.1907e-09	-9.7363e-09	-1.0201e-08	-1.0723e-08	-1.1178e-08	-1.1468e-08	-1.1826e-08	-1.1798e-08	-1.133e-08	-1.1497e-08	-1.1369e-08	-1.1219e-08	-1.1082e-08	-1.0936e-08	-1.1082e-08	-1.1288e-08	-1.1303e-08	-1.1011e-08	-1.0789e-08	-1.0632e-08	-1.0541e-08	-1.0791e-08	-1.0648e-08	-1.05e-08	-1.0612e-08
-8.5977e-09	-8.7966e-09	-8.4702e-09	-8.3483e-09	-8.7831e-09	-8.7705e-09	-8.4958e-09	-8.3489e-09	-8.0518e-09	-7.8957e-09	-7.7614e-09	-7.594e-09	-7.5167e-09	-7.8594e-09	-7.9432e-09	-7.9128e-09	-8.0041e-09	-8.3968e-09	-8.4021e-09	-8.2528e-09	-8.1442e-09	-8.2942e-09	-8.605e-09	-8.4663e-09	-6.4005e-09	-5.802e-10	7.6141e-09	1.7019e-08	2.6852e-08	3.6876e-08	4.6309e-08	5.4494e-08	6.2408e-08	6.9108e-08	7.5021e-08	7.9909e-08	8.28e-08	8.2665e-08	7.9885e-08	7.8879e-08	7.9181e-08	7.8748e-08	7.5296e-08	6.8841e-08	6.0564e-08	5.1391e-08	4.1699e-08	3.1592e-08	2.1166e-08	1.0932e-08	1.6899e-09	-4.478e-09	-7.4742e-09	-9.4879e-09	-1.0064e-08	-1.0515e-08	-1.0931e-08	-1.129e-08	-1.1509e-08	-1.1789e-08	-1.1813e-08	-1.1328e-08	-1.1448e-08	-1.1373e-08	-1.1282e-08	-1.1181e-08	-1.0989e-08	-1.1133e-08	-1.1309e-08	-1.1266e-08	-1.1004e-08	-1.0842e-08	-1.0798e-08	-1.076e-08	-1.1069e-08	-1.1017e-08	-1.0761e-08	-1.0718e-08
-8.5966e-09	-8.8855e-09	-8.5593e-09	-8.4726e-09	-9.0143e-09	-9.0138e-09	-8.6837e-09	-8.4473e-09	-8.1359e-09	-7.9252e-09	-7.7962e-09	-7.6775e-09	-7.6157e-09	-7.922e-09	-8.0361e-09	-8.0501e-09	-8.1674e-09	-8.5504e-09	-8.4746e-09	-8.2332e-09	-8.0937e-09	-8.3162e-09	-8.672e-09	-8.3756e-09	-6.0129e-09	-2.224e-11	8.2583e-09	1.7696e-08	2.7502e-08	3.7479e-08	4.6791e-08	5.4926e-08	6.2594e-08	6.9196e-08	7.5036e-08	7.974e-08	8.2317e-08	8.1986e-08	7.927e-08	7.8617e-08	7.891e-08	7.8095e-08	7.4259e-08	6.753e-08	5.9071e-08	4.9781e-08	4.001e-08	2.9871e-08	1.9418e-08	9.3772e-09	5.2284e-10	-5.0952e-09	-7.8093e-09	-9.7884e-09	-1.0418e-08	-1.0854e-08	-1.1161e-08	-1.142e-08	-1.1567e-08	-1.1759e-08	-1.1832e-08	-1.135e-08	-1.141e-08	-1.1382e-08	-1.1351e-08	-1.1295e-08	-1.1069e-08	-1.1208e-08	-1.1351e-08	-1.1251e-08	-1.1017e-08	-1.0916e-08	-1.0991e-08	-1.1013e-08	-1.1365e-08	-1.1399e-08	-1.1047e-08	-1.0859e-08
-8.5904e-09	-8.9741e-09	-8.6845e-09	-8.6472e-09	-9.2556e-09	-9.2408e-09	-8.8728e-09	-8.5359e-09	-8.2282e-09	-7.986e-09	-7.8813e-09	-7.8194e-09	-7.7685e-09	-7.992e-09	-8.1318e-09	-8.199e-09	-8.3471e-09	-8.7008e-09	-8.5589e-09	-8.2339e-09	-8.0787e-09	-8.4018e-09	-8.7859e-09	-8.3081e-09	-5.6201e-09	5.4148e-10	8.9078e-09	1.8374e-08	2.8147e-08	3.8055e-08	4.7223e-08	5.5302e-08	6.2729e-08	6.9246e-08	7.5017e-08	7.9513e-08	8.1745e-08	8.1223e-08	7.8658e-08	7.837e-08	7.8625e-08	7.7393e-08	7.3154e-08	6.6159e-08	5.7537e-08	4.8137e-08	3.8291e-08	2.8124e-08	1.7658e-08	7.8371e-09	-5.8524e-10	-5.6573e-09	-8.1305e-09	-1.0091e-08	-1.0781e-08	-1.1194e-08	-1.1397e-08	-1.1557e-08	-1.164e-08	-1.1744e-08	-1.1858e-08	-1.1393e-08	-1.1389e-08	-1.1396e-08	-1.1422e-08	-1.1416e-08	-1.118e-08	-1.1307e-08	-1.1417e-08	-1.127e-08	-1.1054e-08	-1.1004e-08	-1.1197e-08	-1.1292e-08	-1.1663e-08	-1.1764e-08	-1.1345e-08	-1.1036e-08
-8.5808e-09	-9.0578e-09	-8.8324e-09	-8.8516e-09	-9.4909e-09	-9.4418e-09	-9.0521e-09	-8.6129e-09	-8.3248e-09	-8.0725e-09	-8.0045e-09	-8.0046e-09	-7.9622e-09	-8.0717e-09	-8.2309e-09	-8.3546e-09	-8.5358e-09	-8.8465e-09	-8.6553e-09	-8.2587e-09	-8.1029e-09	-8.5386e-09	-8.9334e-09	-8.2609e-09	-5.2262e-09	1.1113e-09	9.5648e-09	1.9057e-08	2.8798e-08	3.8619e-08	4.7628e-08	5.5639e-08	6.2839e-08	6.9294e-08	7.5002e-08	7.9269e-08	8.1129e-08	8.0411e-08	7.8074e-08	7.8152e-08	7.8345e-08	7.6672e-08	7.2012e-08	6.4753e-08	5.5981e-08	4.6475e-08	3.656e-08	2.6365e-08	1.5902e-08	6.324e-09	-1.6304e-09	-6.1771e-09	-8.4472e-09	-1.0395e-08	-1.1138e-08	-1.1515e-08	-1.1619e-08	-1.1691e-08	-1.1725e-08	-1.1754e-08	-1.1897e-08	-1.1456e-08	-1.1391e-08	-1.1416e-08	-1.1491e-08	-1.1538e-08	-1.1325e-08	-1.1432e-08	-1.1512e-08	-1.1332e-08	-1.1119e-08	-1.1105e-08	-1.1404e-08	-1.1584e-08	-1.1944e-08	-1.2085e-08	-1.1637e-08	-1.1251e-08
-8.5696e-09	-9.1314e-09	-8.9886e-09	-9.0639e-09	-9.7038e-09	-9.6078e-09	-9.2108e-09	-8.6763e-09	-8.4218e-09	-8.1797e-09	-8.1538e-09	-8.2183e-09	-8.1839e-09	-8.1636e-09	-8.3343e-09	-8.5119e-09	-8.7262e-09	-8.9862e-09	-8.7643e-09	-8.3111e-09	-8.17e-09	-8.7142e-09	-8.9334e-09	-8.231e-09	-4.8349e-09	1.6876e-09	1.0231e-08	1.975e-08	2.9464e-08	3.9186e-08	4.8031e-08	5.5958e-08	6.2953e-08	6.9376e-08	7.5031e-08	7.9053e-08	8.0514e-08	7.9584e-08	7.7543e-08	7.7975e-08	7.809e-08	7.5964e-08	7.0862e-08	6.3338e-08	5.4421e-08	4.4814e-08	3.4834e-08	2.461e-08	1.4169e-08	4.8501e-09	-2.6089e-09	-6.6676e-09	-8.7683e-09	-1.0698e-08	-1.1473e-08	-1.1792e-08	-1.1811e-08	-1.1811e-08	-1.1821e-08	-1.1798e-08	-1.1952e-08	-1.1537e-08	-1.142e-08	-1.1443e-08	-1.1555e-08	-1.1654e-08	-1.1506e-08	-1.1582e-08	-1.1637e-08	-1.1443e-08	-1.1215e-08	-1.1213e-08	-1.1601e-08	-1.1879e-08	-1.2193e-08	-1.2337e-08	-1.191e-08	-1.1503e-08
-8.5584e-09	-9.1901e-09	-9.1386e-09	-9.2619e-09	-9.8778e-09	-9.7296e-09	-9.3378e-09	-8.7242e-09	-8.5154e-09	-8.302e-09	-8.3171e-09	-8.4454e-09	-8.4207e-09	-8.2702e-09	-8.4425e-09	-8.6662e-09	-8.9109e-09	-9.1184e-09	-8.8864e-09	-8.3949e-09	-8.2839e-09	-8.9164e-09	-9.1013e-09	-8.2155e-09	-4.4502e-09	2.2708e-09	1.0909e-08	2.0457e-08	3.0156e-08	3.9769e-08	4.8456e-08	5.6275e-08	6.3101e-08	6.9528e-08	7.5143e-08	7.8906e-08	7.9945e-08	7.8779e-08	7.7088e-08	7.7851e-08	7.7881e-08	7.5299e-08	6.9735e-08	6.1939e-08	5.2873e-08	4.3168e-08	3.313e-08	2.287e-08	1.2477e-08	3.4278e-09	-3.5167e-09	-7.1417e-09	-9.1033e-09	-1.0998e-08	-1.1771e-08	-1.2009e-08	-1.1956e-08	-1.1907e-08	-1.1924e-08	-1.188e-08	-1.2024e-08	-1.1633e-08	-1.148e-08	-1.1477e-08	-1.1611e-08	-1.1758e-08	-1.1723e-08	-1.1757e-08	-1.1783e-08	-1.1595e-08	-1.1336e-08	-1.1325e-08	-1.1781e-08	-1.2162e-08	-1.2404e-08	-1.252e-08	-1.2154e-08	-1.1779e-08
-8.5489e-09	-9.2288e-09	-9.268e-09	-9.4237e-09	-9.9963e-09	-9.798e-09	-9.4221e-09	-8.7546e-09	-8.6018e-09	-8.4344e-09	-8.4821e-09	-8.6709e-09	-8.6598e-09	-8.394e-09	-8.5565e-09	-8.8126e-09	-9.0827e-09	-9.2417e-09	-9.022e-09	-8.5138e-09	-8.4484e-09	-9.1328e-09	-9.2764e-09	-8.2115e-09	-4.0759e-09	2.8611e-09	1.1601e-08	2.1184e-08	3.0883e-08	4.0384e-08	4.8928e-08	5.6612e-08	6.3309e-08	6.9785e-08	7.5379e-08	7.8873e-08	7.9468e-08	7.8031e-08	7.6731e-08	7.7788e-08	7.773e-08	7.4699e-08	6.8652e-08	6.0574e-08	5.1353e-08	4.1554e-08	3.1462e-08	2.1159e-08	1.0841e-08	2.068e-09	-4.3516e-09	-7.6098e-09	-9.458e-09	-1.1288e-08	-1.2029e-08	-1.2166e-08	-1.2058e-08	-1.1981e-08	-1.2028e-08	-1.1991e-08	-1.2107e-08	-1.1739e-08	-1.1564e-08	-1.1516e-08	-1.166e-08	-1.185e-08	-1.1962e-08	-1.1946e-08	-1.194e-08	-1.1772e-08	-1.1474e-08	-1.144e-08	-1.1939e-08	-1.2419e-08	-1.2571e-08	-1.2636e-08	-1.2363e-08	-1.2061e-08
-8.5428e-09	-9.2424e-09	-9.3622e-09	-9.5272e-09	-1.0043e-08	-9.804e-09	-9.4529e-09	-8.7656e-09	-8.6771e-09	-8.5714e-09	-8.6368e-09	-8.88e-09	-8.8883e-09	-8.5375e-09	-8.6768e-09	-8.9461e-09	-9.2341e-09	-9.3547e-09	-9.1716e-09	-8.6715e-09	-8.6672e-09	-9.3511e-09	-9.4455e-09	-8.2136e-09	-3.7127e-09	3.4604e-09	1.231e-08	2.1935e-08	3.1654e-08	4.1043e-08	4.9467e-08	5.6984e-08	6.3603e-08	7.0176e-08	7.5765e-08	7.8983e-08	7.9118e-08	7.7372e-08	7.6479e-08	7.7781e-08	7.7617e-08	7.4144e-08	6.7603e-08	5.9239e-08	4.986e-08	3.9971e-08	2.983e-08	1.9478e-08	9.2615e-09	7.7512e-10	-5.1186e-09	-8.0714e-09	-9.8241e-09	-1.1556e-08	-1.2243e-08	-1.227e-08	-1.2124e-08	-1.2033e-08	-1.2123e-08	-1.2113e-08	-1.2191e-08	-1.1845e-08	-1.1663e-08	-1.1557e-08	-1.1704e-08	-1.1929e-08	-1.2203e-08	-1.2134e-08	-1.2097e-08	-1.1959e-08	-1.162e-08	-1.1553e-08	-1.2071e-08	-1.2636e-08	-1.2689e-08	-1.269e-08	-1.253e-08	-1.233e-08
-8.5419e-09	-9.226e-09	-9.407e-09	-9.5506e-09	-1.0001e-08	-9.7384e-09	-9.4191e-09	-8.7559e-09	-8.7381e-09	-8.7077e-09	-8.771e-09	-9.0599e-09	-9.0948e-09	-8.7011e-09	-8.8033e-09	-9.0629e-09	-9.3594e-09	-9.4561e-09	-9.3344e-09	-8.8691e-09	-8.9404e-09	-9.5602e-09	-9.5966e-09	-8.2051e-09	-3.3461e-09	4.0778e-09	1.3041e-08	2.2715e-08	3.2466e-08	4.1746e-08	5.0074e-08	5.7406e-08	6.3993e-08	7.069e-08	7.6277e-08	7.921e-08	7.8883e-08	7.6816e-08	7.6335e-08	7.7816e-08	7.7511e-08	7.36e-08	6.6568e-08	5.7923e-08	4.8388e-08	3.8415e-08	2.823e-08	1.7825e-08	7.7386e-09	-4.4828e-10	-5.8247e-09	-8.5228e-09	-1.0189e-08	-1.1795e-08	-1.2413e-08	-1.2325e-08	-1.2158e-08	-1.2067e-08	-1.2201e-08	-1.223e-08	-1.2265e-08	-1.1946e-08	-1.1769e-08	-1.1599e-08	-1.1745e-08	-1.1995e-08	-1.2428e-08	-1.2307e-08	-1.2242e-08	-1.2141e-08	-1.1767e-08	-1.1662e-08	-1.2173e-08	-1.2797e-08	-1.2754e-08	-1.2685e-08	-1.2648e-08	-1.2569e-08
-8.5468e-09	-9.1761e-09	-9.3913e-09	-9.478e-09	-9.8591e-09	-9.596e-09	-9.3139e-09	-8.7269e-09	-8.7843e-09	-8.8384e-09	-8.883e-09	-9.2087e-09	-9.2747e-09	-8.8761e-09	-8.9312e-09	-9.1628e-09	-9.4589e-09	-9.5451e-09	-9.5044e-09	-9.0966e-09	-9.2511e-09	-9.7544e-09	-9.7232e-09	-8.166e-09	-2.9572e-09	4.7244e-09	1.3804e-08	2.3527e-08	3.3315e-08	4.2489e-08	5.0745e-08	5.7893e-08	6.4481e-08	7.1308e-08	7.6875e-08	7.9514e-08	7.8738e-08	7.6371e-08	7.6299e-08	7.7883e-08	7.7382e-08	7.3033e-08	6.5527e-08	5.6615e-08	4.6933e-08	3.6883e-08	2.6655e-08	1.62e-08	6.2701e-09	-1.5997e-09	-6.477e-09	-8.9601e-09	-1.054e-08	-1.1994e-08	-1.2534e-08	-1.234e-08	-1.2169e-08	-1.2084e-08	-1.2254e-08	-1.2325e-08	-1.232e-08	-1.2032e-08	-1.1871e-08	-1.1638e-08	-1.1784e-08	-1.2049e-08	-1.2616e-08	-1.245e-08	-1.2365e-08	-1.2302e-08	-1.1906e-08	-1.1764e-08	-1.2239e-08	-1.2887e-08	-1.276e-08	-1.2626e-08	-1.271e-08	-1.2761e-08
-8.5541e-09	-9.0972e-09	-9.3207e-09	-9.3238e-09	-9.635e-09	-9.3905e-09	-9.1498e-09	-8.6809e-09	-8.816e-09	-8.9582e-09	-8.9738e-09	-9.3274e-09	-9.4256e-09	-9.0511e-09	-9.0544e-09	-9.2474e-09	-9.535e-09	-9.6211e-09	-9.6741e-09	-9.3407e-09	-9.5772e-09	-9.9295e-09	-9.8206e-09	-8.0763e-09	-2.5271e-09	5.4113e-09	1.4605e-08	2.4377e-08	3.4198e-08	4.3268e-08	5.1476e-08	5.8456e-08	6.5073e-08	7.2008e-08	7.7518e-08	7.9852e-08	7.8656e-08	7.6047e-08	7.6376e-08	7.797e-08	7.7199e-08	7.2409e-08	6.4458e-08	5.5302e-08	4.5488e-08	3.5372e-08	2.5103e-08	1.4601e-08	4.8546e-09	-2.6766e-09	-7.0827e-09	-9.3795e-09	-1.0865e-08	-1.2143e-08	-1.2606e-08	-1.2319e-08	-1.2164e-08	-1.2088e-08	-1.2272e-08	-1.2382e-08	-1.2346e-08	-1.2096e-08	-1.1963e-08	-1.1672e-08	-1.1823e-08	-1.2091e-08	-1.2749e-08	-1.255e-08	-1.2592e-08	-1.2454e-08	-1.2429e-08	-1.2029e-08	-1.1857e-08	-1.2264e-08	-1.2893e-08	-1.2703e-08	-1.2517e-08	-1.2709e-08
-8.5589e-09	-8.9958e-09	-9.2058e-09	-9.1107e-09	-9.3527e-09	-9.1409e-09	-8.9448e-09	-8.6201e-09	-8.8335e-09	-9.0621e-09	-9.0443e-09	-9.4173e-09	-9.5451e-09	-9.2148e-09	-9.1667e-09	-9.3178e-09	-9.59e-09	-9.6834e-09	-9.836e-09	-9.5882e-09	-9.8966e-09	-1.0081e-08	-9.884e-09	-7.9158e-09	-2.0369e-09	6.1495e-09	1.5454e-08	2.5269e-08	3.5108e-08	4.4079e-08	5.2264e-08	5.911e-08	6.5772e-08	6.5772e-08	7.277e-08	7.8167e-08	8.0182e-08	7.8613e-08	7.5794e-08	7.6567e-08	7.8065e-08	7.6933e-08	7.1694e-08	6.3342e-08	5.3972e-08	4.4049e-08	3.3879e-08	2.3568e-08	1.3028e-08	3.4905e-09	-3.6765e-09	-7.6488e-09	-9.7773e-09	-1.1384e-08	-1.2233e-08	-1.2626e-08	-1.2269e-08	-1.2147e-08	-1.2079e-08	-1.2248e-08	-1.2385e-08	-1.2332e-08	-1.2131e-08	-1.2033e-08	-1.1699e-08	-1.1865e-08	-1.2122e-08	-1.2807e-08	-1.2563e-08	-1.2499e-08	-1.2505e-08	-1.2129e-08	-1.1936e-08	-1.2245e-08	-1.28e-08	-1.2578e-08	-1.2362e-08	-1.2638e-08
-8.1675e-09	-8.5564e-09	-8.8785e-09	-9.0568e-09	-8.8615e-09	-9.0367e-09	-8.8661e-09	-8.7169e-09	-8.5469e-09	-8.8371e-09	-9.145e-09	-9.0954e-09	-9.4795e-09	-9.6305e-09	-9.3556e-09	-9.2621e-09	-9.3754e-09	-9.6264e-09	-9.7315e-09	-9.9824e-09	-9.8256e-09	-1.0187e-08	-1.0206e-08	-9.8894e-09	-7.6647e-09	-1.4679e-09	6.9501e-09	1.6357e-08	2.6207e-08	3.6043e-08	4.4919e-08	5.3103e-08	5.9868e-08	6.6583e-08	7.3573e-08	7.8781e-08	8.0462e-08	7.8582e-08	7.5885e-08	7.6875e-08	7.8156e-08	7.6554e-08	7.0856e-08	6.2158e-08	5.2614e-08	4.261e-08	3.2399e-08	2.2045e-08	1.1478e-08	2.1761e-09	-4.5969e-09	-8.1825e-09	-1.015e-08	-1.1554e-08	-1.2254e-08	-1.2592e-08	-1.2196e-08	-1.2127e-08	-1.2061e-08	-1.2172e-08	-1.2318e-08	-1.2271e-08	-1.2129e-08	-1.2073e-08	-1.1715e-08	-1.191e-08	-1.214e-08	-1.2772e-08	-1.2563e-08	-1.2493e-08	-1.2525e-08	-1.2195e-08	-1.1996e-08	-1.218e-08	-1.2612e-08	-1.2391e-08	-1.2165e-08	-1.2499e-08
-8.1661e-09	-8.5419e-09	-8.752e-09	-8.8843e-09	-8.5992e-09	-8.7114e-09	-8.5854e-09	-8.4841e-09	-8.4634e-09	-8.8271e-09	-9.2019e-09	-9.1282e-09	-9.515e-09	-9.6794e-09	-9.4622e-09	-9.3344e-09	-9.4214e-09	-9.6463e-09	-9.7647e-09	-1.0106e-08	-1.004e-08	-1.0428e-08	-1.03e-08	-9.8218e-09	-7.3028e-09	-8.01e-10	7.8242e-09	1.7322e-08	2.7196e-08	3.6998e-08	4.5784e-08	5.399e-08	6.0743e-08	6.7511e-08	7.4397e-08	7.9321e-08	8.0651e-08	7.8538e-08	7.6129e-08	7.7301e-08	7.8232e-08	7.6032e-08	6.9863e-08	6.0888e-08	5.1218e-08	4.1167e-08	3.093e-08	2.0531e-08	9.9523e-09	9.1066e-10	-5.435e-09	-8.6901e-09	-1.0493e-08	-1.1656e-08	-1.2207e-08	-1.2505e-08	-1.2101e-08	-1.21e-08	-1.203e-08	-1.2046e-08	-1.218e-08	-1.2159e-08	-1.2087e-08	-1.2078e-08	-1.1717e-08	-1.1954e-08	-1.2143e-08	-1.2644e-08	-1.246e-08	-1.2436e-08	-1.2487e-08	-1.2222e-08	-1.2027e-08	-1.2072e-08	-1.235e-08	-1.2153e-08	-1.1935e-08	-1.2303e-08
-8.1485e-09	-8.5104e-09	-8.6229e-09	-8.6986e-09	-8.3464e-09	-8.4015e-09	-8.3177e-09	-8.2645e-09	-8.3721e-09	-8.8038e-09	-9.2276e-09	-9.1434e-09	-9.5251e-09	-9.6894e-09	-9.5232e-09	-9.3777e-09	-9.4572e-09	-9.6523e-09	-9.7824e-09	-1.0199e-08	-1.0217e-08	-1.0595e-08	-1.0358e-08	-9.701e-09	-6.8111e-09	-1.8397e-11	8.7824e-09	1.8358e-08	2.824e-08	3.7967e-08	4.667e-08	5.4921e-08	6.1747e-08	6.8557e-08	7.5222e-08	7.9746e-08	8.0707e-08	7.8457e-08	7.6514e-08	7.7826e-08	7.8284e-08	7.5373e-08	6.8726e-08	5.9542e-08	4.9793e-08	3.9726e-08	2.9477e-08	1.9032e-08	8.4643e-09	-2.9272e-10	-6.1845e-09	-9.1655e-09	-1.0797e-08	-1.1692e-08	-1.2101e-08	-1.2371e-08	-1.198e-08	-1.2055e-08	-1.1979e-08	-1.1875e-08	-1.1983e-08	-1.2002e-08	-1.2006e-08	-1.2043e-08	-1.1697e-08	-1.1983e-08	-1.2121e-08	-1.2437e-08	-1.2294e-08	-1.2325e-08	-1.239e-08	-1.22e-08	-1.2018e-08	-1.1924e-08	-1.2035e-08	-1.1878e-08	-1.1678e-08	-1.2058e-08
-8.1118e-09	-8.4571e-09	-8.4978e-09	-8.5101e-09	-8.1262e-09	-8.1312e-09	-8.082e-09	-8.0762e-09	-8.2749e-09	-8.7674e-09	-9.2172e-09	-9.142e-09	-9.5108e-09	-9.6581e-09	-9.5278e-09	-9.3861e-09	-9.4837e-09	-9.6464e-09	-9.7839e-09	-1.0254e-08	-1.0345e-08	-1.0669e-08	-1.0376e-08	-9.5214e-09	-6.1889e-09	8.7997e-10	9.8233e-09	1.9461e-08	2.9336e-08	3.895e-08	4.7574e-08	5.5889e-08	6.2868e-08	6.9705e-08	7.6033e-08	8.0053e-08	8.063e-08	7.8338e-08	7.7003e-08	7.8414e-08	7.8306e-08	7.4612e-08	6.7494e-08	5.8158e-08	4.8364e-08	3.8304e-08	2.805e-08	1.7566e-08	7.0412e-09	-1.4088e-09	-6.8355e-09	-9.5918e-09	-1.1051e-08	-1.1665e-08	-1.1945e-08	-1.2194e-08	-1.183e-08	-1.1982e-08	-1.1901e-08	-1.1667e-08	-1.174e-08	-1.1807e-08	-1.1884e-08	-1.1964e-08	-1.1648e-08	-1.1985e-08	-1.2067e-08	-1.2167e-08	-1.2074e-08	-1.216e-08	-1.2235e-08	-1.2122e-08	-1.1961e-08	-1.1737e-08	-1.1687e-08	-1.158e-08	-1.1402e-08	-1.1776e-08
-8.0533e-09	-8.3776e-09	-8.3829e-09	-8.329e-09	-7.9601e-09	-7.924e-09	-7.8964e-09	-7.9361e-09	-8.1712e-09	-8.7148e-09	-9.1689e-09	-9.1227e-09	-9.4724e-09	-9.5871e-09	-9.476e-09	-9.3591e-09	-9.4994e-09	-9.6274e-09	-9.7671e-09	-1.0267e-08	-1.0417e-08	-1.0646e-08	-1.0351e-08	-9.2773e-09	-5.4511e-09	1.8785e-09	1.0936e-08	2.0621e-08	3.0474e-08	3.9945e-08	4.8497e-08	5.6884e-08	6.4072e-08	7.0917e-08	7.6822e-08	8.0264e-08	8.0451e-08	7.8198e-08	7.7562e-08	7.9028e-08	7.8291e-08	7.3784e-08	6.6217e-08	5.6776e-08	4.696e-08	3.6919e-08	2.6663e-08	1.615e-08	5.7108e-09	-2.412e-09	-7.3785e-09	-9.9516e-09	-1.1241e-08	-1.1577e-08	-1.1749e-08	-1.198e-08	-1.1648e-08	-1.187e-08	-1.1788e-08	-1.1429e-08	-1.1464e-08	-1.1578e-08	-1.1724e-08	-1.1838e-08	-1.1563e-08	-1.1948e-08	-1.1972e-08	-1.1848e-08	-1.1809e-08	-1.1938e-08	-1.2019e-08	-1.1979e-08	-1.1845e-08	-1.1516e-08	-1.1327e-08	-1.1271e-08	-1.1114e-08	-1.1465e-08
-7.9733e-09	-8.2722e-09	-8.2794e-09	-8.1593e-09	-7.8501e-09	-7.7815e-09	-7.762e-09	-7.8437e-09	-8.0577e-09	-8.6406e-09	-9.083e-09	-9.082e-09	-9.4092e-09	-9.4817e-09	-9.3778e-09	-9.3014e-09	-9.4996e-09	-9.591e-09	-9.7285e-09	-1.0238e-08	-1.0433e-08	-1.0539e-08	-1.0279e-08	-8.9626e-09	-4.6134e-09	2.9611e-09	1.2108e-08	2.1828e-08	3.1646e-08	4.0952e-08	4.9436e-08	5.7899e-08	6.5325e-08	7.2158e-08	7.7581e-08	8.0403e-08	8.0203e-08	7.8057e-08	7.8154e-08	7.963e-08	7.8233e-08	7.2926e-08	6.4946e-08	5.5433e-08	4.5607e-08	3.5587e-08	2.5325e-08	1.4802e-08	4.5004e-09	-3.2766e-09	-7.8035e-09	-1.0228e-08	-1.1355e-08	-1.1432e-08	-1.1521e-08	-1.1732e-08	-1.1429e-08	-1.1707e-08	-1.1634e-08	-1.1169e-08	-1.1167e-08	-1.1322e-08	-1.1525e-08	-1.1661e-08	-1.1436e-08	-1.1859e-08	-1.1829e-08	-1.1496e-08	-1.1509e-08	-1.1659e-08	-1.1743e-08	-1.1763e-08	-1.166e-08	-1.1262e-08	-1.0977e-08	-1.0965e-08	-1.082e-08	-1.1137e-08
-7.8746e-09	-8.1454e-09	-8.1835e-09	-8.0001e-09	-7.7804e-09	-7.6865e-09	-7.665e-09	-7.783e-09	-7.9311e-09	-8.5389e-09	-8.9604e-09	-9.0168e-09	-9.3207e-09	-9.347e-09	-9.2432e-09	-9.2174e-09	-9.48e-09	-9.5328e-09	-9.6647e-09	-1.0166e-08	-1.0395e-08	-1.0363e-08	-1.0156e-08	-8.5714e-09	-3.6913e-09	4.1116e-09	1.3328e-08	2.3071e-08	3.2842e-08	4.1969e-08	5.0391e-08	5.8924e-08	6.6592e-08	7.339e-08	7.8301e-08	8.0494e-08	7.9917e-08	7.7935e-08	7.8745e-08	8.0184e-08	7.8125e-08	7.2073e-08	6.3731e-08	5.4168e-08	4.4333e-08	3.4325e-08	2.405e-08	1.3538e-08	3.4376e-09	-3.977e-09	-8.1008e-09	-1.0402e-08	-1.138e-08	-1.1233e-08	-1.127e-08	-1.1457e-08	-1.1171e-08	-1.1484e-08	-1.1431e-08	-1.0892e-08	-1.0862e-08	-1.1044e-08	-1.1287e-08	-1.1429e-08	-1.126e-08	-1.1705e-08	-1.1629e-08	-1.1126e-08	-1.1183e-08	-1.1322e-08	-1.1407e-08	-1.1467e-08	-1.1397e-08	-1.0977e-08	-1.0657e-08	-1.0675e-08	-1.0527e-08	-1.08e-08
-7.7601e-09	-8.002e-09	-8.0913e-09	-7.8501e-09	-7.7348e-09	-7.621e-09	-7.5908e-09	-7.7375e-09	-7.7881e-09	-8.404e-09	-8.8017e-09	-8.9238e-09	-9.2063e-09	-9.1883e-09	-9.0822e-09	-9.1116e-09	-9.4361e-09	-9.4483e-09	-9.5722e-09	-1.005e-08	-1.0301e-08	-1.013e-08	-9.9792e-09	-8.0978e-09	-2.7006e-09	5.3138e-09	1.4585e-08	2.4338e-08	3.4052e-08	4.2996e-08	5.1361e-08	5.9951e-08	6.784e-08	7.4577e-08	7.8974e-08	8.0561e-08	7.9628e-08	7.7851e-08	7.9299e-08	8.0652e-08	7.7962e-08	7.1261e-08	6.2621e-08	5.3019e-08	4.3164e-08	3.315e-08	2.2849e-08	1.2377e-08	2.5501e-09	-4.4875e-09	-8.2607e-09	-1.0458e-08	-1.1302e-08	-1.1233e-08	-1.1007e-08	-1.1159e-08	-1.087e-08	-1.1189e-08	-1.1172e-08	-1.0608e-08	-1.0561e-08	-1.075e-08	-1.1012e-08	-1.1138e-08	-1.1027e-08	-1.1474e-08	-1.1364e-08	-1.0754e-08	-1.0842e-08	-1.0928e-08	-1.1013e-08	-1.1089e-08	-1.1054e-08	-1.0667e-08	-1.0379e-08	-1.041e-08	-1.0242e-08	-1.0464e-08
-7.6329e-09	-7.8469e-09	-7.9992e-09	-7.7081e-09	-7.697e-09	-7.5671e-09	-7.5252e-09	-7.6907e-09	-7.6255e-09	-8.2303e-09	-8.6075e-09	-8.7995e-09	-9.0655e-09	-9.0107e-09	-8.905e-09	-8.9888e-09	-9.3633e-09	-9.3333e-09	-9.4475e-09	-9.8898e-09	-1.0153e-08	-9.8537e-09	-9.7438e-09	-7.5358e-09	-1.6568e-09	6.5518e-09	1.5866e-08	2.5621e-08	3.5268e-08	4.4033e-08	5.2344e-08	6.097e-08	6.9033e-08	7.5681e-08	7.9592e-08	8.0628e-08	7.9368e-08	7.7825e-08	7.9781e-08	8.0997e-08	7.7737e-08	7.0526e-08	6.1667e-08	5.2026e-08	4.2127e-08	3.208e-08	2.1733e-08	1.1335e-08	1.8652e-09	-4.7825e-09	-8.2733e-09	-1.0378e-08	-1.1109e-08	-1.098e-08	-1.0739e-08	-1.0844e-08	-1.0528e-08	-1.0821e-08	-1.0856e-08	-1.0321e-08	-1.0275e-08	-1.0445e-08	-1.0702e-08	-1.079e-08	-1.0737e-08	-1.1161e-08	-1.1033e-08	-1.0391e-08	-1.0493e-08	-1.0494e-08	-1.0578e-08	-1.0653e-08	-1.0652e-08	-1.0339e-08	-1.0138e-08	-1.0166e-08	-9.9648e-09	-1.0131e-08
-7.4958e-09	-7.6846e-09	-7.9033e-09	-7.5728e-09	-7.6508e-09	-7.5069e-09	-7.4536e-09	-7.6259e-09	-7.4398e-09	-8.012e-09	-8.3786e-09	-8.6408e-09	-8.8976e-09	-8.8194e-09	-8.7217e-09	-8.8535e-09	-9.2573e-09	-9.1832e-09	-9.2873e-09	-9.6849e-09	-9.9511e-09	-9.5481e-09	-9.4466e-09	-6.8795e-09	-5.7558e-10	7.8092e-09	1.7161e-08	2.6906e-08	3.648e-08	4.5078e-08	5.334e-08	6.1973e-08	7.0137e-08	7.6666e-08	8.0147e-08	8.0719e-08	7.9168e-08	7.7876e-08	8.0168e-08	8.1196e-08	7.7444e-08	6.9887e-08	6.0893e-08	5.1203e-08	4.1233e-08	3.1121e-08	2.0707e-08	1.042e-08	1.3908e-09	-4.8571e-09	-8.1412e-09	-1.0159e-08	-1.0801e-08	-1.0683e-08	-1.0472e-08	-1.052e-08	-1.0161e-08	-1.0406e-08	-1.05e-08	-1.0035e-08	-1.0001e-08	-1.0135e-08	-1.0368e-08	-1.0399e-08	-1.0401e-08	-1.0784e-08	-1.0651e-08	-1.004e-08	-1.0141e-08	-1.0035e-08	-1.0119e-08	-1.0182e-08	-1.0213e-08	-1.0002e-08	-9.9221e-09	-9.9397e-09	-9.696e-09	-9.8053e-09
-7.3518e-09	-7.5201e-09	-7.7997e-09	-7.443e-09	-7.58e-09	-7.4224e-09	-7.3618e-09	-7.5268e-09	-7.2278e-09	-7.7433e-09	-8.1155e-09	-8.4443e-09	-8.702e-09	-8.6198e-09	-8.5424e-09	-8.7103e-09	-9.1134e-09	-8.9937e-09	-9.088e-09	-9.4344e-09	-9.6952e-09	-9.2266e-09	-9.0839e-09	-6.1282e-09	5.3121e-10	9.0752e-09	1.8461e-08	2.8189e-08	3.7681e-08	4.6132e-08	5.4348e-08	6.2954e-08	7.1129e-08	7.7508e-08	8.0632e-08	8.0847e-08	7.9053e-08	7.8016e-08	8.0479e-08	8.126e-08	7.7084e-08	6.9315e-08	6.0257e-08	5.0512e-08	4.0452e-08	3.0251e-08	1.9757e-08	9.6117e-09	1.0846e-09	-4.759e-09	-7.8984e-09	-9.831e-09	-1.0408e-08	-1.0358e-08	-1.0213e-08	-1.0195e-08	-9.7873e-09	-9.9695e-09	-1.0123e-08	-9.7555e-09	-9.7387e-09	-9.8274e-09	-1.0021e-08	-9.9822e-09	-1.0036e-08	-1.0364e-08	-1.0239e-08	-9.7032e-09	-9.7889e-09	-9.568e-09	-9.6527e-09	-9.7003e-09	-9.7623e-09	-9.6633e-09	-9.7226e-09	-9.7252e-09	-9.4358e-09	-9.4893e-09
-7.2038e-09	-7.358e-09	-7.6846e-09	-7.3175e-09	-7.4682e-09	-7.2957e-09	-7.2353e-09	-7.3768e-09	-6.9889e-09	-7.4246e-09	-7.8219e-09	-8.2102e-09	-8.4801e-09	-8.4157e-09	-8.3731e-09	-8.5617e-09	-8.9302e-09	-8.7646e-09	-8.8503e-09	-9.1419e-09	-9.3905e-09	-8.9011e-09	-8.6564e-09	-5.2942e-09	1.6609e-09	1.0351e-08	1.977e-08	2.9472e-08	3.8875e-08	4.7193e-08	5.5366e-08	6.3911e-08	7.2018e-08	7.8216e-08	8.1046e-08	8.0998e-08	7.9018e-08	7.8244e-08	8.0733e-08	8.1206e-08	7.6656e-08	6.8779e-08	5.9707e-08	4.9904e-08	3.9744e-08	2.9444e-08	1.8868e-08	8.8876e-09	8.963e-10	-4.5445e-09	-7.5839e-09	-9.4314e-09	-9.9653e-09	-1.0026e-08	-9.9668e-09	-9.879e-09	-9.4263e-09	-9.5416e-09	-9.7454e-09	-9.485e-09	-9.4855e-09	-9.5266e-09	-9.6726e-09	-9.5552e-09	-9.6559e-09	-9.9205e-09	-9.8137e-09	-9.3828e-09	-9.4415e-09	-9.1091e-09	-9.1972e-09	-9.2335e-09	-9.3223e-09	-9.3327e-09	-9.529e-09	-9.5179e-09	-9.1846e-09	-9.1862e-09
-7.0551e-09	-7.2024e-09	-7.5558e-09	-7.1947e-09	-7.3063e-09	-7.1168e-09	-7.0655e-09	-7.1667e-09	-6.7295e-09	-7.0713e-09	-7.5085e-09	-7.9473e-09	-8.2372e-09	-8.208e-09	-8.21e-09	-8.4057e-09	-8.7139e-09	-8.5058e-09	-8.5856e-09	-8.821e-09	-9.054e-09	-8.5798e-09	-8.1752e-09	-4.3922e-09	2.8125e-09	1.1642e-08	2.1093e-08	3.0759e-08	4.0064e-08	4.8263e-08	5.6391e-08	6.4847e-08	7.2814e-08	7.8803e-08	8.1388e-08	8.1154e-08	7.9057e-08	7.8555e-08	8.0953e-08	8.1049e-08	7.6159e-08	6.8244e-08	5.9191e-08	4.933e-08	3.9073e-08	2.8673e-08	1.8021e-08	8.224e-09	7.7557e-10	-4.2694e-09	-7.2366e-09	-8.9969e-09	-9.5088e-09	-9.7045e-09	-9.74e-09	-9.5794e-09	-9.0961e-09	-9.15e-09	-9.3862e-09	-9.2275e-09	-9.2394e-09	-9.2391e-09	-9.3345e-09	-9.1349e-09	-9.2755e-09	-9.4743e-09	-9.395e-09	-9.0805e-09	-9.1023e-09	-8.6749e-09	-8.7695e-09	-8.8058e-09	-8.9167e-09	-9.0183e-09	-9.3314e-09	-9.3131e-09	-8.9426e-09	-8.8991e-09
-6.9092e-09	-7.0557e-09	-7.4152e-09	-7.0715e-09	-7.1031e-09	-6.8952e-09	-6.8581e-09	-6.9067e-09	-6.4568e-09	-6.7011e-09	-7.1871e-09	-7.6658e-09	-7.9797e-09	-7.997e-09	-8.0472e-09	-8.2393e-09	-8.4718e-09	-8.2291e-09	-8.3067e-09	-8.4872e-09	-8.7044e-09	-8.2703e-09	-7.6536e-09	-3.4367e-09	3.9848e-09	1.295e-08	2.2436e-08	3.2056e-08	4.1251e-08	4.934e-08	5.7423e-08	6.5761e-08	7.353e-08	7.9283e-08	8.1658e-08	8.1297e-08	7.9162e-08	7.8944e-08	8.1161e-08	8.0807e-08	7.5593e-08	6.7677e-08	5.8657e-08	4.874e-08	3.84e-08	2.7912e-08	1.7201e-08	7.5975e-09	6.7218e-10	-3.9901e-09	-6.8954e-09	-8.5641e-09	-9.074e-09	-9.4147e-09	-9.5383e-09	-9.3049e-09	-8.8153e-09	-8.8231e-09	-9.0651e-09	-8.9868e-09	-8.9985e-09	-8.9708e-09	-9.0182e-09	-8.7379e-09	-8.91e-09	-9.0461e-09	-9.0014e-09	-8.7982e-09	-8.7753e-09	-8.2817e-09	-8.3871e-09	-8.4419e-09	-8.5691e-09	-8.7288e-09	-9.1196e-09	-9.1061e-09	-9.1061e-09	-8.7102e-09
-6.7699e-09	-6.9198e-09	-7.2649e-09	-6.9449e-09	-6.8701e-09	-6.6437e-09	-6.6214e-09	-6.6095e-09	-6.1784e-09	-6.3319e-09	-6.8696e-09	-7.376e-09	-7.714e-09	-7.783e-09	-7.8794e-09	-8.0596e-09	-8.2111e-09	-7.9462e-09	-8.0266e-09	-8.1558e-09	-8.3605e-09	-7.9802e-09	-7.1046e-09	-2.4421e-09	5.1767e-09	1.428e-08	2.3804e-08	3.3367e-08	4.2441e-08	5.0426e-08	5.8459e-08	6.6656e-08	7.4178e-08	7.9671e-08	8.1854e-08	8.1407e-08	7.9328e-08	7.9405e-08	8.1378e-08	8.0496e-08	7.4958e-08	6.7044e-08	6.7044e-08	5.8053e-08	4.8086e-08	3.7687e-08	2.7135e-08	1.639e-08	6.9847e-09	5.3585e-10	-3.7625e-09	-6.5992e-09	-8.1699e-09	-8.6964e-09	-9.007e-09	-9.3676e-09	-9.0643e-09	-8.6025e-09	-8.589e-09	-8.8016e-09	-8.7665e-09	-8.7609e-09	-8.7276e-09	-8.7352e-09	-8.3806e-09	-8.5743e-09	-8.6563e-09	-8.6518e-09	-8.5378e-09	-8.1726e-09	-7.9443e-09	-8.0652e-09	-8.1632e-09	-8.2998e-09	-8.4714e-09	-8.8848e-09	-8.8924e-09	-8.4875e-09
-6.6409e-09	-6.7968e-09	-7.1076e-09	-6.8119e-09	-6.6188e-09	-6.3752e-09	-6.3634e-09	-6.3634e-09	-5.9556e-09	-5.9016e-09	-5.9814e-09	-6.568e-09	-7.0882e-09	-7.4463e-09	-7.5663e-09	-7.7009e-09	-7.8635e-09	-7.9392e-09	-7.6688e-09	-7.7581e-09	-7.8422e-09	-8.0412e-09	-7.7171e-09	-5.9768e-09	-1.4231e-09	6.3871e-09	1.5635e-08	2.5201e-08	3.4696e-08	4.3637e-08	5.1519e-08	5.9498e-08	6.7531e-08	7.477e-08	7.998e-08	8.1976e-08	8.1466e-08	7.9546e-08	7.9935e-08	8.1626e-08	8.0132e-08	7.4253e-08	6.6312e-08	5.7325e-08	4.732e-08	3.6897e-08	2.6317e-08	1.5573e-08	6.3622e-09	3.1631e-10	-3.6427e-09	-6.3871e-09	-7.851e-09	-8.4116e-09	-8.9247e-09	-9.2323e-09	-8.8645e-09	-8.473e-09	-8.4715e-09	-8.6121e-09	-8.5696e-09	-8.5246e-09	-8.5145e-09	-8.4954e-09	-8.0777e-09	-8.2816e-09	-8.323e-09	-8.3627e-09	-8.3007e-09	-7.9009e-09	-7.6614e-09	-7.8021e-09	-7.9635e-09	-8.1024e-09	-8.2428e-09	-8.6267e-09	-8.6707e-09	-8.2734e-09
-6.76e-09	-6.526e-09	-6.6888e-09	-6.9455e-09	-6.6694e-09	-6.361e-09	-6.1023e-09	-6.0924e-09	-5.6248e-09	-5.6338e-09	-5.6676e-09	-6.2941e-09	-6.8125e-09	-7.1829e-09	-7.3471e-09	-7.5061e-09	-7.6481e-09	-7.6634e-09	-7.4087e-09	-7.5144e-09	-7.5616e-09	-7.7652e-09	-7.4884e-09	-5.4241e-09	-3.9406e-10	7.6149e-09	1.702e-08	2.6634e-08	3.6049e-08	4.4841e-08	5.2619e-08	6.0538e-08	6.8387e-08	7.5317e-08	8.0225e-08	8.2023e-08	8.1456e-08	7.981e-08	8.0527e-08	8.1924e-08	7.9732e-08	7.348e-08	6.5452e-08	5.6431e-08	4.64e-08	3.5998e-08	2.5433e-08	1.4735e-08	5.7097e-09	-3.0154e-11	-3.6799e-09	-6.2928e-09	-7.6395e-09	-8.2499e-09	-8.9147e-09	-9.1253e-09	-8.7007e-09	-8.4158e-09	-8.455e-09	-8.4877e-09	-8.3922e-09	-8.2892e-09	-8.3275e-09	-8.2945e-09	-7.8263e-09	-8.0296e-09	-8.0437e-09	-8.1293e-09	-8.0847e-09	-7.6481e-09	-7.4238e-09	-7.5876e-09	-7.8227e-09	-7.9564e-09	-8.034e-09	-8.3496e-09	-8.4413e-09	-8.0662e-09
-6.5904e-09	-6.4288e-09	-6.5977e-09	-6.7811e-09	-6.5143e-09	-6.1081e-09	-5.8379e-09	-5.8165e-09	-5.3086e-09	-5.3824e-09	-5.4082e-09	-6.0598e-09	-6.5593e-09	-6.93e-09	-7.1259e-09	-7.2893e-09	-7.4104e-09	-7.391e-09	-7.1775e-09	-7.3082e-09	-7.3295e-09	-7.5514e-09	-7.3018e-09	-4.8933e-09	6.3246e-10	8.8595e-09	1.8438e-08	2.8108e-08	3.743e-08	4.6059e-08	5.3729e-08	6.1579e-08	6.9229e-08	7.5834e-08	8.0421e-08	8.1998e-08	8.1363e-08	8.0114e-08	8.1177e-08	8.2263e-08	7.9309e-08	7.2658e-08	6.4486e-08	5.5392e-08	4.5346e-08	3.5003e-08	2.4494e-08	1.3883e-08	5.0335e-09	-4.9107e-10	-3.8617e-09	-6.3065e-09	-7.5289e-09	-8.199e-09	-8.9481e-09	-9.0331e-09	-8.5617e-09	-8.4065e-09	-8.5039e-09	-8.4062e-09	-8.2271e-09	-8.0547e-09	-8.1579e-09	-8.1211e-09	-7.615e-09	-7.8084e-09	-7.8052e-09	-7.9366e-09	-7.886e-09	-7.4133e-09	-7.2223e-09	-7.4113e-09	-7.7206e-09	-7.8417e-09	-7.8362e-09	-8.0579e-09	-8.2045e-09	-7.864e-09
-6.4362e-09	-6.3532e-09	-6.5255e-09	-6.6168e-09	-6.3436e-09	-5.8717e-09	-5.5947e-09	-5.5438e-09	-5.0194e-09	-5.1544e-09	-5.2188e-09	-5.8753e-09	-6.3376e-09	-6.6935e-09	-6.9031e-09	-7.0462e-09	-7.1485e-09	-7.129e-09	-6.9856e-09	-7.1506e-09	-7.1589e-09	-7.4154e-09	-7.162e-09	-4.3689e-09	1.6621e-09	1.0125e-08	1.989e-08	2.9624e-08	3.8849e-08	4.7306e-08	5.4867e-08	6.2642e-08	7.0079e-08	7.6351e-08	8.0602e-08	8.1934e-08	8.1219e-08	8.0462e-08	8.1871e-08	8.2622e-08	7.8873e-08	7.1817e-08	6.3459e-08	5.4265e-08	4.4213e-08	3.3953e-08	2.3525e-08	1.3033e-08	4.3534e-09	-1.0253e-09	-4.1451e-09	-6.3958e-09	-7.4929e-09	-8.2246e-09	-8.9953e-09	-8.9423e-09	-8.4361e-09	-8.4202e-09	-8.5826e-09	-8.3455e-09	-8.0667e-09	-7.8213e-09	-7.9972e-09	-7.9638e-09	-7.4322e-09	-7.6077e-09	-7.5943e-09	-7.7691e-09	-7.7005e-09	-7.1954e-09	-7.0475e-09	-7.2627e-09	-7.6369e-09	-7.7377e-09	-7.6404e-09	-7.7559e-09	-7.9607e-09	-7.6652e-09
-6.3036e-09	-6.3021e-09	-6.4736e-09	-6.4548e-09	-6.155e-09	-5.6626e-09	-5.3844e-09	-5.2823e-09	-4.7635e-09	-4.9531e-09	-5.0952e-09	-5.7367e-09	-6.1466e-09	-6.4744e-09	-6.6802e-09	-6.7814e-09	-6.8679e-09	-6.8803e-09	-6.8309e-09	-7.0369e-09	-7.044e-09	-7.3448e-09	-7.0487e-09	-3.8223e-09	2.7095e-09	1.1419e-08	2.1377e-08	3.1184e-08	4.0313e-08	4.86e-08	5.6061e-08	6.3756e-08	7.0972e-08	7.6906e-08	8.0813e-08	8.188e-08	8.1074e-08	8.0863e-08	8.2592e-08	8.2979e-08	7.8438e-08	7.0985e-08	6.2417e-08	5.3107e-08	4.3052e-08	3.2886e-08	2.2551e-08	1.2203e-08	3.6895e-09	-1.5915e-09	-4.4866e-09	-6.5284e-09	-7.5051e-09	-8.2922e-09	-9.0272e-09	-8.8396e-09	-8.3129e-09	-8.4325e-09	-8.6553e-09	-8.2834e-09	-7.9038e-09	-7.5889e-09	-7.8367e-09	-7.8111e-09	-7.2663e-09	-7.4176e-09	-7.3978e-09	-7.6117e-09	-7.5243e-09	-6.9934e-09	-6.8902e-09	-7.1314e-09	-7.5514e-09	-7.6242e-09	-7.4378e-09	-7.4481e-09	-7.7102e-09	-7.4679e-09
-6.192e-09	-6.2711e-09	-6.4359e-09	-6.2952e-09	-5.9536e-09	-5.4827e-09	-5.2093e-09	-5.039e-09	-4.5443e-09	-4.7796e-09	-5.0236e-09	-5.633e-09	-5.9805e-09	-6.2713e-09	-6.4594e-09	-6.5043e-09	-6.5782e-09	-6.646e-09	-6.7052e-09	-6.9539e-09	-6.969e-09	-7.3132e-09	-6.9289e-09	-3.2248e-09	3.7897e-09	1.2747e-08	2.2899e-08	3.279e-08	4.1835e-08	4.9961e-08	5.7336e-08	6.4951e-08	7.1941e-08	7.7538e-08	8.1095e-08	8.1885e-08	8.0982e-08	8.1326e-08	8.3322e-08	8.3313e-08	7.8013e-08	7.019e-08	6.1406e-08	5.1974e-08	4.1918e-08	3.1841e-08	2.1597e-08	1.1409e-08	3.0616e-09	-2.1484e-09	-4.8428e-09	-6.6719e-09	-7.5389e-09	-8.3671e-09	-9.0144e-09	-8.7116e-09	-8.1807e-09	-8.4185e-09	-8.6865e-09	-8.1977e-09	-7.731e-09	-7.3576e-09	-7.6678e-09	-7.6515e-09	-7.1057e-09	-7.2278e-09	-7.2025e-09	-7.4489e-09	-7.3533e-09	-6.8061e-09	-6.7412e-09	-7.007e-09	-7.4437e-09	-7.4808e-09	-7.2194e-09	-7.1388e-09	-7.4533e-09	-7.2705e-09
-6.0977e-09	-6.2526e-09	-6.403e-09	-6.1374e-09	-5.7481e-09	-5.3299e-09	-5.067e-09	-4.8205e-09	-4.3652e-09	-4.6355e-09	-4.9897e-09	-5.5529e-09	-5.8335e-09	-6.0828e-09	-6.243e-09	-6.2245e-09	-6.289e-09	-6.4271e-09	-6.6003e-09	-6.8888e-09	-6.9182e-09	-7.2942e-09	-6.7695e-09	-2.5475e-09	4.9173e-09	1.4117e-08	2.4456e-08	3.4444e-08	4.3423e-08	5.141e-08	5.872e-08	6.6258e-08	7.302e-08	7.8286e-08	8.1494e-08	8.1998e-08	8.0997e-08	8.1861e-08	8.4047e-08	8.3601e-08	7.761e-08	6.9462e-08	6.0472e-08	5.0924e-08	4.0864e-08	3.0858e-08	2.0688e-08	1.0668e-08	2.4898e-09	-2.6545e-09	-5.1702e-09	-6.7938e-09	-7.568e-09	-8.4151e-09	-8.9276e-09	-8.5449e-09	-8.0283e-09	-8.3538e-09	-8.6403e-09	-8.0662e-09	-7.5409e-09	-7.1276e-09	-7.482e-09	-7.4736e-09	-6.9389e-09	-7.0283e-09	-6.995e-09	-7.2654e-09	-7.1835e-09	-6.6328e-09	-6.5913e-09	-6.8792e-09	-7.294e-09	-7.2873e-09	-6.9765e-09	-6.8323e-09	-7.1903e-09	-7.0711e-09
-6.0169e-09	-6.2387e-09	-6.3652e-09	-5.9806e-09	-5.5472e-09	-5.2021e-09	-4.9547e-09	-4.6332e-09	-4.2296e-09	-4.5219e-09	-4.9795e-09	-5.4852e-09	-5.6996e-09	-5.9075e-09	-6.033e-09	-5.9515e-09	-6.0099e-09	-6.2248e-09	-6.5077e-09	-6.8284e-09	-6.8757e-09	-7.2612e-09	-6.5376e-09	-1.7619e-09	6.1073e-09	1.5535e-08	2.6048e-08	3.6146e-08	4.5088e-08	5.2966e-08	6.024e-08	6.7705e-08	7.4245e-08	7.9188e-08	8.2051e-08	8.2267e-08	8.117e-08	8.2476e-08	8.4747e-08	8.3821e-08	7.7241e-08	6.8829e-08	5.9659e-08	5.0013e-08	3.9942e-08	2.9975e-08	1.985e-08	9.9985e-09	1.994e-09	-3.0686e-09	-5.4253e-09	-6.8617e-09	-7.566e-09	-8.4014e-09	-8.7379e-09	-8.3264e-09	-7.8448e-09	-8.2139e-09	-8.4817e-09	-7.8671e-09	-7.3263e-09	-6.899e-09	-7.2706e-09	-7.2661e-09	-6.7544e-09	-6.8093e-09	-6.7625e-09	-7.0463e-09	-7.0111e-09	-6.4751e-09	-6.4385e-09	-6.7437e-09	-7.0965e-09	-7.04e-09	-6.71e-09	-6.5353e-09	-6.9255e-09	-6.8713e-09
-5.9457e-09	-6.2214e-09	-6.3129e-09	-5.824e-09	-5.3599e-09	-5.0971e-09	-4.8702e-09	-4.4835e-09	-4.1409e-09	-4.4402e-09	-4.9789e-09	-5.4187e-09	-5.5729e-09	-5.744e-09	-5.8317e-09	-5.6946e-09	-5.7504e-09	-6.0401e-09	-6.4192e-09	-6.7597e-09	-6.8259e-09	-7.1876e-09	-6.2e-09	-1.7619e-09	7.3744e-09	1.7009e-08	2.7677e-08	3.7899e-08	4.684e-08	5.4649e-08	6.1923e-08	6.9323e-08	7.5648e-08	8.0284e-08	8.2812e-08	8.2742e-08	8.1554e-08	8.3181e-08	8.5406e-08	8.3953e-08	7.6916e-08	6.8319e-08	5.9015e-08	4.9296e-08	3.9206e-08	2.9231e-08	1.9107e-08	9.4158e-09	1.5938e-09	-3.3498e-09	-5.5653e-09	-6.8437e-09	-7.5065e-09	-8.2922e-09	-8.4416e-09	-8.0562e-09	-7.6295e-09	-7.994e-09	-8.2036e-09	-7.5974e-09	-7.088e-09	-6.6746e-09	-7.0337e-09	-7.0274e-09	-6.5504e-09	-6.5707e-09	-6.5047e-09	-6.791e-09	-6.8369e-09	-6.339e-09	-6.2912e-09	-6.6047e-09	-6.8667e-09	-6.7583e-09	-6.4346e-09	-6.2576e-09	-6.6687e-09	-6.6772e-09
-5.8803e-09	-6.193e-09	-6.2367e-09	-5.6668e-09	-5.1949e-09	-5.0128e-09	-4.8107e-09	-4.3779e-09	-4.1024e-09	-4.3918e-09	-4.9738e-09	-5.3424e-09	-5.4477e-09	-5.591e-09	-5.6412e-09	-5.4635e-09	-5.5202e-09	-5.8741e-09	-6.3266e-09	-6.6698e-09	-6.753e-09	-7.0469e-09	-5.7236e-09	-8.3915e-10	8.7333e-09	1.8544e-08	2.9342e-08	3.9703e-08	4.8688e-08	5.6477e-08	6.3796e-08	7.1142e-08	7.7264e-08	8.161e-08	8.3817e-08	8.3469e-08	8.2202e-08	8.3985e-08	8.6008e-08	8.3985e-08	7.6635e-08	6.7934e-08	5.8546e-08	4.8787e-08	3.8666e-08	2.8633e-08	1.8466e-08	8.9216e-09	1.2922e-09	-3.4866e-09	-5.577e-09	-6.7313e-09	-7.3817e-09	-8.0794e-09	-8.0717e-09	-7.7538e-09	-7.3969e-09	-7.7174e-09	-7.8403e-09	-7.2816e-09	-6.8386e-09	-6.4609e-09	-6.7831e-09	-6.7702e-09	-6.3386e-09	-6.3274e-09	-6.24e-09	-6.5201e-09	-6.6691e-09	-6.2306e-09	-6.1585e-09	-6.467e-09	-6.6216e-09	-6.464e-09	-6.1664e-09	-6.0091e-09	-6.4301e-09	-6.4954e-09
-5.8169e-09	-6.1456e-09	-6.1268e-09	-5.5083e-09	-5.0609e-09	-4.9468e-09	-4.7737e-09	-4.3229e-09	-4.1176e-09	-4.3779e-09	-4.9502e-09	-5.2451e-09	-5.3181e-09	-5.447e-09	-5.4638e-09	-5.2675e-09	-5.3287e-09	-5.7278e-09	-6.2216e-09	-6.5456e-09	-6.6414e-09	-6.8128e-09	-5.076e-09	2.4896e-10	1.0186e-08	2.014e-08	3.1037e-08	4.1549e-08	5.0619e-08	5.844e-08	6.5848e-08	7.315e-08	7.9081e-08	8.3159e-08	8.5059e-08	8.4446e-08	8.3114e-08	8.4877e-08	8.6542e-08	8.3926e-08	7.6379e-08	6.7638e-08	5.8208e-08	4.8432e-08	3.8273e-08	2.8145e-08	1.7901e-08	8.4944e-09	1.0676e-09	-3.5102e-09	-5.4908e-09	-6.5506e-09	-7.2095e-09	-7.7927e-09	-7.6638e-09	-7.4403e-09	-7.1629e-09	-7.4097e-09	-7.4291e-09	-6.9462e-09	-6.5917e-09	-6.2649e-09	-6.5318e-09	-6.5084e-09	-6.132e-09	-6.0952e-09	-5.9885e-09	-6.256e-09	-6.516e-09	-6.1562e-09	-6.0498e-09	-6.3355e-09	-6.3781e-09	-6.1785e-09	-5.9212e-09	-5.8e-09	-6.22e-09	-6.3324e-09
-5.7515e-09	-6.0714e-09	-5.974e-09	-5.3478e-09	-4.9665e-09	-4.8971e-09	-4.7568e-09	-4.3248e-09	-4.1844e-09	-4.3981e-09	-4.9047e-09	-5.1257e-09	-5.1841e-09	-5.312e-09	-5.301e-09	-5.1103e-09	-5.1793e-09	-5.6009e-09	-6.1019e-09	-6.3854e-09	-6.4866e-09	-6.4756e-09	-4.2498e-09	1.5059e-09	1.1717e-08	2.1786e-08	3.275e-08	4.3407e-08	5.259e-08	6.0483e-08	6.8014e-08	7.5279e-08	8.103e-08	8.4852e-08	8.6455e-08	8.5591e-08	8.4214e-08	8.582e-08	8.7003e-08	8.3782e-08	7.6126e-08	6.7392e-08	5.7951e-08	4.8175e-08	3.7972e-08	2.7726e-08	1.7386e-08	8.111e-09	8.9657e-10	-3.4552e-09	-5.3404e-09	-6.3302e-09	-7.0102e-09	-7.4651e-09	-7.2537e-09	-7.1368e-09	-6.9431e-09	-7.0967e-09	-7.0076e-09	-6.618e-09	-6.3606e-09	-6.0935e-09	-6.2928e-09	-6.2558e-09	-5.9435e-09	-5.8901e-09	-5.77e-09	-6.0209e-09	-6.3864e-09	-6.1219e-09	-5.9742e-09	-6.2153e-09	-6.1533e-09	-5.9233e-09	-5.715e-09	-5.6402e-09	-6.0485e-09	-6.1946e-09
-5.6826e-09	-5.9691e-09	-5.7798e-09	-5.1884e-09	-4.914e-09	-4.8615e-09	-4.7572e-09	-4.3822e-09	-4.2937e-09	-4.4497e-09	-4.8488e-09	-4.9973e-09	-5.0542e-09	-5.188e-09	-5.1537e-09	-4.9872e-09	-5.0661e-09	-5.4918e-09	-5.9739e-09	-6.2029e-09	-6.3004e-09	-6.0491e-09	-3.2746e-09	2.899e-09	1.3309e-08	2.3468e-08	3.4467e-08	4.525e-08	5.4553e-08	6.2549e-08	7.0226e-08	7.7454e-08	8.3031e-08	8.6606e-08	8.7916e-08	8.682e-08	8.5423e-08	8.6776e-08	8.7392e-08	8.3562e-08	7.5855e-08	6.7156e-08	5.7725e-08	4.7958e-08	3.7709e-08	2.7334e-08	1.6897e-08	7.7483e-09	7.555e-10	-3.3562e-09	-5.1596e-09	-6.0989e-09	-6.804e-09	-7.1293e-09	-6.8773e-09	-6.8643e-09	-6.7534e-09	-6.8038e-09	-6.613e-09	-6.3236e-09	-6.1591e-09	-5.9536e-09	-6.0789e-09	-6.0262e-09	-5.7859e-09	-5.728e-09	-5.6043e-09	-5.8372e-09	-6.2886e-09	-6.134e-09	-5.9409e-09	-6.111e-09	-5.9643e-09	-5.7199e-09	-5.5638e-09	-5.5398e-09	-5.9259e-09	-6.0887e-09
-5.6109e-09	-5.8467e-09	-5.5619e-09	-5.0385e-09	-4.8955e-09	-4.8379e-09	-4.7721e-09	-4.4822e-09	-4.4355e-09	-4.5297e-09	-4.7952e-09	-4.8742e-09	-4.9374e-09	-5.077e-09	-5.0227e-09	-4.8929e-09	-4.9829e-09	-5.3981e-09	-5.8443e-09	-6.0134e-09	-6.0958e-09	-5.5492e-09	-2.183e-09	4.3927e-09	1.4945e-08	2.5175e-08	3.6174e-08	4.7047e-08	5.646e-08	6.4578e-08	7.2414e-08	7.9603e-08	8.5008e-08	8.834e-08	8.9354e-08	8.8044e-08	8.6659e-08	8.7704e-08	8.7705e-08	8.3275e-08	7.5547e-08	6.6891e-08	5.7481e-08	4.7724e-08	3.7429e-08	2.6929e-08	1.6405e-08	7.3829e-09	6.2095e-10	-3.2476e-09	-4.9821e-09	-5.8852e-09	-6.6111e-09	-6.8181e-09	-6.5704e-09	-6.6439e-09	-6.6095e-09	-6.5568e-09	-6.2829e-09	-6.0897e-09	-6.0005e-09	-5.8521e-09	-5.9031e-09	-5.8334e-09	-5.6723e-09	-5.6248e-09	-5.5116e-09	-5.7271e-09	-6.2314e-09	-6.1987e-09	-5.9592e-09	-6.0278e-09	-5.828e-09	-5.59e-09	-5.4834e-09	-5.5089e-09	-5.8624e-09	-6.0211e-09
-5.5379e-09	-5.7128e-09	-5.3392e-09	-4.9072e-09	-4.9028e-09	-4.8243e-09	-4.7984e-09	-4.6111e-09	-4.5998e-09	-4.6353e-09	-4.7567e-09	-4.7705e-09	-4.8427e-09	-4.9809e-09	-4.9088e-09	-4.8222e-09	-4.9231e-09	-5.318e-09	-5.7202e-09	-5.832e-09	-5.8859e-09	-4.9917e-09	-1.0075e-09	5.9515e-09	1.6608e-08	2.6895e-08	3.7857e-08	4.877e-08	5.8264e-08	6.6513e-08	7.4511e-08	8.1652e-08	8.6884e-08	8.997e-08	9.0679e-08	8.9179e-08	8.7842e-08	8.8564e-08	8.794e-08	8.2928e-08	7.5181e-08	6.6557e-08	5.7168e-08	4.7415e-08	3.7077e-08	2.647e-08	1.5886e-08	6.9917e-09	4.6942e-10	-3.1641e-09	-3.1641e-09	-4.8418e-09	-5.718e-09	-6.4518e-09	-6.401e-09	-6.3686e-09	-6.4967e-09	-6.5272e-09	-6.3811e-09	-6.0546e-09	-5.9428e-09	-5.8984e-09	-5.7959e-09	-5.7784e-09	-5.6912e-09	-5.6156e-09	-5.5964e-09	-5.5116e-09	-5.7131e-09	-6.2696e-09	-6.319e-09	-6.035e-09	-5.9698e-09	-5.7575e-09	-5.5493e-09	-5.485e-09	-5.5538e-09	-5.865e-09
-5.4648e-09	-5.5762e-09	-5.1306e-09	-4.8033e-09	-4.9275e-09	-4.8186e-09	-4.8334e-09	-4.7552e-09	-4.7769e-09	-4.7634e-09	-4.7462e-09	-4.7005e-09	-4.7793e-09	-4.9019e-09	-4.8128e-09	-4.7698e-09	-4.7698e-09	-4.8804e-09	-5.2494e-09	-5.6084e-09	-5.6739e-09	-5.6836e-09	-4.3925e-09	2.1934e-10	9.122e-09	1.8281e-08	2.8613e-08	3.9502e-08	5.0389e-08	5.9918e-08	6.8295e-08	7.6447e-08	8.3527e-08	8.8582e-08	9.1413e-08	9.1803e-08	9.0137e-08	8.8891e-08	8.9319e-08	8.8171e-08	8.253e-08	7.4735e-08	6.6115e-08	5.6738e-08	4.6975e-08	3.66e-08	2.5917e-08	1.5313e-08	6.5515e-09	2.7741e-10	-3.1403e-09	-4.7722e-09	-5.626e-09	-6.3462e-09	-6.3524e-09	-6.2986e-09	-6.4383e-09	-6.5177e-09	-6.2964e-09	-5.9565e-09	-5.9028e-09	-5.863e-09	-5.7902e-09	-5.7147e-09	-5.6105e-09	-5.6251e-09	-5.6537e-09	-5.6176e-09	-5.8101e-09	-6.3631e-09	-6.484e-09	-6.1597e-09	-5.9388e-09	-5.7479e-09	-5.588e-09	-5.5577e-09	-5.6636e-09	-5.9257e-09
-5.3911e-09	-5.3928e-09	-5.4456e-09	-4.9549e-09	-4.7358e-09	-4.9611e-09	-4.8187e-09	-4.8742e-09	-4.9007e-09	-4.9567e-09	-4.9112e-09	-4.7762e-09	-4.6785e-09	-4.7562e-09	-4.8421e-09	-4.7355e-09	-4.7303e-09	-4.8483e-09	-5.1902e-09	-5.516e-09	-5.5541e-09	-5.502e-09	-3.7675e-09	1.4649e-09	1.0663e-08	1.9945e-08	3.0319e-08	4.1096e-08	5.1875e-08	6.1375e-08	6.9867e-08	7.8154e-08	8.5156e-08	9.0024e-08	9.2587e-08	9.2636e-08	9.0834e-08	8.9726e-08	8.9927e-08	8.8161e-08	8.2086e-08	7.4194e-08	6.5536e-08	5.6152e-08	4.6359e-08	3.5955e-08	2.5237e-08	1.4666e-08	6.0447e-09	2.6719e-11	-3.2031e-09	-4.7992e-09	-5.6303e-09	-6.3096e-09	-6.4052e-09	-6.3449e-09	-6.4598e-09	-6.5724e-09	-6.2941e-09	-5.975e-09	-5.9587e-09	-5.8899e-09	-5.8313e-09	-5.7089e-09	-5.5886e-09	-5.6942e-09	-5.7846e-09	-5.812e-09	-6.0006e-09	-6.3631e-09	-6.6788e-09	-6.3206e-09	-5.9358e-09	-5.7894e-09	-5.6887e-09	-5.6843e-09	-5.8227e-09	-6.0324e-09
-5.3289e-09	-5.3233e-09	-5.3297e-09	-4.8311e-09	-4.7138e-09	-4.9954e-09	-4.8226e-09	-4.9177e-09	-5.034e-09	-5.1295e-09	-5.0756e-09	-4.8597e-09	-4.7186e-09	-4.7825e-09	-4.8034e-09	-4.6777e-09	-4.6985e-09	-4.8205e-09	-5.1383e-09	-5.4499e-09	-5.488e-09	-5.3541e-09	-3.1323e-09	2.6967e-09	1.2133e-08	2.1587e-08	3.2001e-08	4.2626e-08	5.3207e-08	6.26e-08	7.1183e-08	7.9576e-08	8.6478e-08	9.1149e-08	9.3426e-08	9.3113e-08	9.1203e-08	9.0283e-08	9.0357e-08	8.8062e-08	8.1597e-08	7.3565e-08	6.4829e-08	5.5421e-08	4.5582e-08	3.5158e-08	2.4442e-08	1.3951e-08	5.479e-09	-2.7668e-10	-3.3447e-09	-4.9114e-09	-5.7183e-09	-6.334e-09	-6.5352e-09	-6.4804e-09	-6.5452e-09	-6.6766e-09	-6.3577e-09	-6.0849e-09	-6.0905e-09	-5.9703e-09	-5.9135e-09	-5.754e-09	-5.6189e-09	-5.8116e-09	-5.9705e-09	-6.0689e-09	-6.2577e-09	-6.4921e-09	-6.8883e-09	-6.5048e-09	-5.9615e-09	-5.872e-09	-5.8342e-09	-5.8475e-09	-6.0156e-09	-6.1727e-09
-5.2618e-09	-5.2574e-09	-5.2372e-09	-4.778e-09	-4.746e-09	-5.0219e-09	-4.8283e-09	-4.9611e-09	-5.1412e-09	-5.287e-09	-5.2533e-09	-5.0047e-09	-4.8301e-09	-4.8635e-09	-4.7873e-09	-4.6399e-09	-4.6703e-09	-4.7919e-09	-5.0924e-09	-5.415e-09	-5.4854e-09	-5.247e-09	-2.4988e-09	3.8884e-09	1.3538e-08	2.32e-08	3.3649e-08	4.4093e-08	5.4396e-08	6.3613e-08	7.2259e-08	8.0723e-08	8.7507e-08	9.1971e-08	9.3947e-08	9.3259e-08	9.1278e-08	9.0583e-08	9.0611e-08	8.7866e-08	8.1058e-08	7.2858e-08	6.4019e-08	5.4574e-08	4.4677e-08	3.4239e-08	2.3555e-08	1.3182e-08	4.8696e-09	-6.1995e-10	-3.5475e-09	-5.0869e-09	-5.8677e-09	-6.4052e-09	-6.7181e-09	-6.6776e-09	-6.6785e-09	-6.8157e-09	-6.4709e-09	-6.2608e-09	-6.2785e-09	-6.0955e-09	-6.0308e-09	-5.8429e-09	-5.6947e-09	-5.966e-09	-6.1929e-09	-6.3618e-09	-6.5542e-09	-6.6452e-09	-7.0976e-09	-6.6996e-09	-6.0171e-09	-5.9856e-09	-6.0073e-09	-6.0304e-09	-6.2266e-09	-6.3345e-09
-5.1903e-09	-5.1962e-09	-5.1745e-09	-4.8087e-09	-4.838e-09	-5.0348e-09	-4.8347e-09	-5.0026e-09	-5.2125e-09	-5.4299e-09	-5.4387e-09	-5.1986e-09	-4.9988e-09	-4.9876e-09	-4.7922e-09	-4.6218e-09	-4.6467e-09	-4.764e-09	-5.0537e-09	-5.4072e-09	-5.5329e-09	-5.1608e-09	-1.8592e-09	5.0423e-09	1.4891e-08	2.4779e-08	3.5256e-08	4.5498e-08	5.5463e-08	6.4451e-08	7.3129e-08	8.1622e-08	8.8273e-08	9.2521e-08	9.4188e-08	9.3129e-08	9.1118e-08	9.067e-08	9.0702e-08	8.7568e-08	8.0466e-08	7.2088e-08	6.3129e-08	5.3635e-08	4.3674e-08	3.323e-08	2.2599e-08	1.2375e-08	4.2314e-09	-9.9026e-10	-3.7938e-09	-5.304e-09	-6.0561e-09	-6.5087e-09	-6.9299e-09	-6.9094e-09	-6.8439e-09	-6.9753e-09	-6.6172e-09	-6.4773e-09	-6.5027e-09	-6.2567e-09	-6.1773e-09	-5.9688e-09	-5.8096e-09	-6.1462e-09	-6.4331e-09	-6.6648e-09	-6.8634e-09	-6.811e-09	-7.2918e-09	-6.8923e-09	-6.1033e-09	-6.1205e-09	-6.1907e-09	-6.2155e-09	-6.4401e-09	-6.5057e-09
-5.1162e-09	-5.1395e-09	-5.138e-09	-4.9089e-09	-4.9791e-09	-5.0397e-09	-4.8465e-09	-5.0459e-09	-5.2549e-09	-5.5611e-09	-5.6257e-09	-5.4227e-09	-5.2041e-09	-5.1382e-09	-4.8159e-09	-4.6225e-09	-4.6303e-09	-4.7403e-09	-5.0243e-09	-5.4198e-09	-5.6103e-09	-5.0681e-09	-1.2003e-09	6.1687e-09	1.6205e-08	2.6321e-08	3.6814e-08	4.6844e-08	5.643e-08	6.5151e-08	7.3823e-08	8.2298e-08	8.8806e-08	9.2833e-08	9.4189e-08	9.278e-08	9.0785e-08	9.0587e-08	9.0641e-08	8.7161e-08	7.9817e-08	7.1265e-08	6.2182e-08	5.2632e-08	4.2607e-08	3.2163e-08	2.1597e-08	1.1542e-08	3.5795e-09	-1.3748e-09	-4.066e-09	-5.5407e-09	-6.2612e-09	-6.6303e-09	-7.1463e-09	-7.1482e-09	-7.0253e-09	-7.1409e-09	-6.7801e-09	-6.7093e-09	-6.7433e-09	-6.4454e-09	-6.3472e-09	-6.1247e-09	-5.957e-09	-6.3409e-09	-6.6726e-09	-6.9516e-09	-7.1582e-09	-6.978e-09	-7.4558e-09	-7.0699e-09	-6.2212e-09	-6.2667e-09	-6.3671e-09	-6.3859e-09	-6.6404e-09	-6.6739e-09
-5.0421e-09	-5.0866e-09	-5.1212e-09	-5.0568e-09	-5.1539e-09	-5.0457e-09	-4.8697e-09	-5.0962e-09	-5.2806e-09	-5.6834e-09	-5.808e-09	-5.6585e-09	-5.4251e-09	-5.2988e-09	-4.8561e-09	-4.6414e-09	-4.6237e-09	-4.7242e-09	-5.0065e-09	-5.4463e-09	-5.6974e-09	-4.9414e-09	-5.09e-10	7.278e-09	1.7494e-08	2.7821e-08	3.8314e-08	4.8133e-08	5.7317e-08	6.575e-08	7.4377e-08	8.278e-08	8.914e-08	9.294e-08	9.3989e-08	9.2264e-08	9.0338e-08	9.0379e-08	9.0441e-08	8.6638e-08	7.9109e-08	7.0403e-08	6.1201e-08	5.1592e-08	4.1508e-08	3.1069e-08	2.0571e-08	1.0698e-08	2.929e-09	-1.7607e-09	-4.3465e-09	-5.7752e-09	-6.4607e-09	-6.7556e-09	-7.3432e-09	-7.367e-09	-7.2068e-09	-7.2977e-09	-6.9433e-09	-6.9312e-09	-6.9804e-09	-6.6526e-09	-6.5346e-09	-6.3036e-09	-6.1303e-09	-6.5388e-09	-6.8927e-09	-7.196e-09	-7.4117e-09	-7.1347e-09	-7.5756e-09	-7.2204e-09	-6.3716e-09	-6.4146e-09	-6.52e-09	-6.5251e-09	-6.8126e-09	-6.8274e-09
-4.9706e-09	-5.0369e-09	-5.1174e-09	-5.2304e-09	-5.3472e-09	-5.0615e-09	-4.9103e-09	-5.1584e-09	-5.3016e-09	-5.7997e-09	-5.9794e-09	-5.8872e-09	-5.6413e-09	-5.453e-09	-4.9104e-09	-4.6776e-09	-4.6295e-09	-4.7189e-09	-5.0024e-09	-5.4798e-09	-5.7742e-09	-4.7531e-09	2.2787e-10	8.3805e-09	1.8772e-08	2.9276e-08	3.9751e-08	4.9367e-08	5.8146e-08	6.6285e-08	7.4821e-08	8.3094e-08	8.9303e-08	9.2876e-08	9.3627e-08	9.1638e-08	8.9836e-08	9.0088e-08	9.0114e-08	8.5993e-08	7.8339e-08	6.9515e-08	6.0211e-08	5.0541e-08	4.0407e-08	2.9978e-08	1.9546e-08	9.8584e-09	2.2949e-09	-2.1352e-09	-4.6176e-09	-5.9857e-09	-6.6322e-09	-6.8702e-09	-7.4974e-09	-7.5396e-09	-7.3732e-09	-7.432e-09	-7.0909e-09	-7.1189e-09	-7.1948e-09	-6.8699e-09	-6.7336e-09	-6.4986e-09	-6.323e-09	-6.7292e-09	-7.0758e-09	-7.3732e-09	-7.5983e-09	-7.2704e-09	-7.6515e-09	-7.3425e-09	-6.5516e-09	-6.562e-09	-6.6475e-09	-6.6308e-09	-6.9525e-09	-6.962e-09
-4.9043e-09	-4.9899e-09	-5.1202e-09	-5.408e-09	-5.5438e-09	-5.0963e-09	-4.9744e-09	-5.2379e-09	-5.33e-09	-5.9129e-09	-6.1339e-09	-6.0902e-09	-5.832e-09	-5.5843e-09	-4.9765e-09	-4.7306e-09	-4.6502e-09	-4.728e-09	-5.0139e-09	-5.5137e-09	-5.8203e-09	-4.4758e-09	1.0235e-09	9.4865e-09	2.0052e-08	3.0682e-08	4.1114e-08	5.0548e-08	5.8939e-08	6.6793e-08	7.519e-08	8.3266e-08	8.9329e-08	9.2673e-08	9.3142e-08	9.0957e-08	8.9342e-08	8.9758e-08	8.9671e-08	8.5221e-08	7.7502e-08	6.861e-08	5.9232e-08	4.9504e-08	3.9337e-08	2.8922e-08	1.8542e-08	9.0356e-09	1.6916e-09	-2.486e-09	-4.8625e-09	-6.1515e-09	-6.7547e-09	-6.9606e-09	-7.6064e-09	-7.6624e-09	-7.5212e-09	-7.5427e-09	-7.2196e-09	-7.267e-09	-7.3803e-09	-7.091e-09	-6.94e-09	-6.7055e-09	-6.5315e-09	-6.9092e-09	-7.2197e-09	-7.4822e-09	-7.7156e-09	-7.3842e-09	-7.6966e-09	-7.4438e-09	-6.7556e-09	-6.713e-09	-6.7598e-09	-6.7128e-09	-7.0649e-09	-7.08e-09
-4.8456e-09	-4.9449e-09	-5.123e-09	-5.5675e-09	-5.7283e-09	-5.1588e-09	-5.0681e-09	-5.3397e-09	-5.3778e-09	-6.026e-09	-6.2652e-09	-6.2489e-09	-5.9763e-09	-5.676e-09	-5.0521e-09	-4.7995e-09	-4.6884e-09	-4.7547e-09	-5.0434e-09	-5.5414e-09	-5.8157e-09	-4.082e-09	1.8909e-09	1.0607e-08	2.1347e-08	3.2036e-08	4.2397e-08	5.168e-08	5.9715e-08	6.7309e-08	7.5515e-08	8.3324e-08	8.9247e-08	9.2366e-08	9.2573e-08	9.0273e-08	8.8913e-08	8.9433e-08	8.9127e-08	8.4335e-08	7.6605e-08	6.7696e-08	5.8274e-08	4.8492e-08	3.8307e-08	2.791e-08	1.7568e-08	8.2341e-09	1.1216e-09	-2.8121e-09	-5.0789e-09	-6.2722e-09	-6.8278e-09	-7.0271e-09	-7.6064e-09	-7.7514e-09	-7.6584e-09	-7.6393e-09	-7.3363e-09	-7.3863e-09	-7.5416e-09	-7.3117e-09	-7.1507e-09	-6.922e-09	-6.7543e-09	-7.0832e-09	-7.3355e-09	-7.5423e-09	-7.7816e-09	-7.4844e-09	-7.7243e-09	-7.5328e-09	-6.978e-09	-6.8721e-09	-6.8676e-09	-6.7812e-09	-7.1554e-09	-7.184e-09
-4.7972e-09	-4.9014e-09	-5.1191e-09	-5.6872e-09	-5.8854e-09	-5.258e-09	-5.1973e-09	-5.4689e-09	-5.457e-09	-6.1417e-09	-6.3676e-09	-6.3457e-09	-6.0549e-09	-5.7129e-09	-5.1349e-09	-4.8835e-09	-4.7466e-09	-4.8024e-09	-5.0928e-09	-5.5566e-09	-5.7411e-09	-3.5458e-09	2.8425e-09	1.175e-08	2.2659e-08	3.3339e-08	4.3606e-08	5.2768e-08	6.0492e-08	6.7859e-08	7.5831e-08	8.3314e-08	8.91e-08	9.199e-08	9.1955e-08	8.9623e-08	8.8576e-08	8.9134e-08	8.85e-08	8.3367e-08	7.5657e-08	6.6771e-08	5.7329e-08	4.7499e-08	3.731e-08	2.6934e-08	1.6621e-08	7.4499e-09	5.7714e-10	-3.1221e-09	-5.277e-09	-6.3644e-09	-6.8694e-09	-7.082e-09	-7.6849e-09	-7.8228e-09	-7.7923e-09	-7.7319e-09	-7.4485e-09	-7.488e-09	-7.6837e-09	-7.5277e-09	-7.3627e-09	-7.146e-09	-6.9903e-09	-7.2554e-09	-7.4348e-09	-7.5735e-09	-7.8148e-09	-7.5792e-09	-7.748e-09	-7.6174e-09	-7.2129e-09	-7.0434e-09	-6.9815e-09	-6.8464e-09	-7.2291e-09	-7.2763e-09
-4.7615e-09	-4.859e-09	-5.1027e-09	-5.7464e-09	-6.0007e-09	-5.4022e-09	-5.3675e-09	-5.6302e-09	-5.579e-09	-6.2599e-09	-6.4416e-09	-6.3814e-09	-6.0693e-09	-5.6979e-09	-5.2231e-09	-4.9811e-09	-4.8248e-09	-4.8718e-09	-5.1623e-09	-5.5595e-09	-5.5923e-09	-2.8707e-09	3.8734e-09	1.2918e-08	2.3978e-08	3.46e-08	4.4753e-08	5.3821e-08	6.1284e-08	6.8459e-08	7.6173e-08	8.3293e-08	8.8935e-08	9.1586e-08	9.1322e-08	8.903e-08	8.8332e-08	8.8868e-08	8.782e-08	8.2346e-08	7.4671e-08	6.5834e-08	5.6392e-08	4.6521e-08	3.6337e-08	2.5984e-08	1.5695e-08	6.6788e-09	5.0256e-11	-3.4248e-09	-5.4673e-09	-6.4457e-09	-6.8979e-09	-7.138e-09	-7.7484e-09	-7.8932e-09	-7.9307e-09	-7.8304e-09	-7.5635e-09	-7.5836e-09	-7.8117e-09	-7.735e-09	-7.5729e-09	-7.3756e-09	-7.2379e-09	-7.4305e-09	-7.5294e-09	-7.5959e-09	-7.8337e-09	-7.6771e-09	-7.781e-09	-7.706e-09	-7.4545e-09	-7.2313e-09	-7.1122e-09	-6.9185e-09	-7.2915e-09	-7.3597e-09
-4.741e-09	-4.8212e-09	-5.0757e-09	-5.745e-09	-6.072e-09	-5.5865e-09	-5.5732e-09	-5.8194e-09	-5.7418e-09	-6.3781e-09	-6.4936e-09	-6.3727e-09	-6.0392e-09	-5.6502e-09	-5.3153e-09	-5.09e-09	-4.9207e-09	-4.9617e-09	-5.2507e-09	-5.5562e-09	-5.3783e-09	-2.0852e-09	4.9645e-09	1.4104e-08	2.5295e-08	3.5828e-08	4.5855e-08	5.4851e-08	6.2103e-08	6.9125e-08	7.6576e-08	8.3321e-08	8.8802e-08	9.1196e-08	9.0707e-08	8.8515e-08	8.8182e-08	8.8639e-08	8.7115e-08	8.1303e-08	7.3657e-08	6.4884e-08	5.5457e-08	4.5551e-08	3.538e-08	2.5053e-08	1.4785e-08	5.9166e-09	-4.671e-10	-3.729e-09	-5.6604e-09	-6.5334e-09	-6.9317e-09	-7.2079e-09	-7.8122e-09	-7.9788e-09	-8.0811e-09	-7.945e-09	-7.6888e-09	-7.6842e-09	-7.9308e-09	-7.9292e-09	-7.7783e-09	-7.6084e-09	-7.496e-09	-7.6126e-09	-7.6307e-09	-7.6294e-09	-7.8568e-09	-7.7863e-09	-7.8368e-09	-7.8066e-09	-7.6973e-09	-7.4402e-09	-7.2704e-09	-7.0075e-09	-7.3478e-09	-7.4365e-09
-4.7379e-09	-4.7948e-09	-5.0473e-09	-5.7007e-09	-6.1083e-09	-5.7952e-09	-5.7994e-09	-6.0247e-09	-5.9324e-09	-6.4937e-09	-6.5299e-09	-6.3368e-09	-5.9849e-09	-5.5892e-09	-5.4102e-09	-5.208e-09	-5.0323e-09	-5.0709e-09	-5.3564e-09	-5.553e-09	-5.1085e-09	-1.2187e-09	6.0962e-09	1.53e-08	2.6602e-08	3.7031e-08	4.6927e-08	5.5865e-08	6.2962e-08	6.9874e-08	7.7074e-08	8.3458e-08	8.8748e-08	9.0858e-08	9.0143e-08	8.8098e-08	8.8124e-08	8.8454e-08	8.6412e-08	8.0271e-08	7.2628e-08	6.3919e-08	5.4517e-08	4.4586e-08	3.443e-08	2.4131e-08	1.3888e-08	5.159e-09	-9.8297e-10	-4.0436e-09	-5.8669e-09	-6.6449e-09	-6.989e-09	-7.3043e-09	-7.8919e-09	-8.0962e-09	-8.2514e-09	-8.0855e-09	-7.8317e-09	-7.8014e-09	-8.0459e-09	-8.1063e-09	-7.976e-09	-7.8425e-09	-7.7633e-09	-7.8063e-09	-7.7504e-09	-7.694e-09	-7.9025e-09	-7.9152e-09	-7.9287e-09	-7.9275e-09	-7.9353e-09	-7.6743e-09	-7.4668e-09	-7.1239e-09	-7.4034e-09	-7.5093e-09
-4.7545e-09	-4.7867e-09	-5.0271e-09	-5.6319e-09	-6.1186e-09	-6.0118e-09	-6.0307e-09	-6.2342e-09	-6.1371e-09	-6.6041e-09	-6.557e-09	-6.2908e-09	-5.9265e-09	-5.5344e-09	-5.5063e-09	-5.3327e-09	-5.1574e-09	-5.198e-09	-5.4782e-09	-5.5559e-09	-4.7923e-09	-3.0045e-10	7.2487e-09	1.6499e-08	2.789e-08	3.8217e-08	4.7982e-08	5.6874e-08	6.3875e-08	7.072e-08	7.7703e-08	8.3763e-08	8.8823e-08	9.0614e-08	8.9663e-08	8.7802e-08	8.8161e-08	8.8316e-08	8.5741e-08	7.9279e-08	7.1593e-08	6.294e-08	5.3567e-08	4.362e-08	3.348e-08	2.3211e-08	1.2999e-08	4.4018e-09	-1.5054e-09	-4.3774e-09	-6.0973e-09	-6.7976e-09	-7.0883e-09	-7.4398e-09	-8.0027e-09	-8.2617e-09	-8.4491e-09	-8.262e-09	-7.9997e-09	-7.9997e-09	-7.9462e-09	-8.1622e-09	-8.262e-09	-8.1629e-09	-8.0758e-09	-8.0383e-09	-8.0161e-09	-7.9001e-09	-7.8098e-09	-7.9895e-09	-8.2625e-09	-8.0652e-09	-8.0745e-09	-8.1656e-09	-7.9349e-09	-7.7066e-09	-7.275e-09	-7.4653e-09
-4.793e-09	-4.8039e-09	-5.0244e-09	-5.5569e-09	-6.1121e-09	-6.2202e-09	-6.2519e-09	-6.4357e-09	-6.3425e-09	-6.7067e-09	-6.5812e-09	-6.252e-09	-5.8845e-09	-5.5055e-09	-5.6022e-09	-5.4618e-09	-5.2936e-09	-5.3418e-09	-5.6146e-09	-5.5713e-09	-4.4391e-09	6.4008e-10	8.4025e-09	1.7693e-08	1.8875e-08	2.9149e-08	3.9394e-08	4.9037e-08	5.7888e-08	6.4855e-08	7.168e-08	7.8498e-08	8.4295e-08	8.9076e-08	9.0504e-08	8.93e-08	8.7648e-08	8.829e-08	8.8231e-08	8.4604e-08	7.8358e-08	7.0566e-08	6.1944e-08	5.26e-08	4.2648e-08	3.2521e-08	2.2282e-08	1.2112e-08	3.6406e-09	-2.0423e-09	-4.7393e-09	-6.3623e-09	-7.0088e-09	-7.248e-09	-7.6273e-09	-8.3725e-09	-8.4842e-09	-8.6781e-09	-8.48e-09	-8.1976e-09	-8.1262e-09	-8.2851e-09	-8.3965e-09	-8.3387e-09	-8.3072e-09	-8.3197e-09	-8.2445e-09	-8.0874e-09	-7.9891e-09	-8.1298e-09	-8.4833e-09	-8.2426e-09	-8.2472e-09	-8.392e-09	-8.2155e-09	-7.9819e-09	-7.462e-09	-7.5443e-09
-4.9429e-09	-4.8556e-09	-4.8534e-09	-5.0487e-09	-5.494e-09	-6.098e-09	-6.4041e-09	-6.4477e-09	-6.6173e-09	-6.7008e-09	-6.7989e-09	-6.6089e-09	-6.2375e-09	-5.8791e-09	-5.522e-09	-5.6967e-09	-5.5931e-09	-5.4389e-09	-5.5009e-09	-5.7643e-09	-5.6052e-09	-4.0582e-09	1.5736e-09	9.5377e-09	2.0039e-08	3.0371e-08	4.0572e-08	5.0107e-08	5.8916e-08	6.5915e-08	7.277e-08	7.9493e-08	8.5114e-08	8.9555e-08	9.0569e-08	8.9087e-08	8.7657e-08	8.8512e-08	8.8205e-08	8.4604e-08	7.7527e-08	6.9553e-08	6.0932e-08	5.1612e-08	4.1666e-08	3.1548e-08	2.134e-08	1.1225e-08	2.8733e-09	-2.598e-09	-5.134e-09	-6.6676e-09	-7.2878e-09	-7.4784e-09	-7.8732e-09	-8.6319e-09	-8.7542e-09	-8.9332e-09	-8.7341e-09	-8.4243e-09	-8.3387e-09	-8.4205e-09	-8.5205e-09	-8.5103e-09	-8.539e-09	-8.6059e-09	-8.4903e-09	-8.3096e-09	-8.2255e-09	-8.3198e-09	-8.7306e-09	-8.4551e-09	-8.4443e-09	-8.6193e-09	-8.5085e-09	-8.2824e-09	-7.6849e-09	-7.6522e-09
-5.0258e-09	-4.9447e-09	-4.9419e-09	-5.1094e-09	-5.4615e-09	-6.0853e-09	-6.5472e-09	-6.6028e-09	-6.7671e-09	-6.8267e-09	-6.8782e-09	-6.6467e-09	-6.2645e-09	-5.9305e-09	-5.6033e-09	-5.7883e-09	-5.7243e-09	-5.591e-09	-5.6742e-09	-5.9259e-09	-5.664e-09	-3.659e-09	2.4707e-09	1.0635e-08	2.1178e-08	3.1549e-08	4.1753e-08	5.1198e-08	5.9961e-08	6.7055e-08	7.3986e-08	8.0694e-08	8.6236e-08	9.0273e-08	9.0821e-08	8.9038e-08	8.7833e-08	8.8818e-08	8.8232e-08	8.4178e-08	7.6769e-08	6.8559e-08	5.9911e-08	5.0608e-08	4.0675e-08	3.0561e-08	2.0382e-08	1.0333e-08	2.1024e-09	-3.1671e-09	-5.5557e-09	-7.0076e-09	-7.6232e-09	-7.7703e-09	-8.1689e-09	-8.9271e-09	-9.0591e-09	-9.2076e-09	-9.0172e-09	-8.6777e-09	-8.5797e-09	-8.5747e-09	-8.6465e-09	-8.6855e-09	-8.7736e-09	-8.8952e-09	-8.7514e-09	-8.5627e-09	-8.5096e-09	-8.5536e-09	-9.0005e-09	-8.697e-09	-8.6648e-09	-8.8525e-09	-8.8062e-09	-8.5982e-09	-7.9439e-09	-7.8005e-09
-5.139e-09	-5.0625e-09	-5.0766e-09	-5.2159e-09	-5.4777e-09	-6.0832e-09	-6.6333e-09	-6.7019e-09	-6.8728e-09	-6.906e-09	-6.9445e-09	-6.7001e-09	-6.344e-09	-6.0512e-09	-5.7602e-09	-5.8777e-09	-5.8545e-09	-5.7488e-09	-5.8607e-09	-6.098e-09	-5.7475e-09	-3.2469e-09	3.3137e-09	1.1682e-08	2.2294e-08	3.2687e-08	4.293e-08	5.23e-08	6.1007e-08	6.824e-08	7.5281e-08	8.2033e-08	8.7568e-08	9.1157e-08	9.1205e-08	8.9114e-08	8.8133e-08	8.9171e-08	8.8284e-08	8.3824e-08	7.6064e-08	6.7585e-08	5.8886e-08	4.9591e-08	3.9676e-08	2.9563e-08	1.941e-08	9.4328e-09	1.3312e-09	-3.7427e-09	-5.9971e-09	-7.3745e-09	-8.0005e-09	-8.111e-09	-8.5033e-09	-9.2472e-09	-9.3864e-09	-9.4943e-09	-9.322e-09	-8.9556e-09	-8.8452e-09	-8.7539e-09	-8.7867e-09	-8.8721e-09	-9.0134e-09	-9.1859e-09	-9.0257e-09	-8.8426e-09	-8.8321e-09	-8.8249e-09	-9.2889e-09	-8.9627e-09	-8.9074e-09	-9.0964e-09	-9.1011e-09	-8.919e-09	-8.2388e-09	-8.0009e-09
-5.2853e-09	-5.2101e-09	-5.2601e-09	-5.373e-09	-5.5546e-09	-6.1e-09	-6.6569e-09	-6.7395e-09	-6.9298e-09	-6.9495e-09	-7.0048e-09	-6.7731e-09	-6.4719e-09	-6.2339e-09	-5.9813e-09	-5.9706e-09	-5.9866e-09	-5.9142e-09	-6.0612e-09	-6.2794e-09	-5.8402e-09	-2.8169e-09	4.1138e-09	1.2688e-08	2.3389e-08	3.379e-08	4.4093e-08	5.3398e-08	6.2035e-08	6.9433e-08	7.6599e-08	8.3431e-08	8.9005e-08	9.212e-08	9.1657e-08	8.9271e-08	8.851e-08	8.9532e-08	8.8329e-08	8.3506e-08	7.5393e-08	6.6633e-08	5.7865e-08	4.8565e-08	3.8669e-08	2.8556e-08	1.8423e-08	8.5219e-09	5.6299e-10	-4.3181e-09	-6.4509e-09	-7.7609e-09	-8.4054e-09	-8.4883e-09	-8.8655e-09	-9.5813e-09	-9.7236e-09	-9.7868e-09	-9.6413e-09	-9.2558e-09	-9.131e-09	-8.9642e-09	-8.9536e-09	-9.0779e-09	-9.2612e-09	-9.4763e-09	-9.3112e-09	-9.1453e-09	-9.1834e-09	-9.1279e-09	-9.5918e-09	-9.2465e-09	-9.1708e-09	-9.3558e-09	-9.3855e-09	-9.2347e-09	-8.5699e-09	-8.265e-09
-5.4594e-09	-5.3855e-09	-5.4851e-09	-5.5743e-09	-5.6882e-09	-6.1416e-09	-6.6388e-09	-6.7342e-09	-6.9504e-09	-6.9709e-09	-7.067e-09	-6.8694e-09	-6.6416e-09	-6.4684e-09	-6.252e-09	-6.0735e-09	-6.124e-09	-6.0892e-09	-6.2765e-09	-6.4687e-09	-5.9244e-09	-2.3625e-09	4.8864e-09	1.3662e-08	2.4465e-08	3.486e-08	4.5233e-08	5.4479e-08	6.3029e-08	7.0595e-08	7.7884e-08	8.4808e-08	9.0437e-08	9.3074e-08	9.2111e-08	8.9462e-08	8.8915e-08	8.9863e-08	8.8333e-08	8.3189e-08	7.4734e-08	6.5704e-08	5.6852e-08	4.7535e-08	3.7655e-08	2.7541e-08	1.7422e-08	7.5966e-09	-1.9895e-10	-4.8864e-09	-6.9097e-09	-8.1592e-09	-8.8233e-09	-8.8898e-09	-9.2443e-09	-9.9185e-09	-1.0058e-08	-1.0078e-08	-9.9681e-09	-9.5763e-09	-9.4331e-09	-9.2118e-09	-9.1596e-09	-9.3108e-09	-9.5193e-09	-9.7648e-09	-9.6058e-09	-9.4665e-09	-9.5543e-09	-9.4564e-09	-9.9054e-09	-9.5426e-09	-9.4539e-09	-9.6357e-09	-9.6518e-09	-9.5354e-09	-8.9372e-09	-8.6043e-09
-5.6551e-09	-5.5863e-09	-5.7425e-09	-5.8115e-09	-5.8718e-09	-6.2134e-09	-6.6042e-09	-6.7086e-09	-6.9502e-09	-6.9836e-09	-7.1387e-09	-6.9927e-09	-6.8466e-09	-6.7445e-09	-6.5577e-09	-6.1929e-09	-6.2701e-09	-6.2761e-09	-6.5074e-09	-6.6647e-09	-5.9821e-09	-1.8774e-09	5.6472e-09	1.4616e-08	2.5522e-08	3.5904e-08	4.634e-08	5.5529e-08	6.3969e-08	7.1686e-08	7.908e-08	8.6084e-08	9.1756e-08	9.3931e-08	9.2502e-08	8.9644e-08	8.93e-08	9.0124e-08	8.8265e-08	8.284e-08	7.4066e-08	6.48e-08	5.5855e-08	4.6506e-08	3.6636e-08	2.652e-08	1.6407e-08	6.6536e-09	-9.513e-10	-5.4407e-09	-7.3663e-09	-8.5617e-09	-9.2399e-09	-9.3028e-09	-9.6289e-09	-1.0248e-08	-1.0378e-08	-1.0362e-08	-1.0295e-08	-9.9148e-09	-9.7475e-09	-9.5029e-09	-9.4171e-09	-9.5785e-09	-9.7903e-09	-1.005e-08	-9.9075e-09	-9.8023e-09	-9.9354e-09	-9.8045e-09	-1.0225e-08	-9.8456e-09	-9.7548e-09	-9.9396e-09	-9.8932e-09	-9.8117e-09	-9.3395e-09	-9.0276e-09
-5.866e-09	-5.8104e-09	-6.0232e-09	-6.0763e-09	-6.0992e-09	-6.3212e-09	-6.5782e-09	-6.6851e-09	-6.9444e-09	-7.001e-09	-7.228e-09	-7.1468e-09	-7.0804e-09	-7.052e-09	-6.8835e-09	-6.3353e-09	-6.4281e-09	-6.4769e-09	-6.7549e-09	-6.8661e-09	-5.9953e-09	-1.3549e-09	6.4118e-09	1.5562e-08	2.6564e-08	3.6924e-08	4.7403e-08	5.6533e-08	6.4837e-08	7.2668e-08	8.0131e-08	8.718e-08	9.2855e-08	9.4605e-08	9.2764e-08	8.9771e-08	8.9616e-08	9.0276e-08	8.809e-08	8.2423e-08	7.337e-08	6.3923e-08	5.488e-08	4.548e-08	3.5611e-08	2.5497e-08	1.5378e-08	5.6897e-09	-1.6908e-09	-5.9743e-09	-7.8133e-09	-8.9609e-09	-9.6406e-09	-9.7152e-09	-1.0008e-08	-1.0559e-08	-1.0671e-08	-1.0631e-08	-1.0615e-08	-1.0269e-08	-1.007e-08	-9.8421e-09	-9.7362e-09	-9.8873e-09	-1.0076e-08	-1.0329e-08	-1.0214e-08	-1.0148e-08	-1.0317e-08	-1.0165e-08	-1.0544e-08	-1.0151e-08	-1.0067e-08	-1.026e-08	-1.011e-08	-1.0063e-08	-9.7657e-09	-9.5187e-09
-6.0858e-09	-6.0553e-09	-6.3184e-09	-6.3606e-09	-6.3638e-09	-6.4704e-09	-6.5856e-09	-6.6862e-09	-6.9484e-09	-7.0369e-09	-7.3427e-09	-7.3351e-09	-7.3364e-09	-7.3806e-09	-7.2149e-09	-6.5072e-09	-6.6016e-09	-6.6939e-09	-7.0198e-09	-7.0716e-09	-5.9464e-09	-7.8874e-10	7.1957e-09	1.6509e-08	2.7592e-08	3.7925e-08	4.8414e-08	5.7478e-08	6.5615e-08	7.3502e-08	8.0983e-08	8.8018e-08	9.3626e-08	9.5007e-08	9.2833e-08	8.9797e-08	8.9816e-08	9.0279e-08	8.7778e-08	8.1903e-08	7.2627e-08	6.3073e-08	5.3933e-08	4.4463e-08	3.4582e-08	2.4472e-08	1.4335e-08	4.7029e-09	-2.414e-09	-6.4809e-09	-8.2439e-09	-9.3495e-09	-1.0012e-08	-1.0115e-08	-1.0371e-08	-1.0846e-08	-1.0933e-08	-1.0882e-08	-1.0924e-08	-1.0631e-08	-1.0397e-08	-1.022e-08	-1.0108e-08	-1.0229e-08	-1.0372e-08	-1.06e-08	-1.0519e-08	-1.0494e-08	-1.0688e-08	-1.0528e-08	-1.0855e-08	-1.0453e-08	-1.0383e-08	-1.0585e-08	-1.0308e-08	-1.0294e-08	-1.02e-08	-1.0049e-08
-6.3081e-09	-6.3186e-09	-6.6189e-09	-6.6559e-09	-6.6591e-09	-6.6666e-09	-6.6518e-09	-6.7342e-09	-6.9774e-09	-7.1045e-09	-7.4905e-09	-7.5616e-09	-7.6082e-09	-7.7203e-09	-7.5371e-09	-6.715e-09	-6.7939e-09	-6.9292e-09	-7.3028e-09	-7.28e-09	-5.8173e-09	-1.7233e-10	8.0145e-09	1.7469e-08	2.7592e-08	3.8913e-08	4.9366e-08	5.8352e-08	6.629e-08	7.4158e-08	8.1589e-08	8.853e-08	9.3977e-08	9.5064e-08	9.2653e-08	8.9685e-08	8.9858e-08	9.0102e-08	8.73e-08	8.1251e-08	7.1838e-08	6.2247e-08	5.301e-08	4.3454e-08	3.3551e-08	2.3446e-08	1.3284e-08	3.7022e-09	-3.1177e-09	-6.9599e-09	-8.6552e-09	-9.724e-09	-1.0352e-08	-1.0494e-08	-1.0712e-08	-1.1107e-08	-1.1164e-08	-1.1114e-08	-1.1215e-08	-1.0992e-08	-1.0724e-08	-1.0622e-08	-1.0513e-08	-1.059e-08	-1.0672e-08	-1.086e-08	-1.0814e-08	-1.083e-08	-1.1036e-08	-1.088e-08	-1.1147e-08	-1.0749e-08	-1.0694e-08	-1.09e-08	-1.0489e-08	-1.0507e-08	-1.0625e-08	-1.059e-08
-6.5265e-09	-6.5981e-09	-6.9158e-09	-6.954e-09	-6.9787e-09	-6.9153e-09	-6.8016e-09	-6.8518e-09	-7.0469e-09	-7.2159e-09	-7.6779e-09	-7.8282e-09	-7.8889e-09	-8.0606e-09	-7.8365e-09	-6.9638e-09	-7.0076e-09	-7.1843e-09	-7.6039e-09	-7.4886e-09	-5.5919e-09	5.0005e-10	8.8823e-09	1.8453e-08	2.8609e-08	3.9899e-08	5.0272e-08	5.9173e-08	6.689e-08	7.4673e-08	8.1993e-08	8.8758e-08	9.3951e-08	9.4813e-08	9.2256e-08	8.9456e-08	8.976e-08	8.9764e-08	8.6676e-08	8.0478e-08	7.1011e-08	6.1436e-08	5.2104e-08	4.2453e-08	3.252e-08	2.242e-08	1.2228e-08	2.7022e-09	-3.7985e-09	-7.4132e-09	-9.0464e-09	-1.0082e-08	-1.0661e-08	-1.0847e-08	-1.1024e-08	-1.1338e-08	-1.1363e-08	-1.1325e-08	-1.1485e-08	-1.1342e-08	-1.1047e-08	-1.1032e-08	-1.0934e-08	-1.0953e-08	-1.0967e-08	-1.1104e-08	-1.1092e-08	-1.1143e-08	-1.1349e-08	-1.1206e-08	-1.1414e-08	-1.1034e-08	-1.0991e-08	-1.1195e-08	-1.066e-08	-1.0706e-08	-1.1026e-08	-1.1114e-08
-6.7351e-09	-6.8906e-09	-7.2003e-09	-7.2468e-09	-7.3155e-09	-7.2201e-09	-7.0559e-09	-7.0577e-09	-7.1702e-09	-7.3694e-09	-7.8986e-09	-8.1242e-09	-8.1695e-09	-8.3914e-09	-8.108e-09	-7.2463e-09	-7.2396e-09	-7.4548e-09	-7.9145e-09	-7.6834e-09	-5.2687e-09	1.2283e-09	9.8005e-09	1.9464e-08	2.9624e-08	4.0899e-08	5.1159e-08	5.997e-08	6.7465e-08	7.5119e-08	8.228e-08	8.8799e-08	9.366e-08	9.4344e-08	9.1718e-08	8.9163e-08	8.957e-08	8.9313e-08	8.5947e-08	7.9616e-08	7.0159e-08	6.0633e-08	5.1207e-08	4.1459e-08	3.149e-08	2.1393e-08	1.1175e-08	1.7175e-09	-4.4529e-09	-7.8429e-09	-9.4166e-09	-1.0422e-08	-1.0943e-08	-1.1167e-08	-1.1303e-08	-1.1537e-08	-1.153e-08	-1.1513e-08	-1.1729e-08	-1.1672e-08	-1.1363e-08	-1.1435e-08	-1.1351e-08	-1.1306e-08	-1.1251e-08	-1.1331e-08	-1.1345e-08	-1.1423e-08	-1.1614e-08	-1.1495e-08	-1.1646e-08	-1.1303e-08	-1.1266e-08	-1.1454e-08	-1.0823e-08	-1.0895e-08	-1.1385e-08	-1.1591e-08
-6.9317e-09	-7.1873e-09	-7.4664e-09	-7.5264e-09	-7.6573e-09	-7.5666e-09	-7.4002e-09	-7.3421e-09	-7.3442e-09	-7.5567e-09	-8.1399e-09	-8.4323e-09	-8.4396e-09	-8.7021e-09	-8.3505e-09	-7.5491e-09	-7.4835e-09	-7.7336e-09	-8.2216e-09	-7.8449e-09	-4.8535e-09	2.0093e-09	1.0764e-08	2.0504e-08	3.0653e-08	4.193e-08	5.2052e-08	6.0775e-08	6.8063e-08	7.5567e-08	8.2537e-08	8.8751e-08	9.3214e-08	9.375e-08	9.1114e-08	8.8857e-08	8.9337e-08	8.8797e-08	8.5154e-08	7.8695e-08	6.9289e-08	5.9829e-08	5.0313e-08	4.0471e-08	3.0463e-08	2.0366e-08	1.013e-08	7.6257e-10	-5.0776e-09	-8.251e-09	-9.765e-09	-1.0741e-08	-1.1198e-08	-1.145e-08	-1.1545e-08	-1.17e-08	-1.1665e-08	-1.1676e-08	-1.1942e-08	-1.1971e-08	-1.1668e-08	-1.1814e-08	-1.1747e-08	-1.1632e-08	-1.1517e-08	-1.1536e-08	-1.1564e-08	-1.1657e-08	-1.182e-08	-1.1732e-08	-1.1835e-08	-1.1553e-08	-1.151e-08	-1.1667e-08	-1.0984e-08	-1.1078e-08	-1.1688e-08	-1.1993e-08
-7.1156e-09	-7.4764e-09	-7.7094e-09	-7.7848e-09	-7.9893e-09	-7.9317e-09	-7.8022e-09	-7.6806e-09	-7.5577e-09	-7.7693e-09	-8.3893e-09	-8.7351e-09	-8.6892e-09	-8.9824e-09	-8.5632e-09	-7.8587e-09	-7.7332e-09	-8.0133e-09	-8.5125e-09	-7.9535e-09	-4.3521e-09	2.8401e-09	1.1768e-08	2.1575e-08	3.1709e-08	4.3008e-08	5.2977e-08	6.1617e-08	6.8735e-08	7.6091e-08	8.2851e-08	8.8709e-08	9.2725e-08	9.3122e-08	9.0519e-08	8.8592e-08	8.911e-08	8.8264e-08	8.4339e-08	7.7748e-08	6.8412e-08	5.9017e-08	4.9414e-08	3.9487e-08	2.9441e-08	1.9339e-08	9.0981e-09	-1.4795e-10	-5.6693e-09	-8.6395e-09	-1.0091e-08	-1.1039e-08	-1.143e-08	-1.1688e-08	-1.1743e-08	-1.1825e-08	-1.1767e-08	-1.1813e-08	-1.2121e-08	-1.2232e-08	-1.1956e-08	-1.2155e-08	-1.2101e-08	-1.1917e-08	-1.1757e-08	-1.1715e-08	-1.1743e-08	-1.1835e-08	-1.1954e-08	-1.1905e-08	-1.1974e-08	-1.1778e-08	-1.1716e-08	-1.1821e-08	-1.1147e-08	-1.1258e-08	-1.1917e-08	-1.2293e-08
-7.2864e-09	-7.7459e-09	-7.9245e-09	-8.0144e-09	-8.2965e-09	-8.2922e-09	-8.2297e-09	-8.0485e-09	-7.7993e-09	-7.9987e-09	-8.634e-09	-9.0153e-09	-8.9079e-09	-9.2219e-09	-8.7452e-09	-8.1617e-09	-7.9825e-09	-8.2868e-09	-8.7743e-09	-7.9894e-09	-3.7702e-09	3.7176e-09	1.2808e-08	2.2677e-08	3.2807e-08	4.4147e-08	5.3958e-08	6.2528e-08	6.9528e-08	7.6761e-08	8.3309e-08	8.8772e-08	9.2305e-08	9.2552e-08	9.0009e-08	8.8419e-08	8.8936e-08	8.7761e-08	8.3544e-08	7.6807e-08	6.7539e-08	5.819e-08	4.8502e-08	3.8506e-08	2.8427e-08	1.8312e-08	8.086e-09	-9.9947e-10	-6.2245e-09	-9.0105e-09	-1.0393e-08	-1.1311e-08	-1.1641e-08	-1.1877e-08	-1.1892e-08	-1.1909e-08	-1.1835e-08	-1.1921e-08	-1.2259e-08	-1.2443e-08	-1.2226e-08	-1.2442e-08	-1.2396e-08	-1.2147e-08	-1.1964e-08	-1.1867e-08	-1.1872e-08	-1.1872e-08	-1.1945e-08	-1.2005e-08	-1.2018e-08	-1.206e-08	-1.1976e-08	-1.188e-08	-1.1912e-08	-1.1313e-08	-1.1436e-08	-1.207e-08
-7.4436e-09	-7.9842e-09	-8.1069e-09	-8.2073e-09	-8.5642e-09	-8.6249e-09	-8.6503e-09	-8.4213e-09	-8.0577e-09	-8.2367e-09	-8.8614e-09	-9.2556e-09	-9.0856e-09	-9.4102e-09	-8.8956e-09	-8.4445e-09	-8.225e-09	-8.5467e-09	-8.9941e-09	-7.9331e-09	-3.1138e-09	4.6387e-09	1.3878e-08	2.3813e-08	3.3961e-08	4.5365e-08	5.5022e-08	6.3537e-08	7.0493e-08	7.765e-08	8.3997e-08	8.9034e-08	8.9034e-08	9.2064e-08	9.2132e-08	8.966e-08	8.839e-08	8.8863e-08	8.7336e-08	8.2809e-08	7.5064e-08	6.6678e-08	5.734e-08	4.7571e-08	3.7528e-08	2.7422e-08	1.7285e-08	7.0992e-09	-1.7776e-09	-6.7398e-09	-9.3659e-09	-1.0671e-08	-1.1558e-08	-1.1832e-08	-1.2011e-08	-1.2035e-08	-1.1954e-08	-1.1875e-08	-1.2005e-08	-1.2359e-08	-1.2604e-08	-1.2472e-08	-1.2667e-08	-1.2624e-08	-1.2316e-08	-1.2135e-08	-1.199e-08	-1.1952e-08	-1.1987e-08	-1.1975e-08	-1.1978e-08	-1.2103e-08	-1.2147e-08	-1.2007e-08	-1.1955e-08	-1.148e-08	-1.1612e-08	-1.2162e-08
-7.1845e-09	-7.5865e-09	-8.1793e-09	-8.2521e-09	-8.3559e-09	-8.7776e-09	-8.9066e-09	-9.0316e-09	-8.7746e-09	-8.5795e-09	-8.4747e-09	-9.0589e-09	-9.4386e-09	-9.2119e-09	-9.5369e-09	-9.0136e-09	-8.6938e-09	-8.4547e-09	-8.7858e-09	-9.159e-09	-7.765e-09	-2.3886e-09	5.6004e-09	1.4974e-08	2.4984e-08	3.6492e-08	4.6676e-08	5.6193e-08	6.4675e-08	7.1678e-08	7.8829e-08	8.5e-08	8.9593e-08	9.2112e-08	9.1953e-08	8.9545e-08	8.8557e-08	8.894e-08	8.7036e-08	8.2178e-08	7.4309e-08	6.5836e-08	5.6466e-08	4.6621e-08	3.6553e-08	2.6428e-08	1.6259e-08	6.1413e-09	-2.477e-09	-7.2139e-09	-9.707e-09	-1.0926e-08	-1.1778e-08	-1.2005e-08	-1.2092e-08	-1.2047e-08	-1.1974e-08	-1.1897e-08	-1.2073e-08	-1.2431e-08	-1.2721e-08	-1.2692e-08	-1.2838e-08	-1.2791e-08	-1.2432e-08	-1.2276e-08	-1.2088e-08	-1.1993e-08	-1.1979e-08	-1.1887e-08	-1.1902e-08	-1.2112e-08	-1.2288e-08	-1.2103e-08	-1.1962e-08	-1.1645e-08	-1.1781e-08	-1.221e-08
-7.3312e-09	-7.7148e-09	-8.3194e-09	-8.3552e-09	-8.4523e-09	-8.9218e-09	-9.1141e-09	-9.3414e-09	-9.0837e-09	-8.5795e-09	-8.7043e-09	-9.214e-09	-9.5473e-09	-9.2769e-09	-9.5917e-09	-9.0982e-09	-8.8962e-09	-8.6652e-09	-8.9969e-09	-9.2564e-09	-7.4656e-09	-1.6004e-09	6.5995e-09	1.609e-08	2.6192e-08	3.7879e-08	4.8073e-08	5.7467e-08	6.5935e-08	7.3077e-08	8.0295e-08	8.6322e-08	9.0463e-08	9.2479e-08	9.204e-08	8.9685e-08	8.893e-08	8.9179e-08	8.6877e-08	8.1664e-08	7.3627e-08	6.5018e-08	5.5579e-08	4.5662e-08	3.5586e-08	2.5446e-08	1.5239e-08	5.2127e-09	-3.1053e-09	-7.6478e-09	-1.0033e-08	-1.1164e-08	-1.1976e-08	-1.2163e-08	-1.2135e-08	-1.204e-08	-1.198e-08	-1.1912e-08	-1.2137e-08	-1.2486e-08	-1.2804e-08	-1.2882e-08	-1.2959e-08	-1.2904e-08	-1.2507e-08	-1.239e-08	-1.2166e-08	-1.2005e-08	-1.1939e-08	-1.1769e-08	-1.1902e-08	-1.2098e-08	-1.2399e-08	-1.2175e-08	-1.1949e-08	-1.1806e-08	-1.1942e-08	-1.2231e-08
-7.4943e-09	-7.8279e-09	-8.393e-09	-8.4118e-09	-8.489e-09	-8.9822e-09	-9.2247e-09	-9.5478e-09	-9.3245e-09	-8.8202e-09	-8.9192e-09	-9.3231e-09	-9.5793e-09	-9.2812e-09	-9.5759e-09	-9.1519e-09	-9.0475e-09	-8.8533e-09	-9.1757e-09	-9.28e-09	-7.0317e-09	-7.5629e-10	7.6317e-09	1.7222e-08	2.7432e-08	3.9313e-08	4.9517e-08	5.8797e-08	6.7262e-08	7.4606e-08	8.1944e-08	8.7852e-08	9.1547e-08	9.3079e-08	9.2323e-08	9.0022e-08	8.9459e-08	8.9539e-08	8.6826e-08	8.1246e-08	7.3006e-08	6.4224e-08	5.4693e-08	4.4704e-08	3.463e-08	2.4477e-08	1.4227e-08	4.3139e-09	-3.6708e-09	-8.0429e-09	-1.0345e-08	-1.1388e-08	-1.2155e-08	-1.2308e-08	-1.2155e-08	-1.203e-08	-1.1985e-08	-1.1932e-08	-1.2207e-08	-1.2533e-08	-1.2859e-08	-1.304e-08	-1.3038e-08	-1.2971e-08	-1.2549e-08	-1.2482e-08	-1.2228e-08	-1.2001e-08	-1.1885e-08	-1.1645e-08	-1.1812e-08	-1.2069e-08	-1.2479e-08	-1.2227e-08	-1.1929e-08	-1.1959e-08	-1.2092e-08	-1.2241e-08
-7.6747e-09	-7.9278e-09	-8.4015e-09	-8.4246e-09	-8.4684e-09	-8.9589e-09	-9.2336e-09	-9.64e-09	-9.4858e-09	-9.0355e-09	-9.1156e-09	-9.3952e-09	-9.5533e-09	-9.2402e-09	-9.5068e-09	-9.1817e-09	-9.156e-09	-9.0199e-09	-9.3223e-09	-9.2328e-09	-6.4827e-09	1.349e-10	8.6907e-09	1.8366e-08	2.8693e-08	4.0762e-08	5.0965e-08	6.0134e-08	6.8595e-08	7.6175e-08	8.3664e-08	8.9472e-08	9.2738e-08	9.3815e-08	9.2726e-08	9.0489e-08	9.0093e-08	8.9979e-08	8.685e-08	8.0901e-08	7.2435e-08	6.3459e-08	5.3817e-08	4.376e-08	3.369e-08	2.3524e-08	1.3228e-08	3.445e-09	-4.1823e-09	-8.4005e-09	-1.0642e-08	-1.1604e-08	-1.2318e-08	-1.2443e-08	-1.2167e-08	-1.2033e-08	-1.2002e-08	-1.1969e-08	-1.2293e-08	-1.2585e-08	-1.2897e-08	-1.3163e-08	-1.3081e-08	-1.2999e-08	-1.2568e-08	-1.2557e-08	-1.2277e-08	-1.1991e-08	-1.1836e-08	-1.154e-08	-1.1729e-08	-1.2037e-08	-1.2529e-08	-1.2266e-08	-1.1915e-08	-1.2102e-08	-1.2229e-08	-1.2257e-08
-7.869e-09	-8.0199e-09	-8.3653e-09	-8.4075e-09	-8.4074e-09	-8.8722e-09	-9.1625e-09	-9.6375e-09	-9.5759e-09	-9.2212e-09	-9.2901e-09	-9.4402e-09	-9.4895e-09	-9.1708e-09	-9.4029e-09	-9.1949e-09	-9.2311e-09	-9.1662e-09	-9.437e-09	-9.1187e-09	-5.8397e-09	1.0643e-09	9.7702e-09	1.9517e-08	2.9963e-08	4.2191e-08	5.2373e-08	6.1426e-08	6.9874e-08	7.7696e-08	8.5342e-08	9.1059e-08	9.3929e-08	9.4594e-08	9.3174e-08	9.1024e-08	9.0777e-08	9.0456e-08	8.6914e-08	8.0603e-08	7.1903e-08	6.2725e-08	5.2964e-08	4.2841e-08	3.277e-08	2.2587e-08	1.2244e-08	2.6066e-09	-4.6483e-09	-8.7221e-09	-1.0924e-08	-1.1817e-08	-1.2471e-08	-1.2569e-08	-1.2188e-08	-1.2065e-08	-1.2043e-08	-1.2033e-08	-1.2406e-08	-1.2651e-08	-1.2926e-08	-1.3246e-08	-1.3094e-08	-1.2996e-08	-1.2575e-08	-1.262e-08	-1.232e-08	-1.1985e-08	-1.1811e-08	-1.1482e-08	-1.1673e-08	-1.201e-08	-1.2546e-08	-1.2298e-08	-1.1923e-08	-1.2232e-08	-1.2351e-08	-1.2296e-08
-8.0733e-09	-8.1099e-09	-8.306e-09	-8.3749e-09	-8.3239e-09	-8.7446e-09	-9.0347e-09	-9.5619e-09	-9.6043e-09	-9.3736e-09	-9.4393e-09	-9.4682e-09	-9.408e-09	-9.0898e-09	-9.2828e-09	-9.1989e-09	-9.2824e-09	-9.2933e-09	-9.5199e-09	-8.9414e-09	-5.124e-09	2.0229e-09	1.0864e-08	2.0671e-08	3.1232e-08	4.3568e-08	5.3701e-08	6.2625e-08	7.104e-08	7.9078e-08	8.6865e-08	9.2496e-08	9.5014e-08	9.532e-08	9.3589e-08	9.1562e-08	9.1458e-08	9.0925e-08	8.6983e-08	8.033e-08	7.1397e-08	6.2025e-08	5.2146e-08	4.1957e-08	3.1875e-08	2.1668e-08	1.1281e-08	1.7989e-09	-5.0773e-09	-9.0089e-09	-1.119e-08	-1.2031e-08	-1.2615e-08	-1.2688e-08	-1.2232e-08	-1.2142e-08	-1.212e-08	-1.2136e-08	-1.2557e-08	-1.2742e-08	-1.2953e-08	-1.3288e-08	-1.3085e-08	-1.2969e-08	-1.2579e-08	-1.2675e-08	-1.2358e-08	-1.1996e-08	-1.1826e-08	-1.1494e-08	-1.1668e-08	-1.1996e-08	-1.2532e-08	-1.2328e-08	-1.1963e-08	-1.2348e-08	-1.2457e-08	-1.2371e-08
-8.2838e-09	-8.2036e-09	-8.2454e-09	-8.3414e-09	-8.2359e-09	-8.598e-09	-8.8738e-09	-9.4352e-09	-9.5805e-09	-9.4888e-09	-9.5596e-09	-9.489e-09	-9.3293e-09	-9.0139e-09	-9.165e-09	-9.2012e-09	-9.3192e-09	-9.4023e-09	-9.5716e-09	-8.7046e-09	-4.3568e-09	3.0019e-09	1.1965e-08	2.1823e-08	3.2486e-08	4.4858e-08	5.4904e-08	6.3679e-08	7.2031e-08	8.0232e-08	8.8121e-08	9.3661e-08	9.5885e-08	9.5899e-08	9.3897e-08	9.2038e-08	9.2082e-08	9.1345e-08	8.7023e-08	8.0056e-08	7.0906e-08	6.1361e-08	5.1375e-08	4.1119e-08	3.1007e-08	2.0768e-08	1.034e-08	1.0222e-09	-5.4778e-09	-9.2624e-09	-1.1441e-08	-1.2253e-08	-1.2756e-08	-1.2804e-08	-1.2315e-08	-1.2275e-08	-1.2243e-08	-1.2285e-08	-1.2751e-08	-1.2866e-08	-1.2987e-08	-1.3286e-08	-1.3059e-08	-1.2927e-08	-1.2588e-08	-1.2727e-08	-1.2398e-08	-1.2032e-08	-1.1897e-08	-1.1595e-08	-1.1727e-08	-1.2e-08	-1.2498e-08	-1.2362e-08	-1.2038e-08	-1.2457e-08	-1.2553e-08	-1.2482e-08
-8.4967e-09	-8.3067e-09	-8.2052e-09	-8.3215e-09	-8.1613e-09	-8.4547e-09	-8.7032e-09	-9.279e-09	-9.5142e-09	-9.5631e-09	-9.6475e-09	-9.5127e-09	-9.2735e-09	-8.9599e-09	-9.0682e-09	-9.209e-09	-9.3509e-09	-9.4946e-09	-9.5921e-09	-8.4122e-09	-3.5592e-09	3.9922e-09	1.3068e-08	2.297e-08	3.3715e-08	4.6028e-08	5.5942e-08	6.4541e-08	7.2788e-08	8.1069e-08	8.8998e-08	9.4436e-08	9.6436e-08	9.6234e-08	9.402e-08	9.2387e-08	9.2597e-08	9.1673e-08	8.7e-08	7.9757e-08	7.0421e-08	6.0735e-08	5.0658e-08	4.0337e-08	3.0171e-08	1.9888e-08	9.4271e-09	2.779e-10	-5.8571e-09	-9.4842e-09	-1.1675e-08	-1.2484e-08	-1.2895e-08	-1.2917e-08	-1.2447e-08	-1.2454e-08	-1.2404e-08	-1.2472e-08	-1.2978e-08	-1.3016e-08	-1.3028e-08	-1.325e-08	-1.3024e-08	-1.2876e-08	-1.2608e-08	-1.2778e-08	-1.244e-08	-1.2093e-08	-1.2017e-08	-1.1773e-08	-1.1844e-08	-1.2021e-08	-1.2458e-08	-1.2406e-08	-1.2148e-08	-1.2564e-08	-1.2649e-08	-1.2624e-08
-8.7081e-09	-8.4247e-09	-8.2071e-09	-8.3297e-09	-8.1181e-09	-8.3369e-09	-8.5464e-09	-9.1153e-09	-9.4148e-09	-9.5927e-09	-9.6998e-09	-9.5493e-09	-9.2608e-09	-8.9446e-09	-9.0109e-09	-9.2298e-09	-9.3871e-09	-9.5712e-09	-9.5819e-09	-8.0679e-09	-2.7525e-09	4.985e-09	1.4166e-08	2.4106e-08	3.4906e-08	4.7054e-08	5.6784e-08	6.5174e-08	7.327e-08	8.1528e-08	8.9416e-08	9.4735e-08	9.6592e-08	9.6258e-08	9.3905e-08	9.2563e-08	9.2963e-08	9.1875e-08	8.6886e-08	7.9416e-08	6.994e-08	6.0143e-08	4.9992e-08	3.9606e-08	2.9366e-08	1.9032e-08	8.5477e-09	-4.275e-10	-6.2161e-09	-9.6779e-09	-1.189e-08	-1.2718e-08	-1.3033e-08	-1.3028e-08	-1.2621e-08	-1.2665e-08	-1.2588e-08	-1.2679e-08	-1.3221e-08	-1.3181e-08	-1.3075e-08	-1.3192e-08	-1.2988e-08	-1.2827e-08	-1.264e-08	-1.2831e-08	-1.2489e-08	-1.2176e-08	-1.2173e-08	-1.2003e-08	-1.2002e-08	-1.2062e-08	-1.2426e-08	-1.2467e-08	-1.2293e-08	-1.2679e-08	-1.2754e-08	-1.2794e-08
-8.9141e-09	-8.5635e-09	-8.2729e-09	-8.3806e-09	-8.1241e-09	-8.2667e-09	-8.4269e-09	-8.9657e-09	-9.2919e-09	-9.5738e-09	-9.715e-09	-9.6064e-09	-9.3065e-09	-8.9808e-09	-9.0074e-09	-9.2692e-09	-9.4351e-09	-9.6334e-09	-9.5414e-09	-7.6756e-09	-1.954e-09	5.9728e-09	1.5253e-08	2.5229e-08	3.6051e-08	4.7954e-08	5.7458e-08	6.562e-08	7.3531e-08	8.1675e-08	8.9452e-08	9.4633e-08	9.6411e-08	9.6014e-08	9.3597e-08	9.26e-08	9.3201e-08	9.1964e-08	8.6691e-08	7.9035e-08	6.9464e-08	5.9581e-08	4.9368e-08	3.8917e-08	2.8591e-08	1.8201e-08	7.7088e-09	-1.0862e-09	-6.554e-09	-9.8475e-09	-1.208e-08	-1.2945e-08	-1.3167e-08	-1.3135e-08	-1.2822e-08	-1.2665e-08	-1.2783e-08	-1.2894e-08	-1.3463e-08	-1.3352e-08	-1.3128e-08	-1.3123e-08	-1.2959e-08	-1.2788e-08	-1.2688e-08	-1.2887e-08	-1.2545e-08	-1.2279e-08	-1.2354e-08	-1.2264e-08	-1.2186e-08	-1.2123e-08	-1.2416e-08	-1.255e-08	-1.2472e-08	-1.2809e-08	-1.2875e-08	-1.2985e-08
-9.1113e-09	-8.727e-09	-8.418e-09	-8.4846e-09	-8.1929e-09	-8.2619e-09	-8.3641e-09	-8.8487e-09	-9.155e-09	-9.5057e-09	-9.7018e-09	-9.6817e-09	-9.4032e-09	-9.0637e-09	-9.0537e-09	-9.3251e-09	-9.4935e-09	-9.6824e-09	-9.4717e-09	-7.2389e-09	-1.164e-09	6.9537e-09	1.6329e-08	2.6338e-08	3.7152e-08	4.8757e-08	5.801e-08	6.5936e-08	7.3646e-08	8.1613e-08	8.9222e-08	9.425e-08	9.599e-08	9.5578e-08	9.3169e-08	9.2554e-08	9.335e-08	9.1965e-08	8.6433e-08	7.8627e-08	6.8994e-08	5.9044e-08	4.8777e-08	3.8264e-08	2.7844e-08	1.7398e-08	6.9174e-09	-1.6906e-09	-6.8702e-09	-9.997e-09	-1.2242e-08	-1.3154e-08	-1.3297e-08	-1.3239e-08	-1.3035e-08	-1.289e-08	-1.2976e-08	-1.3101e-08	-1.3688e-08	-1.3516e-08	-1.3186e-08	-1.3055e-08	-1.2944e-08	-1.2767e-08	-1.2754e-08	-1.2949e-08	-1.2612e-08	-1.2398e-08	-1.2547e-08	-1.2532e-08	-1.2381e-08	-1.2206e-08	-1.2442e-08	-1.2662e-08	-1.2684e-08	-1.2961e-08	-1.3024e-08	-1.3195e-08
-9.2976e-09	-8.9109e-09	-8.6307e-09	-8.6347e-09	-8.3179e-09	-8.3199e-09	-8.359e-09	-8.7676e-09	-9.0134e-09	-9.4011e-09	-9.6716e-09	-9.7701e-09	-9.5373e-09	-9.1836e-09	-9.1406e-09	-9.3933e-09	-9.5583e-09	-9.7195e-09	-9.3741e-09	-6.7617e-09	-3.7813e-10	7.9278e-09	1.7393e-08	2.7436e-08	3.8218e-08	4.9493e-08	5.8485e-08	6.6183e-08	7.3693e-08	8.1446e-08	8.8845e-08	9.3702e-08	9.5427e-08	9.5027e-08	9.2694e-08	9.2482e-08	9.345e-08	9.1902e-08	8.6133e-08	7.8203e-08	6.853e-08	5.8526e-08	4.8211e-08	3.7639e-08	2.7124e-08	1.6625e-08	6.1803e-09	-2.2327e-09	-7.1639e-09	-1.013e-08	-1.2372e-08	-1.3337e-08	-1.3419e-08	-1.3339e-08	-1.3248e-08	-1.3114e-08	-1.3153e-08	-1.3286e-08	-1.3878e-08	-1.3665e-08	-1.3249e-08	-1.2998e-08	-1.2951e-08	-1.2774e-08	-1.2841e-08	-1.3019e-08	-1.2692e-08	-1.253e-08	-1.2739e-08	-1.2786e-08	-1.2571e-08	-1.2312e-08	-1.2517e-08	-1.2808e-08	-1.2931e-08	-1.3143e-08	-1.3207e-08	-1.3419e-08
-9.4713e-09	-9.109e-09	-8.8914e-09	-8.8189e-09	-8.4871e-09	-8.4329e-09	-8.4075e-09	-8.7218e-09	-8.8764e-09	-9.2765e-09	-9.6356e-09	-9.8665e-09	-9.6954e-09	-9.331e-09	-9.2586e-09	-9.4699e-09	-9.6258e-09	-9.7462e-09	-9.2499e-09	-6.2477e-09	4.0797e-10	8.895e-09	1.8445e-08	2.8525e-08	3.9253e-08	5.0191e-08	5.8926e-08	6.6419e-08	7.3749e-08	8.1274e-08	8.8438e-08	9.311e-08	9.4819e-08	9.4437e-08	9.2245e-08	9.2438e-08	9.3539e-08	9.18e-08	8.581e-08	7.7773e-08	6.8073e-08	5.8023e-08	4.7662e-08	3.7033e-08	2.6429e-08	1.5885e-08	5.5044e-09	-2.7049e-09	-7.4343e-09	-1.0252e-08	-1.2465e-08	-1.3482e-08	-1.3532e-08	-1.3433e-08	-1.3446e-08	-1.3322e-08	-1.3302e-08	-1.3432e-08	-1.4018e-08	-1.3786e-08	-1.3315e-08	-1.2965e-08	-1.2987e-08	-1.2816e-08	-1.2952e-08	-1.3098e-08	-1.2787e-08	-1.2674e-08	-1.292e-08	-1.3001e-08	-1.2742e-08	-1.2442e-08	-1.2654e-08	-1.2994e-08	-1.321e-08	-1.3363e-08	-1.3433e-08	-1.3651e-08
-9.6308e-09	-9.3148e-09	-9.1807e-09	-9.0252e-09	-8.6883e-09	-8.5928e-09	-8.5057e-09	-8.7105e-09	-8.753e-09	-9.1481e-09	-9.6053e-09	-9.9657e-09	-9.8638e-09	-9.4963e-09	-9.3985e-09	-9.5505e-09	-9.692e-09	-9.7636e-09	-9.1003e-09	-5.7009e-09	1.1987e-09	9.8553e-09	1.9486e-08	2.9604e-08	4.0265e-08	5.0881e-08	5.938e-08	6.6705e-08	7.3891e-08	8.1201e-08	8.8118e-08	9.2592e-08	9.4263e-08	9.3884e-08	9.1895e-08	9.2479e-08	9.3655e-08	9.1685e-08	8.5481e-08	7.7349e-08	6.7623e-08	5.7529e-08	4.712e-08	3.6439e-08	2.5757e-08	1.5181e-08	4.8966e-09	-3.0993e-09	-7.6808e-09	-1.0365e-08	-1.2517e-08	-1.3582e-08	-1.3635e-08	-1.3522e-08	-1.3614e-08	-1.3498e-08	-1.341e-08	-1.3528e-08	-1.4092e-08	-1.3871e-08	-1.3383e-08	-1.2967e-08	-1.3061e-08	-1.2902e-08	-1.3089e-08	-1.319e-08	-1.2899e-08	-1.2826e-08	-1.3077e-08	-1.3158e-08	-1.2879e-08	-1.2591e-08	-1.2848e-08	-1.3213e-08	-1.3512e-08	-1.3612e-08	-1.3612e-08	-1.3695e-08
-9.7743e-09	-9.522e-09	-9.4792e-09	-9.2415e-09	-8.9095e-09	-8.7917e-09	-8.6495e-09	-8.733e-09	-8.6526e-09	-9.0326e-09	-9.5919e-09	-1.0063e-08	-1.0029e-08	-9.6696e-09	-9.5512e-09	-9.631e-09	-9.7529e-09	-9.7731e-09	-8.9266e-09	-5.1249e-09	1.9985e-09	1.0809e-08	2.0514e-08	3.0677e-08	4.126e-08	5.1592e-08	5.9889e-08	6.7098e-08	7.4195e-08	8.1329e-08	8.8004e-08	9.2265e-08	9.3857e-08	9.3444e-08	9.1717e-08	9.2662e-08	9.3839e-08	9.1581e-08	8.5167e-08	7.6943e-08	6.7183e-08	6.7183e-08	5.7041e-08	4.6578e-08	3.5849e-08	2.5108e-08	1.4514e-08	4.3632e-09	-3.4091e-09	-7.9028e-09	-1.0474e-08	-1.2524e-08	-1.3625e-08	-1.3726e-08	-1.3604e-08	-1.3739e-08	-1.3706e-08	-1.3474e-08	-1.357e-08	-1.4099e-08	-1.3915e-08	-1.3452e-08	-1.3003e-08	-1.3167e-08	-1.3026e-08	-1.3245e-08	-1.329e-08	-1.3025e-08	-1.2981e-08	-1.3205e-08	-1.325e-08	-1.3038e-08	-1.2745e-08	-1.3075e-08	-1.3445e-08	-1.3816e-08	-1.3872e-08	-1.397e-08
-9.9003e-09	-9.7242e-09	-9.7674e-09	-9.4559e-09	-9.1386e-09	-9.0217e-09	-9.0217e-09	-8.8349e-09	-8.7884e-09	-8.5843e-09	-8.9055e-09	-9.6069e-09	-1.0152e-08	-1.0177e-08	-9.8415e-09	-9.7072e-09	-9.7073e-09	-9.8047e-09	-9.776e-09	-8.7302e-09	-4.5236e-09	2.8118e-09	1.1755e-08	2.1532e-08	3.1744e-08	4.3229e-08	5.2353e-08	6.0499e-08	6.7656e-08	7.4737e-08	8.1756e-08	8.8208e-08	9.2244e-08	9.3693e-08	9.319e-08	9.1779e-08	9.3038e-08	9.4126e-08	9.1511e-08	8.4885e-08	7.6213e-08	6.6749e-08	5.6555e-08	4.6034e-08	3.5263e-08	2.4483e-08	1.3886e-08	3.899e-09	-3.6431e-09	-8.1028e-09	-1.0581e-08	-1.2492e-08	-1.3615e-08	-1.3803e-08	-1.3677e-08	-1.3819e-08	-1.3741e-08	-1.3501e-08	-1.3567e-08	-1.4048e-08	-1.392e-08	-1.3514e-08	-1.3064e-08	-1.3291e-08	-1.3172e-08	-1.3407e-08	-1.3392e-08	-1.3157e-08	-1.3133e-08	-1.3305e-08	-1.329e-08	-1.3069e-08	-1.2894e-08	-1.3313e-08	-1.3672e-08	-1.4104e-08	-1.4124e-08	-1.4237e-08
-9.976e-09	-1.0007e-08	-9.915e-09	-1.0026e-08	-9.6564e-09	-9.3635e-09	-9.2747e-09	-9.0578e-09	-8.8761e-09	-8.5574e-09	-8.9258e-09	-9.6608e-09	-1.0229e-08	-1.0296e-08	-1.0003e-08	-9.8575e-09	-9.7754e-09	-9.8437e-09	-9.7734e-09	-8.5119e-09	-3.9003e-09	3.643e-09	1.2695e-08	2.2537e-08	3.2808e-08	4.4218e-08	5.3177e-08	6.1221e-08	6.8391e-08	7.5527e-08	8.2498e-08	8.8749e-08	9.2551e-08	9.3793e-08	9.3144e-08	9.2091e-08	9.3608e-08	9.4515e-08	9.1479e-08	8.4639e-08	7.5881e-08	6.6319e-08	5.6072e-08	4.5492e-08	3.4687e-08	2.3883e-08	1.3295e-08	3.4897e-09	-3.8231e-09	-8.2862e-09	-1.0688e-08	-1.2435e-08	-1.3565e-08	-1.3863e-08	-1.3739e-08	-1.3857e-08	-1.374e-08	-1.3497e-08	-1.3528e-08	-1.395e-08	-1.389e-08	-1.3565e-08	-1.3141e-08	-1.3421e-08	-1.3323e-08	-1.3558e-08	-1.3487e-08	-1.3288e-08	-1.3274e-08	-1.338e-08	-1.3288e-08	-1.3073e-08	-1.3026e-08	-1.3541e-08	-1.3875e-08	-1.4356e-08	-1.4347e-08	-1.4475e-08
-9.9905e-09	-1.0093e-08	-1.0088e-08	-1.0236e-08	-9.8312e-09	-9.5724e-09	-9.5426e-09	-9.3137e-09	-8.9949e-09	-8.5804e-09	-9.0067e-09	-9.7527e-09	-1.0292e-08	-1.0381e-08	-1.0147e-08	-9.996e-09	-9.8335e-09	-9.8689e-09	-9.761e-09	-8.2651e-09	-3.2518e-09	4.4982e-09	1.3636e-08	2.354e-08	3.3875e-08	4.5225e-08	5.4066e-08	6.2045e-08	6.9279e-08	7.6526e-08	8.3502e-08	8.957e-08	9.3131e-08	9.4121e-08	9.3283e-08	9.261e-08	9.4325e-08	9.4972e-08	9.1472e-08	8.4419e-08	7.5881e-08	6.5892e-08	5.5591e-08	4.4955e-08	3.4125e-08	2.3313e-08	1.274e-08	3.1203e-09	-3.9715e-09	-8.4582e-09	-1.0796e-08	-1.2365e-08	-1.3486e-08	-1.3905e-08	-1.3784e-08	-1.386e-08	-1.371e-08	-1.3468e-08	-1.3463e-08	-1.3817e-08	-1.3827e-08	-1.3599e-08	-1.3223e-08	-1.3542e-08	-1.3462e-08	-1.3686e-08	-1.3567e-08	-1.3408e-08	-1.3398e-08	-1.343e-08	-1.3255e-08	-1.3054e-08	-1.3129e-08	-1.3734e-08	-1.4035e-08	-1.4553e-08	-1.4522e-08	-1.4661e-08
-9.9879e-09	-1.0157e-08	-1.0238e-08	-1.0389e-08	-9.9741e-09	-9.7585e-09	-9.8154e-09	-9.5915e-09	-9.1382e-09	-8.6515e-09	-9.134e-09	-9.8721e-09	-1.0343e-08	-1.0436e-08	-1.0271e-08	-1.0119e-08	-9.8818e-09	-9.8817e-09	-9.7305e-09	-7.9768e-09	-2.5691e-09	5.385e-09	1.4593e-08	2.4556e-08	3.4957e-08	4.6262e-08	5.502e-08	6.296e-08	7.0295e-08	7.7694e-08	8.4712e-08	9.061e-08	9.3926e-08	9.4635e-08	9.3583e-08	9.3291e-08	9.5142e-08	9.5461e-08	9.1474e-08	8.4213e-08	7.556e-08	6.5463e-08	5.5113e-08	4.4428e-08	3.3583e-08	2.2776e-08	1.222e-08	2.7761e-09	-4.1106e-09	-8.6242e-09	-1.0906e-08	-1.2298e-08	-1.3391e-08	-1.3925e-08	-1.381e-08	-1.3833e-08	-1.3658e-08	-1.3421e-08	-1.338e-08	-1.3659e-08	-1.3733e-08	-1.361e-08	-1.3301e-08	-1.364e-08	-1.3573e-08	-1.3774e-08	-1.3625e-08	-1.351e-08	-1.3499e-08	-1.3457e-08	-1.3202e-08	-1.3016e-08	-1.3192e-08	-1.3871e-08	-1.4133e-08	-1.4674e-08	-1.4629e-08	-1.4775e-08
-9.9726e-09	-1.0201e-08	-1.0361e-08	-1.0489e-08	-1.0084e-08	-9.9188e-09	-1.0081e-08	-9.8742e-09	-9.2947e-09	-8.7598e-09	-9.2931e-09	-1.0008e-08	-1.0382e-08	-1.0464e-08	-1.0372e-08	-1.0223e-08	-9.9208e-09	-9.8836e-09	-9.6732e-09	-7.6339e-09	-1.8429e-09	6.3109e-09	1.558e-08	2.5599e-08	3.6064e-08	4.734e-08	5.6041e-08	6.3952e-08	7.1412e-08	7.899e-08	8.6074e-08	9.181e-08	9.488e-08	9.5298e-08	9.402e-08	9.4089e-08	9.6011e-08	9.5948e-08	9.1472e-08	8.4013e-08	7.5241e-08	6.5029e-08	5.4638e-08	4.3914e-08	3.3066e-08	2.2274e-08	1.1735e-08	2.4423e-09	-4.2628e-09	-8.7895e-09	-1.1019e-08	-1.2245e-08	-1.3294e-08	-1.3921e-08	-1.3813e-08	-1.3781e-08	-1.3591e-08	-1.3362e-08	-1.3288e-08	-1.3487e-08	-1.3611e-08	-1.3594e-08	-1.3366e-08	-1.3702e-08	-1.3637e-08	-1.3809e-08	-1.3654e-08	-1.3586e-08	-1.3568e-08	-1.3462e-08	-1.314e-08	-1.2964e-08	-1.3201e-08	-1.3929e-08	-1.415e-08	-1.4702e-08	-1.465e-08	-1.4793e-08
-9.9493e-09	-1.0224e-08	-1.0453e-08	-1.0538e-08	-1.0158e-08	-1.0051e-08	-1.0328e-08	-1.0145e-08	-9.4527e-09	-8.8943e-09	-9.4695e-09	-1.0149e-08	-1.0411e-08	-1.047e-08	-1.0447e-08	-1.0304e-08	-9.9506e-09	-9.8762e-09	-9.5807e-09	-7.2235e-09	-1.0641e-09	7.2834e-09	1.6611e-08	2.6685e-08	3.721e-08	4.8472e-08	5.7128e-08	6.5012e-08	7.2605e-08	8.0373e-08	8.7533e-08	9.3109e-08	9.5936e-08	9.6068e-08	9.457e-08	9.496e-08	9.6885e-08	9.6397e-08	9.145e-08	8.3807e-08	7.4915e-08	6.4589e-08	5.4165e-08	4.3417e-08	3.258e-08	2.1811e-08	1.1282e-08	2.104e-09	-4.4503e-09	-8.9595e-09	-1.1136e-08	-1.2222e-08	-1.3206e-08	-1.3892e-08	-1.379e-08	-1.371e-08	-1.3517e-08	-1.3296e-08	-1.3195e-08	-1.3312e-08	-1.3463e-08	-1.3545e-08	-1.3407e-08	-1.3712e-08	-1.3639e-08	-1.3775e-08	-1.3645e-08	-1.3628e-08	-1.36e-08	-1.3447e-08	-1.308e-08	-1.2899e-08	-1.3151e-08	-1.3895e-08	-1.4076e-08	-1.4625e-08	-1.4573e-08	-1.4705e-08
-9.9227e-09	-1.0227e-08	-1.0508e-08	-1.0537e-08	-1.0196e-08	-1.0152e-08	-1.0543e-08	-1.0386e-08	-9.6008e-09	-9.0441e-09	-9.6486e-09	-1.0285e-08	-1.0432e-08	-1.0458e-08	-1.0494e-08	-1.036e-08	-9.9717e-09	-9.8608e-09	-9.4441e-09	-6.7323e-09	-2.2362e-10	8.3101e-09	1.7701e-08	2.783e-08	3.8404e-08	4.9668e-08	5.8283e-08	6.6126e-08	7.3848e-08	8.1802e-08	8.9032e-08	9.4447e-08	9.7037e-08	9.6908e-08	9.5209e-08	9.5859e-08	9.7716e-08	9.6773e-08	9.1396e-08	8.3585e-08	7.4573e-08	6.414e-08	5.3694e-08	4.2942e-08	3.213e-08	2.139e-08	1.0861e-08	1.7465e-09	-4.6955e-09	-9.1394e-09	-1.126e-08	-1.2241e-08	-1.3141e-08	-1.3834e-08	-1.3737e-08	-1.3626e-08	-1.3439e-08	-1.3229e-08	-1.3109e-08	-1.3142e-08	-1.3293e-08	-1.3459e-08	-1.3416e-08	-1.3664e-08	-1.3569e-08	-1.3668e-08	-1.3594e-08	-1.363e-08	-1.359e-08	-1.3411e-08	-1.3028e-08	-1.2817e-08	-1.3047e-08	-1.3779e-08	-1.3922e-08	-1.4454e-08	-1.4409e-08	-1.4523e-08
-9.8974e-09	-1.0209e-08	-1.0523e-08	-1.049e-08	-1.0197e-08	-1.0219e-08	-1.0716e-08	-1.0581e-08	-9.7275e-09	-9.198e-09	-9.8159e-09	-1.0405e-08	-1.0446e-08	-1.043e-08	-1.0509e-08	-1.0385e-08	-9.9842e-09	-9.8389e-09	-9.2551e-09	-6.1473e-09	6.8782e-10	9.3985e-09	1.8866e-08	2.9049e-08	3.9658e-08	5.0941e-08	5.9507e-08	6.7283e-08	7.5116e-08	8.3237e-08	9.0518e-08	9.5765e-08	9.8126e-08	9.7776e-08	9.5914e-08	9.6743e-08	9.8457e-08	9.7041e-08	9.1294e-08	8.3338e-08	7.4207e-08	6.3681e-08	5.3228e-08	4.249e-08	3.1719e-08	2.1012e-08	1.0471e-08	1.3634e-09	-5.0071e-09	-9.3292e-09	-1.1386e-08	-1.2306e-08	-1.3103e-08	-1.3747e-08	-1.3652e-08	-1.3531e-08	-1.3355e-08	-1.3157e-08	-1.3025e-08	-1.2981e-08	-1.3107e-08	-1.3342e-08	-1.3392e-08	-1.3563e-08	-1.3439e-08	-1.3502e-08	-1.3508e-08	-1.3595e-08	-1.3542e-08	-1.3352e-08	-1.2974e-08	-1.2712e-08	-1.2894e-08	-1.3595e-08	-1.3703e-08	-1.4205e-08	-1.417e-08	-1.4262e-08
-9.8781e-09	-1.0173e-08	-1.0494e-08	-1.0398e-08	-1.0158e-08	-1.025e-08	-1.0833e-08	-1.0712e-08	-9.8211e-09	-9.345e-09	-9.9567e-09	-1.0497e-08	-1.0455e-08	-1.0392e-08	-1.0489e-08	-1.0378e-08	-9.9886e-09	-9.8121e-09	-9.005e-09	-5.4554e-09	1.6793e-09	1.0556e-08	2.0118e-08	3.0357e-08	4.0984e-08	5.2296e-08	6.0798e-08	6.8476e-08	7.639e-08	8.4647e-08	9.1948e-08	9.7016e-08	9.9157e-08	9.864e-08	9.666e-08	9.7577e-08	9.9078e-08	9.7183e-08	9.1137e-08	8.3059e-08	7.3813e-08	6.3221e-08	5.2771e-08	4.2065e-08	3.1346e-08	2.0672e-08	1.0112e-08	9.6895e-10	-5.3614e-09	-9.5158e-09	-1.1503e-08	-1.2397e-08	-1.3079e-08	-1.363e-08	-1.3535e-08	-1.3424e-08	-1.3263e-08	-1.3077e-08	-1.2941e-08	-1.2831e-08	-1.2913e-08	-1.3198e-08	-1.3333e-08	-1.3416e-08	-1.3263e-08	-1.3295e-08	-1.3392e-08	-1.3525e-08	-1.3457e-08	-1.3264e-08	-1.291e-08	-1.2581e-08	-1.2701e-08	-1.3358e-08	-1.3432e-08	-1.389e-08	-1.387e-08	-1.3939e-08
-9.8695e-09	-1.0117e-08	-1.0416e-08	-1.0265e-08	-1.0078e-08	-1.0242e-08	-1.0884e-08	-1.0762e-08	-9.8703e-09	-9.4741e-09	-1.0061e-08	-1.0554e-08	-1.0457e-08	-1.0345e-08	-1.0432e-08	-1.0335e-08	-9.9834e-09	-9.7782e-09	-8.6867e-09	-4.6507e-09	2.7549e-09	1.1786e-08	2.1464e-08	3.1762e-08	4.2387e-08	5.2296e-08	6.2153e-08	6.9705e-08	7.7669e-08	8.6025e-08	9.3314e-08	9.8188e-08	1.0012e-07	9.9475e-08	9.7427e-08	9.8358e-08	9.9591e-08	9.7221e-08	9.0939e-08	8.2757e-08	7.3401e-08	6.277e-08	5.2331e-08	4.1667e-08	3.1006e-08	2.0367e-08	9.7827e-09	5.8042e-10	-5.7293e-09	-9.6842e-09	-1.1598e-08	-1.2489e-08	-1.3055e-08	-1.3482e-08	-1.339e-08	-1.3305e-08	-1.3158e-08	-1.2985e-08	-1.2852e-08	-1.2695e-08	-1.2718e-08	-1.3032e-08	-1.3236e-08	-1.3231e-08	-1.3056e-08	-1.3067e-08	-1.3255e-08	-1.3422e-08	-1.334e-08	-1.3144e-08	-1.2824e-08	-1.2417e-08	-1.2472e-08	-1.3082e-08	-1.3124e-08	-1.3525e-08	-1.3523e-08	-1.357e-08
-9.8729e-09	-1.0044e-08	-1.0288e-08	-1.0093e-08	-9.9581e-09	-1.0194e-08	-1.0861e-08	-1.0724e-08	-9.868e-09	-9.5768e-09	-1.0126e-08	-1.0573e-08	-1.0447e-08	-1.0285e-08	-1.0341e-08	-1.0258e-08	-9.9633e-09	-9.7257e-09	-8.2973e-09	-3.7446e-09	3.9059e-09	1.308e-08	2.2892e-08	3.3252e-08	4.3862e-08	5.3725e-08	6.3566e-08	7.0975e-08	7.8957e-08	8.7371e-08	9.4611e-08	9.9275e-08	1.0101e-07	1.0026e-07	9.8191e-08	9.9087e-08	1.0001e-07	9.718e-08	9.0714e-08	8.2443e-08	7.2983e-08	6.2337e-08	5.1913e-08	4.1299e-08	3.0698e-08	2.0091e-08	9.4835e-09	2.1512e-10	-6.0822e-09	-9.8194e-09	-1.1655e-08	-1.2557e-08	-1.3013e-08	-1.3306e-08	-1.3217e-08	-1.3171e-08	-1.3039e-08	-1.2878e-08	-1.2756e-08	-1.2575e-08	-1.2529e-08	-1.2849e-08	-1.3099e-08	-1.3016e-08	-1.283e-08	-1.2836e-08	-1.3102e-08	-1.329e-08	-1.3195e-08	-1.2988e-08	-1.2706e-08	-1.2216e-08	-1.2217e-08	-1.2779e-08	-1.2794e-08	-1.3124e-08	-1.314e-08	-1.3169e-08
-9.882e-09	-9.9526e-09	-1.0119e-08	-9.8927e-09	-9.8052e-09	-1.011e-08	-1.0771e-08	-1.0607e-08	-9.8186e-09	-9.6507e-09	-1.0155e-08	-1.0554e-08	-1.0418e-08	-1.0208e-08	-1.0218e-08	-1.0148e-08	-9.9223e-09	-9.6422e-09	-7.8341e-09	-2.7511e-09	5.1217e-09	1.443e-08	2.4385e-08	3.4814e-08	4.5399e-08	5.5218e-08	6.5032e-08	7.2288e-08	8.0253e-08	8.8682e-08	9.5834e-08	1.0027e-07	1.018e-07	1.0098e-07	9.8932e-08	9.9762e-08	1.0036e-07	9.7091e-08	9.0479e-08	8.2126e-08	7.2571e-08	6.1932e-08	5.1524e-08	4.0962e-08	3.0417e-08	1.9839e-08	9.2139e-09	-1.0968e-10	-6.3911e-09	-9.9061e-09	-1.1663e-08	-1.2578e-08	-1.2938e-08	-1.3099e-08	-1.3018e-08	-1.302e-08	-1.29e-08	-1.2752e-08	-1.2648e-08	-1.2473e-08	-1.2352e-08	-1.2654e-08	-1.2921e-08	-1.2779e-08	-1.26e-08	-1.2621e-08	-1.294e-08	-1.313e-08	-1.3023e-08	-1.279e-08	-1.2547e-08	-1.1972e-08	-1.194e-08	-1.2465e-08	-1.2455e-08	-1.2701e-08	-1.2737e-08	-1.2754e-08
-9.8893e-09	-9.846e-09	-9.9196e-09	-9.671e-09	-9.6269e-09	-9.9935e-09	-1.0623e-08	-1.0426e-08	-9.7282e-09	-9.6946e-09	-1.0146e-08	-1.0496e-08	-1.0364e-08	-1.011e-08	-1.0064e-08	-1.0008e-08	-9.8543e-09	-9.5149e-09	-7.2945e-09	-1.6844e-09	6.392e-09	1.5825e-08	2.5928e-08	3.6432e-08	4.6992e-08	5.6765e-08	6.6546e-08	7.3648e-08	8.1562e-08	8.9956e-08	9.6979e-08	1.0116e-07	1.0251e-07	1.0161e-07	9.9627e-08	1.0039e-07	1.0066e-07	9.6979e-08	9.0246e-08	8.1817e-08	7.2178e-08	6.1566e-08	5.117e-08	4.0657e-08	3.0161e-08	1.9606e-08	8.9735e-09	-3.7665e-10	-6.6272e-09	-9.9295e-09	-1.1607e-08	-1.2526e-08	-1.2815e-08	-1.2864e-08	-1.2796e-08	-1.285e-08	-1.274e-08	-1.2605e-08	-1.2526e-08	-1.2393e-08	-1.2195e-08	-1.2453e-08	-1.27e-08	-1.2528e-08	-1.2381e-08	-1.2439e-08	-1.2777e-08	-1.2946e-08	-1.283e-08	-1.2548e-08	-1.2335e-08	-1.1683e-08	-1.1649e-08	-1.2153e-08	-1.2121e-08	-1.2271e-08	-1.2325e-08	-1.2341e-08
-9.8872e-09	-9.7252e-09	-9.6992e-09	-9.4373e-09	-9.4308e-09	-9.849e-09	-1.0426e-08	-1.0197e-08	-9.6027e-09	-9.7071e-09	-1.0101e-08	-1.0399e-08	-1.0278e-08	-9.987e-09	-9.883e-09	-9.8388e-09	-9.7534e-09	-9.3313e-09	-6.6762e-09	-5.5858e-10	7.706e-09	1.7256e-08	2.7504e-08	3.8093e-08	4.8631e-08	5.8354e-08	6.8104e-08	7.5059e-08	8.2884e-08	9.1191e-08	9.8042e-08	1.0195e-07	1.0311e-07	1.0213e-07	1.0025e-07	1.0096e-07	1.0092e-07	9.6872e-08	9.0034e-08	8.1526e-08	7.1814e-08	6.1246e-08	5.0857e-08	4.0386e-08	2.9926e-08	1.9388e-08	8.762e-09	-5.6852e-10	-6.7617e-09	-9.8744e-09	-1.1473e-08	-1.2378e-08	-1.2628e-08	-1.2599e-08	-1.2551e-08	-1.2661e-08	-1.2556e-08	-1.2432e-08	-1.2385e-08	-1.2335e-08	-1.2065e-08	-1.225e-08	-1.2436e-08	-1.227e-08	-1.2185e-08	-1.2307e-08	-1.2619e-08	-1.274e-08	-1.2618e-08	-1.2259e-08	-1.2063e-08	-1.1364e-08	-1.1356e-08	-1.1851e-08	-1.1803e-08	-1.1847e-08	-1.1918e-08	-1.1941e-08
-9.8683e-09	-9.5915e-09	-9.4678e-09	-9.2002e-09	-9.2244e-09	-9.6805e-09	-1.0189e-08	-9.9326e-09	-9.4482e-09	-9.6868e-09	-1.0019e-08	-1.026e-08	-1.0154e-08	-9.8339e-09	-9.6758e-09	-9.6421e-09	-9.6137e-09	-9.0787e-09	-5.9765e-09	6.1238e-10	9.0534e-09	1.8713e-08	2.9098e-08	3.9781e-08	5.0308e-08	5.9976e-08	6.9699e-08	7.6522e-08	8.4222e-08	9.2386e-08	9.9018e-08	1.0263e-07	1.036e-07	1.0252e-07	1.0079e-07	1.0147e-07	1.0117e-07	9.6798e-08	8.9855e-08	8.1263e-08	7.1491e-08	6.0982e-08	5.059e-08	4.0148e-08	2.9709e-08	1.918e-08	8.5778e-09	-6.7149e-10	-6.7706e-09	-6.7706e-09	-9.7293e-09	-1.1251e-08	-1.2114e-08	-1.2364e-08	-1.2306e-08	-1.2286e-08	-1.223e-08	-1.2358e-08	-1.2245e-08	-1.2235e-08	-1.2299e-08	-1.1961e-08	-1.2053e-08	-1.2142e-08	-1.2014e-08	-1.2015e-08	-1.2221e-08	-1.2467e-08	-1.252e-08	-1.2395e-08	-1.1938e-08	-1.1416e-08	-1.1038e-08	-1.1074e-08	-1.1568e-08	-1.1507e-08	-1.1443e-08	-1.1528e-08
-9.8248e-09	-9.4463e-09	-9.2355e-09	-8.9684e-09	-9.0155e-09	-9.4922e-09	-9.9192e-09	-9.6482e-09	-9.2706e-09	-9.6322e-09	-9.9019e-09	-1.008e-08	-9.9854e-09	-9.6468e-09	-9.4451e-09	-9.4451e-09	-9.4198e-09	-9.429e-09	-8.7444e-09	-5.1929e-09	1.8144e-09	1.0424e-08	2.0188e-08	3.0693e-08	4.1484e-08	5.2015e-08	6.3275e-08	7.1326e-08	7.804e-08	8.5575e-08	9.3538e-08	9.9905e-08	1.0319e-07	1.0398e-07	1.0277e-07	1.0122e-07	1.0194e-07	1.0141e-07	9.6782e-08	8.9724e-08	8.1037e-08	7.0992e-08	6.0759e-08	5.0355e-08	3.9931e-08	2.9498e-08	1.8969e-08	8.4101e-09	-7.0039e-10	-6.6702e-09	-9.5114e-09	-1.0961e-08	-1.1757e-08	-1.2041e-08	-1.2e-08	-1.2014e-08	-1.2012e-08	-1.2159e-08	-1.2059e-08	-1.2086e-08	-1.228e-08	-1.1883e-08	-1.1869e-08	-1.1839e-08	-1.1771e-08	-1.187e-08	-1.2166e-08	-1.2317e-08	-1.2293e-08	-1.2171e-08	-1.1609e-08	-1.1095e-08	-1.073e-08	-1.0816e-08	-1.1308e-08	-1.1241e-08	-1.1073e-08	-1.1169e-08
-9.7127e-09	-9.7494e-09	-9.2911e-09	-9.0121e-09	-8.7507e-09	-8.8116e-09	-9.2884e-09	-9.6266e-09	-9.3581e-09	-9.0759e-09	-9.4159e-09	-9.7503e-09	-9.8597e-09	-9.7671e-09	-9.4228e-09	-9.1941e-09	-9.1746e-09	-9.195e-09	-8.3181e-09	-4.3242e-09	3.0341e-09	1.1806e-08	2.1671e-08	3.2275e-08	4.3184e-08	5.3742e-08	6.4919e-08	7.2958e-08	7.959e-08	8.6934e-08	9.4646e-08	1.0071e-07	1.0365e-07	1.0426e-07	1.029e-07	1.0157e-07	1.0237e-07	1.0167e-07	9.6822e-08	8.9636e-08	8.0841e-08	7.0785e-08	6.0554e-08	5.0132e-08	3.9714e-08	2.9274e-08	1.8742e-08	8.243e-09	-6.8401e-10	-6.4961e-09	-9.2517e-09	-1.0635e-08	-1.135e-08	-1.1692e-08	-1.1699e-08	-1.1752e-08	-1.1812e-08	-1.1976e-08	-1.1887e-08	-1.1952e-08	-1.2276e-08	-1.1829e-08	-1.1707e-08	-1.1548e-08	-1.155e-08	-1.1748e-08	-1.2128e-08	-1.217e-08	-1.2067e-08	-1.1954e-08	-1.1297e-08	-1.0813e-08	-1.0462e-08	-1.0597e-08	-1.1081e-08	-1.1013e-08	-1.075e-08	-1.0853e-08
-9.6747e-09	-9.6361e-09	-9.1279e-09	-8.8072e-09	-8.5555e-09	-8.6204e-09	-9.0737e-09	-9.3202e-09	-9.0763e-09	-8.8706e-09	-9.4159e-09	-9.5731e-09	-9.6107e-09	-9.5098e-09	-9.1705e-09	-8.9331e-09	-8.9184e-09	-8.9201e-09	-7.8068e-09	-3.381e-09	4.2639e-09	1.3194e-08	2.3152e-08	3.3832e-08	4.4865e-08	5.5465e-08	6.6524e-08	7.4564e-08	8.1137e-08	8.8278e-08	9.5707e-08	1.0144e-07	1.0403e-07	1.0446e-07	1.0296e-07	1.0187e-07	1.0279e-07	1.0193e-07	9.6906e-08	8.9576e-08	8.0663e-08	7.0582e-08	6.0346e-08	4.9898e-08	3.9477e-08	2.9023e-08	1.8486e-08	8.0611e-09	-6.5123e-10	-6.2844e-09	-8.9815e-09	-1.0305e-08	-1.0935e-08	-1.1348e-08	-1.1423e-08	-1.1515e-08	-1.1644e-08	-1.1822e-08	-1.1746e-08	-1.1843e-08	-1.2282e-08	-1.1797e-08	-1.1575e-08	-1.129e-08	-1.1361e-08	-1.1647e-08	-1.2092e-08	-1.2023e-08	-1.1852e-08	-1.1753e-08	-1.1024e-08	-1.0813e-08	-1.026e-08	-1.043e-08	-1.0892e-08	-1.0831e-08	-1.0489e-08	-1.0592e-08
-9.592e-09	-9.4924e-09	-8.964e-09	-8.6262e-09	-8.3874e-09	-8.4491e-09	-8.858e-09	-9.0136e-09	-8.8131e-09	-8.6631e-09	-9.2598e-09	-9.3825e-09	-9.3515e-09	-9.2313e-09	-8.904e-09	-8.6762e-09	-8.6672e-09	-8.6188e-09	-7.2261e-09	-2.3793e-09	5.4991e-09	1.458e-08	2.4622e-08	3.5356e-08	4.6506e-08	5.7155e-08	6.8064e-08	7.611e-08	8.2649e-08	8.9591e-08	9.6721e-08	1.0212e-07	1.0436e-07	1.0462e-07	1.0299e-07	1.0218e-07	1.0321e-07	1.0221e-07	9.7021e-08	8.9531e-08	8.0489e-08	7.0364e-08	6.011e-08	4.9633e-08	3.9198e-08	2.8726e-08	1.8185e-08	7.8486e-09	-6.3094e-10	-6.0708e-09	-8.7321e-09	-1.0006e-08	-1.0557e-08	-1.1041e-08	-1.119e-08	-1.132e-08	-1.1522e-08	-1.1712e-08	-1.165e-08	-1.1773e-08	-1.2295e-08	-1.1784e-08	-1.148e-08	-1.1085e-08	-1.1214e-08	-1.1566e-08	-1.2043e-08	-1.1874e-08	-1.1654e-08	-1.1578e-08	-1.0816e-08	-1.0596e-08	-1.0146e-08	-1.0328e-08	-1.0748e-08	-1.0702e-08	-1.0302e-08	-1.0399e-08
-9.4778e-09	-9.3323e-09	-8.8093e-09	-8.4728e-09	-8.2497e-09	-8.3045e-09	-8.6538e-09	-8.723e-09	-8.5771e-09	-8.4635e-09	-9.0833e-09	-9.1909e-09	-9.1005e-09	-8.9496e-09	-8.6374e-09	-8.4372e-09	-8.4373e-09	-8.3058e-09	-6.5917e-09	-1.3353e-09	6.735e-09	1.5957e-08	2.6071e-08	3.684e-08	4.8085e-08	5.878e-08	6.9513e-08	7.7563e-08	8.4091e-08	9.0856e-08	9.7685e-08	1.0275e-07	1.0466e-07	1.0477e-07	1.0305e-07	1.0252e-07	1.0367e-07	1.0251e-07	9.7154e-08	8.9487e-08	8.0307e-08	7.011e-08	5.9824e-08	4.9313e-08	3.8857e-08	2.8368e-08	1.7827e-08	7.5899e-09	-6.5203e-10	-5.8912e-09	-8.5346e-09	-9.7703e-09	-1.0258e-08	-1.0803e-08	-1.1021e-08	-1.1184e-08	-1.1461e-08	-1.1661e-08	-1.1615e-08	-1.1753e-08	-1.2312e-08	-1.1791e-08	-1.143e-08	-1.0953e-08	-1.1118e-08	-1.1503e-08	-1.1968e-08	-1.1721e-08	-1.1483e-08	-1.1437e-08	-1.0695e-08	-1.0473e-08	-1.0144e-08	-1.0304e-08	-1.0656e-08	-1.0633e-08	-1.0203e-08	-1.0287e-08
-9.3454e-09	-9.17e-09	-8.674e-09	-8.3505e-09	-8.1454e-09	-8.1936e-09	-8.4734e-09	-8.4642e-09	-8.3769e-09	-8.2816e-09	-8.896e-09	-9.0106e-09	-8.8759e-09	-8.6825e-09	-8.3849e-09	-8.2301e-09	-8.2448e-09	-7.9957e-09	-5.9195e-09	-2.6507e-10	7.9669e-09	1.732e-08	2.749e-08	3.8274e-08	4.9584e-08	6.031e-08	7.0842e-08	7.8889e-08	8.5431e-08	9.2052e-08	9.8598e-08	1.0334e-07	1.0495e-07	1.0492e-07	1.0319e-07	1.0294e-07	1.0417e-07	1.0283e-07	9.7291e-08	8.943e-08	8.0103e-08	6.9803e-08	5.9464e-08	4.8919e-08	3.8435e-08	2.7932e-08	1.7398e-08	7.2693e-09	-7.4336e-10	-5.7816e-09	-8.4203e-09	-9.6305e-09	-1.0082e-08	-1.0668e-08	-1.0935e-08	-1.1123e-08	-1.1476e-08	-1.1683e-08	-1.1655e-08	-1.1796e-08	-1.2329e-08	-1.1814e-08	-1.1433e-08	-1.0916e-08	-1.1083e-08	-1.1457e-08	-1.1853e-08	-1.1562e-08	-1.1346e-08	-1.134e-08	-1.0685e-08	-1.0469e-08	-1.0254e-08	-1.0355e-08	-1.0614e-08	-1.062e-08	-1.0188e-08	-1.0252e-08
-9.2082e-09	-9.0194e-09	-8.5679e-09	-8.2628e-09	-8.0776e-09	-8.1233e-09	-8.3292e-09	-8.2533e-09	-8.2209e-09	-8.1273e-09	-8.7072e-09	-8.854e-09	-8.6961e-09	-8.448e-09	-8.1607e-09	-8.0689e-09	-8.1059e-09	-7.7032e-09	-5.2251e-09	8.1521e-10	9.1901e-09	1.8661e-08	2.8869e-08	3.9651e-08	5.098e-08	6.1716e-08	7.2025e-08	8.0056e-08	8.6633e-08	9.3164e-08	9.9458e-08	1.0392e-07	1.0527e-07	1.0512e-07	1.0344e-07	1.0348e-07	1.0475e-07	1.0318e-07	9.7421e-08	8.9346e-08	7.9864e-08	6.9423e-08	5.901e-08	4.8429e-08	3.7911e-08	2.74e-08	1.6882e-08	6.8715e-09	-9.3333e-10	-5.7773e-09	-8.4199e-09	-9.6193e-09	-1.007e-08	-1.0665e-08	-1.0951e-08	-1.1153e-08	-1.1563e-08	-1.1777e-08	-1.1769e-08	-1.19e-08	-1.2343e-08	-1.1851e-08	-1.1488e-08	-1.0975e-08	-1.1109e-08	-1.1424e-08	-1.1694e-08	-1.14e-08	-1.1245e-08	-1.1287e-08	-1.0787e-08	-1.0586e-08	-1.044e-08	-1.0456e-08	-1.0603e-08	-1.0642e-08	-1.0229e-08	-1.0269e-08
-9.0795e-09	-8.8947e-09	-8.501e-09	-8.2133e-09	-8.0494e-09	-8.1007e-09	-8.2337e-09	-8.1063e-09	-8.1178e-09	-8.0104e-09	-8.5267e-09	-8.7335e-09	-8.5792e-09	-8.2639e-09	-7.9789e-09	-7.9676e-09	-8.0368e-09	-7.4429e-09	-4.5242e-09	1.8894e-09	1.04e-08	1.9974e-08	3.0199e-08	4.0963e-08	5.2254e-08	6.2966e-08	7.3037e-08	8.1031e-08	8.7666e-08	9.4174e-08	1.0026e-07	1.0448e-07	1.0562e-07	1.0538e-07	1.0387e-07	1.0418e-07	1.0541e-07	1.0356e-07	9.7529e-08	8.9223e-08	7.9578e-08	6.897e-08	5.846e-08	4.7845e-08	3.7289e-08	2.6779e-08	1.6287e-08	6.3982e-09	-1.2271e-09	-5.8892e-09	-8.54e-09	-9.7425e-09	-1.023e-08	-1.0799e-08	-1.1068e-08	-1.1274e-08	-1.1701e-08	-1.1921e-08	-1.1935e-08	-1.2047e-08	-1.2354e-08	-1.1899e-08	-1.1582e-08	-1.1107e-08	-1.118e-08	-1.1401e-08	-1.1508e-08	-1.1241e-08	-1.1172e-08	-1.1268e-08	-1.0968e-08	-1.0789e-08	-1.0667e-08	-1.0579e-08	-1.0606e-08	-1.0676e-08	-1.0298e-08	-1.0309e-08
-8.9726e-09	-8.8099e-09	-8.4834e-09	-8.2056e-09	-8.064e-09	-8.1327e-09	-8.1992e-09	-8.0392e-09	-8.0762e-09	-7.9408e-09	-8.3638e-09	-8.661e-09	-8.5433e-09	-8.148e-09	-7.8534e-09	-7.9399e-09	-8.0532e-09	-7.2291e-09	-3.8323e-09	2.9416e-09	1.1592e-08	2.1253e-08	3.1472e-08	4.22e-08	5.3386e-08	6.4031e-08	7.3881e-08	8.182e-08	8.8532e-08	9.5086e-08	1.0103e-07	1.0505e-07	1.0604e-07	1.0571e-07	1.0446e-07	1.0504e-07	1.0617e-07	1.0396e-07	9.7607e-08	8.9054e-08	7.9244e-08	6.847e-08	5.7851e-08	4.7203e-08	3.6606e-08	2.6103e-08	1.5641e-08	5.8748e-09	-1.5974e-09	-6.0936e-09	-8.7531e-09	-9.9686e-09	-1.0519e-08	-1.1033e-08	-1.126e-08	-1.1456e-08	-1.1864e-08	-1.209e-08	-1.2129e-08	-1.2216e-08	-1.2362e-08	-1.1953e-08	-1.1699e-08	-1.1285e-08	-1.128e-08	-1.1384e-08	-1.1311e-08	-1.1091e-08	-1.1119e-08	-1.1271e-08	-1.1194e-08	-1.1038e-08	-1.0896e-08	-1.0696e-08	-1.0605e-08	-1.0698e-08	-1.0365e-08	-1.0345e-08
-8.9006e-09	-8.7788e-09	-8.5245e-09	-8.243e-09	-8.1241e-09	-8.2258e-09	-8.2378e-09	-8.0676e-09	-8.1043e-09	-7.9282e-09	-8.228e-09	-8.6375e-09	-8.5881e-09	-8.1026e-09	-7.7872e-09	-7.9849e-09	-8.1516e-09	-7.0593e-09	-3.1536e-09	3.9657e-09	1.2764e-08	2.2496e-08	3.2686e-08	4.3368e-08	5.4381e-08	6.4916e-08	7.461e-08	8.2482e-08	8.9286e-08	9.5934e-08	1.0177e-07	1.0563e-07	1.0651e-07	1.061e-07	1.0517e-07	1.06e-07	1.0696e-07	1.0435e-07	9.7653e-08	8.885e-08	7.8876e-08	6.7949e-08	5.7219e-08	4.6539e-08	3.5902e-08	2.5406e-08	1.4977e-08	5.3286e-09	-2.0143e-09	-6.3644e-09	-9.0296e-09	-1.0263e-08	-1.089e-08	-1.1329e-08	-1.1499e-08	-1.1673e-08	-1.2028e-08	-1.226e-08	-1.2326e-08	-1.2386e-08	-1.2366e-08	-1.2011e-08	-1.1825e-08	-1.1483e-08	-1.1393e-08	-1.1368e-08	-1.1118e-08	-1.0957e-08	-1.1078e-08	-1.1284e-08	-1.143e-08	-1.1297e-08	-1.1092e-08	-1.0779e-08	-1.0581e-08	-1.0687e-08	-1.0401e-08	-1.035e-08
-8.8657e-09	-8.801e-09	-8.6204e-09	-8.32e-09	-8.2238e-09	-8.3735e-09	-8.3453e-09	-8.1873e-09	-8.1973e-09	-7.9711e-09	-8.1231e-09	-8.6485e-09	-8.6884e-09	-8.1095e-09	-7.7677e-09	-8.0817e-09	-8.3014e-09	-6.9076e-09	-2.4763e-09	4.9696e-09	1.392e-08	2.371e-08	3.3859e-08	4.4484e-08	5.5281e-08	6.5674e-08	7.5276e-08	8.308e-08	8.9983e-08	9.6755e-08	1.0252e-07	1.0624e-07	1.0702e-07	1.0653e-07	1.0594e-07	1.0698e-07	1.0775e-07	1.0472e-07	9.7663e-08	8.8621e-08	7.8493e-08	6.7436e-08	5.66e-08	4.5893e-08	3.5217e-08	2.4726e-08	1.4328e-08	4.7867e-09	-2.4481e-09	-6.6755e-09	-9.3394e-09	-1.0592e-08	-1.1298e-08	-1.1648e-08	-1.1755e-08	-1.1896e-08	-1.2028e-08	-1.2408e-08	-1.2502e-08	-1.2539e-08	-1.2366e-08	-1.2067e-08	-1.1945e-08	-1.1677e-08	-1.1503e-08	-1.135e-08	-1.0947e-08	-1.0847e-08	-1.1039e-08	-1.1295e-08	-1.164e-08	-1.1525e-08	-1.1216e-08	-1.0801e-08	-1.0516e-08	-1.062e-08	-1.0377e-08	-1.0296e-08
-8.855e-09	-8.856e-09	-8.7473e-09	-8.4186e-09	-8.344e-09	-8.5503e-09	-8.4948e-09	-8.3669e-09	-8.3323e-09	-8.0526e-09	-8.0453e-09	-8.678e-09	-8.8168e-09	-8.1485e-09	-7.7813e-09	-8.2078e-09	-8.47e-09	-6.7463e-09	-1.7874e-09	5.962e-09	1.5064e-08	2.4902e-08	3.5006e-08	4.5569e-08	5.6128e-08	6.6363e-08	7.5932e-08	8.3677e-08	9.0682e-08	9.7586e-08	1.033e-07	1.0689e-07	1.0757e-07	1.0696e-07	1.067e-07	1.0793e-07	1.0847e-07	1.0503e-07	9.7635e-08	8.8377e-08	7.811e-08	6.6957e-08	5.6032e-08	4.53e-08	3.459e-08	2.41e-08	1.3724e-08	4.2764e-09	-2.869e-09	-7.0008e-09	-9.6528e-09	-1.092e-08	-1.1694e-08	-1.195e-08	-1.2001e-08	-1.2095e-08	-1.2166e-08	-1.2508e-08	-1.2632e-08	-1.2652e-08	-1.2362e-08	-1.2118e-08	-1.2045e-08	-1.184e-08	-1.1593e-08	-1.1325e-08	-1.0814e-08	-1.0768e-08	-1.0996e-08	-1.1293e-08	-1.1792e-08	-1.1686e-08	-1.1233e-08	-1.0734e-08	-1.0393e-08	-1.0473e-08	-1.0262e-08	-1.0156e-08
-8.8541e-09	-8.9219e-09	-8.8802e-09	-8.5199e-09	-8.4649e-09	-8.7295e-09	-8.6578e-09	-8.5726e-09	-8.4849e-09	-8.1545e-09	-7.9899e-09	-8.7102e-09	-8.9463e-09	-8.1997e-09	-7.8143e-09	-8.3407e-09	-8.6247e-09	-6.5476e-09	-1.074e-09	6.9517e-09	1.6198e-08	2.6079e-08	3.6144e-08	4.6642e-08	5.6968e-08	6.7039e-08	7.6634e-08	8.4336e-08	9.1439e-08	9.8465e-08	1.0415e-07	1.076e-07	1.0816e-07	1.0738e-07	1.0739e-07	1.0876e-07	1.0909e-07	1.0526e-07	9.7566e-08	8.8127e-08	7.7746e-08	6.654e-08	5.5552e-08	4.48e-08	3.4062e-08	2.3562e-08	1.32e-08	3.825e-09	-3.2472e-09	-7.314e-09	-9.9399e-09	-1.1214e-08	-1.2034e-08	-1.2197e-08	-1.2208e-08	-1.2241e-08	-1.2254e-08	-1.2536e-08	-1.2692e-08	-1.2707e-08	-1.2353e-08	-1.2161e-08	-1.2109e-08	-1.1947e-08	-1.1649e-08	-1.129e-08	-1.0734e-08	-1.0726e-08	-1.0939e-08	-1.1267e-08	-1.1849e-08	-1.1741e-08	-1.1116e-08	-1.056e-08	-1.02e-08	-1.0233e-08	-1.0039e-08	-9.911e-09
-8.8491e-09	-8.9769e-09	-8.9939e-09	-8.605e-09	-8.5668e-09	-8.8842e-09	-8.8056e-09	-8.7707e-09	-8.6307e-09	-8.2587e-09	-7.9526e-09	-8.7294e-09	-9.0494e-09	-8.243e-09	-7.8531e-09	-8.4579e-09	-8.733e-09	-6.2839e-09	-3.231e-10	7.9475e-09	1.7327e-08	2.7248e-08	3.7289e-08	4.7724e-08	5.7843e-08	6.776e-08	7.7434e-08	8.5119e-08	9.2312e-08	9.9427e-08	1.0508e-07	1.0837e-07	1.0877e-07	1.0778e-07	1.0795e-07	1.0941e-07	1.0955e-07	1.0538e-07	9.7454e-08	8.7881e-08	7.7416e-08	6.6212e-08	5.5197e-08	4.4429e-08	3.3671e-08	2.315e-08	1.2787e-08	3.4595e-09	-3.5529e-09	-7.5891e-09	-1.0171e-08	-1.1439e-08	-1.227e-08	-1.235e-08	-1.2347e-08	-1.2307e-08	-1.2267e-08	-1.2476e-08	-1.2663e-08	-1.2687e-08	-1.2338e-08	-1.219e-08	-1.2127e-08	-1.1977e-08	-1.1656e-08	-1.1241e-08	-1.0719e-08	-1.0724e-08	-1.0863e-08	-1.1206e-08	-1.1786e-08	-1.1662e-08	-1.0888e-08	-1.0299e-08	-9.9518e-09	-9.9192e-09	-9.7283e-09	-9.5866e-09
-8.8256e-09	-8.9991e-09	-9.0634e-09	-8.655e-09	-8.6297e-09	-8.9877e-09	-8.9096e-09	-8.9277e-09	-8.7455e-09	-8.3471e-09	-7.9287e-09	-8.7195e-09	-9.0991e-09	-8.2585e-09	-7.8841e-09	-8.5369e-09	-8.7621e-09	-5.9274e-09	4.7817e-10	8.9583e-09	1.8454e-08	2.8415e-08	3.8458e-08	4.8835e-08	5.8798e-08	6.8582e-08	7.8386e-08	8.6091e-08	9.3358e-08	1.0051e-07	1.0612e-07	1.0923e-07	1.0941e-07	1.0811e-07	1.0832e-07	1.0982e-07	1.098e-07	1.0537e-07	9.7296e-08	8.7651e-08	7.7138e-08	6.5991e-08	5.499e-08	4.4213e-08	3.3444e-08	2.2888e-08	1.2506e-08	3.1991e-09	-3.764e-09	-7.8049e-09	-1.0322e-08	-1.1568e-08	-1.2366e-08	-1.2379e-08	-1.2396e-08	-1.2271e-08	-1.2188e-08	-1.2337e-08	-1.2337e-08	-1.2554e-08	-1.2596e-08	-1.2305e-08	-1.2195e-08	-1.2093e-08	-1.1934e-08	-1.1616e-08	-1.1176e-08	-1.0752e-08	-1.075e-08	-1.0767e-08	-1.1113e-08	-1.162e-08	-1.1193e-08	-1.0584e-08	-9.9828e-09	-9.6716e-09	-9.5619e-09	-9.3646e-09
-8.7695e-09	-8.9665e-09	-9.0635e-09	-8.6508e-09	-8.6339e-09	-9.0131e-09	-8.9413e-09	-9.0099e-09	-8.8048e-09	-8.4015e-09	-7.9138e-09	-8.6649e-09	-9.068e-09	-8.226e-09	-7.8935e-09	-8.5553e-09	-8.6795e-09	-5.4505e-09	1.3428e-09	9.9929e-09	1.9583e-08	2.9588e-08	3.9666e-08	3.9666e-08	4.9995e-08	5.9876e-08	7.0741e-08	7.9526e-08	8.7293e-08	9.4615e-08	1.0174e-07	1.073e-07	1.1017e-07	1.1006e-07	1.0838e-07	1.0846e-07	1.0993e-07	1.0981e-07	1.0522e-07	9.7091e-08	8.7441e-08	7.6755e-08	6.5857e-08	5.4904e-08	4.4123e-08	3.3352e-08	2.2749e-08	1.2334e-08	3.0267e-09	-3.892e-09	-7.9625e-09	-1.0398e-08	-1.1605e-08	-1.2334e-08	-1.2295e-08	-1.236e-08	-1.2147e-08	-1.1817e-08	-1.214e-08	-1.2379e-08	-1.2443e-08	-1.2244e-08	-1.2162e-08	-1.2009e-08	-1.183e-08	-1.1536e-08	-1.1096e-08	-1.0812e-08	-1.0785e-08	-1.0656e-08	-1.0993e-08	-1.1377e-08	-1.0867e-08	-1.0239e-08	-9.6439e-09	-9.3825e-09	-9.1906e-09	-8.9815e-09
-8.5457e-09	-8.6667e-09	-8.8573e-09	-8.9693e-09	-8.5737e-09	-8.5596e-09	-8.9337e-09	-8.8721e-09	-8.9837e-09	-8.7842e-09	-8.4039e-09	-7.8928e-09	-8.5539e-09	-8.9368e-09	-8.1313e-09	-7.871e-09	-8.4961e-09	-8.4605e-09	-4.833e-09	2.2799e-09	1.1058e-08	2.0716e-08	3.0773e-08	4.0926e-08	5.1218e-08	6.1108e-08	7.2081e-08	8.0819e-08	8.8677e-08	9.6037e-08	1.0307e-07	1.0856e-07	1.1116e-07	1.107e-07	1.0859e-07	1.084e-07	1.0981e-07	1.0963e-07	1.0493e-07	9.6844e-08	8.7245e-08	7.6614e-08	6.5777e-08	5.4897e-08	4.4114e-08	3.3349e-08	2.2693e-08	1.2236e-08	2.9156e-09	-3.9573e-09	-8.0687e-09	-1.0411e-08	-1.1566e-08	-1.2196e-08	-1.2121e-08	-1.2254e-08	-1.1958e-08	-1.1571e-08	-1.1901e-08	-1.2151e-08	-1.2237e-08	-1.2141e-08	-1.208e-08	-1.1872e-08	-1.1674e-08	-1.1421e-08	-1.0999e-08	-1.0875e-08	-1.0813e-08	-1.0533e-08	-1.0849e-08	-1.1084e-08	-1.0523e-08	-9.8886e-09	-9.3135e-09	-9.1074e-09	-8.8353e-09	-8.6127e-09
-8.4164e-09	-8.5084e-09	-8.658e-09	-8.7648e-09	-8.4117e-09	-8.3943e-09	-8.7325e-09	-8.683e-09	-8.8258e-09	-8.6669e-09	-8.341e-09	-7.8777e-09	-8.3928e-09	-8.7201e-09	-7.9845e-09	-7.8202e-09	-8.3672e-09	-8.115e-09	-4.0886e-09	3.2825e-09	1.2154e-08	2.1858e-08	3.197e-08	4.2227e-08	5.2492e-08	6.2464e-08	7.3525e-08	8.2207e-08	9.0171e-08	9.7556e-08	1.0446e-07	1.0986e-07	1.1217e-07	1.1132e-07	1.0874e-07	1.0823e-07	1.0953e-07	1.093e-07	1.0456e-07	9.656e-08	8.7049e-08	7.6478e-08	6.5719e-08	5.4924e-08	4.4145e-08	3.3389e-08	2.268e-08	1.2175e-08	2.8391e-09	-3.9804e-09	-8.1305e-09	-1.0372e-08	-1.1463e-08	-1.1977e-08	-1.1879e-08	-1.2091e-08	-1.1727e-08	-1.1314e-08	-1.1641e-08	-1.1887e-08	-1.1987e-08	-1.1985e-08	-1.1936e-08	-1.1684e-08	-1.1477e-08	-1.1277e-08	-1.0884e-08	-1.0918e-08	-1.0815e-08	-1.0402e-08	-1.0687e-08	-1.0768e-08	-1.0193e-08	-9.5686e-09	-9.0234e-09	-8.8693e-09	-8.5256e-09	-8.2921e-09
-8.2688e-09	-8.3091e-09	-8.3913e-09	-8.4746e-09	-8.1839e-09	-8.1585e-09	-8.4353e-09	-8.3978e-09	-8.5594e-09	-8.4684e-09	-8.2211e-09	-7.8533e-09	-8.1929e-09	-8.442e-09	-7.8027e-09	-7.7484e-09	-8.1828e-09	-7.6622e-09	-3.2397e-09	4.339e-09	1.3277e-08	2.3012e-08	3.318e-08	4.3551e-08	5.3796e-08	6.3902e-08	7.5016e-08	8.3634e-08	9.1703e-08	9.9101e-08	1.0586e-07	1.1115e-07	1.1314e-07	1.1189e-07	1.0887e-07	1.08e-07	1.0916e-07	1.0889e-07	1.0413e-07	9.6245e-08	8.684e-08	7.6478e-08	6.5652e-08	5.4945e-08	4.4171e-08	3.3426e-08	2.267e-08	1.2116e-08	2.7706e-09	-3.9819e-09	-8.1548e-09	-1.0294e-08	-1.131e-08	-1.1701e-08	-1.1591e-08	-1.1884e-08	-1.1477e-08	-1.107e-08	-1.1378e-08	-1.1599e-08	-1.1701e-08	-1.1763e-08	-1.1717e-08	-1.1443e-08	-1.1249e-08	-1.1109e-08	-1.0752e-08	-1.0919e-08	-1.0774e-08	-1.0265e-08	-1.0511e-08	-1.0456e-08	-9.9089e-09	-9.3143e-09	-8.8053e-09	-8.6912e-09	-8.2913e-09	-8.0533e-09
-8.1118e-09	-8.09e-09	-8.0897e-09	-8.1341e-09	-7.9177e-09	-7.8813e-09	-8.0795e-09	-8.0513e-09	-8.2197e-09	-8.2129e-09	-8.0581e-09	-7.8152e-09	-7.9657e-09	-8.1264e-09	-7.6028e-09	-7.663e-09	-7.9573e-09	-7.1213e-09	-2.3089e-09	5.4378e-09	1.4425e-08	2.418e-08	3.4401e-08	4.4884e-08	5.5111e-08	6.5376e-08	7.6497e-08	8.5045e-08	9.32e-08	1.0061e-07	1.0721e-07	1.1237e-07	1.1403e-07	1.124e-07	1.0898e-07	1.0779e-07	1.088e-07	1.0846e-07	1.0367e-07	9.5907e-08	8.6607e-08	7.6325e-08	6.5544e-08	5.4915e-08	4.4149e-08	3.3416e-08	2.2621e-08	1.2023e-08	2.6833e-09	-3.9822e-09	-8.1485e-09	-1.0187e-08	-1.112e-08	-1.1389e-08	-1.128e-08	-1.1647e-08	-1.123e-08	-1.0861e-08	-1.1131e-08	-1.1302e-08	-1.1389e-08	-1.1463e-08	-1.1411e-08	-1.1149e-08	-1.1002e-08	-1.0924e-08	-1.0601e-08	-1.0854e-08	-1.0674e-08	-1.0126e-08	-1.0325e-08	-1.0175e-08	-9.7016e-09	-9.1592e-09	-8.6891e-09	-8.5949e-09	-8.1608e-09	-7.9285e-09
-7.954e-09	-7.8718e-09	-7.786e-09	-7.7788e-09	-7.6402e-09	-7.5919e-09	-7.7024e-09	-7.6787e-09	-7.8422e-09	-7.9246e-09	-7.8661e-09	-7.7588e-09	-7.7222e-09	-7.7973e-09	-7.4017e-09	-7.5714e-09	-7.7052e-09	-6.5117e-09	-1.3187e-09	6.5673e-09	1.5595e-08	2.5366e-08	3.5634e-08	4.6209e-08	5.6417e-08	6.6841e-08	7.7911e-08	8.6381e-08	9.459e-08	1.02e-07	1.0846e-07	1.1346e-07	1.1481e-07	1.1281e-07	1.0909e-07	1.0766e-07	1.0852e-07	1.0806e-07	1.0323e-07	9.5551e-08	8.6336e-08	7.6135e-08	6.5362e-08	5.4791e-08	4.4035e-08	3.3312e-08	2.2494e-08	1.186e-08	2.5506e-09	-4.0019e-09	-8.1186e-09	-1.0065e-08	-1.0908e-08	-1.1067e-08	-1.0968e-08	-1.1393e-08	-1.1011e-08	-1.071e-08	-1.0918e-08	-1.1012e-08	-1.106e-08	-1.1075e-08	-1.1008e-08	-1.0801e-08	-1.0746e-08	-1.0726e-08	-1.0431e-08	-1.0704e-08	-1.0496e-08	-9.9881e-09	-1.0134e-08	-9.9508e-09	-9.5785e-09	-9.1085e-09	-8.6783e-09	-8.5831e-09	-8.1365e-09	-7.9207e-09
-7.8043e-09	-7.6757e-09	-7.5126e-09	-7.444e-09	-7.379e-09	-7.3194e-09	-7.3415e-09	-7.3149e-09	-7.4621e-09	-7.6279e-09	-7.659e-09	-7.6794e-09	-7.474e-09	-7.4787e-09	-7.2163e-09	-7.4811e-09	-7.4408e-09	-5.8525e-09	-2.9172e-10	7.7161e-09	1.6784e-08	2.6573e-08	3.6878e-08	4.7509e-08	5.7694e-08	6.8255e-08	7.92e-08	8.7588e-08	9.5801e-08	1.0321e-07	1.0956e-07	1.1439e-07	1.1543e-07	1.1312e-07	1.092e-07	1.0767e-07	1.084e-07	1.0776e-07	1.0283e-07	9.5183e-08	8.6015e-08	7.5885e-08	6.5077e-08	5.4535e-08	4.3788e-08	3.3071e-08	2.2251e-08	1.1592e-08	2.3472e-09	-4.0604e-09	-8.072e-09	-9.9384e-09	-1.0687e-08	-1.0757e-08	-1.0676e-08	-1.1135e-08	-1.0839e-08	-1.0618e-08	-1.0745e-08	-1.0736e-08	-1.0724e-08	-1.0613e-08	-1.0523e-08	-1.0415e-08	-1.049e-08	-1.0523e-08	-1.0248e-08	-1.0475e-08	-1.0252e-08	-9.8576e-09	-9.9473e-09	-9.7906e-09	-9.5281e-09	-9.1437e-09	-8.7541e-09	-8.6425e-09	-8.2e-09	-8.0091e-09
-7.6714e-09	-7.5226e-09	-7.3022e-09	-7.1653e-09	-7.1613e-09	-7.0929e-09	-7.0341e-09	-6.9951e-09	-7.115e-09	-7.3471e-09	-7.4509e-09	-7.5725e-09	-7.2322e-09	-7.1944e-09	-7.0637e-09	-7.3994e-09	-7.1784e-09	-5.163e-09	7.4958e-10	8.8725e-09	1.799e-08	2.7804e-08	3.8132e-08	4.8769e-08	5.8922e-08	6.9572e-08	8.0311e-08	8.8611e-08	9.6764e-08	1.0419e-07	1.1046e-07	1.1509e-07	1.1584e-07	1.1329e-07	1.0935e-07	1.079e-07	1.0852e-07	1.076e-07	1.0251e-07	9.4809e-08	8.5633e-08	7.5554e-08	6.4688e-08	5.4144e-08	4.3407e-08	3.2692e-08	2.1888e-08	1.122e-08	2.0723e-09	-4.1609e-09	-8.0138e-09	-9.8131e-09	-1.0465e-08	-1.0471e-08	-1.0416e-08	-1.0883e-08	-1.0721e-08	-1.0574e-08	-1.0608e-08	-1.0481e-08	-1.0395e-08	-1.0114e-08	-9.9963e-09	-1.0015e-08	-1.0243e-08	-1.0322e-08	-1.0064e-08	-1.0198e-08	-9.9697e-09	-9.7414e-09	-9.774e-09	-9.688e-09	-9.5385e-09	-9.2459e-09	-8.8969e-09	-8.7596e-09	-8.3322e-09	-8.1724e-09
-7.564e-09	-7.4334e-09	-7.1873e-09	-6.978e-09	-7.0144e-09	-6.9418e-09	-6.8176e-09	-6.7542e-09	-6.8361e-09	-7.1063e-09	-7.2558e-09	-7.4343e-09	-7.008e-09	-6.9677e-09	-6.9599e-09	-7.3333e-09	-6.9316e-09	-4.4617e-09	1.7834e-09	1.0025e-08	1.921e-08	2.9062e-08	3.9396e-08	4.9972e-08	6.0084e-08	7.0749e-08	8.124e-08	8.945e-08	9.7484e-08	1.0492e-07	1.1117e-07	1.1557e-07	1.1606e-07	1.1335e-07	1.0953e-07	1.0835e-07	1.0888e-07	1.076e-07	1.0228e-07	9.4434e-08	8.5194e-08	7.5146e-08	6.4217e-08	5.3649e-08	4.2923e-08	3.2206e-08	2.1432e-08	1.077e-08	1.7452e-09	-4.2931e-09	-7.9482e-09	-9.6898e-09	-1.025e-08	-1.0213e-08	-1.0188e-08	-1.0644e-08	-1.0646e-08	-1.0564e-08	-1.0501e-08	-1.0253e-08	-1.0084e-08	-9.6135e-09	-9.4672e-09	-9.6274e-09	-1.0014e-08	-1.013e-08	-9.8889e-09	-9.9038e-09	-9.6804e-09	-9.6465e-09	-9.6254e-09	-9.6354e-09	-9.5974e-09	-9.3957e-09	-9.0873e-09	-8.9207e-09	-8.5141e-09	-8.389e-09
-7.4899e-09	-7.4273e-09	-7.1981e-09	-6.9151e-09	-6.9638e-09	-6.8929e-09	-6.727e-09	-6.6252e-09	-6.659e-09	-6.9288e-09	-7.0872e-09	-7.2716e-09	-6.8103e-09	-6.8066e-09	-6.9088e-09	-7.284e-09	-6.7006e-09	-3.7564e-09	2.8008e-09	1.117e-08	2.044e-08	3.0343e-08	4.0667e-08	5.112e-08	6.1179e-08	7.1787e-08	8.203e-08	9.0151e-08	9.8024e-08	1.0547e-07	1.1171e-07	1.1588e-07	1.1615e-07	1.1333e-07	1.0978e-07	1.0899e-07	1.0943e-07	1.0773e-07	1.0211e-07	9.4061e-08	8.4714e-08	7.4678e-08	6.3689e-08	5.3082e-08	4.2367e-08	3.1646e-08	2.091e-08	1.0269e-08	1.3859e-09	-4.4462e-09	-7.8792e-09	-9.5694e-09	-1.0045e-08	-9.986e-09	-9.9936e-09	-1.0423e-08	-1.0603e-08	-1.0575e-08	-1.0422e-08	-1.0056e-08	-9.805e-09	-9.1491e-09	-8.9756e-09	-9.2769e-09	-9.8132e-09	-9.9552e-09	-9.7343e-09	-9.6245e-09	-9.4144e-09	-9.5803e-09	-9.5121e-09	-9.6256e-09	-9.6929e-09	-9.5742e-09	-9.306e-09	-9.1122e-09	-8.7265e-09	-8.6374e-09
-7.4415e-09	-7.4926e-09	-7.3217e-09	-6.9685e-09	-7.0024e-09	-6.9391e-09	-6.7573e-09	-6.6076e-09	-6.5864e-09	-6.8188e-09	-6.9519e-09	-7.1003e-09	-6.6459e-09	-6.7071e-09	-6.9039e-09	-7.2474e-09	-6.4743e-09	-3.0453e-09	3.8033e-09	1.2304e-08	2.1673e-08	3.1637e-08	4.194e-08	5.2227e-08	6.2227e-08	7.2715e-08	8.203e-08	9.0757e-08	9.8448e-08	1.059e-07	1.1215e-07	1.1607e-07	1.1614e-07	1.1329e-07	1.1009e-07	1.0978e-07	1.1013e-07	1.0794e-07	1.0199e-07	9.3692e-08	8.4211e-08	7.4172e-08	6.3126e-08	5.2475e-08	4.1771e-08	3.1045e-08	2.0349e-08	9.744e-09	1.0142e-09	-4.6096e-09	-7.8108e-09	-9.4524e-09	-9.8586e-09	-9.7931e-09	-9.8334e-09	-1.0227e-08	-1.0582e-08	-1.0594e-08	-1.0365e-08	-9.8978e-09	-9.5698e-09	-8.7572e-09	-8.5613e-09	-8.9894e-09	-9.6481e-09	-9.8043e-09	-9.6113e-09	-9.3912e-09	-9.202e-09	-9.5499e-09	-9.445e-09	-9.651e-09	-9.8129e-09	-9.7623e-09	-9.5334e-09	-9.3205e-09	-8.9503e-09	-8.8964e-09
-7.3982e-09	-7.5923e-09	-7.5104e-09	-7.0964e-09	-7.0965e-09	-7.0444e-09	-6.8705e-09	-6.6733e-09	-6.5956e-09	-6.7652e-09	-6.8508e-09	-6.9367e-09	-6.5215e-09	-6.6648e-09	-6.9385e-09	-7.2196e-09	-6.2416e-09	-2.3269e-09	4.7929e-09	1.3429e-08	2.2904e-08	3.2933e-08	4.3209e-08	5.3307e-08	6.3244e-08	7.3567e-08	8.2722e-08	9.1314e-08	9.8822e-08	1.0627e-07	1.1251e-07	1.1618e-07	1.1609e-07	1.1325e-07	1.1048e-07	1.1069e-07	1.1093e-07	1.0822e-07	1.019e-07	9.3331e-08	8.3703e-08	7.3646e-08	6.2554e-08	5.186e-08	4.1169e-08	3.0436e-08	1.9776e-08	9.2229e-09	6.4996e-10	-4.7726e-09	-7.7472e-09	-9.3397e-09	-9.6947e-09	-9.6377e-09	-9.7085e-09	-1.0063e-08	-1.0573e-08	-1.0609e-08	-1.0326e-08	-9.7823e-09	-9.3912e-09	-8.4744e-09	-8.2639e-09	-8.7906e-09	-9.5282e-09	-9.6849e-09	-9.5312e-09	-9.2354e-09	-9.0736e-09	-9.5627e-09	-9.4346e-09	-9.7043e-09	-9.9454e-09	-9.9407e-09	-9.7502e-09	-9.5319e-09	-9.1665e-09	-9.1442e-09
-7.3391e-09	-7.6885e-09	-7.7151e-09	-7.2559e-09	-7.2114e-09	-7.1723e-09	-7.0279e-09	-6.7933e-09	-6.6633e-09	-6.7563e-09	-6.7847e-09	-6.7969e-09	-6.444e-09	-6.675e-09	-7.0058e-09	-7.1964e-09	-5.9911e-09	-1.5994e-09	5.7715e-09	1.4544e-08	2.4127e-08	3.4222e-08	4.4469e-08	5.4377e-08	6.425e-08	7.4374e-08	8.3357e-08	9.1867e-08	9.9211e-08	1.0664e-07	1.1284e-07	1.1626e-07	1.1606e-07	1.1328e-07	1.1098e-07	1.1168e-07	1.1177e-07	1.0851e-07	1.0182e-07	9.2979e-08	8.3206e-08	7.312e-08	6.1994e-08	5.1269e-08	4.0591e-08	2.9851e-08	1.9219e-08	8.7328e-09	3.1318e-10	-4.9244e-09	-7.6922e-09	-9.2319e-09	-9.5594e-09	-9.5231e-09	-9.6199e-09	-9.9364e-09	-1.0564e-08	-1.0606e-08	-1.0301e-08	-9.7155e-09	-9.2817e-09	-8.3373e-09	-8.1233e-09	-8.706e-09	-9.4622e-09	-9.6044e-09	-9.505e-09	-9.1882e-09	-9.0595e-09	-9.6257e-09	-9.4917e-09	-9.7782e-09	-1.0081e-08	-1.0097e-08	-9.9432e-09	-9.7361e-09	-9.3613e-09	-9.3655e-09
-7.2432e-09	-7.7434e-09	-7.887e-09	-7.404e-09	-7.3126e-09	-7.2861e-09	-7.1906e-09	-6.9386e-09	-6.7659e-09	-6.7806e-09	-6.7544e-09	-6.697e-09	-6.4202e-09	-6.7335e-09	-7.0991e-09	-7.1739e-09	-5.7116e-09	-8.6091e-10	6.741e-09	1.5648e-08	2.5336e-08	3.5492e-08	4.5714e-08	5.545e-08	6.5263e-08	7.517e-08	8.3978e-08	9.2461e-08	9.9679e-08	1.0708e-07	1.1319e-07	1.1637e-07	1.1608e-07	1.134e-07	1.1159e-07	1.1272e-07	1.126e-07	1.088e-07	1.0173e-07	9.2641e-08	8.2738e-08	7.2615e-08	6.1472e-08	5.0734e-08	4.007e-08	2.9324e-08	1.8705e-08	8.301e-09	2.3686e-11	-5.0543e-09	-7.6499e-09	-9.1296e-09	-9.4585e-09	-9.4525e-09	-9.5685e-09	-9.8541e-09	-1.0546e-08	-1.0579e-08	-1.0286e-08	-9.6996e-09	-9.2479e-09	-8.3637e-09	-8.1589e-09	-8.7479e-09	-9.4552e-09	-9.5677e-09	-9.5388e-09	-9.2658e-09	-9.1744e-09	-9.7418e-09	-9.6203e-09	-9.8671e-09	-1.0216e-08	-1.0232e-08	-1.0114e-08	-9.9306e-09	-9.534e-09	-9.5587e-09
-7.0897e-09	-7.7192e-09	-7.9771e-09	-7.4979e-09	-7.3656e-09	-7.3493e-09	-7.3196e-09	-7.0801e-09	-6.8801e-09	-6.8265e-09	-6.7607e-09	-6.6534e-09	-6.4568e-09	-6.8356e-09	-7.2116e-09	-7.1479e-09	-5.3918e-09	-1.0981e-10	7.7032e-09	1.6742e-08	2.6526e-08	3.6735e-08	4.694e-08	5.6542e-08	6.63e-08	7.5986e-08	8.4627e-08	9.3142e-08	1.0029e-07	1.0764e-07	1.1359e-07	1.1655e-07	1.1623e-07	1.1367e-07	1.1233e-07	1.1377e-07	1.1338e-07	1.0905e-07	1.0161e-07	9.2318e-08	8.2317e-08	7.215e-08	6.0999e-08	5.0272e-08	3.9621e-08	2.8871e-08	1.8247e-08	7.9397e-09	-2.1048e-10	-5.1591e-09	-7.6256e-09	-9.0364e-09	-9.3965e-09	-9.4276e-09	-9.5548e-09	-9.8198e-09	-1.0514e-08	-1.0534e-08	-1.0282e-08	-9.7284e-09	-9.2817e-09	-8.5267e-09	-8.3422e-09	-8.8974e-09	-9.5025e-09	-9.574e-09	-9.574e-09	-9.6259e-09	-9.4479e-09	-9.3954e-09	-9.9027e-09	-9.8078e-09	-1.0088e-08	-1.0349e-08	-1.0349e-08	-1.0267e-08	-1.0114e-08	-9.6858e-09
-6.8575e-09	-7.5781e-09	-7.9365e-09	-7.4948e-09	-7.3357e-09	-7.325e-09	-7.3761e-09	-7.189e-09	-6.9825e-09	-6.8822e-09	-6.8045e-09	-6.682e-09	-6.5607e-09	-6.977e-09	-7.3366e-09	-7.1145e-09	-5.0203e-09	6.5568e-10	8.6602e-09	1.7824e-08	2.7691e-08	3.7939e-08	4.814e-08	5.7666e-08	6.738e-08	7.6855e-08	8.5345e-08	9.3939e-08	1.0109e-07	1.0837e-07	1.1407e-07	1.1683e-07	1.1683e-07	1.1651e-07	1.1409e-07	1.1319e-07	1.1481e-07	1.1407e-07	1.0923e-07	1.0146e-07	9.2011e-08	8.195e-08	7.1355e-08	6.0564e-08	4.9865e-08	3.9226e-08	2.8471e-08	1.7827e-08	7.6254e-09	-4.0949e-10	-5.2531e-09	-7.6273e-09	-8.9617e-09	-9.3752e-09	-9.4469e-09	-9.5783e-09	-9.8311e-09	-1.0437e-08	-1.0483e-08	-1.0289e-08	-9.7945e-09	-9.3729e-09	-8.7926e-09	-8.6374e-09	-9.1311e-09	-9.5983e-09	-9.6216e-09	-9.758e-09	-9.7087e-09	-9.694e-09	-1.0099e-08	-1.004e-08	-1.0221e-08	-1.0477e-08	-1.0453e-08	-1.0405e-08	-1.0285e-08	-9.8176e-09
-5.7511e-09	-6.5259e-09	-7.2823e-09	-7.7163e-09	-7.3517e-09	-7.1885e-09	-7.1769e-09	-7.3213e-09	-7.2363e-09	-7.0496e-09	-6.9363e-09	-7.0023e-09	-6.7876e-09	-6.7299e-09	-7.1503e-09	-7.4665e-09	-7.0681e-09	-4.59e-09	1.4372e-09	9.6143e-09	1.8896e-08	2.8827e-08	3.91e-08	4.9313e-08	5.8833e-08	6.8514e-08	7.7799e-08	8.7066e-08	9.4838e-08	1.0203e-07	1.0922e-07	1.1462e-07	1.1718e-07	1.169e-07	1.1463e-07	1.1412e-07	1.1579e-07	1.1464e-07	1.0934e-07	1.0127e-07	9.1712e-08	8.1621e-08	7.0992e-08	6.0151e-08	4.9487e-08	3.8857e-08	2.8098e-08	1.7421e-08	7.3292e-09	-5.9766e-10	-5.3532e-09	-7.6635e-09	-8.9161e-09	-9.3961e-09	-9.5081e-09	-9.638e-09	-9.885e-09	-1.0411e-08	-1.0435e-08	-1.0308e-08	-9.8905e-09	-9.5113e-09	-9.128e-09	-9.0088e-09	-9.4252e-09	-9.7364e-09	-9.7088e-09	-9.9269e-09	-1.0023e-08	-1.0042e-08	-1.0321e-08	-1.0301e-08	-1.0368e-08	-1.0598e-08	-1.0548e-08	-1.0533e-08	-1.0442e-08	-9.9307e-09
-5.3296e-09	-6.0886e-09	-6.8173e-09	-7.2959e-09	-7.0483e-09	-6.9074e-09	-6.8878e-09	-7.1343e-09	-7.2033e-09	-7.0648e-09	-6.9783e-09	-7.1349e-09	-6.9473e-09	-6.9421e-09	-7.3409e-09	-7.5922e-09	-6.9997e-09	-4.1029e-09	2.2358e-09	1.0569e-08	1.996e-08	2.9941e-08	4.0226e-08	5.0464e-08	6.0037e-08	6.9697e-08	7.8811e-08	8.8052e-08	9.5823e-08	1.0309e-07	1.1016e-07	1.1522e-07	1.1759e-07	1.1734e-07	1.1523e-07	1.1508e-07	1.1669e-07	1.1511e-07	1.0937e-07	1.0104e-07	9.1411e-08	8.1312e-08	7.0629e-08	5.9744e-08	4.9117e-08	3.849e-08	2.7724e-08	1.7006e-08	7.0223e-09	-7.993e-10	-5.4763e-09	-7.7425e-09	-8.9102e-09	-9.4605e-09	-9.609e-09	-9.7331e-09	-9.9781e-09	-1.0407e-08	-1.0399e-08	-1.0339e-08	-1.0009e-08	-9.6868e-09	-9.4992e-09	-9.4209e-09	-9.7563e-09	-9.9109e-09	-9.834e-09	-1.0124e-08	-1.0364e-08	-1.0411e-08	-1.0558e-08	-1.0577e-08	-1.053e-08	-1.071e-08	-1.0636e-08	-1.0654e-08	-1.0584e-08	-1.0026e-08
-4.8693e-09	-5.5744e-09	-6.2236e-09	-6.7216e-09	-6.6181e-09	-6.5186e-09	-6.487e-09	-6.8375e-09	-7.0963e-09	-7.0274e-09	-7.0013e-09	-7.1349e-09	-7.1343e-09	-7.1719e-09	-7.5334e-09	-7.7041e-09	-6.8998e-09	-3.5627e-09	3.0526e-09	1.1529e-08	2.102e-08	3.1037e-08	4.1327e-08	5.16e-08	6.1272e-08	7.0919e-08	7.9884e-08	8.9107e-08	9.6876e-08	1.0423e-07	1.1115e-07	1.1584e-07	1.1802e-07	1.1778e-07	1.1584e-07	1.1601e-07	1.1749e-07	1.1546e-07	1.0933e-07	1.0078e-07	9.1099e-08	8.1002e-08	7.0247e-08	5.9326e-08	4.8731e-08	3.8098e-08	2.7322e-08	1.6558e-08	6.6759e-09	-1.0387e-09	-5.6394e-09	-7.873e-09	-8.9545e-09	-9.57e-09	-9.7475e-09	-9.8628e-09	-1.0107e-08	-1.0432e-08	-1.0386e-08	-1.0383e-08	-1.0142e-08	-9.889e-09	-9.8728e-09	-9.8378e-09	-1.0101e-08	-1.0116e-08	-9.9955e-09	-1.0341e-08	-1.0707e-08	-1.0772e-08	-1.0802e-08	-1.0853e-08	-1.053e-08	-1.0809e-08	-1.0721e-08	-1.0773e-08	-1.0709e-08	-1.0105e-08
-4.3961e-09	-5.017e-09	-5.55e-09	-6.0499e-09	-6.1021e-09	-6.0548e-09	-6.0105e-09	-6.4594e-09	-6.9249e-09	-6.9391e-09	-6.9984e-09	-7.2655e-09	-7.3217e-09	-7.3939e-09	-7.7124e-09	-7.7929e-09	-6.7589e-09	-2.9727e-09	3.8887e-09	1.2496e-08	2.2079e-08	3.2123e-08	4.2412e-08	5.2727e-08	6.253e-08	7.2172e-08	8.1008e-08	9.022e-08	9.798e-08	1.0539e-07	1.1215e-07	1.1647e-07	1.1845e-07	1.1818e-07	1.164e-07	1.1685e-07	1.1815e-07	1.1568e-07	1.0922e-07	1.0048e-07	9.0768e-08	8.0673e-08	6.9828e-08	5.8882e-08	4.8304e-08	3.7655e-08	2.6867e-08	1.6054e-08	6.2612e-09	-1.3402e-09	-5.8594e-09	-8.0632e-09	-9.0595e-09	-9.726e-09	-9.9214e-09	-1.0026e-08	-1.027e-08	-1.0498e-08	-1.0406e-08	-1.0441e-08	-1.0283e-08	-1.0108e-08	-1.0215e-08	-1.0224e-08	-1.0435e-08	-1.0345e-08	-1.0192e-08	-1.057e-08	-1.1026e-08	-1.1097e-08	-1.1043e-08	-1.1115e-08	-1.0706e-08	-1.0896e-08	-1.0808e-08	-1.0893e-08	-1.0817e-08	-1.0169e-08
-3.9357e-09	-4.4504e-09	-4.845e-09	-5.3368e-09	-5.5416e-09	-5.5483e-09	-5.4945e-09	-6.0286e-09	-6.699e-09	-6.8017e-09	-6.963e-09	-7.3753e-09	-7.4826e-09	-7.5827e-09	-7.8624e-09	-7.8489e-09	-6.5675e-09	-2.3366e-09	4.7453e-09	1.3476e-08	2.3142e-08	3.3204e-08	4.3492e-08	5.3854e-08	6.3805e-08	7.3448e-08	8.2174e-08	9.138e-08	9.9118e-08	1.0656e-07	1.1313e-07	1.1708e-07	1.1884e-07	1.185e-07	1.1685e-07	1.1754e-07	1.1865e-07	1.1577e-07	1.0903e-07	1.0015e-07	9.0408e-08	8.0305e-08	6.9354e-08	5.8396e-08	4.7813e-08	3.7136e-08	2.6331e-08	1.547e-08	5.7492e-09	-1.7281e-09	-6.1533e-09	-8.3218e-09	-9.2358e-09	-9.9298e-09	-1.0129e-08	-1.0223e-08	-1.0462e-08	-1.0611e-08	-1.0468e-08	-1.0514e-08	-1.0426e-08	-1.0334e-08	-1.0497e-08	-1.0548e-08	-1.0738e-08	-1.0593e-08	-1.042e-08	-1.0803e-08	-1.1299e-08	-1.1362e-08	-1.1271e-08	-1.1348e-08	-1.0897e-08	-1.0975e-08	-1.09e-08	-1.1015e-08	-1.0911e-08	-1.0226e-08
-3.5136e-09	-3.9083e-09	-4.1575e-09	-4.6388e-09	-4.9778e-09	-5.0318e-09	-4.975e-09	-5.5737e-09	-6.4281e-09	-6.617e-09	-6.8884e-09	-7.4454e-09	-7.5902e-09	-7.7128e-09	-7.9678e-09	-7.8628e-09	-6.316e-09	-1.6579e-09	5.6234e-09	1.4472e-08	2.421e-08	3.4285e-08	4.4576e-08	5.4986e-08	6.509e-08	7.4739e-08	8.3374e-08	9.2575e-08	1.0027e-07	1.0768e-07	1.1404e-07	1.1766e-07	1.1917e-07	1.1868e-07	1.1715e-07	1.1804e-07	1.1895e-07	1.1573e-07	1.0876e-07	9.9785e-08	9.001e-08	7.9881e-08	6.881e-08	5.7853e-08	4.7238e-08	3.6518e-08	2.5692e-08	1.4788e-08	5.116e-09	-2.2225e-09	-6.5346e-09	-8.6548e-09	-9.4916e-09	-1.0182e-08	-1.0366e-08	-1.0451e-08	-1.068e-08	-1.077e-08	-1.0571e-08	-1.0604e-08	-1.057e-08	-1.0564e-08	-1.072e-08	-1.081e-08	-1.101e-08	-1.0857e-08	-1.0678e-08	-1.1037e-08	-1.1525e-08	-1.1568e-08	-1.1486e-08	-1.1554e-08	-1.1101e-08	-1.1054e-08	-1.1001e-08	-1.1142e-08	-1.0996e-08	-1.0284e-08
-3.1557e-09	-3.4246e-09	-3.536e-09	-4.012e-09	-4.4519e-09	-4.5378e-09	-4.4882e-09	-5.1231e-09	-6.1222e-09	-6.3865e-09	-6.7681e-09	-7.4572e-09	-7.6177e-09	-7.759e-09	-8.0133e-09	-7.8251e-09	-5.9949e-09	-9.4015e-10	6.5242e-09	1.5488e-08	2.5289e-08	3.5374e-08	4.5675e-08	5.6131e-08	6.6377e-08	7.6036e-08	8.4598e-08	9.3795e-08	1.0142e-07	1.0872e-07	1.1485e-07	1.1819e-07	1.1942e-07	1.1868e-07	1.1725e-07	1.183e-07	1.1904e-07	1.1554e-07	1.0841e-07	9.9389e-08	8.9565e-08	7.9381e-08	6.8195e-08	5.7253e-08	4.6581e-08	3.5809e-08	2.4957e-08	1.4016e-08	4.3743e-09	-2.8106e-09	-6.9917e-09	-9.0506e-09	-9.8172e-09	-1.0474e-08	-1.0628e-08	-1.0705e-08	-1.0921e-08	-1.0965e-08	-1.0712e-08	-1.0715e-08	-1.0721e-08	-1.0797e-08	-1.0901e-08	-1.1028e-08	-1.1259e-08	-1.1135e-08	-1.0958e-08	-1.1273e-08	-1.1716e-08	-1.1732e-08	-1.169e-08	-1.1739e-08	-1.1314e-08	-1.1142e-08	-1.1115e-08	-1.1274e-08	-1.1077e-08	-1.0352e-08
-2.8876e-09	-3.0332e-09	-3.0293e-09	-3.5128e-09	-4.005e-09	-4.0988e-09	-4.07e-09	-4.7055e-09	-5.791e-09	-6.1121e-09	-6.5952e-09	-7.3916e-09	-7.5422e-09	-7.6998e-09	-7.9857e-09	-7.7273e-09	-5.5961e-09	-1.8663e-10	7.4487e-09	1.6527e-08	2.638e-08	3.6476e-08	4.6798e-08	5.7294e-08	6.7662e-08	7.733e-08	8.5837e-08	9.5028e-08	1.0256e-07	1.0969e-07	1.1557e-07	1.1867e-07	1.196e-07	1.1854e-07	1.1718e-07	1.1836e-07	1.1894e-07	1.1523e-07	1.0799e-07	9.8961e-08	8.9073e-08	7.8808e-08	6.7519e-08	5.6601e-08	4.5856e-08	3.5027e-08	2.4148e-08	1.3177e-08	3.5548e-09	-3.4638e-09	-7.5006e-09	-9.4886e-09	-1.0194e-08	-1.0794e-08	-1.0907e-08	-1.0978e-08	-1.1178e-08	-1.1191e-08	-1.0888e-08	-1.0852e-08	-1.0882e-08	-1.1033e-08	-1.1059e-08	-1.1218e-08	-1.1496e-08	-1.1424e-08	-1.1256e-08	-1.151e-08	-1.1883e-08	-1.1869e-08	-1.1886e-08	-1.1909e-08	-1.1534e-08	-1.1247e-08	-1.1247e-08	-1.1411e-08	-1.1161e-08	-1.0441e-08
-2.7318e-09	-2.7641e-09	-2.6805e-09	-3.1905e-09	-3.674e-09	-3.7443e-09	-3.7526e-09	-4.3467e-09	-5.4444e-09	-5.7967e-09	-6.3652e-09	-7.2335e-09	-7.3739e-09	-7.5464e-09	-7.8909e-09	-7.5695e-09	-5.1222e-09	6.0093e-10	8.3984e-09	1.7591e-08	2.7488e-08	3.7595e-08	4.7948e-08	5.8478e-08	6.894e-08	7.8615e-08	8.708e-08	9.6259e-08	1.0369e-07	1.1059e-07	1.1621e-07	1.1912e-07	1.1973e-07	1.1831e-07	1.1702e-07	1.1827e-07	1.1871e-07	1.1482e-07	1.0751e-07	9.8498e-08	8.8534e-08	7.8171e-08	6.6792e-08	5.5903e-08	4.5079e-08	3.4194e-08	2.3288e-08	1.2297e-08	2.6881e-09	-4.1535e-09	-8.0373e-09	-9.9485e-09	-1.0604e-08	-1.1129e-08	-1.1193e-08	-1.1261e-08	-1.1446e-08	-1.1438e-08	-1.1094e-08	-1.1019e-08	-1.1059e-08	-1.127e-08	-1.121e-08	-1.1397e-08	-1.1728e-08	-1.1723e-08	-1.1567e-08	-1.175e-08	-1.2038e-08	-1.1995e-08	-1.2074e-08	-1.2072e-08	-1.1758e-08	-1.1378e-08	-1.1399e-08	-1.1556e-08	-1.1252e-08	-1.056e-08
-2.6846e-09	-2.6167e-09	-2.4896e-09	-3.0409e-09	-3.4613e-09	-3.4796e-09	-3.5353e-09	-4.0518e-09	-5.0946e-09	-5.4536e-09	-6.0895e-09	-6.9947e-09	-7.1384e-09	-7.3252e-09	-7.7436e-09	-7.3558e-09	-4.581e-09	1.4216e-09	9.3749e-09	1.8679e-08	2.8613e-08	3.8734e-08	4.9126e-08	5.9683e-08	7.021e-08	7.9882e-08	8.8317e-08	9.7476e-08	1.048e-07	1.1144e-07	1.1679e-07	1.1953e-07	1.1983e-07	1.1806e-07	1.1684e-07	1.1813e-07	1.184e-07	1.1434e-07	1.0698e-07	9.7997e-08	8.7951e-08	7.748e-08	6.6022e-08	5.5165e-08	4.4263e-08	3.3331e-08	2.2399e-08	1.1397e-08	1.8051e-09	-4.851e-09	-8.5777e-09	-1.041e-08	-1.1028e-08	-1.1467e-08	-1.1479e-08	-1.1548e-08	-1.172e-08	-1.1699e-08	-1.1326e-08	-1.1219e-08	-1.1256e-08	-1.1509e-08	-1.1372e-08	-1.1582e-08	-1.1967e-08	-1.2031e-08	-1.1885e-08	-1.1991e-08	-1.2191e-08	-1.2126e-08	-1.2259e-08	-1.2233e-08	-1.1984e-08	-1.1543e-08	-1.1577e-08	-1.1709e-08	-1.1356e-08	-1.0718e-08
-2.7301e-09	-2.576e-09	-2.4357e-09	-3.0336e-09	-3.3528e-09	-3.2984e-09	-3.4018e-09	-3.8154e-09	-4.7546e-09	-5.1012e-09	-5.7874e-09	-6.7003e-09	-6.8613e-09	-7.0628e-09	-7.5589e-09	-7.0904e-09	-3.9803e-09	2.2743e-09	1.038e-08	1.9791e-08	2.976e-08	3.9898e-08	5.0333e-08	6.091e-08	7.1471e-08	8.1126e-08	8.9534e-08	9.8666e-08	1.0588e-07	1.1226e-07	1.1735e-07	1.1994e-07	1.1993e-07	1.1784e-07	1.1671e-07	1.1799e-07	1.1805e-07	1.1383e-07	1.0641e-07	9.7457e-08	8.7324e-08	7.6744e-08	6.5219e-08	5.4392e-08	4.3423e-08	3.2456e-08	2.1505e-08	1.0502e-08	9.3625e-10	-5.5276e-09	-9.0977e-09	-1.0852e-08	-1.1448e-08	-1.1796e-08	-1.1758e-08	-1.183e-08	-1.1995e-08	-1.1699e-08	-1.1581e-08	-1.1456e-08	-1.1477e-08	-1.1749e-08	-1.1562e-08	-1.1789e-08	-1.222e-08	-1.2344e-08	-1.2204e-08	-1.2235e-08	-1.2354e-08	-1.2278e-08	-1.2441e-08	-1.2399e-08	-1.2208e-08	-1.1751e-08	-1.1784e-08	-1.1872e-08	-1.1479e-08	-1.0924e-08
-2.8521e-09	-2.6267e-09	-2.4977e-09	-3.1383e-09	-3.3343e-09	-3.1946e-09	-3.3361e-09	-3.6323e-09	-4.4376e-09	-4.7575e-09	-5.478e-09	-6.3752e-09	-6.5685e-09	-6.786e-09	-7.3515e-09	-6.7774e-09	-3.3278e-09	3.1582e-09	1.1415e-08	2.0928e-08	3.0929e-08	4.109e-08	5.1571e-08	6.2158e-08	7.2721e-08	8.2337e-08	9.072e-08	9.9816e-08	1.0693e-07	1.1307e-07	1.1791e-07	1.2035e-07	1.2006e-07	1.1773e-07	1.1672e-07	1.1793e-07	1.1772e-07	1.133e-07	1.0582e-07	9.6873e-08	8.6655e-08	7.5974e-08	6.4392e-08	5.3589e-08	4.2574e-08	3.1591e-08	2.0627e-08	9.6356e-09	1.1243e-10	-6.1546e-09	-9.5733e-09	-1.1255e-08	-1.1845e-08	-1.2103e-08	-1.202e-08	-1.2101e-08	-1.2264e-08	-1.1967e-08	-1.1855e-08	-1.1735e-08	-1.1726e-08	-1.1988e-08	-1.1797e-08	-1.2035e-08	-1.2498e-08	-1.2661e-08	-1.2521e-08	-1.248e-08	-1.2538e-08	-1.2467e-08	-1.2625e-08	-1.2577e-08	-1.2428e-08	-1.2002e-08	-1.202e-08	-1.2044e-08	-1.1622e-08	-1.1181e-08
-3.0345e-09	-2.7538e-09	-2.6547e-09	-3.3246e-09	-3.3917e-09	-3.1617e-09	-3.3217e-09	-3.4974e-09	-4.1566e-09	-4.441e-09	-5.1806e-09	-6.0447e-09	-6.2857e-09	-6.5213e-09	-7.1365e-09	-6.4209e-09	-2.6315e-09	4.0724e-09	1.2482e-08	2.2089e-08	3.2125e-08	4.2313e-08	5.2841e-08	6.3429e-08	7.396e-08	8.351e-08	9.1864e-08	1.0091e-07	1.0795e-07	1.1387e-07	1.1847e-07	1.2077e-07	1.2024e-07	1.1778e-07	1.1693e-07	1.1802e-07	1.1746e-07	1.1279e-07	1.052e-07	9.6245e-08	8.5947e-08	7.5177e-08	6.355e-08	5.2764e-08	4.1728e-08	3.0756e-08	1.9787e-08	8.8207e-09	-6.3612e-10	-6.7038e-09	-9.981e-09	-1.1598e-08	-1.2202e-08	-1.2377e-08	-1.2259e-08	-1.2352e-08	-1.2524e-08	-1.2233e-08	-1.2145e-08	-1.2054e-08	-1.2003e-08	-1.2229e-08	-1.2083e-08	-1.2325e-08	-1.2802e-08	-1.298e-08	-1.2831e-08	-1.2729e-08	-1.2749e-08	-1.2698e-08	-1.2812e-08	-1.2771e-08	-1.2645e-08	-1.229e-08	-1.2279e-08	-1.2227e-08	-1.1788e-08	-1.148e-08
-3.2611e-09	-2.9419e-09	-2.8857e-09	-3.5621e-09	-3.5107e-09	-3.1934e-09	-3.3424e-09	-3.4053e-09	-3.9248e-09	-4.1698e-09	-4.9144e-09	-5.7338e-09	-6.0386e-09	-6.2952e-09	-6.9287e-09	-6.0251e-09	-1.899e-09	5.0159e-09	1.3582e-08	2.3274e-08	3.3348e-08	4.357e-08	5.4143e-08	6.4722e-08	7.5185e-08	8.4636e-08	9.2954e-08	1.0194e-07	1.0893e-07	1.1468e-07	1.1908e-07	1.2121e-07	1.2049e-07	1.1804e-07	1.1741e-07	1.1833e-07	1.1733e-07	1.1233e-07	1.0459e-07	9.5569e-08	8.5199e-08	7.4365e-08	6.27e-08	5.192e-08	4.0895e-08	2.9958e-08	1.8995e-08	8.0671e-09	-1.2975e-09	-7.1664e-09	-1.0315e-08	-1.1877e-08	-1.2512e-08	-1.2616e-08	-1.2474e-08	-1.2584e-08	-1.2774e-08	-1.2495e-08	-1.2449e-08	-1.2402e-08	-1.2304e-08	-1.2472e-08	-1.241e-08	-1.265e-08	-1.3124e-08	-1.3298e-08	-1.3133e-08	-1.2981e-08	-1.2985e-08	-1.2967e-08	-1.3009e-08	-1.2983e-08	-1.2864e-08	-1.2608e-08	-1.2554e-08	-1.2554e-08	-1.2421e-08	-1.1976e-08
-3.516e-09	-3.1759e-09	-3.1696e-09	-3.8205e-09	-3.6772e-09	-3.2835e-09	-3.382e-09	-3.3508e-09	-3.7552e-09	-3.9621e-09	-4.6987e-09	-5.4675e-09	-5.8526e-09	-6.1342e-09	-6.7428e-09	-5.594e-09	-1.1381e-09	5.9877e-09	1.4717e-08	2.4484e-08	3.4602e-08	4.4866e-08	5.5478e-08	6.6037e-08	7.6396e-08	8.571e-08	9.3978e-08	1.0291e-07	1.0987e-07	1.1551e-07	1.1973e-07	1.2168e-07	1.2082e-07	1.1854e-07	1.1818e-07	1.1887e-07	1.1733e-07	1.1192e-07	1.0397e-07	9.4849e-08	9.4849e-08	8.4418e-08	7.2722e-08	6.1848e-08	5.1065e-08	4.0074e-08	2.9191e-08	1.8243e-08	7.3655e-09	-1.8851e-09	-7.5603e-09	-1.0592e-08	-1.211e-08	-1.2789e-08	-1.2834e-08	-1.2678e-08	-1.2806e-08	-1.3022e-08	-1.3026e-08	-1.2765e-08	-1.2769e-08	-1.2623e-08	-1.2721e-08	-1.2766e-08	-1.2998e-08	-1.3454e-08	-1.361e-08	-1.3429e-08	-1.3239e-08	-1.3245e-08	-1.3268e-08	-1.3223e-08	-1.3214e-08	-1.3335e-08	-1.2946e-08	-1.2841e-08	-1.2628e-08	-1.2187e-08
-3.7831e-09	-3.4408e-09	-3.4857e-09	-4.0698e-09	-3.8771e-09	-3.4256e-09	-3.4256e-09	-3.4244e-09	-3.3289e-09	-3.6607e-09	-3.8361e-09	-4.5523e-09	-5.1552e-09	-5.7406e-09	-6.0493e-09	-6.5833e-09	-5.1292e-09	-3.5221e-10	6.9874e-09	1.5885e-08	2.5716e-08	3.5885e-08	4.6197e-08	5.6843e-08	6.7371e-08	7.7591e-08	8.673e-08	9.5841e-08	1.0382e-07	1.1077e-07	1.1636e-07	1.2042e-07	1.2217e-07	1.2121e-07	1.1921e-07	1.1915e-07	1.1958e-07	1.1743e-07	1.1156e-07	1.0336e-07	9.4097e-08	8.3614e-08	7.1901e-08	6.0998e-08	5.0204e-08	3.9262e-08	2.8446e-08	1.752e-08	6.7054e-09	-2.4142e-09	-7.9055e-09	-1.0834e-08	-1.2314e-08	-1.3044e-08	-1.3046e-08	-1.2885e-08	-1.3027e-08	-1.3274e-08	-1.3305e-08	-1.3093e-08	-1.3145e-08	-1.2953e-08	-1.2977e-08	-1.314e-08	-1.3359e-08	-1.3785e-08	-1.3914e-08	-1.3716e-08	-1.3503e-08	-1.3526e-08	-1.3593e-08	-1.3458e-08	-1.3465e-08	-1.3599e-08	-1.3298e-08	-1.3131e-08	-1.2847e-08	-1.242e-08
-4.1396e-09	-4.0524e-09	-3.7255e-09	-3.8193e-09	-4.2952e-09	-4.1007e-09	-3.614e-09	-3.4659e-09	-3.338e-09	-3.6451e-09	-3.7988e-09	-4.4843e-09	-5.1152e-09	-5.6982e-09	-6.0308e-09	-6.4404e-09	-4.629e-09	4.6146e-10	8.0151e-09	1.7081e-08	2.6965e-08	3.7187e-08	4.755e-08	5.8223e-08	6.8713e-08	7.8769e-08	8.7708e-08	9.6708e-08	1.0469e-07	1.1166e-07	1.1722e-07	1.2112e-07	1.2266e-07	1.2163e-07	1.1998e-07	1.2023e-07	1.2038e-07	1.1759e-07	1.1123e-07	1.0275e-07	9.3325e-08	8.2799e-08	7.1086e-08	6.0156e-08	4.9343e-08	3.8459e-08	2.7713e-08	1.6817e-08	6.0761e-09	-2.8999e-09	-8.2218e-09	-1.1059e-08	-1.251e-08	-1.3293e-08	-1.3267e-08	-1.3107e-08	-1.3258e-08	-1.3539e-08	-1.3601e-08	-1.3429e-08	-1.352e-08	-1.329e-08	-1.3243e-08	-1.352e-08	-1.372e-08	-1.4106e-08	-1.4206e-08	-1.3996e-08	-1.3775e-08	-1.3826e-08	-1.3938e-08	-1.3721e-08	-1.3739e-08	-1.3891e-08	-1.3656e-08	-1.342e-08	-1.308e-08	-1.2677e-08
-4.4341e-09	-4.3222e-09	-4.0247e-09	-4.1641e-09	-4.5033e-09	-4.3443e-09	-3.8438e-09	-3.5195e-09	-3.382e-09	-3.6999e-09	-3.8429e-09	-4.4892e-09	-5.1434e-09	-5.7194e-09	-6.0676e-09	-6.3036e-09	-4.0914e-09	1.306e-09	9.0712e-09	1.8298e-08	2.8226e-08	3.8499e-08	4.8913e-08	5.9607e-08	7.0051e-08	7.9928e-08	8.8654e-08	9.7553e-08	1.0553e-07	1.1253e-07	1.1808e-07	1.2182e-07	1.2315e-07	1.2205e-07	1.2079e-07	1.2134e-07	1.2119e-07	1.1777e-07	1.109e-07	1.0215e-07	9.2546e-08	8.1982e-08	7.0284e-08	5.9327e-08	4.8487e-08	3.7663e-08	2.6984e-08	1.6124e-08	5.467e-09	-3.3575e-09	-8.529e-09	-1.1288e-08	-1.2715e-08	-1.3548e-08	-1.3511e-08	-1.3358e-08	-1.3509e-08	-1.3823e-08	-1.3918e-08	-1.3773e-08	-1.3881e-08	-1.3627e-08	-1.3521e-08	-1.3896e-08	-1.4072e-08	-1.441e-08	-1.4483e-08	-1.4267e-08	-1.4056e-08	-1.4143e-08	-1.4294e-08	-1.4017e-08	-1.4035e-08	-1.4216e-08	-1.4011e-08	-1.3702e-08	-1.3326e-08	-1.2957e-08
-4.718e-09	-4.5914e-09	-4.3335e-09	-4.5145e-09	-4.7023e-09	-4.6049e-09	-4.1101e-09	-3.5994e-09	-3.4649e-09	-3.8156e-09	-3.9597e-09	-4.5608e-09	-5.2329e-09	-5.7985e-09	-6.1485e-09	-6.1623e-09	-3.5142e-09	2.1846e-09	1.0156e-08	1.9531e-08	2.9494e-08	3.9814e-08	5.027e-08	6.0981e-08	7.1376e-08	8.1067e-08	8.9578e-08	9.8389e-08	1.0637e-07	1.1339e-07	1.1893e-07	1.225e-07	1.2361e-07	1.2245e-07	1.2156e-07	1.2238e-07	1.2194e-07	1.1792e-07	1.1058e-07	1.0155e-07	9.1771e-08	8.1175e-08	7.0284e-08	5.8516e-08	4.7643e-08	3.6872e-08	2.6249e-08	1.5431e-08	4.8676e-09	-3.8022e-09	-8.8471e-09	-1.1541e-08	-1.2949e-08	-1.3823e-08	-1.3794e-08	-1.3651e-08	-1.3791e-08	-1.4136e-08	-1.4261e-08	-1.4123e-08	-1.422e-08	-1.3959e-08	-1.3814e-08	-1.4255e-08	-1.4403e-08	-1.4687e-08	-1.4741e-08	-1.4529e-08	-1.4347e-08	-1.4475e-08	-1.4657e-08	-1.4352e-08	-1.4357e-08	-1.4576e-08	-1.4355e-08	-1.3968e-08	-1.3585e-08	-1.3258e-08
-4.9901e-09	-4.859e-09	-4.6469e-09	-4.865e-09	-4.9001e-09	-4.8791e-09	-4.4082e-09	-3.7198e-09	-3.5908e-09	-3.9826e-09	-4.1405e-09	-4.6928e-09	-5.3763e-09	-5.9298e-09	-6.2623e-09	-6.0058e-09	-2.8954e-09	3.1002e-09	1.1269e-08	2.0772e-08	3.0764e-08	4.1121e-08	5.161e-08	6.2332e-08	7.2676e-08	8.2184e-08	9.0493e-08	9.9232e-08	1.0722e-07	1.1425e-07	1.1977e-07	1.2316e-07	1.2405e-07	1.228e-07	1.2224e-07	1.2327e-07	1.2256e-07	1.18e-07	1.1024e-07	1.0096e-07	9.1014e-08	8.0389e-08	6.9499e-08	5.7727e-08	4.6817e-08	3.6085e-08	2.5501e-08	1.4728e-08	4.2673e-09	-4.2492e-09	-9.196e-09	-1.1838e-08	-1.323e-08	-1.4131e-08	-1.413e-08	-1.3998e-08	-1.4112e-08	-1.4484e-08	-1.4631e-08	-1.4474e-08	-1.4527e-08	-1.4278e-08	-1.4121e-08	-1.4587e-08	-1.4703e-08	-1.4929e-08	-1.4977e-08	-1.478e-08	-1.4647e-08	-1.4817e-08	-1.5017e-08	-1.4727e-08	-1.47e-08	-1.4946e-08	-1.4674e-08	-1.4209e-08	-1.3842e-08	-1.3565e-08
-5.2496e-09	-5.1237e-09	-4.9602e-09	-5.2099e-09	-5.1048e-09	-5.1638e-09	-4.7331e-09	-3.895e-09	-3.7639e-09	-4.1914e-09	-4.3768e-09	-4.879e-09	-5.5665e-09	-6.1074e-09	-6.3978e-09	-5.8234e-09	-2.2331e-09	4.0561e-09	1.2412e-08	2.2017e-08	3.203e-08	4.2412e-08	5.2919e-08	6.3647e-08	7.3939e-08	8.3278e-08	9.1408e-08	1.001e-07	1.0808e-07	1.1513e-07	1.2059e-07	1.2377e-07	1.2444e-07	1.2308e-07	1.2274e-07	1.2391e-07	1.2297e-07	1.1797e-07	1.0987e-07	1.0038e-07	9.0286e-08	7.9634e-08	6.8735e-08	5.6967e-08	4.6015e-08	3.5304e-08	2.4735e-08	1.401e-08	3.6593e-09	-4.709e-09	-9.5886e-09	-1.219e-08	-1.3569e-08	-1.4479e-08	-1.4526e-08	-1.4407e-08	-1.4478e-08	-1.487e-08	-1.5007e-08	-1.4813e-08	-1.4796e-08	-1.4578e-08	-1.443e-08	-1.4886e-08	-1.4966e-08	-1.5131e-08	-1.5182e-08	-1.5012e-08	-1.4939e-08	-1.5148e-08	-1.5354e-08	-1.5115e-08	-1.5043e-08	-1.5293e-08	-1.495e-08	-1.4414e-08	-1.4081e-08	-1.3857e-08
-5.4953e-09	-5.3846e-09	-5.2682e-09	-5.5438e-09	-5.3245e-09	-5.4558e-09	-5.08e-09	-4.1391e-09	-3.9883e-09	-4.4325e-09	-4.66e-09	-5.1132e-09	-5.7964e-09	-6.3257e-09	-6.544e-09	-5.6046e-09	-1.5252e-09	5.0554e-09	1.3584e-08	2.3259e-08	3.3288e-08	4.3677e-08	5.4184e-08	6.4913e-08	7.5156e-08	8.4349e-08	9.2335e-08	1.01e-07	1.0898e-07	1.1602e-07	1.2139e-07	1.2432e-07	1.2479e-07	1.2326e-07	1.2304e-07	1.2426e-07	1.2311e-07	1.1781e-07	1.0945e-07	9.9813e-08	8.9598e-08	7.8921e-08	6.7999e-08	5.6247e-08	4.5251e-08	3.4544e-08	2.3968e-08	1.3291e-08	3.0526e-09	-5.1726e-09	-1.0009e-08	-1.2577e-08	-1.3944e-08	-1.4846e-08	-1.4957e-08	-1.485e-08	-1.4867e-08	-1.5271e-08	-1.5365e-08	-1.5123e-08	-1.5022e-08	-1.4846e-08	-1.4726e-08	-1.5146e-08	-1.5187e-08	-1.5289e-08	-1.5349e-08	-1.5211e-08	-1.5204e-08	-1.5445e-08	-1.5648e-08	-1.5483e-08	-1.5356e-08	-1.5589e-08	-1.5169e-08	-1.4572e-08	-1.4285e-08	-1.4117e-08
-5.7261e-09	-5.6404e-09	-5.5662e-09	-5.8608e-09	-5.5672e-09	-5.7519e-09	-5.444e-09	-4.4664e-09	-4.2681e-09	-4.6964e-09	-4.9814e-09	-5.3889e-09	-6.0577e-09	-6.5766e-09	-6.6879e-09	-5.3386e-09	-7.6926e-10	6.1006e-09	1.4785e-08	2.4494e-08	3.4534e-08	4.4913e-08	5.5397e-08	6.6123e-08	7.632e-08	8.5395e-08	9.3283e-08	1.0194e-07	1.0992e-07	1.1693e-07	1.2217e-07	1.2483e-07	1.2508e-07	1.2338e-07	1.2315e-07	1.2434e-07	1.2303e-07	1.1752e-07	1.0901e-07	9.9261e-08	8.8956e-08	7.8254e-08	6.73e-08	5.5578e-08	4.4541e-08	3.3824e-08	2.3224e-08	1.2588e-08	2.4607e-09	-5.6254e-09	-1.0434e-08	-1.2972e-08	-1.4323e-08	-1.5203e-08	-1.5387e-08	-1.5294e-08	-1.5253e-08	-1.5659e-08	-1.568e-08	-1.5386e-08	-1.5202e-08	-1.5074e-08	-1.4996e-08	-1.536e-08	-1.5359e-08	-1.5401e-08	-1.547e-08	-1.5366e-08	-1.5423e-08	-1.5684e-08	-1.5876e-08	-1.58e-08	-1.5614e-08	-1.58e-08	-1.5315e-08	-1.4673e-08	-1.4437e-08	-1.4325e-08
-5.9402e-09	-5.8883e-09	-5.8485e-09	-6.1555e-09	-5.8371e-09	-6.0475e-09	-5.8182e-09	-4.8831e-09	-4.6032e-09	-4.9738e-09	-5.3312e-09	-5.6982e-09	-6.337e-09	-6.8434e-09	-6.8106e-09	-5.0142e-09	3.8526e-11	7.1926e-09	1.6017e-08	2.5729e-08	3.5777e-08	4.613e-08	5.6575e-08	6.7293e-08	7.7444e-08	8.6428e-08	9.4257e-08	1.0292e-07	1.109e-07	1.1786e-07	1.2294e-07	1.253e-07	1.2534e-07	1.2344e-07	1.2315e-07	1.2423e-07	1.2278e-07	1.1715e-07	1.0855e-07	9.8734e-08	8.8363e-08	7.7637e-08	6.6647e-08	5.4972e-08	4.3901e-08	3.3162e-08	2.2525e-08	1.192e-08	1.897e-09	-6.0532e-09	-1.084e-08	-1.3344e-08	-1.4674e-08	-1.5521e-08	-1.5781e-08	-1.5703e-08	-1.5609e-08	-1.6006e-08	-1.5925e-08	-1.5585e-08	-1.533e-08	-1.5252e-08	-1.5224e-08	-1.5524e-08	-1.5479e-08	-1.5461e-08	-1.5535e-08	-1.5466e-08	-1.5575e-08	-1.5841e-08	-1.6016e-08	-1.6032e-08	-1.5788e-08	-1.5896e-08	-1.5371e-08	-1.4705e-08	-1.4521e-08	-1.4462e-08
-6.1316e-09	-6.118e-09	-6.1062e-09	-6.4215e-09	-6.1217e-09	-6.3325e-09	-6.1871e-09	-5.3614e-09	-4.9762e-09	-5.2566e-09	-5.6939e-09	-6.0253e-09	-6.6195e-09	-7.1067e-09	-6.891e-09	-4.6202e-09	9.0239e-10	8.3314e-09	1.728e-08	2.6973e-08	3.7028e-08	4.7345e-08	5.7742e-08	6.8445e-08	7.855e-08	8.7457e-08	9.5258e-08	1.0395e-07	1.1192e-07	1.1881e-07	1.237e-07	1.2575e-07	1.2558e-07	1.2349e-07	1.2309e-07	1.2402e-07	1.2241e-07	1.1672e-07	1.0808e-07	9.824e-08	8.7821e-08	7.7076e-08	6.605e-08	5.444e-08	4.3345e-08	3.2577e-08	2.1895e-08	1.1305e-08	1.3748e-09	-6.4415e-09	-1.1204e-08	-1.3666e-08	-1.4967e-08	-1.5771e-08	-1.6104e-08	-1.6043e-08	-1.5907e-08	-1.6283e-08	-1.6076e-08	-1.5705e-08	-1.5403e-08	-1.5369e-08	-1.5394e-08	-1.5632e-08	-1.5541e-08	-1.5467e-08	-1.5538e-08	-1.55e-08	-1.5642e-08	-1.5891e-08	-1.6045e-08	-1.6147e-08	-1.585e-08	-1.5845e-08	-1.5323e-08	-1.4658e-08	-1.452e-08	-1.451e-08
-6.2932e-09	-6.3172e-09	-6.3298e-09	-6.6526e-09	-6.404e-09	-6.595e-09	-6.5327e-09	-5.8647e-09	-5.3647e-09	-5.5369e-09	-6.0527e-09	-6.3523e-09	-6.8907e-09	-7.3472e-09	-6.9084e-09	-4.1452e-09	1.8266e-09	9.5172e-09	1.8574e-08	2.8235e-08	3.8297e-08	4.8574e-08	5.8921e-08	6.9604e-08	7.9656e-08	8.8496e-08	9.6292e-08	1.0503e-07	1.1297e-07	1.1979e-07	1.2446e-07	1.2619e-07	1.2579e-07	1.2355e-07	1.2303e-07	1.2376e-07	1.2199e-07	1.1627e-07	1.0763e-07	9.7786e-08	8.7335e-08	7.6574e-08	6.552e-08	5.3995e-08	4.2889e-08	3.2089e-08	2.1357e-08	1.0763e-08	9.0751e-10	-6.7759e-09	-1.1502e-08	-1.3908e-08	-1.517e-08	-1.5925e-08	-1.6321e-08	-1.6279e-08	-1.612e-08	-1.6461e-08	-1.6106e-08	-1.5727e-08	-1.5416e-08	-1.5417e-08	-1.5494e-08	-1.5677e-08	-1.554e-08	-1.5415e-08	-1.5469e-08	-1.5455e-08	-1.5603e-08	-1.5812e-08	-1.5943e-08	-1.6112e-08	-1.5773e-08	-1.5619e-08	-1.5154e-08	-1.4521e-08	-1.4419e-08	-1.4451e-08
-6.418e-09	-6.4736e-09	-6.5097e-09	-6.8424e-09	-6.6673e-09	-6.8234e-09	-6.8371e-09	-6.3561e-09	-5.7467e-09	-5.8069e-09	-6.3905e-09	-6.6615e-09	-7.1357e-09	-7.5457e-09	-6.8418e-09	-3.5781e-09	2.8153e-09	1.075e-08	1.9902e-08	2.9525e-08	3.9596e-08	4.9834e-08	6.0134e-08	7.079e-08	8.0782e-08	8.9556e-08	9.7359e-08	1.0503e-07	1.1407e-07	1.2078e-07	1.2523e-07	1.2664e-07	1.26e-07	1.2364e-07	1.2302e-07	1.2353e-07	1.2157e-07	1.1582e-07	1.0721e-07	9.7381e-08	8.6907e-08	7.6135e-08	6.5065e-08	5.3647e-08	4.2548e-08	3.1715e-08	2.0934e-08	1.031e-08	5.0849e-10	-7.042e-09	-1.171e-08	-1.4042e-08	-1.5252e-08	-1.5954e-08	-1.6397e-08	-1.6378e-08	-1.6222e-08	-1.6513e-08	-1.5994e-08	-1.5636e-08	-1.5365e-08	-1.5385e-08	-1.5508e-08	-1.5655e-08	-1.5471e-08	-1.5301e-08	-1.5322e-08	-1.5321e-08	-1.5441e-08	-1.5581e-08	-1.5689e-08	-1.5897e-08	-1.5531e-08	-1.5228e-08	-1.4872e-08	-1.43e-08	-1.422e-08	-1.4287e-08
-6.4991e-09	-6.575e-09	-6.6363e-09	-6.9845e-09	-6.8945e-09	-7.0059e-09	-7.0825e-09	-6.7991e-09	-6.0998e-09	-6.0586e-09	-6.6906e-09	-6.9352e-09	-7.34e-09	-7.6828e-09	-6.6704e-09	-2.9075e-09	3.8728e-09	1.2031e-08	2.1263e-08	3.0852e-08	4.0935e-08	5.1142e-08	6.1407e-08	7.2029e-08	8.1947e-08	9.0648e-08	9.8463e-08	1.0617e-07	1.1522e-07	1.218e-07	1.26e-07	1.271e-07	1.262e-07	1.238e-07	1.2314e-07	1.234e-07	1.2121e-07	1.154e-07	1.0684e-07	9.7032e-08	8.6541e-08	7.5763e-08	6.4696e-08	5.3408e-08	4.2336e-08	3.1474e-08	2.0647e-08	9.9634e-09	1.9003e-10	-7.2264e-09	-1.1806e-08	-1.4041e-08	-1.5183e-08	-1.5831e-08	-1.6299e-08	-1.6306e-08	-1.6186e-08	-1.6412e-08	-1.5746e-08	-1.5438e-08	-1.5253e-08	-1.5278e-08	-1.5439e-08	-1.5569e-08	-1.5338e-08	-1.5129e-08	-1.5101e-08	-1.5104e-08	-1.5164e-08	-1.5211e-08	-1.5296e-08	-1.5513e-08	-1.5134e-08	-1.4709e-08	-1.4502e-08	-1.4011e-08	-1.3944e-08	-1.4037e-08
-6.5293e-09	-6.609e-09	-6.7e-09	-7.0728e-09	-7.0688e-09	-7.1308e-09	-7.2509e-09	-7.1568e-09	-6.4018e-09	-6.2841e-09	-6.936e-09	-7.1554e-09	-7.4889e-09	-7.7393e-09	-6.3732e-09	-2.1221e-09	5.0033e-09	1.3359e-08	2.2658e-08	3.2226e-08	4.2326e-08	5.2513e-08	6.2761e-08	7.3341e-08	8.3171e-08	9.1784e-08	9.9606e-08	1.0737e-07	1.164e-07	1.2284e-07	1.2678e-07	1.2759e-07	1.2642e-07	1.2404e-07	1.2343e-07	1.2345e-07	1.2097e-07	1.1506e-07	1.0653e-07	9.6745e-08	8.6239e-08	7.5462e-08	6.4422e-08	5.3261e-08	4.2235e-08	3.1349e-08	2.0482e-08	9.7145e-09	-5.2996e-11	-7.3327e-09	-1.1795e-08	-1.391e-08	-1.4969e-08	-1.5564e-08	-1.6034e-08	-1.607e-08	-1.6016e-08	-1.6165e-08	-1.5396e-08	-1.5156e-08	-1.5086e-08	-1.511e-08	-1.5302e-08	-1.5432e-08	-1.5154e-08	-1.4911e-08	-1.4825e-08	-1.4824e-08	-1.4803e-08	-1.4744e-08	-1.4803e-08	-1.5001e-08	-1.4619e-08	-1.4105e-08	-1.4066e-08	-1.3673e-08	-1.3609e-08	-1.372e-08
-6.5017e-09	-6.5635e-09	-6.6912e-09	-7.1008e-09	-7.1733e-09	-7.1863e-09	-7.3245e-09	-7.3925e-09	-6.6305e-09	-6.4757e-09	-7.1099e-09	-7.3043e-09	-7.5682e-09	-7.6966e-09	-5.9305e-09	-1.2114e-09	6.2107e-09	1.4734e-08	2.4089e-08	3.3655e-08	4.3779e-08	5.3963e-08	6.4219e-08	7.4749e-08	8.4472e-08	9.2975e-08	1.0079e-07	1.0862e-07	1.1763e-07	1.239e-07	1.2758e-07	1.2811e-07	1.2665e-07	1.2438e-07	1.239e-07	1.2369e-07	1.2085e-07	1.1478e-07	1.0626e-07	9.6508e-08	8.5987e-08	7.5217e-08	6.4227e-08	5.3169e-08	4.2204e-08	3.1299e-08	2.0398e-08	9.5322e-09	-2.398e-10	-2.398e-10	-7.3777e-09	-1.1697e-08	-1.368e-08	-1.4649e-08	-1.5189e-08	-1.5642e-08	-1.5705e-08	-1.5737e-08	-1.5362e-08	-1.4976e-08	-1.4812e-08	-1.4872e-08	-1.4894e-08	-1.5114e-08	-1.5254e-08	-1.493e-08	-1.4657e-08	-1.4509e-08	-1.4502e-08	-1.4387e-08	-1.4219e-08	-1.4251e-08	-1.4405e-08	-1.3387e-08	-1.3456e-08	-1.359e-08	-1.3302e-08	-1.3234e-08
-6.41e-09	-6.4272e-09	-6.6013e-09	-7.0628e-09	-7.1921e-09	-7.1616e-09	-7.2868e-09	-7.472e-09	-6.7651e-09	-6.6256e-09	-7.1963e-09	-7.3654e-09	-7.5747e-09	-7.5474e-09	-7.5474e-09	-5.3401e-09	-1.7796e-10	7.4933e-09	1.6156e-08	2.5556e-08	3.5141e-08	4.5294e-08	5.5493e-08	6.5779e-08	7.625e-08	8.5848e-08	9.4221e-08	1.0202e-07	1.1129e-07	1.1888e-07	1.2497e-07	1.2837e-07	1.2865e-07	1.269e-07	1.2481e-07	1.2451e-07	1.2406e-07	1.2082e-07	1.1456e-07	1.0603e-07	9.6293e-08	8.5759e-08	7.5003e-08	6.3948e-08	5.3097e-08	4.22e-08	3.1284e-08	2.0354e-08	9.3852e-09	-3.8999e-10	-7.3787e-09	-1.1538e-08	-1.3382e-08	-1.4257e-08	-1.4743e-08	-1.5163e-08	-1.5247e-08	-1.5374e-08	-1.4873e-08	-1.4522e-08	-1.4431e-08	-1.4619e-08	-1.4645e-08	-1.4891e-08	-1.5046e-08	-1.4679e-08	-1.4378e-08	-1.4172e-08	-1.4158e-08	-1.3947e-08	-1.3679e-08	-1.368e-08	-1.3769e-08	-1.2746e-08	-1.2802e-08	-1.3098e-08	-1.2917e-08	-1.2839e-08
-6.2598e-09	-6.2594e-09	-6.2092e-09	-6.4378e-09	-6.9625e-09	-7.1263e-09	-7.0609e-09	-7.145e-09	-7.3991e-09	-6.8056e-09	-6.732e-09	-7.1969e-09	-7.242e-09	-7.5136e-09	-7.2936e-09	-4.6143e-09	9.6547e-10	8.8447e-09	1.7623e-08	2.7058e-08	3.6681e-08	4.6868e-08	5.7091e-08	6.742e-08	7.782e-08	8.7278e-08	9.5509e-08	1.0328e-07	1.1266e-07	1.2015e-07	1.2603e-07	1.2916e-07	1.2919e-07	1.2718e-07	1.253e-07	1.2521e-07	1.2452e-07	1.2086e-07	1.1436e-07	1.0579e-07	9.6072e-08	8.5527e-08	7.4792e-08	6.3798e-08	5.3006e-08	4.218e-08	3.1261e-08	2.0307e-08	9.2423e-09	-5.2318e-10	-7.3531e-09	-1.1341e-08	-1.3049e-08	-1.3832e-08	-1.4263e-08	-1.4636e-08	-1.4735e-08	-1.4952e-08	-1.4371e-08	-1.4065e-08	-1.4034e-08	-1.4335e-08	-1.4377e-08	-1.4647e-08	-1.4822e-08	-1.4414e-08	-1.4084e-08	-1.3829e-08	-1.3812e-08	-1.3515e-08	-1.3166e-08	-1.313e-08	-1.3136e-08	-1.2139e-08	-1.2183e-08	-1.2614e-08	-1.2534e-08	-1.2443e-08
-6.2123e-09	-6.0644e-09	-5.9343e-09	-6.2215e-09	-6.8114e-09	-6.9903e-09	-6.9002e-09	-6.9256e-09	-7.2089e-09	-6.7693e-09	-6.797e-09	-7.127e-09	-7.0884e-09	-7.3904e-09	-6.937e-09	-3.7656e-09	2.2057e-09	1.0259e-08	1.9133e-08	2.8598e-08	3.8272e-08	4.8493e-08	5.8747e-08	6.912e-08	7.9438e-08	8.8743e-08	9.683e-08	1.0457e-07	1.1406e-07	1.2142e-07	1.2708e-07	1.2993e-07	1.2973e-07	1.2748e-07	1.2585e-07	1.2598e-07	1.2504e-07	1.2094e-07	1.1417e-07	1.0553e-07	9.5814e-08	8.5266e-08	7.4558e-08	6.3596e-08	5.286e-08	4.2101e-08	3.1188e-08	2.0217e-08	9.0722e-09	-6.5897e-10	-7.3182e-09	-1.113e-08	-1.2712e-08	-1.341e-08	-1.3785e-08	-1.4102e-08	-1.4203e-08	-1.4498e-08	-1.3889e-08	-1.3639e-08	-1.3646e-08	-1.4027e-08	-1.4103e-08	-1.4399e-08	-1.4591e-08	-1.4145e-08	-1.3786e-08	-1.3499e-08	-1.3484e-08	-1.3119e-08	-1.272e-08	-1.2642e-08	-1.255e-08	-1.1604e-08	-1.1641e-08	-1.2162e-08	-1.2171e-08	-1.2065e-08
-6.1464e-09	-5.8397e-09	-5.6279e-09	-5.9732e-09	-6.6211e-09	-6.7991e-09	-6.6961e-09	-6.6552e-09	-6.9372e-09	-6.6737e-09	-6.8232e-09	-7.0026e-09	-7.0884e-09	-7.2106e-09	-6.4799e-09	-2.8065e-09	3.5297e-09	1.1728e-08	2.0683e-08	3.0176e-08	3.9912e-08	5.0165e-08	6.0447e-08	7.0858e-08	8.1078e-08	9.0223e-08	9.8172e-08	1.0588e-07	1.1545e-07	1.2268e-07	1.281e-07	1.3066e-07	1.3025e-07	1.2782e-07	1.2645e-07	1.2676e-07	1.2557e-07	1.2102e-07	1.1397e-07	1.0523e-07	9.5493e-08	8.4947e-08	7.4272e-08	6.3311e-08	5.2621e-08	4.192e-08	3.1024e-08	2.004e-08	8.8438e-09	-8.1697e-10	-7.2913e-09	-1.0928e-08	-1.2402e-08	-1.3028e-08	-1.3348e-08	-1.36e-08	-1.369e-08	-1.4038e-08	-1.3461e-08	-1.3279e-08	-1.329e-08	-1.3702e-08	-1.3839e-08	-1.4164e-08	-1.4365e-08	-1.3885e-08	-1.3494e-08	-1.3197e-08	-1.3194e-08	-1.2792e-08	-1.2383e-08	-1.2255e-08	-1.2053e-08	-1.1604e-08	-1.1197e-08	-1.1757e-08	-1.1837e-08	-1.1717e-08
-6.0616e-09	-5.6002e-09	-5.3155e-09	-5.714e-09	-6.4031e-09	-6.5678e-09	-6.4651e-09	-6.3608e-09	-6.62e-09	-6.5365e-09	-6.8129e-09	-6.8394e-09	-6.8945e-09	-6.9797e-09	-5.9242e-09	-1.7497e-09	4.9242e-09	1.3248e-08	2.2272e-08	3.1791e-08	4.1595e-08	5.1878e-08	6.2182e-08	7.2612e-08	8.2719e-08	9.1698e-08	9.9524e-08	1.0721e-07	1.1682e-07	1.2392e-07	1.2908e-07	1.3135e-07	1.3074e-07	1.282e-07	1.2707e-07	1.2751e-07	1.2606e-07	1.2108e-07	1.1373e-07	1.0484e-07	9.5078e-08	8.4543e-08	7.3908e-08	6.2909e-08	5.2253e-08	4.1596e-08	3.0726e-08	1.9735e-08	8.5257e-09	-1.0168e-09	-7.2898e-09	-1.0758e-08	-1.2151e-08	-1.2722e-08	-1.2986e-08	-1.317e-08	-1.3232e-08	-1.3596e-08	-1.3106e-08	-1.3001e-08	-1.2977e-08	-1.3367e-08	-1.3591e-08	-1.3946e-08	-1.4149e-08	-1.3639e-08	-1.3215e-08	-1.2932e-08	-1.2952e-08	-1.2546e-08	-1.2173e-08	-1.1988e-08	-1.1669e-08	-1.1163e-08	-1.0832e-08	-1.1386e-08	-1.1525e-08	-1.1395e-08
-5.9574e-09	-5.3606e-09	-5.0224e-09	-5.4649e-09	-6.1692e-09	-6.3111e-09	-6.2235e-09	-6.0692e-09	-6.293e-09	-6.3752e-09	-6.7686e-09	-6.6535e-09	-6.676e-09	-6.7033e-09	-5.2721e-09	-6.0761e-10	6.3762e-09	1.481e-08	2.3899e-08	3.3445e-08	4.332e-08	5.3625e-08	6.3939e-08	7.4359e-08	8.4337e-08	9.3146e-08	1.0087e-07	1.0855e-07	1.1817e-07	1.2514e-07	1.3002e-07	1.32e-07	1.3118e-07	1.2862e-07	1.2771e-07	1.2821e-07	1.2648e-07	1.2109e-07	1.1344e-07	1.0436e-07	9.4543e-08	8.4029e-08	7.3439e-08	6.2374e-08	5.1737e-08	4.1106e-08	3.0273e-08	1.9279e-08	8.1004e-09	-1.2696e-09	-7.3231e-09	-1.0634e-08	-1.1975e-08	-1.2512e-08	-1.272e-08	-1.2835e-08	-1.2851e-08	-1.3189e-08	-1.2806e-08	-1.2783e-08	-1.2695e-08	-1.302e-08	-1.3349e-08	-1.3731e-08	-1.3926e-08	-1.3395e-08	-1.2939e-08	-1.2691e-08	-1.2739e-08	-1.2354e-08	-1.205e-08	-1.1804e-08	-1.1368e-08	-1.0793e-08	-1.0519e-08	-1.1035e-08	-1.1222e-08	-1.109e-08
-5.8336e-09	-5.1357e-09	-4.7739e-09	-5.2469e-09	-5.9308e-09	-6.0441e-09	-5.9879e-09	-5.8073e-09	-5.9921e-09	-6.2076e-09	-6.6928e-09	-6.4605e-09	-6.4484e-09	-6.3867e-09	-4.5256e-09	6.0707e-10	7.8725e-09	1.6409e-08	2.556e-08	3.5138e-08	4.5083e-08	5.5402e-08	6.5706e-08	7.6079e-08	8.5909e-08	9.4549e-08	1.0221e-07	1.099e-07	1.1948e-07	1.2631e-07	1.3091e-07	1.3258e-07	1.3158e-07	1.2908e-07	1.2836e-07	1.2882e-07	1.2679e-07	1.2103e-07	1.1309e-07	1.0376e-07	9.3875e-08	8.3394e-08	7.2853e-08	6.1732e-08	5.11e-08	4.0477e-08	2.9686e-08	1.8691e-08	7.5823e-09	-1.567e-09	-7.3828e-09	-1.0542e-08	-1.1855e-08	-1.2374e-08	-1.2526e-08	-1.2576e-08	-1.2534e-08	-1.2811e-08	-1.2541e-08	-1.2598e-08	-1.2428e-08	-1.2661e-08	-1.31e-08	-1.3499e-08	-1.3677e-08	-1.3139e-08	-1.2658e-08	-1.2457e-08	-1.2532e-08	-1.2185e-08	-1.1969e-08	-1.1663e-08	-1.1115e-08	-1.047e-08	-1.0232e-08	-1.0689e-08	-1.0919e-08	-1.0796e-08
-5.6897e-09	-4.9403e-09	-4.5956e-09	-5.081e-09	-5.6997e-09	-5.7818e-09	-5.7748e-09	-5.6019e-09	-5.7531e-09	-6.0513e-09	-6.5879e-09	-6.2764e-09	-6.2274e-09	-6.0316e-09	-3.6885e-09	1.8826e-09	9.4015e-09	1.8039e-08	2.7253e-08	3.6867e-08	4.6878e-08	5.72e-08	6.7476e-08	7.7759e-08	8.7422e-08	9.5898e-08	1.0354e-07	1.1125e-07	1.2076e-07	1.2745e-07	1.3174e-07	1.3311e-07	1.3193e-07	1.2957e-07	1.2902e-07	1.2934e-07	1.27e-07	1.209e-07	1.1268e-07	1.0308e-07	9.311e-08	8.2667e-08	7.2177e-08	6.1012e-08	5.0373e-08	3.9743e-08	2.8992e-08	1.7996e-08	6.9902e-09	-1.8979e-09	-7.4578e-09	-1.0466e-08	-1.1763e-08	-1.2276e-08	-1.2377e-08	-1.2366e-08	-1.2266e-08	-1.2452e-08	-1.2289e-08	-1.2418e-08	-1.2159e-08	-1.229e-08	-1.2832e-08	-1.3234e-08	-1.3386e-08	-1.2857e-08	-1.2361e-08	-1.2213e-08	-1.231e-08	-1.2006e-08	-1.1881e-08	-1.152e-08	-1.0873e-08	-1.0167e-08	-9.945e-09	-1.0332e-08	-1.0603e-08	-1.0506e-08
-5.5245e-09	-4.7808e-09	-4.4981e-09	-4.9762e-09	-5.4824e-09	-5.5335e-09	-5.5933e-09	-5.4661e-09	-5.5945e-09	-5.9151e-09	-6.4547e-09	-6.1094e-09	-6.0211e-09	-5.6308e-09	-2.7686e-09	3.2088e-09	1.0956e-08	1.9691e-08	2.897e-08	3.8625e-08	4.8696e-08	5.9013e-08	6.9245e-08	7.9406e-08	8.8892e-08	9.7208e-08	1.0485e-07	1.126e-07	1.22e-07	1.2855e-07	1.3253e-07	1.3361e-07	1.3225e-07	1.301e-07	1.2967e-07	1.298e-07	1.2713e-07	1.2072e-07	1.1224e-07	1.0236e-07	9.2288e-08	8.1884e-08	7.1439e-08	6.0246e-08	4.9589e-08	3.8938e-08	2.822e-08	1.7221e-08	6.343e-09	-2.2513e-09	-7.537e-09	-1.0389e-08	-1.1674e-08	-1.2188e-08	-1.2243e-08	-1.2181e-08	-1.2028e-08	-1.2102e-08	-1.203e-08	-1.2216e-08	-1.1872e-08	-1.1905e-08	-1.2532e-08	-1.2914e-08	-1.3032e-08	-1.2535e-08	-1.2039e-08	-1.1943e-08	-1.2048e-08	-1.1785e-08	-1.1741e-08	-1.1333e-08	-1.0608e-08	-9.8588e-09	-9.6315e-09	-9.9503e-09	-1.0264e-08	-1.0213e-08
-5.3353e-09	-4.6449e-09	-4.4585e-09	-4.9141e-09	-5.2744e-09	-5.296e-09	-5.435e-09	-5.3809e-09	-5.4942e-09	-5.7879e-09	-6.2907e-09	-5.9496e-09	-5.8195e-09	-5.1757e-09	-1.7745e-09	4.5758e-09	1.2528e-08	2.136e-08	3.0702e-08	4.0401e-08	5.0525e-08	6.083e-08	7.1012e-08	8.1033e-08	9.0335e-08	9.8501e-08	1.0617e-07	1.1396e-07	1.2323e-07	1.2962e-07	1.3329e-07	1.3408e-07	1.3255e-07	1.3064e-07	1.3033e-07	1.3021e-07	1.2719e-07	1.205e-07	1.1176e-07	1.0162e-07	9.1446e-08	8.1079e-08	7.0671e-08	5.9463e-08	4.8781e-08	3.8095e-08	2.7396e-08	1.6391e-08	5.6594e-09	-2.6158e-09	-7.6092e-09	-1.0294e-08	-1.1563e-08	-1.2081e-08	-1.2096e-08	-1.1994e-08	-1.1804e-08	-1.1754e-08	-1.1741e-08	-1.1965e-08	-1.1549e-08	-1.1507e-08	-1.2187e-08	-1.2523e-08	-1.2598e-08	-1.2159e-08	-1.1681e-08	-1.163e-08	-1.1727e-08	-1.1489e-08	-1.1502e-08	-1.106e-08	-1.0283e-08	-9.5182e-09	-9.2655e-09	-9.5282e-09	-9.8898e-09	-9.9083e-09
-5.1187e-09	-4.5172e-09	-4.4489e-09	-4.8722e-09	-5.0691e-09	-5.0644e-09	-5.2895e-09	-5.3228e-09	-5.4244e-09	-5.6556e-09	-6.0925e-09	-5.7849e-09	-5.61e-09	-4.6576e-09	-7.1442e-10	5.9737e-09	1.411e-08	2.3039e-08	3.2443e-08	4.2185e-08	5.2354e-08	6.2643e-08	7.2777e-08	8.2651e-08	9.1768e-08	9.9796e-08	1.0752e-07	1.1534e-07	1.2444e-07	1.3065e-07	1.3401e-07	1.3452e-07	1.3283e-07	1.312e-07	1.3098e-07	1.3057e-07	1.272e-07	1.2025e-07	1.1128e-07	1.0089e-07	9.0627e-08	8.0288e-08	6.9903e-08	5.8695e-08	4.798e-08	3.7248e-08	2.6549e-08	1.5531e-08	4.9585e-09	-2.9805e-09	-7.6633e-09	-1.0164e-08	-1.1405e-08	-1.1923e-08	-1.1907e-08	-1.1782e-08	-1.1577e-08	-1.1396e-08	-1.1402e-08	-1.1637e-08	-1.1175e-08	-1.1094e-08	-1.1784e-08	-1.2041e-08	-1.2066e-08	-1.1713e-08	-1.1279e-08	-1.1258e-08	-1.1322e-08	-1.1087e-08	-1.1117e-08	-1.0658e-08	-9.8631e-09	-9.1197e-09	-8.8252e-09	-9.054e-09	-9.4724e-09	-9.5867e-09
-4.8718e-09	-4.3826e-09	-4.4416e-09	-4.8281e-09	-4.8603e-09	-4.8335e-09	-5.146e-09	-5.2683e-09	-5.3572e-09	-5.5041e-09	-5.8569e-09	-5.6028e-09	-5.3802e-09	-4.068e-09	4.0307e-10	7.3927e-09	1.5696e-08	2.472e-08	3.4185e-08	4.3967e-08	5.4173e-08	6.4443e-08	7.4536e-08	8.427e-08	9.3211e-08	1.0111e-07	1.0889e-07	1.1674e-07	1.2564e-07	1.3165e-07	1.347e-07	1.3496e-07	1.331e-07	1.3175e-07	1.3163e-07	1.3091e-07	1.2718e-07	1.1998e-07	1.108e-07	1.0022e-07	8.9869e-08	7.9546e-08	6.9166e-08	5.7971e-08	4.7219e-08	3.6431e-08	2.5707e-08	1.4667e-08	4.2591e-09	-3.3341e-09	-7.6884e-09	-9.983e-09	-1.1172e-08	-1.1684e-08	-1.1647e-08	-1.1519e-08	-1.1329e-08	-1.102e-08	-1.1402e-08	-1.121e-08	-1.0736e-08	-1.0665e-08	-1.1315e-08	-1.1453e-08	-1.1421e-08	-1.1188e-08	-1.0825e-08	-1.0813e-08	-1.0815e-08	-1.0551e-08	-1.0546e-08	-1.0092e-08	-9.3186e-09	-8.6417e-09	-8.3235e-09	-8.5402e-09	-9.0203e-09	-9.2492e-09
-4.5915e-09	-4.2258e-09	-4.4086e-09	-4.7594e-09	-4.6416e-09	-4.5982e-09	-4.9939e-09	-5.1939e-09	-5.2647e-09	-5.3192e-09	-5.5808e-09	-5.3911e-09	-5.1176e-09	-3.3983e-09	1.5696e-09	8.8229e-09	1.7279e-08	2.6396e-08	3.5918e-08	4.5738e-08	5.597e-08	6.622e-08	7.629e-08	8.5901e-08	9.4681e-08	1.0248e-07	1.103e-07	1.1815e-07	1.2683e-07	1.3261e-07	1.3537e-07	1.3539e-07	1.3338e-07	1.323e-07	1.3227e-07	1.3123e-07	1.2712e-07	1.197e-07	1.1034e-07	9.9635e-08	8.9212e-08	7.8888e-08	6.849e-08	5.7318e-08	4.6526e-08	3.5674e-08	2.4895e-08	1.3822e-08	3.5794e-09	-3.6657e-09	-7.6743e-09	-9.7368e-09	-1.0845e-08	-1.1339e-08	-1.1294e-08	-1.1182e-08	-1.1047e-08	-1.0617e-08	-1.0995e-08	-1.0696e-08	-1.0242e-08	-1.0225e-08	-1.0787e-08	-1.0776e-08	-1.0681e-08	-1.0593e-08	-1.0321e-08	-1.03e-08	-1.0216e-08	-9.8961e-09	-9.8134e-09	-9.3831e-09	-8.6696e-09	-8.0988e-09	-7.7896e-09	-8.0109e-09	-8.5503e-09	-8.9003e-09
-4.2745e-09	-4.0315e-09	-4.3221e-09	-4.6436e-09	-4.4067e-09	-4.3536e-09	-4.8226e-09	-5.0761e-09	-5.1192e-09	-5.087e-09	-5.2608e-09	-5.1375e-09	-4.8098e-09	-2.64e-09	2.7767e-09	1.0254e-08	1.8851e-08	2.8062e-08	3.7636e-08	4.7488e-08	5.7735e-08	6.7965e-08	7.8037e-08	8.7557e-08	9.6194e-08	1.039e-07	1.1177e-07	1.1959e-07	1.2803e-07	1.3354e-07	1.3603e-07	1.3584e-07	1.3367e-07	1.3284e-07	1.329e-07	1.3154e-07	1.2706e-07	1.1941e-07	1.0991e-07	9.9161e-08	8.8689e-08	7.8343e-08	6.79e-08	5.6733e-08	4.5899e-08	3.4979e-08	2.4118e-08	1.3009e-08	2.9337e-09	-3.9649e-09	-7.62e-09	-9.4334e-09	-1.0437e-08	-1.0902e-08	-1.0858e-08	-1.0783e-08	-1.0733e-08	-1.0197e-08	-1.053e-08	-1.0124e-08	-9.7114e-09	-9.7793e-09	-1.0218e-08	-1.0042e-08	-9.8821e-09	-9.9479e-09	-9.7797e-09	-9.7315e-09	-9.5471e-09	-9.1551e-09	-8.9684e-09	-8.5812e-09	-7.959e-09	-7.5222e-09	-7.2528e-09	-7.49e-09	-8.0791e-09	-8.5446e-09
-3.9178e-09	-3.7847e-09	-4.1543e-09	-4.4582e-09	-4.1492e-09	-4.0945e-09	-4.6215e-09	-4.8913e-09	-4.8927e-09	-4.7932e-09	-4.8939e-09	-4.8297e-09	-4.4442e-09	-1.7865e-09	4.016e-09	1.1678e-08	2.0405e-08	2.9709e-08	3.933e-08	4.9207e-08	5.9457e-08	6.9671e-08	7.9775e-08	8.9246e-08	9.7767e-08	1.0541e-07	1.1331e-07	1.2106e-07	1.2923e-07	1.3446e-07	1.3668e-07	1.3629e-07	1.3397e-07	1.3336e-07	1.3352e-07	1.3186e-07	1.2699e-07	1.1913e-07	1.0951e-07	9.8787e-08	8.8287e-08	7.7899e-08	6.739e-08	5.6196e-08	4.5323e-08	3.4334e-08	2.3375e-08	1.2233e-08	2.3344e-09	-4.2219e-09	-7.5283e-09	-9.091e-09	-9.9749e-09	-1.0403e-08	-1.0372e-08	-1.0344e-08	-1.04e-08	-1.04e-08	-9.7717e-09	-9.5146e-09	-9.5234e-09	-9.1658e-09	-9.3326e-09	-9.6263e-09	-9.2803e-09	-9.0567e-09	-9.2729e-09	-9.2094e-09	-9.1218e-09	-8.8315e-09	-8.3617e-09	-8.0627e-09	-7.7351e-09	-7.23e-09	-6.3937e-09	-6.7423e-09	-7.0016e-09	-7.6238e-09
-3.52e-09	-3.473e-09	-3.8822e-09	-4.185e-09	-3.8641e-09	-3.8171e-09	-4.3814e-09	-4.6198e-09	-4.5622e-09	-4.4268e-09	-4.4784e-09	-4.4579e-09	-4.01e-09	-8.4743e-10	5.2804e-09	1.3093e-08	2.1942e-08	3.1338e-08	4.1001e-08	5.0896e-08	6.1137e-08	7.1337e-08	8.1498e-08	8.1498e-08	9.0958e-08	9.9388e-08	1.0699e-07	1.149e-07	1.2406e-07	1.3045e-07	1.3536e-07	1.3731e-07	1.3675e-07	1.343e-07	1.3389e-07	1.3412e-07	1.3215e-07	1.2691e-07	1.1884e-07	1.0912e-07	9.8482e-08	8.7966e-08	7.7524e-08	6.6505e-08	5.5691e-08	4.4782e-08	3.3727e-08	2.2661e-08	1.15e-08	1.7938e-09	-4.4267e-09	-7.4022e-09	-8.7275e-09	-9.4894e-09	-9.8752e-09	-9.8626e-09	-9.8914e-09	-1.006e-08	-9.3568e-09	-9.0106e-09	-8.9231e-09	-8.6249e-09	-8.8905e-09	-9.03e-09	-8.523e-09	-8.2392e-09	-8.588e-09	-8.6206e-09	-8.4843e-09	-8.0916e-09	-7.5495e-09	-7.147e-09	-6.8938e-09	-6.5258e-09	-5.9047e-09	-6.2873e-09	-6.5697e-09	-7.2012e-09
-3.1191e-09	-3.093e-09	-3.1078e-09	-3.5201e-09	-3.8366e-09	-3.5578e-09	-3.5259e-09	-4.1057e-09	-4.2704e-09	-4.1409e-09	-3.9999e-09	-4.0262e-09	-4.0316e-09	-2.955e-09	1.5985e-10	6.563e-09	1.4502e-08	2.3464e-08	3.2948e-08	4.2648e-08	5.2555e-08	6.278e-08	7.2967e-08	8.3199e-08	9.2675e-08	1.0104e-07	1.0861e-07	1.1652e-07	1.2556e-07	1.3167e-07	1.3626e-07	1.3795e-07	1.3721e-07	1.3467e-07	1.3443e-07	1.3471e-07	1.3243e-07	1.2681e-07	1.1854e-07	1.0874e-07	9.8214e-08	8.7689e-08	7.7185e-08	6.6081e-08	5.5197e-08	4.4259e-08	3.3146e-08	2.1974e-08	1.0816e-08	1.3241e-09	-4.5695e-09	-7.2448e-09	-8.3614e-09	-9.0091e-09	-9.3489e-09	-9.3615e-09	-9.4483e-09	-9.7255e-09	-8.9665e-09	-8.5393e-09	-8.3524e-09	-8.1089e-09	-8.4584e-09	-8.447e-09	-7.801e-09	-7.4635e-09	-7.9133e-09	-8.0235e-09	-7.8326e-09	-7.3502e-09	-6.7521e-09	-6.2725e-09	-6.1064e-09	-5.8894e-09	-5.5077e-09	-5.9172e-09	-6.2183e-09	-6.8282e-09
